"index","date","cloud_cover","sunshine","global_radiation","max_temp","mean_temp","min_temp","precipitation","pressure","snow_depth"
"0","19790101","2","7","52","2.3","-4.1","-7.5","0.4","101900","9"
"1","19790102","6","1.7","27","1.6","-2.6","-7.5","0","102530","8"
"2","19790103","5","0","13","1.3","-2.8","-7.2","0","102050","4"
"3","19790104","8","0","13","-0.3","-2.6","-6.5","0","100840","2"
"4","19790105","6","2","29","5.6","-0.8","-1.4","0","102250","1"
"5","19790106","5","3.8","39","8.3","-0.5","-6.6","0.7","102780","1"
"6","19790107","8","0","13","8.5","1.5","-5.3","5.2","102520","0"
"7","19790108","8","0.1","15","5.8","6.9","5.3","0.8","101870","0"
"8","19790109","4","5.8","50","5.2","3.7","1.6","7.2","101170","0"
"9","19790110","7","1.9","30","4.9","3.3","1.4","2.1","98700","0"
"10","19790111","1","6.8","55","2.9","2.6","0.3","2.3","98960","0"
"11","19790112","3","6.4","54","2","0.4","-2","0","100650","1"
"12","19790113","1","7","57","4.3","-2.6","-7.1","0","102350","1"
"13","19790114","7","0","14","6.7","-0.6","-5.6","0.8","102700","1"
"14","19790115","","0","15","5.9","3.8","1","0.1","102990","0"
"15","19790116","8","0","15","2.6","5","4.1","3.9","103100","0"
"16","19790117","8","0","15","1.9","2.1","1.6","2.5","102220","0"
"17","19790118","8","0","15","3","0.8","-0.2","0.2","101860","0"
"18","19790119","8","0","16","7.2","0.8","-1.4","5.2","100910","0"
"19","19790120","7","0","16","3.5","3.1","-1","0","100920","0"
"20","19790121","","0","16","1.5","0","-3.5","0.1","102170","0"
"21","19790122","8","0","16","0.3","-0.2","-1.8","6.2","101680","0"
"22","19790123","7","0","17","2.9","-1","-2.3","1","100970","6"
"23","19790124","3","4.8","54","5.6","-1.4","-5.6","1.4","101010","6"
"24","19790125","8","0","17","2.8","0.6","-4.5","5.3","99660","1"
"25","19790126","5","2.6","42","1.6","0.8","-1.1","0.1","99280","1"
"26","19790127","4","2.1","39","4.5","-1.8","-5.2","0","99770","0"
"27","19790128","7","3.1","47","4.8","0","-4.4","7.5","99470","0"
"28","19790129","4","1","31","4","1.9","-1","4.4","98920","0"
"29","19790130","5","0.8","30","7.3","0.7","-2.6","0.1","100070","0"
"30","19790131","5","1.6","38","9.1","2.1","-3.1","2.4","101390","0"
"31","19790201","8","0","19","4","5.2","1.2","10.1","99490","0"
"32","19790202","5","1.4","37","5.9","2.8","1.5","0","99890","0"
"33","19790203","1","8.7","85","4.5","0.9","-4.1","0","100770","0"
"34","19790204","8","0.1","23","6","1.6","-1.2","0","100060","0"
"35","19790205","6","0.8","33","4","3.7","1.4","0","100250","0"
"36","19790206","4","6.8","78","6.8","1.2","-1.6","9","101020","0"
"37","19790207","","0","21","3.7","3.3","-0.2","0.4","99450","0"
"38","19790208","6","1.9","45","4","2","0.3","0","100740","0"
"39","19790209","8","0","22","3.5","2.4","0.8","0","100310","0"
"40","19790210","8","0","23","2.9","2.8","2.1","0","99730","0"
"41","19790211","8","0","23","5.4","2.4","1.9","4.4","99170","0"
"42","19790212","8","0.1","27","8.1","2.8","0.3","6.7","98430","1"
"43","19790213","8","0","24","0.2","4.2","0.3","9.1","98130","0"
"44","19790214","6","2.4","54","-0.8","-0.2","-0.7","0","99380","1"
"45","19790215","7","0","25","0.6","-2.2","-3.7","0.1","100830","0"
"46","19790216","8","0","25","-0.8","-1.2","-3.1","0","102270","1"
"47","19790217","8","0","26","0.7","-1.2","-1.5","0","102180","0"
"48","19790218","8","0","26","1.9","-0.6","-1.8","0","101970","0"
"49","19790219","8","0","27","2.8","0.5","-0.9","0.1","102530","0"
"50","19790220","","0","27","3.6","1.6","0.3","0","103010","0"
"51","19790221","8","0","28","7.4","2.1","0.6","0.6","102640","0"
"52","19790222","5","2.6","63","8.7","4.3","1.2","1.8","102790","0"
"53","19790223","4","7.4","104","5.5","4.4","0.2","0","103430","0"
"54","19790224","4","1.9","58","6.9","2.9","0.3","0","104130","0"
"55","19790225","3","8.1","112","6.7","1.8","-3.4","0","104270","0"
"56","19790226","","4.2","82","8.9","1.6","-3.4","0","103590","0"
"57","19790227","6","4.4","85","6.1","3.7","-1.5","0.8","102090","0"
"58","19790228","6","2.1","64","9.7","4.4","2.7","0.9","100040","0"
"59","19790301","4","6.4","115","11.9","3.5","-2.7","0.2","101100","0"
"60","19790302","8","0","35","12.6","6.8","1.6","0","101640","0"
"61","19790303","8","0.1","40","10.5","11","9.4","5.3","101850","0"
"62","19790304","4","8.7","140","11","7.4","4.3","0","102410","0"
"63","19790305","4","6.4","121","9","5.4","-0.1","0","102730","0"
"64","19790306","6","3.7","95","9.4","6.3","3.6","2.8","100950","0"
"65","19790307","2","7.4","133","10.5","5.6","1.9","0","100800","0"
"66","19790308","4","5.1","113","11","5.6","0.7","8","101590","0"
"67","19790309","6","1.6","72","11.5","7.8","4.5","3.1","99940","0"
"68","19790310","7","0","40","13.8","5.8","0","3.8","100740","0"
"69","19790311","7","0.2","48","10.7","8.2","2.7","0","100110","0"
"70","19790312","5","4.8","115","4.9","7.2","3.7","1.1","100880","0"
"71","19790313","8","0","42","3.8","4.6","4.4","20.3","100800","0"
"72","19790314","8","0","43","2.5","2.8","1.8","0.5","100580","0"
"73","19790315","8","0","43","1.3","1.8","1.2","3.1","100020","0"
"74","19790316","8","0","44","6.9","0.7","0.1","11.8","99160","0"
"75","19790317","5","4.3","116","9.1","3.5","0.1","0.3","99460","1"
"76","19790318","6","4.4","119","6.1","5.1","1.1","0.7","99970","0"
"77","19790319","7","0.2","54","11","4.2","2.4","1","100230","0"
"78","19790320","6","4","116","8.5","7","3","2.4","99550","0"
"79","19790321","4","6.7","149","9.6","5.7","2.9","3.3","99490","0"
"80","19790322","4","6","143","9.2","5","0.5","0.1","100520","0"
"81","19790323","1","10.7","194","11.5","3.1","-3","0","101660","0"
"82","19790324","5","7","158","15.3","5","-1.6","9.1","101330","0"
"83","19790325","7","0.7","70","8","10.2","5","0.2","99040","0"
"84","19790326","7","1.4","85","11.3","6.2","4.3","5.4","98870","0"
"85","19790327","6","5.8","148","8.1","7.2","3","4.2","98270","0"
"86","19790328","7","3.1","114","7.6","4.8","1.4","4.1","98400","0"
"87","19790329","8","0.7","74","7.6","4.8","1.9","3.3","99540","0"
"88","19790330","8","0","53","10.6","5.5","3.4","0.7","101330","0"
"89","19790331","7","0.2","62","11.6","5.4","0.3","0.1","101270","0"
"90","19790401","6","2.7","112","8.3","8","4.5","2.8","100890","0"
"91","19790402","5","3.4","124","8.6","4.4","0.5","3","100240","0"
"92","19790403","5","3.1","121","7.9","3.8","-1.1","0","99910","0"
"93","19790404","4","2.7","116","8","4","0","0","100270","0"
"94","19790405","6","2.1","107","7.9","4","0","0.1","100920","0"
"95","19790406","5","0.1","63","9.8","3.1","-1.7","0","101170","0"
"96","19790407","8","2.3","112","9.3","5.8","1.8","28.5","101230","0"
"97","19790408","8","0","58","13.7","6.8","4.2","7.8","101100","0"
"98","19790409","8","1.8","105","16.1","9.5","5.3","0","100480","0"
"99","19790410","7","1.3","96","15.9","11.8","7.5","8.4","99850","0"
"100","19790411","6","5.1","159","12.8","13.1","10.3","0.2","99720","0"
"101","19790412","5","4.8","156","17.5","10.1","7.4","1.9","100420","0"
"102","19790413","7","5.9","173","21.7","12.8","8","0","101140","0"
"103","19790414","6","9.4","219","22.4","15.2","8.6","0","101360","0"
"104","19790415","6","8.1","205","15.2","15.3","8.2","0","102270","0"
"105","19790416","5","9.9","228","9","11.3","7.4","0","102730","0"
"106","19790417","7","0","64","13.2","7.3","5.6","0","102910","0"
"107","19790418","3","10.9","243","14.5","7.2","1.2","0","103120","0"
"108","19790419","7","0.7","90","12.7","10.2","5.9","1.4","102630","0"
"109","19790420","7","2.4","126","12.3","10.6","8.4","0","101980","0"
"110","19790421","6","0.3","80","13.5","8","3.7","0","101370","0"
"111","19790422","7","4.3","160","13.5","8.7","3.9","5","100750","0"
"112","19790423","7","0.4","84","11.5","11","8.4","11.6","99390","0"
"113","19790424","6","2.9","139","11.4","9","6.5","0.9","99640","0"
"114","19790425","6","5.8","186","12","7.4","3.5","2.9","100740","0"
"115","19790426","6","5.5","182","12","8.6","5.2","0.1","101940","0"
"116","19790427","6","2.8","139","12.6","9.3","6.6","2.4","102830","0"
"117","19790428","7","0.8","98","13.9","9.8","6.9","0.4","101900","0"
"118","19790429","6","0.1","76","10.9","8","2.1","0.1","101240","0"
"119","19790430","6","6.7","204","7.5","8.2","5.5","0.1","100820","0"
"120","19790501","8","0.3","86","8","5.6","3.8","14.2","100280","0"
"121","19790502","5","7.2","214","10","4.6","1.1","1.4","100480","0"
"122","19790503","3","9.4","245","9.1","4.6","-0.9","0","100930","0"
"123","19790504","3","9.9","252","11.1","4.4","-0.3","0.4","101590","0"
"124","19790505","4","9.1","243","12.4","6.4","1.7","0","102060","0"
"125","19790506","4","8.8","240","15","6.7","1","0","102340","0"
"126","19790507","7","5.9","199","16","9.4","3.9","0","102110","0"
"127","19790508","7","3.2","156","15.6","11.2","6.4","0","101960","0"
"128","19790509","4","8.4","237","13.6","10","4.5","0","102300","0"
"129","19790510","8","0.5","97","16.1","10.4","7.3","17.8","102700","0"
"130","19790511","8","0.1","82","20.8","12.6","9.2","0.4","102230","0"
"131","19790512","7","4.9","188","23.4","16","11.2","0","103000","0"
"132","19790513","4","13","301","26.1","17.4","11.5","0","103160","0"
"133","19790514","2","14.2","311","26.2","18.5","10.9","0","102810","0"
"134","19790515","3","13.4","308","22.5","19.6","12.9","0","101770","0"
"135","19790516","6","6.7","219","15.2","17.4","12.4","1.1","100410","0"
"136","19790517","5","10","266","16","11.8","8.5","0.2","100130","0"
"137","19790518","4","10.7","276","17.2","12.2","8.3","0","100910","0"
"138","19790519","1","14.3","303","14","10.9","4.6","0.5","101780","0"
"139","19790520","7","0","79","15.1","11.2","8.5","15.5","100650","0"
"140","19790521","6","6.3","216","15.8","11.8","8.4","7.1","100470","0"
"141","19790522","6","8.7","252","14.3","11.7","7.6","3.9","100790","0"
"142","19790523","5","6","212","14.6","11.8","9.4","1.3","100440","0"
"143","19790524","4","10","271","13.4","11","7.3","5.7","100620","0"
"144","19790525","5","8.5","251","15.5","9.4","5.4","5.6","100560","0"
"145","19790526","7","0.9","115","15.9","11","6.6","5.6","100080","0"
"146","19790527","4","3.3","168","15.9","11.3","6.7","0","100520","0"
"147","19790528","6","1.3","126","18.6","11.6","7.2","4.2","100910","0"
"148","19790529","7","3.3","169","20.1","15.8","13","0.1","101160","0"
"149","19790530","7","1.7","136","16.2","16.1","12.1","2","101390","0"
"150","19790531","7","0.6","108","18.7","13.8","11.5","0","101700","0"
"151","19790601","6","6.8","230","21.2","13.6","8.4","1.9","102750","0"
"152","19790602","7","5.9","216","19.2","16.4","11.5","0","102760","0"
"153","19790603","8","2","145","19.3","15","10.8","0","102290","0"
"154","19790604","7","0","80","20.4","15.9","12.5","0","101790","0"
"155","19790605","6","6.2","222","16.7","16.5","12.6","0","101830","0"
"156","19790606","5","7.3","239","14.4","12.5","8.3","0","101870","0"
"157","19790607","5","2.5","157","17.2","12","9.5","5.7","101790","0"
"158","19790608","6","3.8","182","18.7","12.2","7.3","0","101740","0"
"159","19790609","7","0.3","98","17.9","15.4","12.2","0","101720","0"
"160","19790610","7","2.5","157","16.2","15","12.1","4","101930","0"
"161","19790611","7","0.2","94","15.4","13","9.7","0.1","102020","0"
"162","19790612","7","0","81","18.1","12.4","9.4","7.9","101940","0"
"163","19790613","8","0.6","110","16.4","15.3","12.5","7.2","101150","0"
"164","19790614","7","1.2","127","16.1","14.4","12.5","2.1","100630","0"
"165","19790615","6","3.2","172","19.2","11.8","7.4","4.5","100650","0"
"166","19790616","6","5.8","218","20.7","14.6","9.9","0","102150","0"
"167","19790617","7","0.6","110","22.6","17","13.3","0","102920","0"
"168","19790618","5","6.2","224","25.5","18.7","14.8","0","102960","0"
"169","19790619","1","9.8","277","25.8","19","12.6","0","102570","0"
"170","19790620","2","11.3","297","19.4","19","12.2","0","102030","0"
"171","19790621","6","0.6","110","20.1","17","14.6","0.9","101500","0"
"172","19790622","1","15","343","19.5","15.2","10.3","0","101730","0"
"173","19790623","5","6.1","223","16.6","14.9","10.3","0","101270","0"
"174","19790624","5","5.5","213","18.5","13.8","11","1.2","100720","0"
"175","19790625","5","8.6","260","19.9","14","9.5","2.1","101250","0"
"176","19790626","6","7.5","244","21.4","15.2","10.5","0","101640","0"
"177","19790627","5","5.9","219","20.8","16","10.6","0","101970","0"
"178","19790628","4","9.3","269","17.6","15.5","10.2","0","102070","0"
"179","19790629","6","5.5","212","16.6","15.8","13.9","0","101890","0"
"180","19790630","7","0.1","89","18.5","14.1","11.6","0","102260","0"
"181","19790701","5","3.6","179","18.7","13.8","9","0","102510","0"
"182","19790702","5","4.7","198","22.1","15.1","11.5","0","102390","0"
"183","19790703","5","7.1","236","23.4","16.9","11.7","0","102470","0"
"184","19790704","4","6.3","224","25.5","18.4","13.4","0","102840","0"
"185","19790705","2","12.5","285","25.1","19.3","13.1","0","102970","0"
"186","19790706","4","8.5","256","21.9","19.6","14.1","0","102680","0"
"187","19790707","6","5.5","210","23.1","17.6","13.4","0","102140","0"
"188","19790708","7","5.6","212","20.8","18","13","0.5","101970","0"
"189","19790709","6","8.1","249","22","18.6","16.5","0","101820","0"
"190","19790710","6","8.6","256","20.8","17.2","12.4","0","102370","0"
"191","19790711","7","0.6","107","25.1","17.4","14","0","102180","0"
"192","19790712","4","13","304","26.2","18.4","11.6","0","101840","0"
"193","19790713","3","10.3","278","22.1","19.3","12.4","0","102060","0"
"194","19790714","5","11.2","289","21.1","17.6","13","0","102640","0"
"195","19790715","7","4.5","190","23.6","18.3","15.5","0","102730","0"
"196","19790716","7","3.1","165","26.7","17.8","12.1","0","102370","0"
"197","19790717","3","11.9","296","21.8","20","13.4","0","102030","0"
"198","19790718","6","0.6","105","17.7","18.9","16","0","101360","0"
"199","19790719","8","0.7","108","21.5","15.8","14","0","101400","0"
"200","19790720","6","8.7","252","19.5","17.6","13.6","0","101450","0"
"201","19790721","6","3.5","170","18.1","16.2","13","0","101380","0"
"202","19790722","6","0.1","84","18.7","13.8","9.4","0","102260","0"
"203","19790723","7","0.4","97","21.1","15.8","12.9","0","102440","0"
"204","19790724","6","2.3","145","25.2","16.7","12.3","8.5","102050","0"
"205","19790725","5","5.8","206","27.1","18.9","12.6","0","101860","0"
"206","19790726","6","10.7","274","29.9","20.2","13.2","0","101970","0"
"207","19790727","5","11.3","280","27.4","22.2","14.6","0","102060","0"
"208","19790728","5","5.8","204","19.8","21.9","16.4","8","101890","0"
"209","19790729","6","0.9","110","21.5","18.6","17.3","0.1","101070","0"
"210","19790730","6","0.7","103","20.8","17.8","14.1","2.4","100830","0"
"211","19790731","6","5.9","203","23.1","17.8","14.8","2.2","100220","0"
"212","19790801","5","6.1","205","21.6","18.6","14.1","0","100070","0"
"213","19790802","5","5.3","192","20","17.8","14","1","100530","0"
"214","19790803","6","4.2","174","21.6","17","14","3","101320","0"
"215","19790804","6","7.2","219","22.5","17.9","14.2","0","102030","0"
"216","19790805","6","9.7","251","24.8","17","11.4","0","101900","0"
"217","19790806","6","5.5","192","23.1","19.2","13.6","0.2","101360","0"
"218","19790807","7","3.2","153","20.1","19.6","16.1","0","100740","0"
"219","19790808","6","2.7","144","20.1","15.7","11.3","11","101090","0"
"220","19790809","6","3.3","154","20","16.6","13","3.1","100340","0"
"221","19790810","6","5.5","188","23.6","15","9.9","0.3","101470","0"
"222","19790811","6","5.5","187","25","19.3","15","0.9","101570","0"
"223","19790812","6","1.5","116","21.5","20.6","16.3","0","101800","0"
"224","19790813","8","0.2","79","20.4","19.2","16.9","1.2","101450","0"
"225","19790814","6","8.1","220","21.3","18.6","16.7","0","100190","0"
"226","19790815","4","9.1","232","21","16","10.7","0","101210","0"
"227","19790816","5","6.2","192","18.3","15.4","9.8","5.8","101370","0"
"228","19790817","7","0.7","93","18.2","16","13.7","2.3","100550","0"
"229","19790818","7","0.1","72","19.8","15.4","12.7","0","101440","0"
"230","19790819","6","0.6","89","22.8","16.6","13.4","0","101680","0"
"231","19790820","6","6.4","190","19.8","17.4","11.9","2.3","101820","0"
"232","19790821","5","9.9","233","19.6","16.6","13.4","0.2","101480","0"
"233","19790822","4","8.1","210","16.1","14.8","10","0","101380","0"
"234","19790823","4","5.4","173","16.9","12.4","8.8","2.1","100820","0"
"235","19790824","6","2.7","130","18.3","13.3","9.7","0","100940","0"
"236","19790825","6","2.5","126","18.7","13.2","8","0","101080","0"
"237","19790826","5","7.4","196","17.4","14.6","10.5","0","101520","0"
"238","19790827","4","8.3","205","21.8","13.4","9.4","0","102080","0"
"239","19790828","0","12.5","251","23.9","13.8","5.7","0","102530","0"
"240","19790829","4","12","244","26","16.4","9","0","102560","0"
"241","19790830","3","10.6","227","23.1","18.8","11.7","0","102090","0"
"242","19790831","6","0.8","86","22.8","18","13","0","102000","0"
"243","19790901","6","4.6","145","21.6","19.1","15.4","3.6","101790","0"
"244","19790902","6","6.3","166","19.4","18.3","15","0.9","101410","0"
"245","19790903","7","1.6","97","21.7","16.2","13.1","0","101660","0"
"246","19790904","4","8","182","23.6","16.1","10.5","0","102500","0"
"247","19790905","0","11.3","215","25.9","16.8","10","0","101980","0"
"248","19790906","2","8.5","185","21.9","19.2","12.6","0","101150","0"
"249","19790907","4","8.6","184","24.3","17.2","12.5","0","101770","0"
"250","19790908","","5.9","153","21.8","17.9","11.5","0","101870","0"
"251","19790909","6","3.7","124","21.2","18.5","15.2","0","101990","0"
"252","19790910","7","3.9","125","23.2","17.7","14.2","0","102460","0"
"253","19790911","2","9.5","187","17.4","16.8","10.3","0","102250","0"
"254","19790912","4","2.4","102","18.5","13.6","9.8","0","101910","0"
"255","19790913","4","9.9","187","18.2","15.4","12.4","0","101880","0"
"256","19790914","4","7.1","157","17.4","11.4","4.7","0","102260","0"
"257","19790915","3","10.6","190","20.2","11.7","6","0","102860","0"
"258","19790916","1","11.2","194","21.2","13.6","6.9","0","102530","0"
"259","19790917","4","5.2","132","20.4","15.4","9.6","0","101540","0"
"260","19790918","8","0","46","18.3","16.3","12.2","5.5","101230","0"
"261","19790919","8","0","46","17.6","17.4","16.4","7","101340","0"
"262","19790920","3","10.9","184","15.5","14.2","10.7","0","101240","0"
"263","19790921","3","6.4","139","14.2","10.5","5.5","3.3","101680","0"
"264","19790922","2","9.3","166","14.7","9.2","4.3","0","102230","0"
"265","19790923","5","0.5","59","16.6","9.5","4.3","0.3","102270","0"
"266","19790924","5","7.9","149","18.6","12.1","7.6","0","102350","0"
"267","19790925","8","0.6","60","21","13.5","8.4","0","102100","0"
"268","19790926","7","1.4","73","17.7","17.2","13.5","0.2","101880","0"
"269","19790927","6","6.5","131","17.4","15.4","13.2","0","102590","0"
"270","19790928","4","7.4","138","17.1","12.5","7.6","0","103190","0"
"271","19790929","5","6.9","132","18.7","12","6.8","0","102800","0"
"272","19790930","6","1.5","71","19","14.4","10.1","0","102070","0"
"273","19791001","5","4.6","107","20.5","14.3","9.6","0","101850","0"
"274","19791002","5","6.3","122","20.1","13.6","6.7","0","101820","0"
"275","19791003","7","0.7","55","17","15.7","11.3","0.9","101170","0"
"276","19791004","7","1.8","71","17.1","15.6","14.3","0","100500","0"
"277","19791005","3","9.1","141","18.8","11.6","6.1","0","100880","0"
"278","19791006","6","5.4","108","19.9","13.2","7.7","2.1","100920","0"
"279","19791007","5","5.7","109","21.7","15.9","11.9","0","101140","0"
"280","19791008","7","5.3","104","21.1","16.3","10.9","10.5","101390","0"
"281","19791009","7","3.9","90","16.7","18.2","15.2","9.1","100910","0"
"282","19791010","8","0","33","18.4","15.6","14.4","11.9","100280","0"
"283","19791011","5","7.1","115","19.2","14.4","10.5","0.1","100310","0"
"284","19791012","5","6","105","18.1","14.6","10","0.3","99820","0"
"285","19791013","6","2.4","70","17.3","15.6","13","0","99350","0"
"286","19791014","5","5.3","96","17.9","13.1","8.9","0","99510","0"
"287","19791015","","2.7","71","16","12.4","7","0","99970","0"
"288","19791016","7","3.1","74","16","12.6","9.2","0","101160","0"
"289","19791017","7","1.7","58","15.8","12.6","9.1","1","102210","0"
"290","19791018","3","9.5","121","18","12.2","8.6","0","102730","0"
"291","19791019","6","5.7","93","14.4","13.4","8.8","0","102560","0"
"292","19791020","7","0.6","41","15","12.4","10.5","0","102690","0"
"293","19791021","4","3.7","74","13.8","10.6","6.3","0","102730","0"
"294","19791022","4","3.9","74","11.8","11.2","8.5","0","102300","0"
"295","19791023","6","4.3","77","13.7","9","6.1","0","101820","0"
"296","19791024","6","2.3","58","13.6","10.8","7.8","7.3","101330","0"
"297","19791025","8","0","26","12.9","11.6","9.6","18.8","100710","0"
"298","19791026","8","0","25","12.4","11.6","10.2","3.1","100740","0"
"299","19791027","3","6.1","85","10.6","9.1","5.8","0","100950","0"
"300","19791028","3","4.3","71","12.1","5.8","0.9","0","100830","0"
"301","19791029","4","8","95","14.3","7.7","3.3","0","100930","0"
"302","19791030","7","0","24","14.9","8.5","2.7","3.6","101050","0"
"303","19791031","5","5.4","76","13.9","11.2","7.5","0","100710","0"
"304","19791101","4","3.6","62","13.2","10","6.2","0","101480","0"
"305","19791102","4","7.6","87","15.1","7.5","1.8","5.4","102630","0"
"306","19791103","8","0","22","15.1","9.9","4.7","0.3","102310","0"
"307","19791104","7","0","22","12.5","12.8","10.6","0.8","101320","0"
"308","19791105","4","4.9","67","13.1","10","7.4","3.4","100580","0"
"309","19791106","8","0.1","24","13.8","10.8","8.6","4.8","100010","0"
"310","19791107","6","0","21","9.6","10.2","6.5","3.6","100200","0"
"311","19791108","7","0","20","9.5","6.8","4","0.6","100510","0"
"312","19791109","3","5.5","67","9.1","6.2","2.8","2.3","100930","0"
"313","19791110","1","7.5","77","11","3.6","-1.8","0","102230","0"
"314","19791111","7","0.2","24","7.4","5.7","0.4","9.2","101740","0"
"315","19791112","5","3.4","51","6.5","5.6","3.7","0","100810","0"
"316","19791113","4","6.2","67","7.3","2.4","-1.8","2.6","100890","0"
"317","19791114","8","0.1","21","5.8","3.3","-0.7","1.2","99310","0"
"318","19791115","8","0.1","21","6.2","4.4","3.1","1.4","99210","0"
"319","19791116","7","0","18","8.5","4.4","2.5","0.5","99890","0"
"320","19791117","","0","17","10","4.8","1.2","0.9","100840","0"
"321","19791118","4","6.5","64","9.8","6","2","0","100570","0"
"322","19791119","4","2.3","39","6.4","6.2","2.5","0","101710","0"
"323","19791120","","0","17","6.4","3.4","0.5","0","102950","0"
"324","19791121","","0","16","10.2","3","-0.4","0.2","103390","0"
"325","19791122","8","0","16","11.3","5","-0.3","0.1","102890","0"
"326","19791123","7","0.2","20","8.5","8.8","6.2","0.1","102160","0"
"327","19791124","2","5.6","55","14","4.4","0.2","0","102200","0"
"328","19791125","6","0","15","15","7.6","1.3","0","102110","0"
"329","19791126","8","0","15","14.5","11.3","7.6","10.8","101530","0"
"330","19791127","7","0.2","19","12.9","11.2","8","0","102290","0"
"331","19791128","4","2.4","36","12.4","11.4","9.8","0","102590","0"
"332","19791129","4","1.1","27","14.4","8.2","4","0.1","102270","0"
"333","19791130","6","0.6","22","13.5","10","5.6","0","101670","0"
"334","19791201","6","2.9","36","14.2","11.2","9","0","101950","0"
"335","19791202","8","0","13","13.3","11.8","9.4","0.6","101870","0"
"336","19791203","4","3.1","36","14.1","10.4","7.6","0","102150","0"
"337","19791204","6","0.7","21","15.6","9.8","5.6","0","102280","0"
"338","19791205","8","0","13","14.7","12.2","8.8","4.1","101550","0"
"339","19791206","8","0","13","13.6","11.7","8.7","0","102250","0"
"340","19791207","7","0","13","11.7","11.9","10.2","1.8","101440","0"
"341","19791208","7","0","13","14.3","11.2","10.7","2","100880","0"
"342","19791209","7","0.4","18","11.2","11.4","8.4","8.6","99490","0"
"343","19791210","4","3.8","38","8.4","9.6","8","6.7","98860","0"
"344","19791211","6","0","12","11.9","7.6","6.7","0.7","99040","0"
"345","19791212","5","0","12","11.7","6.8","1.8","2","101150","0"
"346","19791213","5","3","33","11.4","7.5","3.3","13.8","100200","0"
"347","19791214","6","4.4","40","8","7.9","4.4","3.7","99130","0"
"348","19791215","6","0.8","20","10.5","6.8","5.7","0.3","98480","0"
"349","19791216","5","0.4","17","8","6.8","3","0","100480","0"
"350","19791217","5","0.2","15","6.7","5.7","3.4","0.2","100620","0"
"351","19791218","5","0.3","16","5.3","5.3","3.9","3.1","101040","0"
"352","19791219","5","3.4","35","5","3.6","1.9","0.4","101770","0"
"353","19791220","5","2.3","29","3.9","3.4","1.7","0","102450","0"
"354","19791221","5","2.9","32","3.2","2.8","1.7","1.6","102040","0"
"355","19791222","8","0","12","2.7","1.3","-0.6","0.7","100910","1"
"356","19791223","8","0","12","4.8","2","1.3","0.2","100290","0"
"357","19791224","6","0","12","5.3","2.7","0.6","0","101290","0"
"358","19791225","1","5.4","44","7.8","0.4","-4.4","0.1","102320","0"
"359","19791226","5","0.5","18","11.2","1.8","-4.2","4.3","102320","0"
"360","19791227","8","0","12","7.1","6.9","2.6","35.6","100380","0"
"361","19791228","6","2","28","6.2","4.1","1.1","0.2","100250","0"
"362","19791229","4","5.5","45","4.4","4","1.7","0.1","","0"
"363","19791230","2","2.2","29","4.3","1.8","-0.8","0","100350","0"
"364","19791231","3","5.4","45","1","1.4","-1.5","0","101380","0"
"365","19800101","4","0.1","14","2.3","-1.8","-4.6","0","101400","0"
"366","19800102","2","6.7","51","10.9","-1.8","-6","0.2","102440","0"
"367","19800103","8","0","13","9.7","2.6","-5.7","9.9","101850","0"
"368","19800104","5","3.8","39","8","5.2","0.8","0","100510","0"
"369","19800105","4","1","23","8.4","4.8","1.6","0","100660","0"
"370","19800106","6","3.2","36","6.5","5.8","3.3","0","101120","0"
"371","19800107","6","0.7","21","5","5.2","3.9","0","101730","0"
"372","19800108","7","0","13","4.9","3.8","2.6","0.1","102230","0"
"373","19800109","6","0.4","19","3.9","2.6","0.3","0","101980","0"
"374","19800110","6","0","14","3.6","2.7","1.5","0","102890","0"
"375","19800111","6","0.7","22","2.5","1.6","-0.3","0","103860","0"
"376","19800112","4","0","14","3","0.4","-1.8","0","104280","0"
"377","19800113","2","5.9","52","0.8","0.2","-2.6","0","103670","0"
"378","19800114","7","2.9","38","3.8","-1.5","-3.8","0","102090","0"
"379","19800115","7","0.1","17","5.5","-0.1","-4","0.1","101540","0"
"380","19800116","4","2.5","36","4.6","3","0.5","0","102000","0"
"381","19800117","4","6.3","57","2","2.4","0.2","0","101940","0"
"382","19800118","7","0","15","4.8","1.2","0.5","0","101220","0"
"383","19800119","8","0","16","6.7","1.8","-1.2","0.4","100550","0"
"384","19800120","4","3.7","45","8.8","4.2","1.6","7.9","100470","0"
"385","19800121","7","0.7","25","9.1","4.8","0.8","2.3","98930","0"
"386","19800122","4","4.8","53","9.1","6.4","3.7","0.3","98960","0"
"387","19800123","5","6.3","61","8","6.1","3.1","0","99430","0"
"388","19800124","1","7.1","66","8","3.5","-1","0","100300","0"
"389","19800125","2","6.6","64","5.1","3.1","-1.8","0","101770","0"
"390","19800126","3","2.9","44","3.2","1.6","-1.8","0","102730","0"
"391","19800127","4","0.6","26","6.1","-0.5","-4.2","0","103100","0"
"392","19800128","7","0.1","20","9","1.6","-3","0","102310","0"
"393","19800129","8","0.4","25","11.4","6","3","0.2","101610","0"
"394","19800130","6","4.2","55","10.1","7.6","3.9","5","100480","0"
"395","19800131","7","0.7","29","8.5","8.2","6.2","3.3","98510","0"
"396","19800201","6","2.5","45","10.2","3.2","-2.1","3","100900","0"
"397","19800202","7","0.9","32","10.4","4.9","-0.4","2","100130","0"
"398","19800203","6","0","20","10.1","6.7","3","5.3","100300","0"
"399","19800204","7","0","20","10.6","5.8","1.4","4.8","100320","0"
"400","19800205","7","0","21","8.1","6.2","1.7","0.4","99670","0"
"401","19800206","7","0","21","9.5","6.4","4.8","4.3","100400","0"
"402","19800207","8","0.3","28","11.3","6.7","3.9","2","101010","0"
"403","19800208","8","0.1","25","11.7","7.6","3.9","0.4","101190","0"
"404","19800209","7","0","22","11.2","9.6","7.4","0","100680","0"
"405","19800210","3","8.4","92","11.8","7.4","3.7","0","101670","0"
"406","19800211","6","3.9","64","10.9","7.6","3.5","0","102590","0"
"407","19800212","7","3.5","62","8.5","7.3","3.7","0","102540","0"
"408","19800213","7","0.3","31","9.2","6.4","4.4","0","101910","0"
"409","19800214","8","0","24","12.6","7.2","5.1","1.3","101890","0"
"410","19800215","5","5.8","82","8.5","9.4","6.3","0.6","101440","0"
"411","19800216","6","0","25","12.8","6","3.5","2.6","101810","0"
"412","19800217","5","2.4","57","11.1","8.2","3.5","0","102530","0"
"413","19800218","6","3.4","67","11","7.6","4.1","0","102180","0"
"414","19800219","7","2.3","58","11.1","7.6","4.3","0","101620","0"
"415","19800220","6","1.1","46","10.3","6.4","1.6","0","101450","0"
"416","19800221","8","0","28","9.4","6.6","3","1.8","101620","0"
"417","19800222","6","0.6","40","9.2","8.6","7.9","5.7","101670","0"
"418","19800223","5","1.8","56","6.7","5.4","1.7","0.2","102570","0"
"419","19800224","6","0","29","9.7","4","1.4","2.4","102720","0"
"420","19800225","4","5.5","92","6.2","5.7","1.7","0","102510","0"
"421","19800226","3","1.5","55","6.8","1.9","-2.4","0","103090","0"
"422","19800227","8","0","31","9.4","2.8","-1.1","0","103500","0"
"423","19800228","6","6.4","103","11.3","5.5","1.6","0","103660","0"
"424","19800229","7","1.5","58","10","7.2","3.1","0","103190","0"
"425","19800301","7","0","35","10.3","7.4","4.8","0","102780","0"
"426","19800302","7","3.9","93","6.9","8","5.7","0","102230","0"
"427","19800303","4","8.3","136","10","4","1.1","0","102520","0"
"428","19800304","2","8.6","141","8","3.6","-2.8","0","102340","0"
"429","19800305","6","0.6","53","10.6","3.8","-0.5","2.1","101080","0"
"430","19800306","7","0","38","8.8","7.4","4.1","8.9","98980","0"
"431","19800307","7","2.2","79","8.5","6","3.3","3.4","98050","0"
"432","19800308","5","1.1","64","11.1","5.6","2.6","0","99850","0"
"433","19800309","4","4.8","112","9.3","6.4","1.6","0.9","101720","0"
"434","19800310","7","0.6","57","10.4","6","2.7","0.3","101590","0"
"435","19800311","6","1.4","72","10.5","6.6","2.9","1.4","102050","0"
"436","19800312","7","0","42","8.9","7.4","4.2","5.2","101020","0"
"437","19800313","5","8","151","6.7","5.8","2.7","0","100840","0"
"438","19800314","7","0","43","4","4.4","2","0","101500","0"
"439","19800315","8","0","44","6.4","3.6","3.3","0","102210","0"
"440","19800316","8","0.2","52","5.5","4.4","2.5","0.8","102340","0"
"441","19800317","7","0.1","50","7.6","3.8","2","13.3","101190","0"
"442","19800318","8","0","46","2.6","4","0.5","3.3","100840","0"
"443","19800319","8","0","46","4.7","2.4","2.2","0.5","101490","0"
"444","19800320","5","7.3","156","3.2","2.6","0.4","0","100870","0"
"445","19800321","7","0.1","53","8.4","1.1","-1","0","99860","0"
"446","19800322","2","9.7","184","10.1","1.6","-5.1","0","100240","0"
"447","19800323","6","4.3","125","11.7","5.2","0.4","1.3","100780","0"
"448","19800324","7","0.7","70","12.7","8","4.3","11.3","100420","0"
"449","19800325","6","6.4","154","11.4","8.2","3.7","0","100330","0"
"450","19800326","6","3.1","113","13.3","7","2.6","6.6","100350","0"
"451","19800327","8","0.1","57","13.7","9","4.8","0.8","99350","0"
"452","19800328","7","2.5","106","11.6","10.1","6.5","5.7","99700","0"
"453","19800329","5","4.8","140","10.5","9.2","6.7","0","100320","0"
"454","19800330","5","4.4","136","11.1","5.8","1","0.1","102000","0"
"455","19800331","8","0","54","13.9","8.4","5.8","6.2","100960","0"
"456","19800401","7","2.3","107","13.2","10.6","7.2","13.2","100500","0"
"457","19800402","2","11.5","224","12.6","7.8","2.4","0.8","101970","0"
"458","19800403","2","11.1","221","13.6","7.6","2.7","0","103150","0"
"459","19800404","2","11.4","227","12.6","7.2","0.8","0","103330","0"
"460","19800405","3","9","202","12.2","7.7","2.8","0","103440","0"
"461","19800406","5","1.2","92","14.6","8.8","5.5","0","103490","0"
"462","19800407","4","6.5","174","10.4","8.1","1.6","0.1","103160","0"
"463","19800408","4","9.5","212","12","7.2","4","0","102700","0"
"464","19800409","6","6.8","181","12.2","7.1","2.2","0","102560","0"
"465","19800410","5","6","172","14.6","8.6","4.9","0","102570","0"
"466","19800411","4","4.4","151","17","8.6","2.5","0","102460","0"
"467","19800412","1","12.3","251","20","10.5","4","0","101810","0"
"468","19800413","4","9.5","220","21.3","13.6","7.1","0","101360","0"
"469","19800414","4","10.2","230","20.8","14.5","7.7","0","101500","0"
"470","19800415","5","7.8","202","19.3","14.6","8.4","0","101660","0"
"471","19800416","7","0","64","17.4","14.2","9","0","102150","0"
"472","19800417","6","3.9","150","18.3","14","10.5","0","102280","0"
"473","19800418","4","5.6","176","14.8","12.8","7.4","0","101960","0"
"474","19800419","4","8.5","217","9.1","12.1","9.4","0","101400","0"
"475","19800420","5","2.3","125","12.8","6.4","3.6","0","101580","0"
"476","19800421","4","11.7","259","11.3","7.8","2.7","1.2","102320","0"
"477","19800422","8","0","67","12.3","9.4","7.5","0.2","102440","0"
"478","19800423","7","0.8","96","13.8","9.4","6.5","0","102590","0"
"479","19800424","6","2.1","125","11.8","10.2","6.5","0","102320","0"
"480","19800425","8","0.8","97","9.5","9.5","7.2","0","101890","0"
"481","19800426","7","0.1","75","11.7","5.8","2.2","1.4","101740","0"
"482","19800427","8","0.2","80","11.5","8.6","5.4","0.4","101910","0"
"483","19800428","7","1.3","111","11.6","9.4","7.2","0.1","102100","0"
"484","19800429","7","2.4","134","12.5","8.6","5.6","2.4","102140","0"
"485","19800430","7","2","127","17.5","9.2","6","1.8","101740","0"
"486","19800501","5","6.6","205","14","12","6.4","0","101670","0"
"487","19800502","6","0.3","87","12.5","11.4","8.7","0","101390","0"
"488","19800503","7","0.7","100","16.2","10.4","8.3","0","101400","0"
"489","19800504","3","11.8","278","12.3","10.4","4.5","0","101490","0"
"490","19800505","5","4.9","183","13.4","8.7","5.1","0","101330","0"
"491","19800506","4","5.9","199","11.1","8.2","2.9","0","100730","0"
"492","19800507","6","0","74","11.6","7.2","3.2","0","100620","0"
"493","19800508","5","2.2","137","13.6","8","4.4","0","101250","0"
"494","19800509","2","10.5","267","19.3","7","0.5","0","102560","0"
"495","19800510","1","13","299","21.1","11.1","2.9","0","102840","0"
"496","19800511","1","14.1","314","26.2","14.4","7.7","0","102240","0"
"497","19800512","2","13.5","307","23.6","18.3","10.4","0","101550","0"
"498","19800513","1","13.9","313","20.9","17.8","12","0","101580","0"
"499","19800514","0","14","315","18.9","15.8","10.6","0","101940","0"
"500","19800515","0","14.2","314","21.1","14.3","9.7","0","102670","0"
"501","19800516","2","14.3","321","21.2","14.2","7.4","0","102700","0"
"502","19800517","4","11","280","22.5","13.8","6.4","0","102350","0"
"503","19800518","4","7.3","230","24.2","15.3","8.1","0","102060","0"
"504","19800519","2","12.7","304","12.6","16.5","8.8","1","102090","0"
"505","19800520","8","0","79","21.1","11.8","11.1","3.4","101430","0"
"506","19800521","6","7.8","239","15.9","15.6","10","0","101480","0"
"507","19800522","6","2.9","159","12.9","12.8","9.7","0","102140","0"
"508","19800523","6","3.1","163","14.1","10","7.2","0","102470","0"
"509","19800524","7","0.3","96","16.6","11.8","9.5","0","102250","0"
"510","19800525","7","0.7","109","18.7","12.9","9.2","0","101710","0"
"511","19800526","6","8.8","256","19.5","13.6","8.4","0","101370","0"
"512","19800527","5","6.6","224","18.4","14.3","9.1","0","101030","0"
"513","19800528","4","7","231","14.9","12.9","7.4","0","100540","0"
"514","19800529","6","3.1","165","16.6","11.9","8.9","0","100520","0"
"515","19800530","4","9.9","274","12.2","10.2","3.9","8.5","100960","0"
"516","19800531","8","0","82","17.9","10.2","8.3","13.2","100460","0"
"517","19800601","6","4.5","193","18","13.5","9.1","0","101630","0"
"518","19800602","7","0","79","25.6","13.8","9.6","0","102450","0"
"519","19800603","6","11.5","297","29","19.6","13.6","0","102550","0"
"520","19800604","5","10.2","280","27","21.8","14.6","0","102330","0"
"521","19800605","5","9.6","272","21.1","22","17","0","101780","0"
"522","19800606","3","12.8","259","19.7","15.5","9.9","0","101780","0"
"523","19800607","4","8.4","256","19.1","13.9","8.1","0.4","101490","0"
"524","19800608","5","7.6","245","20.8","14","8.9","0","101120","0"
"525","19800609","5","3.5","177","18.3","14.2","7.5","0.4","100910","0"
"526","19800610","7","0","81","18.5","15.8","13.4","5.3","100700","0"
"527","19800611","6","1.8","142","23.2","15.4","12.3","0","100780","0"
"528","19800612","6","8.3","256","23.5","17.2","11.2","4.2","101320","0"
"529","19800613","6","10","279","19.4","18.8","14","41.7","101420","0"
"530","19800614","7","1.8","142","20.1","16.6","13.8","0","100710","0"
"531","19800615","6","5.8","218","18.3","16.1","12.1","0.4","101130","0"
"532","19800616","7","4.3","192","17","15.7","13.1","1.2","100810","0"
"533","19800617","6","4.6","198","20.2","13.8","10.5","10.2","100810","0"
"534","19800618","5","8.1","253","17.7","15","9.7","0","101200","0"
"535","19800619","6","2.9","166","17","16","14.2","0","100830","0"
"536","19800620","4","7.4","243","18.6","13","8.9","0.2","100970","0"
"537","19800621","5","8.1","253","15.5","14.4","10.1","0.3","100880","0"
"538","19800622","5","5.2","208","15.1","12.8","10","5.1","100510","0"
"539","19800623","5","4.5","196","17","11.6","8","8.6","100200","0"
"540","19800624","6","6.1","222","19.2","13.6","10.2","2.7","100250","0"
"541","19800625","5","9.5","273","19.4","13.2","7.3","4.9","100810","0"
"542","19800626","6","5.5","213","18.1","15.2","10.9","0.5","101080","0"
"543","19800627","5","10.4","284","18.7","13.7","9.3","9.5","101580","0"
"544","19800628","7","2.1","149","20","14.5","10.3","1.9","100710","0"
"545","19800629","5","6","220","19.4","14.5","9","0","101270","0"
"546","19800630","5","8.3","255","16","14.2","9","8.7","101090","0"
"547","19800701","8","0.1","89","21.1","13","10","0.6","100590","0"
"548","19800702","5","7.8","247","21.8","15.6","10.1","0","101660","0"
"549","19800703","5","11.2","293","18.5","16.7","11.6","4.8","101980","0"
"550","19800704","6","3","166","19.3","15.3","12.1","0","101440","0"
"551","19800705","5","7.8","246","18.2","14.6","9.8","0","101230","0"
"552","19800706","7","2.7","160","17.5","14.8","11.4","1.6","101070","0"
"553","19800707","8","0.6","108","15.6","14.7","11.9","8","100590","0"
"554","19800708","8","0","79","14.9","13.7","11.8","2.9","100250","0"
"555","19800709","8","0","79","15.3","13.2","11.6","0.2","100830","0"
"556","19800710","7","0.1","87","19.4","12.4","9.6","0","101710","0"
"557","19800711","6","5.9","215","17.6","14.4","9.4","1.1","102130","0"
"558","19800712","7","1.9","141","17.7","14.6","11.7","0.3","102000","0"
"559","19800713","7","5.2","203","15.3","14.4","11","10","101330","0"
"560","19800714","7","0.4","99","16.9","14.2","13","3.3","100470","0"
"561","19800715","6","4.9","197","19","13.2","9.4","0.2","101120","0"
"562","19800716","6","5.6","208","16.8","14.6","10.1","0","102010","0"
"563","19800717","7","0.2","90","18.3","13.2","9.6","0.1","101950","0"
"564","19800718","7","0","77","20","15.8","13.2","5.5","101270","0"
"565","19800719","7","1.3","124","17.3","16.9","13.8","3.4","100460","0"
"566","19800720","7","0.6","104","19.8","15","12.8","0.2","100100","0"
"567","19800721","2","13","306","21.7","13.8","7.8","0","101860","0"
"568","19800722","0","14.5","323","24.8","15.6","9.6","0","102000","0"
"569","19800723","4","7.6","233","24.2","18.2","11.7","0","101440","0"
"570","19800724","1","14.3","301","27.8","17.4","10.6","0","102020","0"
"571","19800725","1","13.9","313","20.7","21.2","14.5","13.6","101380","0"
"572","19800726","6","0.3","91","21.2","19.8","18.9","3.3","100750","0"
"573","19800727","5","4","175","25","17.4","13.7","0","101300","0"
"574","19800728","3","13.3","303","25.7","18.4","11.7","0","101640","0"
"575","19800729","7","2.3","142","21.4","21.8","18","0","100980","0"
"576","19800730","5","9.6","255","22","17.8","14.1","0.2","101330","0"
"577","19800731","5","11.6","279","23","18","13.9","0","101940","0"
"578","19800801","6","5.7","199","25.2","18","13.1","0","101880","0"
"579","19800802","6","6","202","23.3","19.6","14","0","101570","0"
"580","19800803","6","5.3","191","21.6","19.6","15.9","0","101150","0"
"581","19800804","7","0.5","94","21","19.2","16.7","0.1","101260","0"
"582","19800805","6","5.9","198","21.9","18","15","0","101390","0"
"583","19800806","6","2.3","136","25.2","18.2","14.6","0","101910","0"
"584","19800807","6","3.8","163","17.4","20.8","16.3","0","101270","0"
"585","19800808","7","0","69","22.1","16","14.6","1.1","101270","0"
"586","19800809","7","4.7","176","24.4","18","13.9","0","101750","0"
"587","19800810","4","10.9","259","20.3","18.8","13.3","0","101870","0"
"588","19800811","7","0.1","75","19.8","17.8","15.3","3.1","101040","0"
"589","19800812","5","4.8","175","24.6","15.5","11.2","13.1","100960","0"
"590","19800813","6","3.3","150","24.8","18.6","12.6","0","100990","0"
"591","19800814","7","0.3","82","23.3","20.9","17","24","100980","0"
"592","19800815","6","4","159","23.9","20.6","18","0","100750","0"
"593","19800816","4","6.9","201","22.4","18.2","12.5","0.4","101700","0"
"594","19800817","6","1.8","118","22.3","18","13.7","0.6","101750","0"
"595","19800818","5","8.8","223","20.2","18.1","13.9","0","102010","0"
"596","19800819","4","7.9","210","24.5","15.9","11.6","0","102540","0"
"597","19800820","4","7.3","201","21","18.4","12.4","0.1","102110","0"
"598","19800821","3","10.8","242","18","18.1","15.2","0","101860","0"
"599","19800822","4","6.9","193","18.3","13.8","9.7","0","102200","0"
"600","19800823","3","8.3","210","19.8","12.8","7.2","0","102370","0"
"601","19800824","5","7.1","193","21","14.6","9.3","0","102370","0"
"602","19800825","3","10.6","234","22.6","14.8","8.5","0","102040","0"
"603","19800826","5","9.7","222","24.3","17.4","12.3","0","101650","0"
"604","19800827","2","7.2","191","23","17.8","11.2","0","101660","0"
"605","19800828","6","4.1","147","19.6","18.2","13.4","0.2","101570","0"
"606","19800829","8","0","58","20.4","17.8","15.9","8.7","100800","0"
"607","19800830","6","6","171","19.9","17","13.7","0.9","100720","0"
"608","19800831","1","12.4","243","22","15.4","10.8","0","102200","0"
"609","19800901","3","10.6","213","22.4","15.7","9.4","0","102810","0"
"610","19800902","4","12.1","227","25","16.2","10.1","0","102570","0"
"611","19800903","1","11.2","216","20.3","17.6","10.3","0","101790","0"
"612","19800904","4","0.7","77","18.9","16","11.6","2.5","101720","0"
"613","19800905","6","3","117","21.8","16","13.2","0.5","101060","0"
"614","19800906","2","10.2","201","23.1","15.9","10","0","102020","0"
"615","19800907","1","11.3","210","22.1","16.8","10.5","0.3","101730","0"
"616","19800908","5","5.2","143","17.7","17.2","12.3","0","101550","0"
"617","19800909","6","3.8","124","20.1","13","8.4","1.1","102030","0"
"618","19800910","7","0.8","75","19.3","16.2","12.2","0","101090","0"
"619","19800911","7","0.7","72","20.4","16.6","14","0","101430","0"
"620","19800912","5","8.3","171","19.2","17.8","15.3","0","101050","0"
"621","19800913","4","5.5","140","21.5","15","10.7","0","101570","0"
"622","19800914","6","3.1","109","20","17.2","13","0","101690","0"
"623","19800915","6","0.8","71","20.2","16.8","13.7","0.1","101990","0"
"624","19800916","7","1.2","78","19","17.5","14.8","9.7","101700","0"
"625","19800917","5","5.2","131","18.7","15.1","11.2","0","101730","0"
"626","19800918","7","2.6","97","21.5","15.8","12.8","0.3","101270","0"
"627","19800919","7","5.3","129","19.7","18.6","15.7","0.6","100750","0"
"628","19800920","8","0.2","53","19.6","17.4","15.2","4.4","100760","0"
"629","19800921","6","4.2","114","19.7","17.6","15.5","2.9","100720","0"
"630","19800922","4","5.9","131","20.1","15.4","11.2","5.1","101270","0"
"631","19800923","6","3.5","103","18.9","16","11.9","0.2","101840","0"
"632","19800924","4","8.8","156","19.8","15.6","12.4","0","102280","0"
"633","19800925","4","7.1","139","20.3","14.4","9","0","102710","0"
"634","19800926","5","6","126","18.2","14.8","9.4","0","102280","0"
"635","19800927","6","0.2","48","16.6","15.6","13","0","101580","0"
"636","19800928","5","0","40","17.8","13.3","10","0","102070","0"
"637","19800929","7","0.1","44","19.1","15.2","12.6","0","102570","0"
"638","19800930","3","9","147","18.4","15","11","0","102900","0"
"639","19801001","5","0.7","56","16.6","12.3","6.2","0","102710","0"
"640","19801002","1","8","135","17.5","11.1","5.6","0","102860","0"
"641","19801003","3","7","125","15.7","11","4.6","0.6","102330","0"
"642","19801004","6","6.1","116","15.4","12.2","8.6","0","102120","0"
"643","19801005","6","4","94","16.4","9.8","4.2","1.6","102010","0"
"644","19801006","8","1.7","67","13.4","12.2","8","10.7","100510","0"
"645","19801007","4","5.3","104","13.6","11","8.6","0.9","99010","0"
"646","19801008","4","5.9","108","13.5","10","6.5","0","99760","0"
"647","19801009","2","8.3","126","9.7","7.8","2.2","0","100540","0"
"648","19801010","6","0.3","42","13.4","5.6","1.4","18.1","100180","0"
"649","19801011","6","4.8","94","13.4","9.6","5.9","0","99860","0"
"650","19801012","2","9.3","128","13.7","9.4","5.5","0","101200","0"
"651","19801013","3","6.4","105","12.8","6.9","0.1","1","101110","0"
"652","19801014","6","0.7","46","13.6","8.4","4.1","0","100660","0"
"653","19801015","4","6.4","102","12.5","9","4.5","35.4","100790","0"
"654","19801016","8","0.6","43","10.6","10.1","7.7","10.2","99370","0"
"655","19801017","8","0","29","9.8","8.7","6.8","2.1","99470","0"
"656","19801018","1","9","116","13","6.7","3.6","0","100900","0"
"657","19801019","6","1.3","51","12.7","7","1","6.3","102120","0"
"658","19801020","7","0","28","16.3","9.8","6.8","0","102580","0"
"659","19801021","6","4.3","78","15.5","11","5.8","0.3","101750","0"
"660","19801022","8","0.1","30","14.6","12.8","10","2.4","100350","0"
"661","19801023","4","4","73","14.1","11.2","7.9","0","99880","0"
"662","19801024","3","6.9","93","10.5","8.8","3.5","1.1","99890","0"
"663","19801025","8","0","25","16.4","8.8","7","0.4","101260","0"
"664","19801026","8","0","25","17.7","12","7.5","0.3","101590","0"
"665","19801027","7","0.2","30","16.6","13.6","9.5","0.1","101420","0"
"666","19801028","7","0","24","13.6","15.6","14.6","5","101130","0"
"667","19801029","1","8.9","99","11.7","10.3","7","0","101700","0"
"668","19801030","4","7.4","88","12.1","6.8","2","0","102570","0"
"669","19801031","4","5.7","76","9.5","7","1.8","0","102650","0"
"670","19801101","6","1.8","46","7.7","6.4","3.2","0","102620","0"
"671","19801102","4","7.9","88","6.3","4.2","0.7","0","102780","0"
"672","19801103","3","7.2","82","5.4","3.1","-0.1","0","103250","0"
"673","19801104","6","0.3","28","5.1","3","0.7","0.3","103180","0"
"674","19801105","7","0","21","5.8","3.9","2.7","0.5","102310","0"
"675","19801106","8","0","21","3.7","3.7","1.6","5.9","101520","0"
"676","19801107","8","0","20","5.5","2.4","1","0","101200","0"
"677","19801108","8","0","20","8.1","3.7","1.9","0.9","101360","0"
"678","19801109","6","0.6","29","8.6","5.2","2.3","0","101580","0"
"679","19801110","3","7.3","75","7.7","5.3","2","0","101830","0"
"680","19801111","7","0.2","23","8.1","5.5","3.3","0.1","101050","0"
"681","19801112","1","8","76","9.6","3.9","-0.3","0","101240","0"
"682","19801113","7","0.3","24","12.5","4.6","-0.3","0","102000","0"
"683","19801114","8","0","18","15.6","9.1","5.7","7","101180","0"
"684","19801115","8","0","18","15","12.4","9.2","3.8","99820","0"
"685","19801116","6","1.9","38","14.1","13.6","12.1","0.3","100440","0"
"686","19801117","7","0","17","10","12.6","11.2","2.8","100110","0"
"687","19801118","2","7.3","67","13.9","8.5","7","0.1","100730","0"
"688","19801119","6","0.3","22","14.3","8.5","3.1","0","101970","0"
"689","19801120","6","2.1","37","13.7","12","9.7","0","101390","0"
"690","19801121","7","0","16","14.5","12.2","10.6","1.1","101420","0"
"691","19801122","8","0","16","14.6","13.2","11.8","0.7","101420","0"
"692","19801123","8","0","16","15.3","13.9","13.2","0","101980","0"
"693","19801124","7","0.1","18","8.8","14.2","13.2","0","101780","0"
"694","19801125","5","0.4","21","5.5","7","5.2","0.3","101250","0"
"695","19801126","4","6.9","59","9","4.6","3.7","0.1","101600","0"
"696","19801127","4","1.8","32","3.5","3.9","-1.2","1.5","101320","0"
"697","19801128","4","4.4","46","3.5","2.4","1.4","1","100970","0"
"698","19801129","4","2.5","36","4.9","1.8","0.2","0","102790","0"
"699","19801130","2","5.1","49","6.9","2.8","0.8","0","104100","0"
"700","19801201","5","1.2","25","7.4","2.1","-2.7","0.3","104030","0"
"701","19801202","7","0.4","19","4.3","3","-1.3","0","101810","0"
"702","19801203","6","0.8","22","8","3","1.8","0","101860","0"
"703","19801204","6","3.3","36","9.7","4.8","1.6","0.4","101470","0"
"704","19801205","7","0.8","21","5.1","6.5","3.3","1.7","100520","0"
"705","19801206","2","5.4","46","3.6","4","3","0","100580","0"
"706","19801207","1","6.8","51","4.3","1.2","-1.1","0","102190","0"
"707","19801208","2","6.8","51","8","-0.2","-4.7","0","103530","0"
"708","19801209","6","3","34","12","2.4","-3.1","0","103450","0"
"709","19801210","8","0","12","12.1","6.8","1.5","1","102540","0"
"710","19801211","8","0","12","12.6","10","8","0.2","102250","0"
"711","19801212","8","0","12","13.3","10.4","8.1","1.2","102140","0"
"712","19801213","7","0","12","13.3","11.2","9","0.2","100960","0"
"713","19801214","6","0","12","6.8","10.6","7.8","3","100590","0"
"714","19801215","4","2.2","29","9.2","5.4","4.1","0.2","100310","0"
"715","19801216","3","6","46","11.5","5","0.8","2.2","102490","0"
"716","19801217","8","0","12","6.6","6.8","2","7.2","101540","0"
"717","19801218","2","4.9","41","6.8","4.2","1.9","0","100920","0"
"718","19801219","6","0","12","7.5","2.2","-2.4","9.2","99910","0"
"719","19801220","6","0.3","16","9","4.2","0.8","5.1","97900","0"
"720","19801221","4","5","42","12.3","5.4","1.9","0.1","100260","0"
"721","19801222","7","1.5","25","13.1","7.6","2.8","0","101850","0"
"722","19801223","7","0.1","14","12.3","10.8","8.6","0","102040","0"
"723","19801224","7","0","12","8.5","11","9.8","0.6","101970","0"
"724","19801225","4","4.4","40","5.8","7.8","7.1","0","101600","0"
"725","19801226","4","4.9","42","5","3.1","0.4","0.6","101990","0"
"726","19801227","3","5.7","45","9","2","-1","0","102720","0"
"727","19801228","6","0.2","15","10","3.4","-2.3","0","103580","0"
"728","19801229","8","0","12","9.7","6.2","2.5","0","103490","0"
"729","19801230","7","0","13","11.1","9","8.3","0","103270","0"
"730","19801231","6","0","13","9","9.2","7.3","0.2","102320","0"
"731","19810101","4","5.3","45","11.9","6.4","3.9","0","102710","0"
"732","19810102","8","0","13","11.9","8.2","4.4","0","101850","0"
"733","19810103","5","4.5","42","6.6","10.4","8.9","0","100490","0"
"734","19810104","3","4.9","44","6.4","3.9","1.2","0","101170","0"
"735","19810105","3","5.7","48","6.4","2","-2.3","0.3","102430","0"
"736","19810106","7","0","13","5.5","2.4","-1.6","5.5","102230","0"
"737","19810107","7","2.5","33","9.4","2.9","0.3","0","103580","0"
"738","19810108","7","0","13","9.4","5.2","0.9","0.1","103460","0"
"739","19810109","6","0","14","4.1","7.2","5.1","3.5","102580","0"
"740","19810110","4","3.4","39","4.6","2.7","1.3","1","102560","0"
"741","19810111","4","5.4","49","5.6","2.4","0.2","0","103380","0"
"742","19810112","5","0.3","19","7.5","1.8","-1.9","5.6","101600","0"
"743","19810113","4","5.1","49","10.4","2.9","-1.7","1.4","102130","0"
"744","19810114","8","0","14","5.2","4.3","-1.8","3.3","100180","0"
"745","19810115","3","4.5","47","8.5","3.5","1.8","0.1","99920","0"
"746","19810116","5","0","15","7.8","3","-2.4","3.1","100330","0"
"747","19810117","5","1.7","31","6.9","4.2","0.5","1.3","99860","0"
"748","19810118","6","0.5","22","7.9","2.9","-1.1","2.4","101440","0"
"749","19810119","6","3.9","46","5.9","4.2","0.6","0.1","101180","0"
"750","19810120","6","3.2","42","11","4.7","3.5","4","101870","0"
"751","19810121","8","0","16","10.9","6.6","2.3","0.9","102500","0"
"752","19810122","8","0","16","12.5","7.8","4.7","0","103020","0"
"753","19810123","8","0.3","22","10.8","10.2","7.9","0","103120","0"
"754","19810124","6","1.2","31","9.6","9.4","7.9","0","102640","0"
"755","19810125","6","3.6","48","8.6","5.6","1.7","0","102710","0"
"756","19810126","7","0.7","27","11.1","6.3","4","0","103220","0"
"757","19810127","5","1.4","34","8.8","8.4","5.6","0.1","103810","0"
"758","19810128","8","0","18","8.2","7.2","5.7","0","104040","0"
"759","19810129","6","0.7","28","2.5","7","5.9","0","103640","0"
"760","19810130","0","0","19","5.7","0.1","-2.3","0","103590","0"
"761","19810131","4","3.2","50","12.5","1.6","-2.4","0","103700","0"
"762","19810201","0","8.2","80","10.9","4.4","-3.7","0","103660","0"
"763","19810202","6","0.5","28","10.2","4.4","-2.1","2.5","103140","0"
"764","19810203","7","1.1","35","6.9","5.3","0.4","0.1","100770","0"
"765","19810204","4","4.5","61","10.2","4.6","2.4","0.5","100120","0"
"766","19810205","5","0.6","31","13.9","4.6","-1.1","0","101160","0"
"767","19810206","7","0.6","31","12.1","8.3","2.7","0","101810","0"
"768","19810207","7","0.4","29","12.5","10.2","8.4","0","102350","0"
"769","19810208","7","0.5","31","9","10.6","8.6","0","102150","0"
"770","19810209","8","0","22","6.2","8.6","8.3","1","101330","0"
"771","19810210","3","5.3","73","6.3","3.6","1","0","102470","0"
"772","19810211","2","7.8","90","6.2","1.8","-2.7","0","102820","0"
"773","19810212","6","0","24","5.7","2.4","-1.5","0","101770","0"
"774","19810213","0","8.7","98","5","2.2","-1.2","0","102400","0"
"775","19810214","0","7.6","93","4.8","0.2","-4.5","0","102610","0"
"776","19810215","1","5.9","83","8","-0.4","-5.5","0","102450","0"
"777","19810216","3","6.5","88","6.8","2","-4","0","102760","0"
"778","19810217","3","3.4","66","4.7","2.9","-1","0","103020","0"
"779","19810218","7","1.7","51","3.8","2.2","-0.3","0","102630","0"
"780","19810219","8","0","27","4.4","2.4","1.1","0","102490","0"
"781","19810220","6","1.4","49","3.7","2.4","0.4","0","102400","0"
"782","19810221","5","4.2","77","4.8","-0.2","-4","0.7","101960","0"
"783","19810222","8","0","28","4.1","1.5","-1.8","0.2","100900","1"
"784","19810223","8","0","29","3.9","2.1","0.1","0","101300","0"
"785","19810224","5","0.6","42","2.7","1.2","-1.4","0","102540","0"
"786","19810225","7","0","30","2.2","1.6","0.5","0","102940","0"
"787","19810226","6","0","30","6.8","0.3","-1.6","0","102540","0"
"788","19810227","6","0.1","34","11","3.1","-0.6","6","100770","0"
"789","19810228","7","2","63","11.1","5.9","0.8","0.9","99770","0"
"790","19810301","6","0.9","54","8.8","8","4.9","5.3","100090","0"
"791","19810302","7","0.2","42","6","7","5.3","5.1","99890","0"
"792","19810303","8","0","36","3.9","5.7","5.4","1","100660","0"
"793","19810304","7","0.1","41","9","2.8","1.6","0","101710","0"
"794","19810305","7","0.9","58","14.1","4.7","0.4","4.1","101220","0"
"795","19810306","7","3.9","97","13.1","8.7","3.3","0.3","100450","0"
"796","19810307","8","0","38","13.6","10","6.9","1.9","100480","0"
"797","19810308","8","0.6","55","11.9","12","10.3","2.8","100220","0"
"798","19810309","8","0","39","14.8","11.3","10.7","11.2","101060","0"
"799","19810310","8","0","40","14.4","12.7","10.6","6.5","100870","0"
"800","19810311","8","0.3","51","14","12.6","10.9","0.3","99970","0"
"801","19810312","6","1.7","76","12.9","11.4","8.9","6.2","100260","0"
"802","19810313","7","2.3","86","11.2","9.8","6.6","5.1","99380","0"
"803","19810314","7","1.9","81","10","8.4","5.5","3","100070","0"
"804","19810315","7","2.4","89","9.5","8","5.9","0.6","101040","0"
"805","19810316","5","5.7","131","6.6","6.6","3.6","0.5","101500","0"
"806","19810317","4","3.9","111","11.7","3.5","0.4","1.1","101500","0"
"807","19810318","7","1.4","77","10.7","5.8","-0.2","0","101080","0"
"808","19810319","6","0.1","51","13.9","8","5.4","0","100480","0"
"809","19810320","6","5.2","131","12.7","10.6","7.3","0","100220","0"
"810","19810321","8","0","47","10","11","9.2","5.8","99620","0"
"811","19810322","7","1.8","88","14.5","9.4","8.7","2.4","99210","0"
"812","19810323","8","0.5","64","12.9","8.6","2.6","1.4","99550","0"
"813","19810324","7","0","49","14.3","11","9.1","1.4","100280","0"
"814","19810325","8","0.1","55","14.9","12.6","11","4.3","100350","0"
"815","19810326","5","7.6","168","14.9","12.2","9.6","0","100820","0"
"816","19810327","6","4.9","137","18.3","9.7","4.5","0","100860","0"
"817","19810328","3","10.2","199","13.5","13.9","9.5","1.7","100310","0"
"818","19810329","7","0","52","9","11.5","9.5","7.4","100260","0"
"819","19810330","8","0","53","9","8.2","7.5","4.6","101310","0"
"820","19810331","8","0.2","62","10.4","7.4","5.9","6.8","101680","0"
"821","19810401","8","0","54","13.2","8.2","5.9","0","101360","0"
"822","19810402","6","5.5","153","12.5","8.3","3.4","0","102020","0"
"823","19810403","7","5.5","154","7.8","9.4","6.2","0","102550","0"
"824","19810404","8","0","56","8.6","6.2","4.6","0","102830","0"
"825","19810405","8","0.1","62","11.7","7.2","5.7","0.1","102560","0"
"826","19810406","7","2.8","119","13.1","8.3","4.9","0","102210","0"
"827","19810407","6","3.2","127","17.2","8.4","3.6","0","102000","0"
"828","19810408","6","3.1","126","19.9","11.7","6.2","0","102340","0"
"829","19810409","4","6.5","176","21.7","14.4","8.8","0","102500","0"
"830","19810410","3","9.6","215","19.7","15","8.2","5.3","101760","0"
"831","19810411","6","4.6","152","17.1","16.1","12.5","0.2","101020","0"
"832","19810412","5","2.7","124","12.4","12.8","8.6","0","101800","0"
"833","19810413","7","0","61","16.5","10.4","8.4","0","102650","0"
"834","19810414","4","8.4","207","18.2","11.4","6.3","0","102720","0"
"835","19810415","2","12.6","258","15.3","12.2","6.1","0","102630","0"
"836","19810416","3","11.4","246","12","10","4.6","0","102590","0"
"837","19810417","0","12.9","264","12.3","7.6","3.2","0","102520","0"
"838","19810418","1","12.4","260","9.8","7.4","2.5","0","102750","0"
"839","19810419","6","2.5","127","11.3","6.3","2.8","0","102480","0"
"840","19810420","4","6","183","10.7","7.6","3.9","0","102890","0"
"841","19810421","6","1.2","103","10.6","6.2","1.8","0","103030","0"
"842","19810422","6","1.2","104","9.1","6.2","1.8","1.7","102320","0"
"843","19810423","5","10.7","248","7.6","4.8","0.5","0","101830","0"
"844","19810424","7","0","67","7","5","2.4","3","100840","0"
"845","19810425","8","0","68","9.5","4.7","2.4","12.7","100380","0"
"846","19810426","8","1.8","119","10","5.2","0.8","8.7","100440","0"
"847","19810427","6","3.7","155","10.4","7","3.9","0.1","101550","0"
"848","19810428","6","0","69","14.6","4.9","-0.6","0.4","102030","0"
"849","19810429","8","0.2","81","15.6","10.3","6","0","101760","0"
"850","19810430","7","1.3","112","10.6","12.9","10.2","0.2","101410","0"
"851","19810501","7","2.1","130","10.6","9.6","8.7","0","101110","0"
"852","19810502","6","5.7","192","9.2","7.8","5","0","101530","0"
"853","19810503","6","0","72","12.2","4.6","0.1","7.2","100640","0"
"854","19810504","6","2.3","136","13.3","8.6","4.9","0.2","99630","0"
"855","19810505","6","6.8","211","16.2","7.4","1.4","2","100570","0"
"856","19810506","6","0.7","101","19.7","12","7.9","1.5","101020","0"
"857","19810507","6","4.3","174","18.5","13.2","6.6","2.9","100670","0"
"858","19810508","6","4.5","178","16.5","14","9.5","0","100670","0"
"859","19810509","7","0.6","99","15.3","12.6","8.6","6.2","100680","0"
"860","19810510","8","0.8","106","21.6","14","12.7","2","100410","0"
"861","19810511","4","5.7","200","18.6","16.2","10.7","0","100070","0"
"862","19810512","6","4.1","174","16.2","14.3","10","0","100310","0"
"863","19810513","5","5.7","201","16.4","12.4","8.7","0","100550","0"
"864","19810514","5","5.4","197","18.2","13.3","10.2","0","101220","0"
"865","19810515","4","9.6","259","15.1","12.6","7","11.2","101300","0"
"866","19810516","6","6.1","209","14","12","9","2.2","100680","0"
"867","19810517","4","6.1","210","15.6","11.2","8.4","4","100820","0"
"868","19810518","6","0","78","18.5","10.9","6.2","2","101280","0"
"869","19810519","7","2.1","141","21.7","14.5","10.5","2.3","101630","0"
"870","19810520","6","2.6","151","17.7","16.8","12","0.8","101350","0"
"871","19810521","6","2.2","144","16.6","13.9","10.1","2.2","101480","0"
"872","19810522","5","7.4","233","14.6","12.4","8.3","4.5","101540","0"
"873","19810523","6","1.3","124","15.2","12.6","10.7","1.5","101000","0"
"874","19810524","4","8.7","253","13","11.3","7.4","12","100800","0"
"875","19810525","7","0.4","100","15.4","10.2","7.5","7.8","100060","0"
"876","19810526","5","3.2","166","16.4","10.8","6.2","1.9","100320","0"
"877","19810527","7","2.8","158","15.7","12.2","8.1","4.9","100640","0"
"878","19810528","7","4","181","16.8","12.6","9.4","0.2","100910","0"
"879","19810529","7","0","81","19.2","13.8","10.8","0","101280","0"
"880","19810530","7","0","82","21.8","15.3","11.4","0.3","101480","0"
"881","19810531","5","6.8","228","22.4","17.4","13.1","0","101350","0"
"882","19810601","6","7.3","238","19.2","17","11.5","26.4","101700","0"
"883","19810602","6","8.6","257","19.7","17","14.8","0","101370","0"
"884","19810603","3","12.3","307","17.2","14.8","9.9","0","101560","0"
"885","19810604","6","3.4","174","17.2","13","8.7","0","101430","0"
"886","19810605","7","1.5","134","18.4","13.6","9.9","0","101400","0"
"887","19810606","5","3.3","172","16.4","14.5","10.6","0","101400","0"
"888","19810607","7","1.8","141","18.5","12.9","9.4","1.1","101220","0"
"889","19810608","7","4.3","191","17.2","15.8","13","0.2","100490","0"
"890","19810609","5","6","220","17.8","14.6","12","0.5","100630","0"
"891","19810610","5","5.2","207","18.7","13.1","8.4","9.5","101830","0"
"892","19810611","8","2","146","17.3","14.8","11","0","101570","0"
"893","19810612","7","0.4","103","21.9","14","10.6","0","102540","0"
"894","19810613","6","10.6","287","27","16","10.1","0","102870","0"
"895","19810614","2","12.8","316","21.1","19.8","12.6","0","102360","0"
"896","19810615","5","6.7","232","17","18","15","0","101880","0"
"897","19810616","4","7.2","240","14","12.8","8.6","0","102190","0"
"898","19810617","7","1.1","125","17.9","12.4","10.9","0","102320","0"
"899","19810618","4","7.6","246","15.7","12.6","7.2","0","102680","0"
"900","19810619","7","0.1","89","18.6","12.6","9.4","0","102190","0"
"901","19810620","7","1.8","142","18","15.2","11.7","0.5","102220","0"
"902","19810621","5","10.6","288","22.8","14.4","10.8","0","102790","0"
"903","19810622","3","11","293","21.6","15.8","8.8","0","102760","0"
"904","19810623","7","3.6","180","18","17.2","12.7","1.2","102350","0"
"905","19810624","8","0.4","103","16","15.4","12.8","0.1","101790","0"
"906","19810625","8","0.7","113","14.4","13.4","10.9","0","101810","0"
"907","19810626","7","0.1","89","15.6","12.2","10.1","0","101540","0"
"908","19810627","7","5.8","217","14.4","12","8.5","0","101730","0"
"909","19810628","6","3.2","172","19.1","11","7.6","0","101920","0"
"910","19810629","5","7.8","248","21.8","12.3","5.5","0","102170","0"
"911","19810630","5","4.9","202","21","15.6","9.5","0","101790","0"
"912","19810701","6","3","167","18.2","16.2","11.5","0","101220","0"
"913","19810702","6","4.8","200","18","13.6","9.1","0","100780","0"
"914","19810703","6","8.3","254","19.4","14","9.9","2.2","100800","0"
"915","19810704","7","1.7","139","21.6","15","10.5","0.1","101670","0"
"916","19810705","7","4.8","199","22.6","17.3","13","0","101710","0"
"917","19810706","5","9.7","273","24.6","18.5","14.4","0","101850","0"
"918","19810707","3","11.6","298","27.8","19.4","14.3","0","102100","0"
"919","19810708","4","6.7","229","27.4","20.8","13.7","0","101670","0"
"920","19810709","6","3.8","180","21.5","22.4","17.4","0","101320","0"
"921","19810710","6","1.3","127","23.1","18.6","15.7","0","101660","0"
"922","19810711","6","4.9","199","20.9","17.8","12.5","0.3","101660","0"
"923","19810712","7","2.1","146","22.9","17","13.1","0","101780","0"
"924","19810713","6","5.2","203","23","18.8","14.6","0","101810","0"
"925","19810714","6","6.3","220","22.6","18.5","14","0","102170","0"
"926","19810715","6","3.8","178","21.5","18.6","14.6","0","102030","0"
"927","19810716","7","1.3","126","18","17","12.6","0","101410","0"
"928","19810717","6","3.8","177","20.1","13.5","9","0.7","101250","0"
"929","19810718","5","7.9","242","22.9","15.6","11.2","0","101790","0"
"930","19810719","6","1.9","139","24.3","15.8","8.8","0","102020","0"
"931","19810720","6","8.4","248","25.2","19.4","14.6","0","101910","0"
"932","19810721","6","4.6","189","18.4","20.4","15.6","1.3","101350","0"
"933","19810722","6","2.7","154","17.6","15.9","13.4","15.4","100460","0"
"934","19810723","7","0.9","112","16","14.6","11.6","6.9","100300","0"
"935","19810724","8","0.6","103","17.5","13.8","11.5","0.5","101310","0"
"936","19810725","7","2.4","146","24.6","13.4","9.2","0","102140","0"
"937","19810726","7","2.1","140","24.8","18.2","11.9","0","102380","0"
"938","19810727","6","3.2","161","26.4","19.4","14","0","102640","0"
"939","19810728","6","7.1","223","24","20.6","14.8","0","102310","0"
"940","19810729","3","10.1","263","23.4","19.3","14.6","0","102070","0"
"941","19810730","2","12.3","290","21.6","18.2","13","0","102240","0"
"942","19810731","6","1.6","126","17.4","17","12.5","29.3","101420","0"
"943","19810801","7","0.5","96","21.2","13.9","10.4","0.1","101600","0"
"944","19810802","1","14.3","310","25.9","15.4","9.6","0","102300","0"
"945","19810803","1","13.1","295","27","17.8","9.8","0","102720","0"
"946","19810804","3","7.5","223","28.8","20.9","14.8","0","102750","0"
"947","19810805","5","6.6","209","19.2","22.8","16.7","13.9","102180","0"
"948","19810806","6","0","70","18.2","17.4","15.6","23.8","101690","0"
"949","19810807","8","0","70","19.8","16.8","15.3","0.2","101730","0"
"950","19810808","8","0","69","17.8","17.4","15","0.2","101750","0"
"951","19810809","8","0","69","20.3","16.2","14.5","1.3","101980","0"
"952","19810810","5","5.5","188","23.7","17","13.8","0","102280","0"
"953","19810811","1","12.5","278","25.6","16.6","9.5","0","102140","0"
"954","19810812","3","11.4","264","24.4","18.7","11.8","0","102070","0"
"955","19810813","5","6.8","204","26.2","18.4","12.3","0","102030","0"
"956","19810814","4","7.3","210","26.3","20","13.8","0","102020","0"
"957","19810815","4","7.3","208","21","22","17.8","0","101890","0"
"958","19810816","2","12.5","271","22.2","16.8","12.5","0","102250","0"
"959","19810817","2","13.1","276","23.6","15.6","9.1","0","102650","0"
"960","19810818","5","10.7","247","21.6","17.4","11.1","0","102210","0"
"961","19810819","7","4.4","163","19.9","17.8","14","4.6","101600","0"
"962","19810820","7","5.6","179","20","17.2","14.6","0.2","100880","0"
"963","19810821","5","6.1","185","22.8","14.2","8.5","0.1","101580","0"
"964","19810822","7","3","137","20.5","17.6","12.5","0.9","101720","0"
"965","19810823","5","6.1","183","22.5","16.6","12.7","0","102500","0"
"966","19810824","5","3.3","140","24.9","17.5","12.5","0","102860","0"
"967","19810825","5","9.1","218","26.6","18.6","12.3","0","102960","0"
"968","19810826","2","12.6","256","27.9","20.4","14.1","0","102980","0"
"969","19810827","1","12.3","251","27","20","12.1","0","102730","0"
"970","19810828","1","10.2","226","22","20.7","14.4","0","102020","0"
"971","19810829","6","3.4","137","22.7","18.8","15.5","0","101640","0"
"972","19810830","4","10.7","228","21.1","18.2","13.6","0","101900","0"
"973","19810831","7","2","111","19.2","17","12.9","0","101920","0"
"974","19810901","6","1.7","101","21","16","12.9","0","102210","0"
"975","19810902","4","2.9","120","22.1","15.8","10.6","0","102580","0"
"976","19810903","2","5.6","156","23","16.4","10.6","0","103020","0"
"977","19810904","1","8.1","183","24.3","16","8.9","0","102900","0"
"978","19810905","1","10.9","211","24.8","16.8","9.3","0","102600","0"
"979","19810906","3","11","210","22","17.5","10.2","0","102360","0"
"980","19810907","6","1.7","95","24.5","17.8","13.7","0.7","101610","0"
"981","19810908","4","5.9","153","24","19.9","15.3","0","101630","0"
"982","19810909","4","9.1","186","25.5","17.8","11.6","0","102070","0"
"983","19810910","4","8","173","22.2","19.2","13","2.8","101090","0"
"984","19810911","4","8.8","180","18.1","17","11.7","10.5","101090","0"
"985","19810912","6","2.5","103","19.1","14.9","11.7","0.1","101170","0"
"986","19810913","2","9.2","181","18.2","13.4","7.8","0","101640","0"
"987","19810914","6","0.9","75","21.2","12.8","7.4","9","101970","0"
"988","19810915","6","4.8","130","18.6","17.3","13.4","0","101550","0"
"989","19810916","7","0","47","20.4","16.5","14.4","0.8","101940","0"
"990","19810917","7","0.1","52","19.8","17","13.7","4.4","101410","0"
"991","19810918","5","3","104","19","17","14.2","0.9","100300","0"
"992","19810919","6","3.5","109","18.2","14.8","10.5","22.7","99980","0"
"993","19810920","8","0.8","68","20.3","15.4","12.5","0","99460","0"
"994","19810921","4","8.6","161","19.7","16","11.7","0.4","100420","0"
"995","19810922","5","6.3","137","18.8","16.1","12.5","0","100940","0"
"996","19810923","4","8.8","159","17.7","13","7.2","0.4","101540","0"
"997","19810924","7","0.2","51","18.1","15.4","13.1","9.9","100350","0"
"998","19810925","4","7.7","146","15.5","14.6","11","17","99680","0"
"999","19810926","6","3.2","97","17.9","14","12.6","2.2","98870","0"
"1000","19810927","4","5.3","119","17.6","14.2","10.6","0.2","100050","0"
"1001","19810928","2","8.2","145","17.2","12.5","7.4","0","101280","0"
"1002","19810929","5","3.7","100","19.6","12","6.7","3.1","101690","0"
"1003","19810930","8","0.6","56","20","15.7","11.8","9.5","101070","0"
"1004","19811001","7","1.3","67","15.1","17.8","15.6","0.1","100170","0"
"1005","19811002","5","2.9","87","12","14","12.9","1.7","99260","0"
"1006","19811003","6","0.8","57","15.2","8.2","4.3","2.1","98660","0"
"1007","19811004","7","1.2","63","16.1","11.2","7.3","2.7","99580","0"
"1008","19811005","6","3.3","88","16.9","13.6","11","0.4","100540","0"
"1009","19811006","5","4","94","15","12.8","8.6","14.3","100260","0"
"1010","19811007","4","7.4","124","17.3","11.4","7.8","0.3","101480","0"
"1011","19811008","7","0.2","42","16.4","13.2","9.2","1.6","101360","0"
"1012","19811009","6","3.1","81","10.7","14.8","13.1","2.2","100100","0"
"1013","19811010","6","0","33","12.6","9.1","7.5","4","100380","0"
"1014","19811011","5","8.7","127","11","9.2","5.9","1.6","100730","0"
"1015","19811012","5","2.5","72","12.4","8.4","5.9","1","100560","0"
"1016","19811013","1","9.7","131","11.6","7.5","2.6","0","101390","0"
"1017","19811014","6","2.4","69","8.9","6.8","1.9","4.6","101140","0"
"1018","19811015","8","0","31","11","7","5.1","1.8","100920","0"
"1019","19811016","3","7.2","108","9.4","5.8","0.5","0","101990","0"
"1020","19811017","8","0","30","13.2","5.6","1.9","4.7","101580","0"
"1021","19811018","6","2.7","68","14.5","10","6.8","0.8","101810","0"
"1022","19811019","7","0","29","11","9.7","4.9","16.5","101510","0"
"1023","19811020","5","4","78","10.5","8","5.1","1","100570","0"
"1024","19811021","3","7.1","100","11","6.2","1.8","0","100950","0"
"1025","19811022","4","6.1","92","10.5","6.6","2.3","0","101280","0"
"1026","19811023","4","6.3","92","12.2","6.2","1.8","0","101900","0"
"1027","19811024","8","0","26","7.8","8.2","4.2","1.9","101550","0"
"1028","19811025","5","2.1","55","10.2","5.6","3.5","6.3","100580","0"
"1029","19811026","4","7.5","96","12.6","6.3","2.4","1.2","101390","0"
"1030","19811027","4","6.8","90","12.2","8.4","4.3","0","101100","0"
"1031","19811028","6","1.7","49","12.1","7.1","2","1.2","101120","0"
"1032","19811029","7","3.5","64","14","9.3","6.5","0.2","100840","0"
"1033","19811030","6","3.3","61","15.2","9.3","4.6","4","100760","0"
"1034","19811031","5","4.5","69","16.9","11.2","7.3","0.3","101440","0"
"1035","19811101","7","0.3","30","15.8","12.6","8.4","0","102150","0"
"1036","19811102","7","0","22","14.2","14.6","13.4","0","102340","0"
"1037","19811103","7","0","22","11.7","13.2","12.2","0.8","102310","0"
"1038","19811104","7","0.1","25","11.4","10.6","9.4","0","102690","0"
"1039","19811105","1","7.3","82","10.1","6.6","1.8","0","103280","0"
"1040","19811106","5","3.6","57","9.5","5.8","1.6","0","103550","0"
"1041","19811107","6","1.2","37","8.8","5.6","1.8","0","103420","0"
"1042","19811108","7","4.5","62","9.5","6","3.3","0","103340","0"
"1043","19811109","4","8.2","82","9.1","6.6","3.7","0","103390","0"
"1044","19811110","8","0","19","10.9","5.3","1.5","0","103090","0"
"1045","19811111","7","0","19","11.9","7.7","4.5","0.2","101940","0"
"1046","19811112","7","1.3","35","10.6","10","8","0","102350","0"
"1047","19811113","4","5.2","61","9.7","6.2","1.7","0","103180","0"
"1048","19811114","5","0","18","9.6","6","2.3","0","103520","0"
"1049","19811115","8","0","18","9.9","7.5","5.4","1.2","102830","0"
"1050","19811116","7","0","18","12.2","8.3","6.7","11.4","102010","0"
"1051","19811117","6","2.5","42","12.9","9","5.7","0","101500","0"
"1052","19811118","7","0","17","14.6","9.6","6.4","5.6","100950","0"
"1053","19811119","5","5.2","57","15.7","8.4","2.1","5.7","101750","0"
"1054","19811120","7","0","17","14.3","9.6","3.5","0.3","101280","0"
"1055","19811121","7","0","16","14.7","11.6","8.9","0.1","102170","0"
"1056","19811122","7","0.1","19","14.2","12.9","11.1","0","102280","0"
"1057","19811123","6","0","16","7.5","12.9","11.6","1.6","101350","0"
"1058","19811124","3","6.2","58","6.7","5","2.5","0","102260","0"
"1059","19811125","5","1.9","34","13","3.2","-0.3","1.4","103000","0"
"1060","19811126","7","0","15","11.8","7.3","1.6","2.3","102410","0"
"1061","19811127","6","1.5","30","7.5","9.2","6.7","1.2","100930","0"
"1062","19811128","4","4","45","9.1","5.2","2.9","0.1","101130","0"
"1063","19811129","5","1.8","32","12.5","5.4","1.8","1.2","102130","0"
"1064","19811130","7","0","14","7.3","7.6","2.6","1","101200","0"
"1065","19811201","3","3.7","40","7.3","3.5","-0.3","0","102560","0"
"1066","19811202","6","2.2","31","9.6","3.7","0.1","0","103260","0"
"1067","19811203","6","0","13","9.6","6","2.3","0","103390","0"
"1068","19811204","6","0.7","21","7.1","6.2","2.9","1.1","102210","0"
"1069","19811205","7","0","13","7.9","4.6","2.1","0.1","101640","0"
"1070","19811206","7","2.7","33","7.5","5.2","2.6","0.8","100140","0"
"1071","19811207","8","0","13","0","5.2","2.8","18.1","99260","0"
"1072","19811208","5","2.4","31","1.6","-0.2","-0.4","1.6","98640","4"
"1073","19811209","6","0.9","22","-0.1","-2.1","-5.8","0","99530","4"
"1074","19811210","","0","12","0.7","-1.9","-3.7","8.2","100230","4"
"1075","19811211","7","0","12","-0.5","-1.2","-3","4.7","99560","7"
"1076","19811212","1","5.8","46","4.5","-4.4","-8.4","0","100670","22"
"1077","19811213","7","0","12","6.6","-3.6","-11.8","15.7","99610","20"
"1078","19811214","6","3","33","4","1.2","-4.2","0.6","98440","6"
"1079","19811215","7","0","12","2.5","2.8","1.6","0","99400","0"
"1080","19811216","4","1.5","25","1.6","0.4","-1.6","0","100100","0"
"1081","19811217","3","5.8","45","2.7","-0.6","-2.9","0","100510","0"
"1082","19811218","3","5.5","44","4.1","-0.3","-3.3","0","100910","0"
"1083","19811219","3","5.4","44","4","-1.2","-6.6","0","102000","0"
"1084","19811220","8","0","12","1.3","-0.4","-4.9","7.3","100460","0"
"1085","19811221","8","0","12","0.8","0.8","0.4","3.3","99170","1"
"1086","19811222","7","0","12","0.7","0.5","0.2","0.2","99500","0"
"1087","19811223","7","0.1","14","1.7","-1.6","-3.9","0","99630","0"
"1088","19811224","7","0.2","15","2.7","-1.2","-4.2","0","99750","0"
"1089","19811225","1","4.1","38","4","-1","-4.7","0","101320","0"
"1090","19811226","6","0","12","4.1","-0.2","-4.4","0.3","101200","0"
"1091","19811227","8","0","12","4.6","2.1","0.1","1.4","99950","0"
"1092","19811228","8","0","12","10","2.6","0.6","6.4","99170","0"
"1093","19811229","8","0","12","10.3","6.8","3.7","7","97830","0"
"1094","19811230","7","0","12","8.7","6.9","3.5","0.1","97680","0"
"1095","19811231","6","3","34","7.6","6","3.4","8.4","98800","0"
"1096","19820101","8","0","13","12.6","5.6","3.7","3.2","100130","0"
"1097","19820102","8","0","13","11.4","7.7","2.8","4.1","101030","0"
"1098","19820103","7","0","13","12.6","9.2","7.1","0.9","100610","0"
"1099","19820104","6","1.3","25","11.3","10.7","8.8","0.1","100170","0"
"1100","19820105","6","0.1","15","2.4","9.6","7.9","2.6","100160","0"
"1101","19820106","5","4.3","42","0.3","0.9","-0.6","0","101870","0"
"1102","19820107","7","0.1","15","-1.8","-1.4","-3.1","5.9","102680","0"
"1103","19820108","8","0","13","-1.5","-2.6","-3.3","8.3","101500","8"
"1104","19820109","8","0","14","-0.8","-2.6","-3.6","1.9","101450","16"
"1105","19820110","5","2.8","35","1.7","-3.6","-6.3","0","101110","18"
"1106","19820111","4","7","56","2.4","-1.8","-5.3","0","100750","15"
"1107","19820112","4","1.1","25","1","-0.6","-3.5","0","102570","13"
"1108","19820113","1","4.2","44","1.7","-2.2","-5.5","0","103320","11"
"1109","19820114","0","4.6","47","5.1","-4.2","-10.1","0","102620","11"
"1110","19820115","7","0","15","8.7","-1.7","-8.5","0","101870","10"
"1111","19820116","4","3.5","42","8.2","2.7","-3.3","0","101500","10"
"1112","19820117","4","2.5","37","10.3","5","1.9","0","102050","0"
"1113","19820118","5","2.4","36","9.8","6.4","2.6","0","102050","0"
"1114","19820119","6","0.1","18","8.9","6.4","3.1","0.5","101940","0"
"1115","19820120","7","0","16","10.5","6.8","4.8","0.9","101990","0"
"1116","19820121","4","4.9","52","7.9","6.3","2.1","1.8","102430","0"
"1117","19820122","4","4.4","50","8.1","4.9","1.9","0.9","102120","0"
"1118","19820123","7","1.3","31","8","4.6","1","0","102210","0"
"1119","19820124","6","1.7","35","11","2.9","-2.2","0.2","102520","0"
"1120","19820125","8","0.1","19","9.4","4.6","-1.8","2.7","101990","0"
"1121","19820126","6","5.2","58","5.3","7.4","5.5","1.6","100230","0"
"1122","19820127","3","4.8","56","8.8","3.9","2.5","0","101870","0"
"1123","19820128","6","0","18","11.3","3","-2.7","2.2","102580","0"
"1124","19820129","8","0","18","10.6","7.4","3.6","0.2","102160","0"
"1125","19820130","7","0.3","24","11.8","9.2","7.9","0","102230","0"
"1126","19820131","5","1","32","9.3","8.3","4.8","0","102760","0"
"1127","19820201","8","0","19","8.9","8.2","7","0","102880","0"
"1128","19820202","7","6.5","72","8.2","6.7","4.5","0","102190","0"
"1129","19820203","5","0","20","11.9","4.6","1","0","101750","0"
"1130","19820204","5","5.3","67","11.5","7.2","2.4","0","102190","0"
"1131","19820205","7","0.3","27","12.3","8","4.5","1.3","102150","0"
"1132","19820206","7","3","53","8.8","9.6","7","0.1","101890","0"
"1133","19820207","8","0","21","10.3","7.8","6.8","6.4","101670","0"
"1134","19820208","6","2.3","49","12.4","5.4","0.6","0","101880","0"
"1135","19820209","6","2.9","54","11.8","7.4","2.5","0","101910","0"
"1136","19820210","6","4","64","11.1","9","6.3","0.1","101790","0"
"1137","19820211","6","0","23","11","9","6.9","3.2","101630","0"
"1138","19820212","6","0.2","28","11.5","6.4","1.7","6.1","101490","0"
"1139","19820213","6","1.1","41","7.6","9","6.4","0","100790","0"
"1140","19820214","4","1.7","48","6.7","4","0.5","3.3","101610","0"
"1141","19820215","5","1.9","51","4","4","1.4","0","102260","0"
"1142","19820216","8","0","25","3.9","3.4","2.8","0","102390","0"
"1143","19820217","8","0","26","6.5","2.8","1.7","2.5","101980","0"
"1144","19820218","8","0","26","5.4","4","1.5","0","102160","0"
"1145","19820219","8","0","27","2.5","4.4","3.5","0","102580","0"
"1146","19820220","7","0","27","7.6","1.2","0","0","102650","0"
"1147","19820221","5","6.8","97","7.3","4","0.5","0","102050","0"
"1148","19820222","2","8.7","112","4.9","2.8","-1.6","0","101410","0"
"1149","19820223","1","5.3","88","3.7","1.1","-2.7","0","101530","0"
"1150","19820224","1","0.8","45","5.1","-0.4","-4.6","0","101090","0"
"1151","19820225","7","0","30","7.1","1.2","-2.8","0.9","100430","0"
"1152","19820226","8","0","30","10.4","4.8","2.6","1.4","100790","0"
"1153","19820227","7","0.5","42","12.9","6.6","2.8","0","100920","0"
"1154","19820228","8","0","31","10.5","8","3.2","6.3","100940","0"
"1155","19820301","5","3.2","83","11.6","9.6","8.6","3.6","100140","0"
"1156","19820302","4","5.9","112","11.1","7","2.3","4","101020","0"
"1157","19820303","6","2.1","73","10.6","8.8","6.4","2.3","100040","0"
"1158","19820304","4","4.7","103","10.9","7.2","3.8","0.2","101350","0"
"1159","19820305","1","8.8","142","9.5","4.8","-1.2","0","103420","0"
"1160","19820306","6","1.4","66","9.2","5.2","1","1.7","102920","0"
"1161","19820307","3","9.9","156","9.6","6.6","4.1","0","102430","0"
"1162","19820308","4","7.2","133","10.9","3.2","-3.3","5","101830","0"
"1163","19820309","7","3","90","12.6","5.9","0.9","7.4","101100","0"
"1164","19820310","6","4.6","110","10.1","7","1.4","0.9","99180","0"
"1165","19820311","4","8.3","149","9.3","6","1.9","5.7","100890","0"
"1166","19820312","4","7.1","139","11.1","7.4","5.5","0.4","100320","0"
"1167","19820313","2","9.2","161","12.5","6.5","1.9","0","101590","0"
"1168","19820314","6","1.4","74","9.1","7.6","2.6","0.6","101670","0"
"1169","19820315","8","0","43","8.4","8.4","7.8","7.9","100260","0"
"1170","19820316","4","3.2","101","10.6","4.8","1.3","1.6","99770","0"
"1171","19820317","3","5.1","125","11.2","6.3","2","1","100230","0"
"1172","19820318","4","6.3","140","8.2","6.4","1.5","0.2","100870","0"
"1173","19820319","7","0.1","51","7.2","5.4","2.5","2.6","100810","0"
"1174","19820320","6","0","46","8.3","5.4","3.7","0.3","101140","0"
"1175","19820321","8","0","47","12.7","5.4","2.4","1.2","102210","0"
"1176","19820322","4","9.1","177","13.1","8.2","3.6","0","102760","0"
"1177","19820323","2","8.5","172","12.6","7.4","1.7","0","103630","0"
"1178","19820324","0","7.6","164","16","6","-0.5","0","103870","0"
"1179","19820325","0","10.5","196","17","8.1","0.2","0","103460","0"
"1180","19820326","1","10.4","197","17.4","9.4","1.8","0","102810","0"
"1181","19820327","1","8.9","183","14.9","9.4","1.4","0","101870","0"
"1182","19820328","2","7.7","172","9.7","8.8","2.7","0","101250","0"
"1183","19820329","6","4.1","129","9.4","6.8","3.9","3.3","101080","0"
"1184","19820330","6","5.6","150","10.1","6.2","3","0.2","101720","0"
"1185","19820331","5","7.4","173","12.7","7","3.9","1.4","101770","0"
"1186","19820401","7","5.4","150","12","8.6","4.4","0.4","101300","0"
"1187","19820402","6","1.7","97","15","8.2","4.4","0","101560","0"
"1188","19820403","6","5.4","153","17.5","10.2","5.4","0","101740","0"
"1189","19820404","7","6","162","20.6","11.6","5.8","0","101500","0"
"1190","19820405","6","5.3","154","12.7","13.8","7.1","5.6","101060","0"
"1191","19820406","7","0.2","66","15.7","10.8","9","12.2","101000","0"
"1192","19820407","7","3.9","137","9.5","12.4","9","3.8","100710","0"
"1193","19820408","6","4.7","150","10.5","7.4","5.2","0.1","101250","0"
"1194","19820409","4","4.5","148","12.4","5.2","-0.1","0","102110","0"
"1195","19820410","5","4.3","147","9.4","9.2","6","0","101680","0"
"1196","19820411","5","3.8","140","9.3","5.4","1.4","0","101830","0"
"1197","19820412","5","6.9","185","10","5.4","1.6","0","101940","0"
"1198","19820413","4","7.4","193","14.4","4.9","-0.2","0","102200","0"
"1199","19820414","5","8.2","204","16.9","8.6","2.9","0","102380","0"
"1200","19820415","1","10.8","237","16.3","9.6","2.2","0","102330","0"
"1201","19820416","3","7.5","198","14.4","10.5","4.7","0","102260","0"
"1202","19820417","3","8.1","207","14.3","9","3.6","0","102470","0"
"1203","19820418","5","7.5","201","15.2","9.3","4.3","0","102440","0"
"1204","19820419","4","9.8","231","16","9.1","3","0","102310","0"
"1205","19820420","4","9.9","234","16.3","9.2","2.4","0","102250","0"
"1206","19820421","5","10.2","239","17.2","11.6","6.9","0","102100","0"
"1207","19820422","3","7.3","203","14.8","11","4.8","0","102080","0"
"1208","19820423","6","8.9","226","14.4","11.4","8.1","0","102500","0"
"1209","19820424","6","1.6","114","17.7","10.4","6.5","0","103330","0"
"1210","19820425","6","7.8","214","13.9","12.6","7.6","0","103560","0"
"1211","19820426","7","2.4","131","16.4","10.8","7.8","0","103590","0"
"1212","19820427","5","7.7","215","17.4","11.8","7.1","0","103360","0"
"1213","19820428","3","12.7","279","12.2","12","6.6","0","102670","0"
"1214","19820429","6","0.2","81","14.5","9.8","7.5","0.7","102090","0"
"1215","19820430","7","0.8","99","14","9.4","4.2","0","102010","0"
"1216","19820501","4","6.9","209","13.5","10.4","6.9","1","101770","0"
"1217","19820502","6","2.1","131","12.6","7.4","1.4","3.4","101560","0"
"1218","19820503","5","7.1","213","12.2","9","5.5","1.5","100210","0"
"1219","19820504","3","8.5","234","11.1","7.5","2.8","2.9","100590","0"
"1220","19820505","5","1.9","128","9.7","5.6","0.2","22.5","100990","0"
"1221","19820506","6","3.3","156","11.8","6.2","2.7","0.2","101380","0"
"1222","19820507","5","4.4","176","13.7","7","2.1","0","101960","0"
"1223","19820508","3","9.9","257","15.6","8.2","2.6","0","102070","0"
"1224","19820509","7","8.1","233","16.7","8.8","2.1","0","101940","0"
"1225","19820510","3","9.2","249","18.9","10.8","5","0","102000","0"
"1226","19820511","1","13.2","302","20.6","12.2","5.4","0","102290","0"
"1227","19820512","5","1","112","23.1","14.8","9.1","0","102640","0"
"1228","19820513","2","13.7","310","23","16.7","10.3","0","102830","0"
"1229","19820514","2","13.5","308","25.3","15.7","8.4","0","102410","0"
"1230","19820515","4","7.7","233","22.5","17.2","9","0","101550","0"
"1231","19820516","3","10.4","271","18.6","16.6","10.7","0","101360","0"
"1232","19820517","5","2","138","20.4","14.8","10.9","1.3","101510","0"
"1233","19820518","4","8.2","242","18.6","13.7","7","0","101680","0"
"1234","19820519","6","5.7","205","16.8","13.4","8.1","1.2","101970","0"
"1235","19820520","8","0","79","18.8","14.2","11.6","0","102020","0"
"1236","19820521","8","0","79","17.1","15.6","12.5","4.2","102130","0"
"1237","19820522","8","1.1","119","14.7","14.3","11.5","0.8","101160","0"
"1238","19820523","6","3.5","170","17.5","12.5","10.3","7.2","100510","0"
"1239","19820524","6","2.1","143","19.8","12.4","7.2","0","101270","0"
"1240","19820525","5","10.1","273","24.1","16.2","12.6","0","101700","0"
"1241","19820526","5","6.4","220","13.9","17","10","25.6","101700","0"
"1242","19820527","7","0.6","107","20.7","12.9","11.9","0.1","101890","0"
"1243","19820528","3","12.7","309","23.4","13.6","6.5","0","102570","0"
"1244","19820529","2","13.7","322","21.7","16","8.7","0","102930","0"
"1245","19820530","5","9.1","262","26.6","16.1","10.5","0","102570","0"
"1246","19820531","6","8.7","257","26.3","19.2","11.9","0","102050","0"
"1247","19820601","5","10.1","277","26.8","20.6","14.9","0","102260","0"
"1248","19820602","3","9.8","273","24.6","20.8","14.7","6.3","102030","0"
"1249","19820603","6","2.6","158","28.9","20","15.3","0","101800","0"
"1250","19820604","2","12.8","313","29.3","22","15.2","0","101770","0"
"1251","19820605","2","12.9","315","26.1","23.2","17.2","1.6","101810","0"
"1252","19820606","5","7.2","238","25.3","22.2","18.2","0.7","101640","0"
"1253","19820607","5","5","203","25.5","20.3","15.3","0.9","102160","0"
"1254","19820608","4","11.6","299","22.8","21","16.6","0","102230","0"
"1255","19820609","2","11.7","301","19.2","18.2","13.5","0","102110","0"
"1256","19820610","7","4.7","199","20.3","15.8","12.5","3.3","101440","0"
"1257","19820611","7","6.4","227","18.8","16.9","13.5","0.8","100610","0"
"1258","19820612","6","4.6","197","15.5","14.7","10.6","4.3","100380","0"
"1259","19820613","7","1.3","130","17.1","13","10.4","0","100980","0"
"1260","19820614","6","3.6","179","18.3","13.3","9.5","0","101540","0"
"1261","19820615","6","3.3","174","20.6","13.4","8.6","0.8","101630","0"
"1262","19820616","4","11.7","302","23.7","15.6","10.5","0","101430","0"
"1263","19820617","4","8.9","265","18.3","17.9","12.1","0.4","101660","0"
"1264","19820618","7","1.5","135","19.9","15.4","12.4","2.5","100730","0"
"1265","19820619","7","0.8","116","21.6","16.1","12.3","1.2","101150","0"
"1266","19820620","4","10.6","288","18.9","15","8.5","0.1","101660","0"
"1267","19820621","7","0.1","89","18.7","16","13.1","2.1","101390","0"
"1268","19820622","6","2.6","160","17.9","16.2","13.7","8.8","100600","0"
"1269","19820623","6","1.5","135","20.7","14.5","11.1","2.1","100270","0"
"1270","19820624","7","3.2","172","17.6","17","13.3","0.3","101000","0"
"1271","19820625","6","2.3","153","18.5","15.4","13.3","13.6","100610","0"
"1272","19820626","6","1.5","135","21.1","15.4","12.3","25.3","100390","0"
"1273","19820627","7","2.8","164","19.3","17.1","13.1","0.9","100870","0"
"1274","19820628","4","8.8","262","20.5","15.8","12.4","3","100770","0"
"1275","19820629","4","9.1","266","21.8","15.8","11.2","0.5","101430","0"
"1276","19820630","5","9.1","266","18.7","15.6","9.5","5.1","102260","0"
"1277","19820701","8","0.2","94","22.4","15.9","13.1","1.8","102020","0"
"1278","19820702","7","3.6","179","20.4","18","13.6","0","101150","0"
"1279","19820703","6","5.7","215","19.3","16.2","11.9","0","101080","0"
"1280","19820704","5","1.5","134","22.6","14.2","9","0","101860","0"
"1281","19820705","5","8","249","24","17","11.3","0.5","102060","0"
"1282","19820706","5","6.1","220","24.2","18.8","13.5","0","101870","0"
"1283","19820707","3","8.2","251","28.4","18.2","12.3","0","102110","0"
"1284","19820708","2","12.9","314","27.6","21.3","14.2","0","102120","0"
"1285","19820709","5","5.5","210","23","22.4","17.1","2.1","101530","0"
"1286","19820710","5","8.3","252","26","19.4","15.7","0","101980","0"
"1287","19820711","4","10","275","19.4","21","15.9","0","101960","0"
"1288","19820712","8","0","79","27.1","17.4","15.5","0","101890","0"
"1289","19820713","4","7.7","242","22.6","20.9","14.7","4.7","101500","0"
"1290","19820714","7","0.7","110","22.2","19.4","16.2","5.4","100880","0"
"1291","19820715","6","1.1","121","20.6","18.7","15.2","3.4","100810","0"
"1292","19820716","4","7.1","231","23","14.6","8.7","0","101750","0"
"1293","19820717","2","13.2","312","23.8","16.6","10.2","0","102440","0"
"1294","19820718","4","5.7","209","23.4","18.4","12.9","0","102790","0"
"1295","19820719","6","8.4","248","22.7","19.7","16","0","102800","0"
"1296","19820720","5","7.6","236","19.8","17.5","12.3","0","102570","0"
"1297","19820721","7","0.6","104","21.6","17.4","14.9","0","102450","0"
"1298","19820722","7","3.3","166","17.6","17.2","12.7","0","102370","0"
"1299","19820723","8","0.3","93","18.6","15.2","12.9","0","102260","0"
"1300","19820724","7","0.5","100","25.2","15.9","13.2","0","102280","0"
"1301","19820725","5","9.8","263","21.7","18.9","12.6","0.6","102360","0"
"1302","19820726","6","2.2","142","18.2","18","14.4","0","102430","0"
"1303","19820727","5","4.5","184","22.7","14.2","10.3","0","102380","0"
"1304","19820728","4","5","191","24.3","16.7","10.7","0","102250","0"
"1305","19820729","3","8","235","26.9","18.2","12","0","102090","0"
"1306","19820730","5","3","155","25.9","20.6","14.3","6","101370","0"
"1307","19820731","7","5.3","194","26.5","21.2","16.4","0","100950","0"
"1308","19820801","6","4.8","185","27.6","21.4","16.2","0","101240","0"
"1309","19820802","6","4","171","27.3","21.8","15.9","4.6","101320","0"
"1310","19820803","6","4.9","185","24.8","22","16.6","0","101290","0"
"1311","19820804","6","1.9","130","23.6","21","17.2","0.5","101280","0"
"1312","19820805","7","0.1","78","25.1","19.8","16","0.2","101170","0"
"1313","19820806","4","3.2","154","20.4","19.8","14.4","0","101180","0"
"1314","19820807","6","0","70","26.1","18.6","16.7","0","101710","0"
"1315","19820808","6","7.7","222","25.6","19.6","13","0","101970","0"
"1316","19820809","5","8.9","236","25.9","20.8","16.1","0","102020","0"
"1317","19820810","5","11.1","263","25.4","20.2","14.6","0","102140","0"
"1318","19820811","4","7","209","23.7","20.3","15.2","0.3","101980","0"
"1319","19820812","4","6.3","198","20.6","18.8","14","0","101260","0"
"1320","19820813","6","1.6","118","21","17.5","14.4","4.3","100980","0"
"1321","19820814","5","7.9","218","23.4","14.8","8.6","3.3","101460","0"
"1322","19820815","6","7.2","207","21","17.8","12.1","1.4","101010","0"
"1323","19820816","7","0.7","94","21.1","18.4","15.7","0","101140","0"
"1324","19820817","5","6.4","194","19.5","16.6","12","0","101150","0"
"1325","19820818","6","0.9","98","20.1","17.5","15.5","5.6","100690","0"
"1326","19820819","2","9","225","19.4","14.4","8.6","0.6","101150","0"
"1327","19820820","3","10.6","243","20.5","14","8.6","0","101040","0"
"1328","19820821","4","9","223","21.9","15.2","9.9","0","101670","0"
"1329","19820822","7","1.4","107","19.9","18.2","14.5","0.4","101800","0"
"1330","19820823","5","4.8","164","18","15.3","10.7","0.2","101730","0"
"1331","19820824","7","0.1","68","19","14","9.9","4.7","101400","0"
"1332","19820825","6","3.4","141","19","14.5","10","0","101080","0"
"1333","19820826","5","5.2","167","20.4","14.4","9.7","10.8","100550","0"
"1334","19820827","4","9.5","220","20.6","15","9.6","0","101030","0"
"1335","19820828","3","11.3","238","22.3","15","9.5","0","102070","0"
"1336","19820829","4","11.4","238","20.6","15.8","9.2","0.8","101950","0"
"1337","19820830","6","4.1","146","16.7","17.2","13.9","2","101240","0"
"1338","19820831","5","4.5","151","17.7","13.7","10.7","0","101990","0"
"1339","19820901","6","0","56","21.3","13.2","8.8","1.8","102180","0"
"1340","19820902","2","12.2","229","23.5","15.4","9.6","0","102730","0"
"1341","19820903","3","9.9","204","23.9","15.9","8.3","0","102770","0"
"1342","19820904","6","7.4","176","24.7","18.2","12.6","0","102130","0"
"1343","19820905","5","2.7","114","17.3","18.4","12.1","5","100930","0"
"1344","19820906","7","0.2","63","23.4","16","14.7","0.2","101160","0"
"1345","19820907","5","4.3","134","20","18","12.5","0","101670","0"
"1346","19820908","5","2.2","103","22","15","9.9","0","102070","0"
"1347","19820909","4","5.9","151","24.6","17.9","13.8","0","102250","0"
"1348","19820910","4","9.2","186","20.6","17.7","10.8","0","102100","0"
"1349","19820911","6","0.6","71","23","16.6","12.7","0","102740","0"
"1350","19820912","5","5","137","21.8","17.6","12.2","0","102500","0"
"1351","19820913","1","10.1","189","22.3","15.8","9.8","0","102490","0"
"1352","19820914","0","7","156","26.1","16.2","10.2","0","102160","0"
"1353","19820915","0","9.5","180","25.7","18.9","11.7","0","101960","0"
"1354","19820916","0","9.6","179","26.1","19.4","13.2","0","102250","0"
"1355","19820917","2","5.2","132","28.3","19.4","12.8","0","102010","0"
"1356","19820918","3","9.7","177","19.7","21.2","14.1","0","101530","0"
"1357","19820919","6","0","46","20.8","16.6","13.5","2.9","101250","0"
"1358","19820920","7","1.2","75","17","18.1","15.4","2.7","100560","0"
"1359","19820921","5","4.8","122","16.3","15.7","14.4","5.6","100290","0"
"1360","19820922","4","5.1","124","17.3","10.8","5.3","0.2","101250","0"
"1361","19820923","4","3","98","17.1","12.9","8.5","2","100600","0"
"1362","19820924","5","4","109","20","11.8","6.5","5.9","100070","0"
"1363","19820925","5","5.4","123","18.1","15","10","1.4","99940","0"
"1364","19820926","5","7.5","142","15.7","14.4","10.7","0.2","100070","0"
"1365","19820927","5","0.3","52","18.4","13.6","11.5","1.9","100640","0"
"1366","19820928","5","4.9","114","13.1","13.8","9.1","4.5","101200","0"
"1367","19820929","8","0","40","17.5","12","11","5.3","101370","0"
"1368","19820930","3","9.1","150","18.1","11.6","5.7","0","101690","0"
"1369","19821001","6","4.9","110","15.9","12.8","7.4","3.1","101620","0"
"1370","19821002","8","0","38","15.9","15.1","14.3","23.9","101500","0"
"1371","19821003","5","2.5","81","14.5","11.4","6.9","2.2","101860","0"
"1372","19821004","7","0","37","12.2","11.8","9.1","8.9","100570","0"
"1373","19821005","6","0.9","57","15.3","9.5","6.8","1.6","99710","0"
"1374","19821006","7","3.4","88","12.7","11.4","7.6","0","100050","0"
"1375","19821007","8","0","35","13.9","11.2","9.7","5.1","100030","0"
"1376","19821008","7","0.1","39","13.9","12","10.1","0.8","100220","0"
"1377","19821009","7","2","69","14.8","11.6","9.4","0","100770","0"
"1378","19821010","5","1.4","60","11.5","11","7.1","0","100950","0"
"1379","19821011","5","0.4","44","12.9","8.9","6.3","2.2","100640","0"
"1380","19821012","5","0","32","13.2","9","5.1","3.2","100180","0"
"1381","19821013","6","4.1","87","12","10.8","8.5","7","98180","0"
"1382","19821014","6","0.9","50","13.4","10.1","8.2","0","98920","0"
"1383","19821015","5","6.6","105","13.1","9","4.7","0.2","100920","0"
"1384","19821016","8","0","30","15.3","9","4.9","7.7","100260","0"
"1385","19821017","4","6.1","98","15.3","12.2","9.2","2.3","99580","0"
"1386","19821018","6","2.4","65","14.8","12.5","9.7","0","100200","0"
"1387","19821019","7","3.8","77","15.8","11.4","7.9","0","101590","0"
"1388","19821020","8","0","28","11.6","13.4","11","8.3","101340","0"
"1389","19821021","8","0","28","10.4","10.8","10.1","27.7","100930","0"
"1390","19821022","8","0","27","13.3","10","9.6","4.4","100180","0"
"1391","19821023","4","7.6","101","13.9","9.1","4.9","0","101000","0"
"1392","19821024","4","4.9","80","14.7","7.8","1.7","0.1","101940","0"
"1393","19821025","7","2.1","55","16.4","9","3.2","0","101690","0"
"1394","19821026","7","0.1","29","14.1","13.6","10.8","0.4","101550","0"
"1395","19821027","2","6.4","87","14.7","9.2","4.4","0","102720","0"
"1396","19821028","2","7.7","94","14.9","9.4","4","0","103040","0"
"1397","19821029","8","1.3","44","14","11.6","8.3","0","102900","0"
"1398","19821030","8","0","24","15.4","12.7","11.4","0","102760","0"
"1399","19821031","8","0","23","18","12.4","9.5","0","102240","0"
"1400","19821101","8","0.2","28","16","15.4","12.7","0.3","102130","0"
"1401","19821102","7","0","22","13.2","15","13.9","0","102460","0"
"1402","19821103","8","0","22","12.6","12.5","11.8","0","102460","0"
"1403","19821104","8","0","22","12.5","11.6","10.5","2","102230","0"
"1404","19821105","8","0","21","11.6","11.6","10.8","0.1","101750","0"
"1405","19821106","7","0","21","13.6","10.8","10.1","0","100490","0"
"1406","19821107","6","0","21","15.2","11.1","8.6","6.1","99080","0"
"1407","19821108","7","0.7","32","14.7","12.7","10.2","1.9","98540","0"
"1408","19821109","5","3.3","53","14.3","12.8","11","0.5","100250","0"
"1409","19821110","5","4.9","62","15.4","11.4","8.4","0","101150","0"
"1410","19821111","7","1.1","34","11.9","13.2","11","7.4","101880","0"
"1411","19821112","6","0.3","25","9.9","10.4","9","2","100560","0"
"1412","19821113","5","4.5","57","6.9","6.8","3.6","0.1","100550","0"
"1413","19821114","6","0.4","25","9.7","4.4","1.9","8","99790","0"
"1414","19821115","5","6.7","68","12.4","6.1","2.5","4.5","101270","0"
"1415","19821116","6","0.7","28","12.1","7.4","2.5","1.4","101200","0"
"1416","19821117","6","0","17","13.2","7.8","3.5","1.4","101260","0"
"1417","19821118","7","0","17","10.1","10","6.8","0.1","100620","0"
"1418","19821119","2","5.3","57","11.7","7.6","5.2","1.4","101430","0"
"1419","19821120","4","2.9","43","13","8.4","5.2","0.3","102210","0"
"1420","19821121","8","0","16","11.5","10.4","7.9","9.1","101260","0"
"1421","19821122","5","5.5","56","12.7","9.2","6.8","0.6","101260","0"
"1422","19821123","7","0","16","10.5","10","7.3","13.2","100560","0"
"1423","19821124","6","3.2","42","10.7","7.2","3.9","11.4","100360","0"
"1424","19821125","4","1.9","34","9","7.9","5.1","0.9","99770","0"
"1425","19821126","3","6.1","56","2.7","5.4","1.9","0.2","100020","0"
"1426","19821127","7","0","15","6.5","2","1.3","0","100450","0"
"1427","19821128","1","1.6","31","6.4","2.2","-2.2","0","101590","0"
"1428","19821129","0","6.2","55","4.9","2.6","-1.1","0","103110","0"
"1429","19821130","2","0","14","5.7","0.1","-4.7","0","103430","0"
"1430","19821201","7","0","14","5.3","2","-1.8","0","102780","0"
"1431","19821202","8","0","13","8.3","4","2.7","0","102490","0"
"1432","19821203","3","5.1","46","9.7","5.4","2.6","0","103100","0"
"1433","19821204","8","0","13","10.4","6.3","2.9","1.1","103120","0"
"1434","19821205","8","0","13","6.2","8","5.5","1.8","102620","0"
"1435","19821206","4","5","44","12.6","4.1","2","0","102400","0"
"1436","19821207","7","0","13","8.4","6.6","0.5","5.6","100720","0"
"1437","19821208","3","4.6","42","12","5.6","2.9","15.6","99860","0"
"1438","19821209","7","2.7","32","6.5","8.4","4.8","12.2","99200","0"
"1439","19821210","6","0.1","14","5.9","5.4","4.2","0.7","98800","0"
"1440","19821211","1","5.9","47","4.2","2.6","-0.7","0.8","99880","0"
"1441","19821212","8","0","12","6.3","2.2","0.1","7.9","99150","0"
"1442","19821213","4","5.3","44","12.6","3.8","1.2","0.1","100610","0"
"1443","19821214","5","0","12","13.3","5.8","-1.1","4","101360","0"
"1444","19821215","8","0","12","7.8","6.6","0","0","99890","0"
"1445","19821216","5","0.3","16","4.8","6.8","5.9","0","99840","0"
"1446","19821217","4","3.3","34","6.6","3.6","2.4","0","99270","0"
"1447","19821218","2","3.8","37","12.3","1.7","-3.2","0","100400","0"
"1448","19821219","6","0","12","7","5.2","-1.8","11.1","99410","0"
"1449","19821220","3","4.2","38","7","5.6","4.3","0.2","97970","0"
"1450","19821221","4","0.9","21","3.4","5.8","4.5","0.3","98670","0"
"1451","19821222","3","1.3","23","7","0.8","-1.8","0","100580","0"
"1452","19821223","5","0.1","14","9.8","0.9","-5.2","2.1","101900","0"
"1453","19821224","8","0","12","10.2","3.8","-2.3","0.1","101830","0"
"1454","19821225","8","0","12","10.8","8.5","6.8","0","102510","0"
"1455","19821226","7","0","12","9.3","9.2","7.7","0","102650","0"
"1456","19821227","4","2.8","32","7.7","8.4","7.5","0","102480","0"
"1457","19821228","4","4.6","41","7.4","4","0.3","0","103270","0"
"1458","19821229","7","0","12","7","4.2","1","0","103590","0"
"1459","19821230","7","0","12","8.6","6","5","0","103580","0"
"1460","19821231","7","0","13","10.1","5.4","2.3","0","103100","0"
"1461","19830101","7","0","13","11.7","6.8","3.4","0.3","102130","0"
"1462","19830102","5","5.4","45","12.6","6.8","1.9","1.6","102520","0"
"1463","19830103","8","0","13","13.2","8","3.4","8.4","101400","0"
"1464","19830104","6","4.8","43","13.7","11.3","9.4","3","101210","0"
"1465","19830105","8","0","13","12.2","10.2","6.8","0.1","101100","0"
"1466","19830106","7","0","13","9.3","11.7","11.2","2.6","101270","0"
"1467","19830107","4","3.7","39","10","6.2","3","0.6","102360","0"
"1468","19830108","3","5.9","50","11.4","5.4","0.9","0","103170","0"
"1469","19830109","5","2.7","35","11.9","6.8","2.2","0.4","103030","0"
"1470","19830110","6","0","14","9.8","8.3","4.7","0","103300","0"
"1471","19830111","7","0.8","23","11.4","8.8","7.7","0","103030","0"
"1472","19830112","8","0","14","6.3","8.9","6.4","1.4","102380","0"
"1473","19830113","5","4","43","9.9","5","3.6","2.2","101760","0"
"1474","19830114","6","0.8","24","11.8","4.9","-0.1","2.5","101190","0"
"1475","19830115","7","0.4","20","11.4","8.8","5.7","0","101320","0"
"1476","19830116","7","0.3","20","10.1","10.2","9","0","102330","0"
"1477","19830117","7","3.1","40","7.2","7.8","5.5","0","102160","0"
"1478","19830118","4","2.2","35","5.9","5.5","3.8","0","101880","0"
"1479","19830119","0","6.2","58","5.5","3.6","1.3","0","103240","0"
"1480","19830120","4","1.2","29","7.1","0.7","-4.1","0","104070","0"
"1481","19830121","7","0","16","6.5","2.7","-1.7","0","103940","0"
"1482","19830122","7","0.2","20","6.5","5.4","4.4","0","103870","0"
"1483","19830123","6","2.5","40","10.8","5.3","4.1","0","103330","0"
"1484","19830124","7","0","17","10.6","5.6","0.4","3.6","102690","0"
"1485","19830125","7","0.1","19","12.6","8.4","6.3","0.2","102870","0"
"1486","19830126","8","0","17","14","9.2","5.8","0.2","102980","0"
"1487","19830127","7","3.2","47","11.3","11.4","8.9","0","102160","0"
"1488","19830128","8","0","18","8.5","9.8","8.3","0","101790","0"
"1489","19830129","4","1.3","34","5","7","5.5","3.2","101470","0"
"1490","19830130","5","2.6","45","12.3","4.6","4.2","1.7","100390","0"
"1491","19830131","7","0","19","7.3","7","1.6","15.2","100330","0"
"1492","19830201","6","4.7","60","7.9","4.2","1.1","0","99810","0"
"1493","19830202","4","6.4","71","5.6","3.8","-0.2","0","102230","0"
"1494","19830203","4","1.7","40","8.9","2.6","-0.5","0","102800","0"
"1495","19830204","4","5.4","67","6.3","1.9","-5.1","3.7","102960","0"
"1496","19830205","6","0.1","23","5.6","1.4","-3.5","2.9","100220","0"
"1497","19830206","7","0.1","24","4.2","4.4","3.3","1.4","99550","0"
"1498","19830207","7","0.1","24","3.5","2.9","1.6","0.3","100480","0"
"1499","19830208","4","4.6","66","1.8","2.2","1","0","101570","0"
"1500","19830209","4","4.2","64","2","-0.1","-2","0","101850","0"
"1501","19830210","7","0","23","2.8","-0.2","-2.3","8.4","101430","0"
"1502","19830211","7","0.7","35","4.1","0.6","-1.5","3.1","101490","3"
"1503","19830212","6","4","66","2.6","2","-0.2","0.6","101960","0"
"1504","19830213","6","4.3","69","3.5","0.8","-1","0.1","101990","0"
"1505","19830214","5","4.6","72","2.4","0.6","-2.4","0","102130","0"
"1506","19830215","7","0","25","3.8","0.5","-1.4","0","102750","0"
"1507","19830216","4","4.9","77","4.6","1.8","-0.2","0","103320","0"
"1508","19830217","1","7.3","95","6.4","1.5","-1.6","0","103650","0"
"1509","19830218","0","7.9","100","5.2","2.4","-1.5","0","103610","0"
"1510","19830219","3","4.3","75","3.5","2.3","-0.6","0","103160","0"
"1511","19830220","8","0","27","4.4","1.2","-1","0","102960","0"
"1512","19830221","7","0","28","4.7","2.2","0","0","103140","0"
"1513","19830222","0","8.5","110","6.8","0.4","-4","0","102970","0"
"1514","19830223","4","7.3","103","6.9","1.4","-4","1.3","102540","0"
"1515","19830224","8","0","29","7.7","2.9","-1.1","0.8","102490","0"
"1516","19830225","8","0","30","12.8","5.6","3.5","4.3","101820","0"
"1517","19830226","7","0.8","46","9.1","8.6","4.5","0.3","100750","0"
"1518","19830227","6","2.7","69","9.3","6.1","3.1","3.5","101220","0"
"1519","19830228","5","0.7","46","8.9","5.4","1.5","0.3","101610","0"
"1520","19830301","5","7.4","123","7","5.4","1.9","0.1","102330","0"
"1521","19830302","8","0","35","11.2","5.5","4","0.2","102760","0"
"1522","19830303","6","3.1","85","7.1","7.6","4.1","0","102990","0"
"1523","19830304","6","0.5","50","12","4.5","1.9","1.2","103430","0"
"1524","19830305","5","6.6","123","12.1","5.4","-1.3","0","103670","0"
"1525","19830306","6","2.7","83","11.8","7.5","2.9","0","103170","0"
"1526","19830307","5","3.5","94","12.7","6.4","1","0","103070","0"
"1527","19830308","3","7.5","136","8.7","8","3.4","0","102690","0"
"1528","19830309","6","2.5","84","14.6","6","3.4","0","102470","0"
"1529","19830310","2","8.7","151","11.3","7.4","0.3","0","102540","0"
"1530","19830311","5","1.9","78","11.5","7","2.6","0.1","102610","0"
"1531","19830312","7","2.6","89","13.5","8.2","5","0","102570","0"
"1532","19830313","8","1.1","68","10.9","9.7","5.9","3.3","101550","0"
"1533","19830314","6","1.9","81","11.6","9.5","8.1","1.8","100720","0"
"1534","19830315","1","6.6","139","11.1","5.6","-0.4","0","101360","0"
"1535","19830316","6","0","44","14.8","5.5","-0.1","0.4","102050","0"
"1536","19830317","7","1.1","71","13.9","9.8","4.7","0.2","102100","0"
"1537","19830318","8","0","45","14.5","12","10","1.6","102260","0"
"1538","19830319","7","2.5","95","12.2","12","9.6","0","101850","0"
"1539","19830320","6","0","46","10.9","9.6","7","3","101550","0"
"1540","19830321","4","1.7","85","9.8","6.6","2.2","3.7","100710","0"
"1541","19830322","3","6.9","153","11","5.8","1.8","3","100660","0"
"1542","19830323","7","0.1","53","7.4","6.4","1.7","3.6","99570","0"
"1543","19830324","6","1.2","79","9.1","5.9","4.4","0.1","99900","0"
"1544","19830325","5","0","49","7.8","4.2","-0.8","2","100630","0"
"1545","19830326","5","5.6","144","8.2","4.8","1.7","4.6","101060","0"
"1546","19830327","8","0","51","9.1","6.2","4.2","0.8","99730","0"
"1547","19830328","3","7.4","169","10.4","4","-1","0","100930","0"
"1548","19830329","7","2.9","112","10.2","5.3","0.2","1.6","100970","0"
"1549","19830330","6","2.6","109","10.2","6.6","2.9","2.2","100370","0"
"1550","19830331","6","4.8","141","7.4","6.6","2.9","0.2","99760","0"
"1551","19830401","7","0.2","63","8.8","4.8","2.2","11.7","100310","0"
"1552","19830402","5","5.2","149","8.8","5.8","2.8","0.5","100930","0"
"1553","19830403","4","9.2","199","10.2","4.1","-0.6","4.8","100740","0"
"1554","19830404","7","4.4","141","9.7","6","1.7","3.4","99770","0"
"1555","19830405","6","2.6","115","10.8","5.8","2","7.5","99530","0"
"1556","19830406","4","7.6","185","10.9","6","1.3","5","99540","0"
"1557","19830407","4","8.1","193","12.6","6.2","1.5","1.6","99970","0"
"1558","19830408","6","7.8","191","12.6","9","5.4","0","100150","0"
"1559","19830409","4","9.3","210","15.2","6.6","0.6","6.8","101140","0"
"1560","19830410","7","1.3","96","7.3","10.6","6.1","2.1","100240","0"
"1561","19830411","7","0","60","9.1","7","6.6","3.3","100470","0"
"1562","19830412","3","8.3","203","12.6","5.2","1.4","0","102560","0"
"1563","19830413","6","2.2","116","12","5.6","-1.4","0","102960","0"
"1564","19830414","5","2.6","124","18","7.2","2.4","0","102930","0"
"1565","19830415","2","11.8","249","18.6","10","2.1","0","102700","0"
"1566","19830416","3","9.2","220","10.2","10.8","2.9","0.1","101210","0"
"1567","19830417","8","0","64","4.6","9.6","8.9","14.2","100040","0"
"1568","19830418","8","0","64","7.1","4","3.5","10.3","99950","0"
"1569","19830419","7","0.1","71","11","4.6","2","0","100310","0"
"1570","19830420","6","0","65","13.7","5.4","-0.1","6.1","100540","0"
"1571","19830421","5","7.7","207","15.3","9.1","4.5","0.1","100540","0"
"1572","19830422","7","2.5","130","15.5","10.3","5.3","2.3","100370","0"
"1573","19830423","5","5.4","178","15.9","10.6","5.7","1.3","100110","0"
"1574","19830424","4","9.4","233","14.3","9","2","8.6","100540","0"
"1575","19830425","7","5.4","180","17.1","11","7.6","0","100390","0"
"1576","19830426","5","6.9","203","15.4","11.6","6.1","1.1","100840","0"
"1577","19830427","7","2.6","136","15.2","11.5","7.6","2.1","100930","0"
"1578","19830428","5","6.1","193","14.3","10.6","5.9","1.4","101110","0"
"1579","19830429","5","4.7","173","16.2","9.6","4.8","1.4","101380","0"
"1580","19830430","7","4.8","176","14.2","11.4","6.5","5.8","100870","0"
"1581","19830501","8","0.3","86","12","11.6","8.9","5.4","99450","0"
"1582","19830502","7","0.5","93","14","9.2","6.3","0","99840","0"
"1583","19830503","7","0.9","104","15.3","10.6","7.3","0.2","100750","0"
"1584","19830504","7","1.3","115","19.1","10.5","5.7","0.2","101310","0"
"1585","19830505","7","3.5","159","18.2","13.2","7.3","2.4","101550","0"
"1586","19830506","6","7.8","226","15.4","15.2","12.2","0.9","101160","0"
"1587","19830507","6","2.5","142","17.5","12.4","9.5","2.1","100660","0"
"1588","19830508","7","2.5","143","13.9","13.8","10","0.2","100430","0"
"1589","19830509","4","2.8","149","13.5","9.8","5.8","1.2","100100","0"
"1590","19830510","5","7.9","231","13","9.1","4.7","4.7","99460","0"
"1591","19830511","5","6.8","216","14","8.2","3.4","6.1","98920","0"
"1592","19830512","6","5.9","204","15.9","10.5","7","0.5","99150","0"
"1593","19830513","5","8.9","248","16.3","12","8","0.8","100160","0"
"1594","19830514","4","11.5","283","16","11.8","7.2","0.9","100640","0"
"1595","19830515","4","4.2","178","18.5","11","6.1","3.4","100330","0"
"1596","19830516","5","6.7","219","15.8","12.4","6.2","7","100150","0"
"1597","19830517","6","5.7","204","15.4","12.4","8.9","6.9","100630","0"
"1598","19830518","7","4.9","192","13.5","11.8","8.3","1.3","100680","0"
"1599","19830519","6","4.3","182","14.1","11","8.6","6","100820","0"
"1600","19830520","6","2.7","153","14","10.2","6.3","0.9","100750","0"
"1601","19830521","6","1.4","126","15.4","9","3.9","0","100630","0"
"1602","19830522","5","6.4","218","16.2","10.6","5.8","0.2","101050","0"
"1603","19830523","7","4.1","181","17.2","11.4","6.6","0","101480","0"
"1604","19830524","7","3.8","176","18.9","13.7","10.2","0","101810","0"
"1605","19830525","3","10.8","283","14.1","12.7","6.5","0","102020","0"
"1606","19830526","4","5.6","207","15","11.2","8.3","0","102230","0"
"1607","19830527","6","2.2","146","12","11","7","4.2","101810","0"
"1608","19830528","8","0","81","14.2","9.8","7.5","2.8","100990","0"
"1609","19830529","7","1","119","17.5","10.9","7.6","0","100930","0"
"1610","19830530","7","3.4","171","22.6","13.6","9.6","0.1","101050","0"
"1611","19830531","6","6.5","224","21","17","11.4","14.5","101110","0"
"1612","19830601","7","7.7","244","18.1","17.2","13.3","0.6","100770","0"
"1613","19830602","6","3.2","169","20.1","15.2","12.2","5.2","101470","0"
"1614","19830603","7","1.4","131","21.8","15.2","10.2","0.8","102020","0"
"1615","19830604","7","8.7","259","21.4","17.6","13.4","0.4","102120","0"
"1616","19830605","6","4.1","187","20","17.8","14.1","1.4","102300","0"
"1617","19830606","4","12.3","308","24.8","14.4","8.8","0","102360","0"
"1618","19830607","5","8","250","24.4","19.1","13.4","0","101670","0"
"1619","19830608","5","8.9","263","20.3","20.6","16.9","0","101720","0"
"1620","19830609","6","3","167","20","16.6","12.9","0","102230","0"
"1621","19830610","5","7.8","248","20","14.6","9.1","0","102060","0"
"1622","19830611","6","4.1","188","20.4","16.2","12.3","0.2","101350","0"
"1623","19830612","6","6.3","225","18.2","16.2","11.9","0","101550","0"
"1624","19830613","4","10","279","18.9","12.8","7.3","0","102100","0"
"1625","19830614","4","12.8","316","17.3","15.8","12.7","0.2","102230","0"
"1626","19830615","3","10.8","290","17.9","12.2","7.2","0","103040","0"
"1627","19830616","7","1","122","17.7","13","8","0","103090","0"
"1628","19830617","8","0.2","95","21","14.3","10.9","0","103010","0"
"1629","19830618","2","13.8","329","23.3","16","10.9","0","103180","0"
"1630","19830619","2","14.7","340","24.5","16.2","9.1","0","102890","0"
"1631","19830620","3","9.2","269","24.2","17.6","10.7","0","102350","0"
"1632","19830621","5","6","221","23.8","17.7","11.2","0","102120","0"
"1633","19830622","5","4.7","199","23","17","10.3","0","101830","0"
"1634","19830623","7","2.3","154","16.4","17.8","12.6","0.6","101610","0"
"1635","19830624","8","0","81","22.6","14.4","12.5","0","101860","0"
"1636","19830625","6","5.2","208","25.4","17.5","12.4","0","102000","0"
"1637","19830626","4","8.5","258","15.8","18.3","11.2","0","101760","0"
"1638","19830627","7","0.7","113","20.7","14.2","12.7","0","101640","0"
"1639","19830628","5","10.9","291","21.7","13.8","7","0","101860","0"
"1640","19830629","7","0.3","99","18.7","17.6","13.5","2.6","101320","0"
"1641","19830630","7","2.2","151","22.3","15.6","12.4","0","101130","0"
"1642","19830701","5","8.8","262","25.3","15.4","8.6","0.1","102000","0"
"1643","19830702","6","6.2","223","26.2","19.6","13.8","0","102060","0"
"1644","19830703","2","14.5","335","28.4","18.6","11","0","102280","0"
"1645","19830704","2","11.4","296","28.8","21.6","14.9","0","102160","0"
"1646","19830705","1","13.8","326","26.6","22.1","15.4","0","102000","0"
"1647","19830706","6","2","145","26.1","21.8","17","20.4","101510","0"
"1648","19830707","3","5.5","210","28.2","20.8","15.4","0","101450","0"
"1649","19830708","3","3.9","182","27.2","22.3","16.4","0","101700","0"
"1650","19830709","4","8.4","253","27.5","22","16.9","0","102050","0"
"1651","19830710","4","8.4","253","30.6","21.7","15.9","0","102080","0"
"1652","19830711","0","12.6","308","30.6","23.4","16.3","0","102200","0"
"1653","19830712","0","13.6","320","31.6","24.2","17.7","0","102410","0"
"1654","19830713","1","11.6","295","31.4","24.6","17.6","0","102300","0"
"1655","19830714","1","8.3","250","32.6","23.4","15.4","0","102110","0"
"1656","19830715","0","11.7","295","32.8","25.2","17.9","0","101600","0"
"1657","19830716","4","11.7","294","28.5","26","19.1","0","101360","0"
"1658","19830717","3","8.8","255","28.5","23.6","18.6","0","101070","0"
"1659","19830718","4","7.5","236","25.6","23.1","17.7","0","101470","0"
"1660","19830719","5","4.3","185","21.2","21.2","16.7","0","102080","0"
"1661","19830720","7","0.6","104","23.8","18.6","15.9","0","102660","0"
"1662","19830721","1","14","318","27.3","17.7","11.6","0","102480","0"
"1663","19830722","6","5.6","205","24.6","20.8","14.3","7.4","101510","0"
"1664","19830723","6","4.2","181","22.7","20.6","16.7","0.1","101150","0"
"1665","19830724","6","3.5","168","25.3","19.3","15.9","0.9","101020","0"
"1666","19830725","7","2.5","149","28.2","21","16.8","0","101420","0"
"1667","19830726","4","5.3","198","27","22.4","16.7","0","101380","0"
"1668","19830727","3","6.4","214","26.8","22.5","18","0","101910","0"
"1669","19830728","5","9.6","258","31.4","21.4","16.1","0","102500","0"
"1670","19830729","4","13.4","304","30","23.2","15.1","0","102430","0"
"1671","19830730","5","8.9","247","28.9","23.8","17.6","0","101970","0"
"1672","19830731","6","0.8","106","20","23.4","17.9","21.4","100940","0"
"1673","19830801","7","3.1","156","19.4","17.1","14.2","0","100780","0"
"1674","19830802","5","6.3","208","22.5","14.3","9.2","0.2","101490","0"
"1675","19830803","2","13.6","301","23.9","14.8","7.1","0","102590","0"
"1676","19830804","5","2.4","141","24.6","17.1","10.3","0","102540","0"
"1677","19830805","3","12","279","21.2","18.4","12.3","0","102510","0"
"1678","19830806","6","4.9","183","22.7","17.4","13.7","0","102590","0"
"1679","19830807","4","4.9","182","26.4","17.8","12.9","0","102460","0"
"1680","19830808","4","9.7","248","28","20.6","14.7","0","102510","0"
"1681","19830809","3","7.6","219","25.3","21.6","15.2","0","102390","0"
"1682","19830810","4","9.7","245","21.5","20.5","15.7","0","102130","0"
"1683","19830811","5","4.1","166","25.3","18.6","15.7","0","101830","0"
"1684","19830812","4","9.8","244","23.7","18.6","11.8","0","101560","0"
"1685","19830813","2","12.9","279","28.8","18","12.3","0","102060","0"
"1686","19830814","2","8.1","220","27.2","21.2","13.6","0","102070","0"
"1687","19830815","2","10.2","245","25.6","21.8","16.3","0","101600","0"
"1688","19830816","4","6.6","198","25.9","19.8","14.1","0","101280","0"
"1689","19830817","6","1.7","117","26.7","21.9","17.9","0","101560","0"
"1690","19830818","1","12.1","263","30.2","19.9","13.1","0","101800","0"
"1691","19830819","1","11","249","24.2","23.8","17.5","0","101450","0"
"1692","19830820","6","3.5","147","24.2","21","17.9","0","101440","0"
"1693","19830821","5","6.1","185","26.3","19.6","14.9","3.4","101560","0"
"1694","19830822","6","3","137","26.1","21.6","16.8","7.7","101860","0"
"1695","19830823","4","4","152","22.4","20.5","14.9","0","101960","0"
"1696","19830824","5","0.4","80","26.1","19.2","16","0","102170","0"
"1697","19830825","1","11.6","246","26.7","19.8","13.6","0","102350","0"
"1698","19830826","3","9.6","222","25.9","21","15.3","0","102360","0"
"1699","19830827","2","10","225","21","19.6","13.2","0","102380","0"
"1700","19830828","5","4.4","153","19.4","17.6","14.2","0","102580","0"
"1701","19830829","5","4.9","159","21.7","16.6","13.7","0","102480","0"
"1702","19830830","3","5.4","164","26.9","14.8","7.9","0","102110","0"
"1703","19830831","4","5.5","165","22.4","20","13","0.1","101300","0"
"1704","19830901","6","0.4","73","20.6","18.8","15.2","0.2","100640","0"
"1705","19830902","5","4.9","148","19.3","16","11.4","1.9","100060","0"
"1706","19830903","7","1.4","94","23.4","16.3","13.3","0","100400","0"
"1707","19830904","6","3.8","131","21.6","18","12.5","0","101260","0"
"1708","19830905","3","10.3","205","21","17.1","12.6","0","102110","0"
"1709","19830906","5","6.8","166","21.2","14.5","8","0","102510","0"
"1710","19830907","4","7.8","176","19.5","14.1","7","0","102210","0"
"1711","19830908","7","0.1","58","18.7","15.8","12","0.8","100600","0"
"1712","19830909","7","0.2","61","18.1","15.8","13","3.2","99780","0"
"1713","19830910","5","4.6","134","14.1","14.8","11.4","3.5","99350","0"
"1714","19830911","7","0","50","15.9","11.6","9.2","0.6","100290","0"
"1715","19830912","5","4.7","133","16","12.4","8.9","0","101310","0"
"1716","19830913","8","0","49","19","12.8","9.5","11.1","101260","0"
"1717","19830914","8","0.9","75","18.2","14.9","10.8","5.1","100750","0"
"1718","19830915","6","5.8","142","17.8","15.8","13.5","3.5","99560","0"
"1719","19830916","7","4.1","120","19","14.6","11.5","0","99310","0"
"1720","19830917","5","4.8","128","17.6","15","11","3","100420","0"
"1721","19830918","6","1.2","77","19.1","14.8","12.1","0.4","100570","0"
"1722","19830919","3","7.8","157","17","15","11","3.3","101240","0"
"1723","19830920","6","3","102","14.9","12.8","8.5","2.9","102060","0"
"1724","19830921","7","0","44","17.6","12.8","10.8","3.2","100960","0"
"1725","19830922","4","6.7","141","23","11.6","5.6","0","102310","0"
"1726","19830923","4","8.9","160","22.4","16.3","9.6","0","102230","0"
"1727","19830924","4","2.8","95","20.4","17.6","12.9","0.2","102370","0"
"1728","19830925","3","10.2","168","24.4","15.4","10.3","0","103310","0"
"1729","19830926","1","9.6","161","19.3","17.4","10.3","0","102950","0"
"1730","19830927","7","0.1","46","19.6","17.2","15.2","0","102580","0"
"1731","19830928","6","2.7","89","19.7","17.2","14.7","0","101940","0"
"1732","19830929","8","0.1","45","18.6","16.3","12.9","0","101560","0"
"1733","19830930","8","0","39","16.7","16.1","13.6","0","101820","0"
"1734","19831001","8","0","39","19.2","15.6","14.4","1","102050","0"
"1735","19831002","7","1.7","72","20","16.5","13.8","0","102040","0"
"1736","19831003","7","0","37","23.8","17.7","15.4","0","101780","0"
"1737","19831004","5","5.9","115","18.8","18.8","13.9","0","101140","0"
"1738","19831005","4","6","115","17.9","15.4","12","0","101810","0"
"1739","19831006","5","3","84","16.5","13.3","8.7","0","102290","0"
"1740","19831007","5","0","35","14.7","14","11.6","0.4","101870","0"
"1741","19831008","7","0.1","39","16.2","10.4","6","6.6","101570","0"
"1742","19831009","8","0","34","16.1","13.4","10.6","1.5","101210","0"
"1743","19831010","5","4.1","90","14.3","14.8","13.4","3.3","101000","0"
"1744","19831011","4","6.3","109","15.8","11","7.7","0.8","101740","0"
"1745","19831012","7","0.1","37","18.1","11.6","7.4","0","101620","0"
"1746","19831013","7","1.3","57","15.6","15.6","13","7.3","100440","0"
"1747","19831014","4","6.2","103","13.8","12.2","8.8","2.1","100810","0"
"1748","19831015","7","0","31","13.8","11.2","8.5","17.3","99560","0"
"1749","19831016","3","6.9","106","14.7","11.6","9.4","0.2","99270","0"
"1750","19831017","6","6.1","98","16.1","11.5","8.3","0","101190","0"
"1751","19831018","7","1.6","56","14.6","12.9","9.7","1.2","101540","0"
"1752","19831019","4","8.4","112","12.6","12.2","9.8","0","102330","0"
"1753","19831020","5","5.3","88","13.2","7.6","2.5","0","103020","0"
"1754","19831021","4","6.1","93","12.8","8.8","4.5","0","103570","0"
"1755","19831022","1","8.9","111","15.1","8","3.3","0","103850","0"
"1756","19831023","0","8.1","104","12.2","7","-1","0","102900","0"
"1757","19831024","4","2.1","56","13.4","7","1.7","0","103100","0"
"1758","19831025","6","0.5","37","14.2","8.3","3.2","0","103050","0"
"1759","19831026","4","2.9","62","13.8","9.4","4.6","0","102610","0"
"1760","19831027","5","6.2","86","11","10.6","7.4","0","101930","0"
"1761","19831028","3","7.9","96","9.5","7.8","4.6","0","102340","0"
"1762","19831029","0","8.3","97","10.5","5.6","1.8","0","103280","0"
"1763","19831030","5","0","24","12.9","4.1","-2.3","0","102650","0"
"1764","19831031","6","0","23","15.6","7","1.2","0","102600","0"
"1765","19831101","8","0","23","15","11.1","6.6","0","102710","0"
"1766","19831102","8","0","22","14.4","13.9","12.8","1.6","102590","0"
"1767","19831103","7","4.3","65","13.3","13","11.5","0","101670","0"
"1768","19831104","4","3.3","57","12.6","9.8","6.2","0","101550","0"
"1769","19831105","8","0","21","14.8","9.8","7","0","101790","0"
"1770","19831106","7","0","21","14.7","12.6","10.4","0","101850","0"
"1771","19831107","7","0.2","25","17","12.4","10","1","101390","0"
"1772","19831108","6","1.5","40","16.7","13.5","10","0","101480","0"
"1773","19831109","5","1.7","41","16.2","13","9.4","0","102080","0"
"1774","19831110","4","5.7","67","12.6","13","9.7","0","101940","0"
"1775","19831111","7","0","19","9.6","10","7.5","0","102190","0"
"1776","19831112","7","0.3","25","9.6","9","8.3","0","102320","0"
"1777","19831113","5","2.9","47","6.1","8.2","6.8","0","102500","0"
"1778","19831114","1","7.2","71","7.4","4.4","2.6","0","102890","0"
"1779","19831115","4","1.3","34","9.2","2.3","-2.8","0","102140","0"
"1780","19831116","7","0.1","20","9.3","4.8","0.3","0.3","101720","0"
"1781","19831117","7","0","17","9.2","7.6","6","0","101930","0"
"1782","19831118","8","0","17","7.8","8.1","7","0","102430","0"
"1783","19831119","8","0","17","9.6","6.6","5.4","0","102420","0"
"1784","19831120","6","0","17","5.5","7","4.5","0","101790","0"
"1785","19831121","2","6.5","62","5.6","3","0.6","0","102360","0"
"1786","19831122","3","5.2","55","4.5","1.2","-3.2","0","102670","0"
"1787","19831123","1","1.3","30","13.2","-1.2","-7","0","102450","0"
"1788","19831124","6","0","16","15.2","4.4","-4.3","3.6","101620","0"
"1789","19831125","8","0","15","14.1","8.8","2.3","4.3","100740","0"
"1790","19831126","8","0","15","11.6","13.6","13","26.9","99350","0"
"1791","19831127","8","0","15","10","10.8","10","1.8","98270","0"
"1792","19831128","5","0.6","23","9.7","8.5","7","0","100550","0"
"1793","19831129","6","0.8","24","8.4","6","2.2","0","101950","0"
"1794","19831130","7","0","14","7","6.4","4.4","0","102980","0"
"1795","19831201","3","6.5","53","7.7","4.2","1.5","0","103660","0"
"1796","19831202","4","6.3","51","7.6","3.4","-0.8","0","103550","0"
"1797","19831203","2","5.3","47","9.5","2.3","-3","0","103300","0"
"1798","19831204","2","5.8","48","10.5","2.3","-4.9","0","102980","0"
"1799","19831205","5","3.6","38","6.1","4.5","-1.5","2","102530","0"
"1800","19831206","3","5.1","45","9.6","2.9","-0.3","0","103170","0"
"1801","19831207","3","4.4","41","12.4","3","-3.6","0","103460","0"
"1802","19831208","8","0","13","10","4.6","-3.1","7.8","101970","0"
"1803","19831209","8","0.8","21","4.1","9.4","8.9","5.8","99290","0"
"1804","19831210","4","4.9","43","2.6","3.6","3.1","0","101350","0"
"1805","19831211","6","1.1","23","3.7","-0.9","-4.4","1.3","101760","0"
"1806","19831212","5","0.1","14","8.6","0.4","-3","0.1","101570","0"
"1807","19831213","5","0.5","18","8","2.8","-2.9","0","101990","0"
"1808","19831214","7","0","12","8.8","4.6","1.3","0.8","100950","0"
"1809","19831215","6","0.2","15","7","6.5","4.2","0.6","99890","0"
"1810","19831216","5","0","12","9.2","4.8","2.5","3.9","99370","0"
"1811","19831217","6","1.1","22","9.1","7.2","5.2","2.7","99050","0"
"1812","19831218","7","0","12","10.2","6.3","3.5","5.2","98380","0"
"1813","19831219","7","0.1","14","10.7","7.7","5.2","6","97720","0"
"1814","19831220","6","0.4","17","8.9","9","7.4","7.6","98140","0"
"1815","19831221","5","1.9","27","11.8","7.7","6.5","2.8","98780","0"
"1816","19831222","4","0.1","14","12.6","8.6","5.3","1.5","99510","0"
"1817","19831223","6","1","22","13.7","9.9","7.2","2.1","100430","0"
"1818","19831224","8","0","12","12.7","11.4","9.1","0.7","100690","0"
"1819","19831225","6","0.2","15","11.7","11.5","10.3","0","100810","0"
"1820","19831226","4","1.9","27","13","9.1","6.5","0","102220","0"
"1821","19831227","8","0","12","12.2","8.1","3.2","0","103170","0"
"1822","19831228","7","2","28","8.1","11.2","10.1","0","103190","0"
"1823","19831229","8","0","12","8.8","7.5","6.9","0","103170","0"
"1824","19831230","3","5.2","44","10.2","5.7","2.6","0","102760","0"
"1825","19831231","6","0","13","11.9","5.6","1","0","102600","0"
"1826","19840101","8","0.2","16","11.7","8.4","4.9","1","101420","0"
"1827","19840102","6","0","13","6.8","7.9","4.1","9.4","100760","0"
"1828","19840103","4","2.6","32","6.5","4.8","2.8","0.3","99640","0"
"1829","19840104","3","5.5","46","9.4","4.2","1.9","0","101610","0"
"1830","19840105","6","0","13","10.2","4","-1.4","2.9","101880","0"
"1831","19840106","6","2.3","31","7.9","5.6","1","0.6","101610","0"
"1832","19840107","4","3.8","40","5.8","5.4","2.9","0","100520","0"
"1833","19840108","3","4.6","44","7.8","3.4","1","0","101220","0"
"1834","19840109","4","1.7","29","11.3","3.2","-1.5","0","102390","0"
"1835","19840110","8","0","14","12.1","5.3","-0.7","0.1","102210","0"
"1836","19840111","7","0.4","19","12","10","7.8","0.7","100830","0"
"1837","19840112","4","5.1","48","13","6.6","1.1","3.9","100430","0"
"1838","19840113","6","1.6","29","8.6","7.6","2.2","4","99650","0"
"1839","19840114","5","4.5","46","5.2","6.9","5.2","0.2","99220","0"
"1840","19840115","2","6.3","55","11.4","3","0.7","0","100420","0"
"1841","19840116","6","0","15","6.4","5.9","0.4","9.6","100470","0"
"1842","19840117","2","5.5","53","5.8","4.6","2.9","0","100620","0"
"1843","19840118","2","6.6","59","3.9","2.9","0","0.2","101550","0"
"1844","19840119","6","3.8","45","5.4","1.7","-0.5","0","101190","0"
"1845","19840120","5","5.3","54","4.5","1.8","-1.8","0","101980","0"
"1846","19840121","5","6.9","63","6.4","1.5","-1.5","4.8","101620","0"
"1847","19840122","6","0.5","24","5.7","3.2","0","7.2","99880","0"
"1848","19840123","6","1","29","3.1","2.6","-0.4","8.5","98170","0"
"1849","19840124","7","0","17","6.7","2","0.8","0.1","99380","0"
"1850","19840125","4","5.4","58","9","1.9","-2.9","12.3","101240","0"
"1851","19840126","6","3.2","46","8.2","4.2","-0.7","2.1","99670","0"
"1852","19840127","7","0.1","20","7.7","6.8","5.4","0.4","100120","0"
"1853","19840128","7","1.5","35","9.2","6.1","4.5","1.1","101660","0"
"1854","19840129","5","3.9","53","8","6.7","4.2","0","101030","0"
"1855","19840130","5","1","32","7","4.8","1.5","3.3","100590","0"
"1856","19840131","4","4.8","60","9.5","3.8","0.5","0.6","99950","0"
"1857","19840201","6","0","19","9.9","5","0.6","2.3","99680","0"
"1858","19840202","6","3","50","12.4","6.4","3","0.4","100280","0"
"1859","19840203","6","3","50","12.2","8.6","4.8","3.2","100620","0"
"1860","19840204","8","0.1","23","10.1","8.1","4","1.9","101150","0"
"1861","19840205","5","5.1","66","11.2","6.2","2.2","0.3","101450","0"
"1862","19840206","8","0","21","9.3","7.2","3.1","0.8","100250","0"
"1863","19840207","5","2.4","49","8.4","7.4","5.5","0.6","100090","0"
"1864","19840208","4","4.7","67","8.7","6","3.6","0.4","100280","0"
"1865","19840209","0","8.3","90","8.2","5.6","2.4","0","103200","0"
"1866","19840210","5","1.4","42","9.9","3.4","-1.3","0","104120","0"
"1867","19840211","8","0","23","9.5","5.7","1.5","0","104000","0"
"1868","19840212","4","4.5","69","7.4","7.6","5.7","0","103970","0"
"1869","19840213","0","8.7","98","9","2.8","-1.7","0","103910","0"
"1870","19840214","4","7.5","92","1.8","3.2","-2.5","0","104010","0"
"1871","19840215","8","0.1","28","2.2","-0.2","-2.3","0","103880","0"
"1872","19840216","8","0","25","7","0","-2.3","0","103300","0"
"1873","19840217","7","0.1","29","7.5","3.2","-0.7","0","102810","0"
"1874","19840218","0","8.1","102","4.7","3","-1.6","0","102730","0"
"1875","19840219","0","7.8","101","7.7","0.8","-3","0","101820","0"
"1876","19840220","7","2.9","64","8.4","2.8","-2","5.3","100980","0"
"1877","19840221","6","2.2","59","5.9","4.1","-0.2","4","100290","0"
"1878","19840222","7","0","28","4.8","5.3","4.7","12.3","100730","0"
"1879","19840223","7","0.1","32","4.9","3.6","2.4","0","102450","0"
"1880","19840224","7","0","29","4.1","3.3","1.7","0","103220","0"
"1881","19840225","8","0.1","33","4","2.8","1.5","0","102830","0"
"1882","19840226","8","0","30","4.9","2.2","0.5","0.4","101900","0"
"1883","19840227","8","0","31","4.8","3.4","1.9","0.7","101760","0"
"1884","19840228","8","0","31","6.5","3.8","2.9","0.3","101850","0"
"1885","19840229","8","1.5","58","12.5","4.5","2.5","0","101740","0"
"1886","19840301","6","2.9","81","6.6","7.8","3","1.6","101300","0"
"1887","19840302","6","6.7","121","8","4.6","2.5","0","100370","0"
"1888","19840303","5","4.5","101","7.3","5","2","0","101670","0"
"1889","19840304","8","0","37","11","3.6","-0.1","0","102540","0"
"1890","19840305","7","0","38","13.8","7.1","3.2","0","103080","0"
"1891","19840306","7","0.8","57","11.1","10.2","6.5","0","103580","0"
"1892","19840307","7","0.1","43","6.2","9","6.9","0","103780","0"
"1893","19840308","6","0","39","7","3.7","1.2","0","104170","0"
"1894","19840309","7","0.6","56","8.1","5","3","0.2","104050","0"
"1895","19840310","8","0","41","10.5","5.4","2.8","0","103080","0"
"1896","19840311","7","0.3","51","8.6","7.2","3.9","13.5","102440","0"
"1897","19840312","6","1.8","79","6.4","6","3.3","0","102190","0"
"1898","19840313","7","0.5","57","10.2","4.4","2.5","0","102400","0"
"1899","19840314","2","8","153","6.3","5.8","1.5","0","102090","0"
"1900","19840315","7","0","44","5.5","3.6","1","0","101740","0"
"1901","19840316","7","0.1","49","5.8","3.4","1.2","0","101500","0"
"1902","19840317","7","0.1","50","5.8","3.7","1.6","0","101660","0"
"1903","19840318","7","0","46","7.6","4.1","2.4","0","101950","0"
"1904","19840319","7","0.5","62","10.6","4.2","0.9","0","101830","0"
"1905","19840320","6","2.2","93","8.8","6.1","1.6","0","101310","0"
"1906","19840321","5","4.3","123","11.4","5.2","1.5","0","101120","0"
"1907","19840322","6","0.3","59","12.6","6.5","1.6","0","101160","0"
"1908","19840323","7","3.5","115","7.9","7.5","2.4","21.3","100460","0"
"1909","19840324","7","1.4","84","7.8","6.8","5.6","10.1","99030","0"
"1910","19840325","7","0.1","55","10.4","5.2","2.5","11.6","98980","0"
"1911","19840326","6","1.3","84","10.2","8","5.5","0.4","99040","0"
"1912","19840327","6","0.4","66","7.7","6.8","3.5","4.5","99600","0"
"1913","19840328","5","0","52","11","4.1","0.5","6","99700","0"
"1914","19840329","5","5.5","149","11.8","6.8","2.6","0.1","100810","0"
"1915","19840330","4","5.5","150","7","5.8","-0.3","2.6","101480","0"
"1916","19840331","8","0","54","7","4.8","2.5","1.5","101170","0"
"1917","19840401","6","3.4","124","8.7","4.2","1.4","0.3","101210","0"
"1918","19840402","2","8.9","195","9.2","4.2","-0.2","0","101800","0"
"1919","19840403","1","10.9","219","10.5","3","-3.1","0","101620","0"
"1920","19840404","5","7.6","184","7.9","5","-0.4","0","101190","0"
"1921","19840405","6","0.4","72","7","3.8","-0.4","2","101650","0"
"1922","19840406","8","0","58","9.5","5.3","3.6","1.5","101650","0"
"1923","19840407","7","3.3","129","10","7","4.6","0","102160","0"
"1924","19840408","7","0.1","65","12.2","7.5","5","0","102630","0"
"1925","19840409","7","2.4","117","9.1","8.8","5.4","0.2","102470","0"
"1926","19840410","7","0.1","66","13","7.1","5.1","0.3","101950","0"
"1927","19840411","7","0.8","87","12.7","9.2","5.5","1.1","101590","0"
"1928","19840412","2","12.5","253","14.8","7.2","1.6","0","102220","0"
"1929","19840413","2","12.3","253","17.2","8.5","2.2","0","102320","0"
"1930","19840414","5","10.9","238","13.9","9.3","1.4","0","101480","0"
"1931","19840415","5","4.9","163","12.3","8.8","3.6","0","100970","0"
"1932","19840416","2","9.7","227","14","5.9","-0.5","0","102160","0"
"1933","19840417","4","9.6","227","16.4","7.2","0.3","0","103050","0"
"1934","19840418","7","2.1","120","18.4","11.1","5.8","0","102940","0"
"1935","19840419","5","6.3","187","19.8","13.2","8","0","102440","0"
"1936","19840420","6","7.2","201","23.7","12.7","5.6","0","102240","0"
"1937","19840421","5","10.8","248","18.8","14.8","5.8","0","101910","0"
"1938","19840422","6","3.4","146","18.4","14.6","10.4","0","102080","0"
"1939","19840423","0","12.5","271","21.1","12.1","5.8","0","102550","0"
"1940","19840424","0","13.1","280","22.2","12.4","3.8","0","102720","0"
"1941","19840425","0","12.7","276","21.4","15.1","8","0","102690","0"
"1942","19840426","1","12.9","280","19.2","14.6","7.7","0","102620","0"
"1943","19840427","2","13.3","286","17.4","12.2","5.3","0","102620","0"
"1944","19840428","0","13.1","285","15","10.6","3.9","0","102430","0"
"1945","19840429","2","12.6","281","17.7","10.1","5.2","0","102020","0"
"1946","19840430","5","12.7","283","18.5","11.4","5","0","101240","0"
"1947","19840501","2","9.4","244","17.1","12.5","6.5","0","100650","0"
"1948","19840502","5","4.4","172","13.5","11.6","6","14.6","100630","0"
"1949","19840503","7","0.2","84","17.1","10.3","7.1","0","100830","0"
"1950","19840504","4","6","199","14.8","12","7","0","101050","0"
"1951","19840505","6","4.8","181","12.6","11.2","7.7","0.1","101520","0"
"1952","19840506","7","0.1","81","12.7","10","7.5","0","101940","0"
"1953","19840507","5","7.2","220","11.1","8.3","3.9","0","102530","0"
"1954","19840508","5","4.7","182","16.2","7.5","3.9","0","102810","0"
"1955","19840509","4","9.2","249","12.5","8.9","1.6","0","102490","0"
"1956","19840510","7","2.6","146","13.9","10.2","8","2.5","102010","0"
"1957","19840511","3","9.3","252","14.4","8.8","3.8","0","102450","0"
"1958","19840512","4","12.5","295","16.6","10","5.5","0","102720","0"
"1959","19840513","3","10.2","266","16.5","10.4","4.2","0","102520","0"
"1960","19840514","7","0.1","84","13.1","11.3","6.1","0","101520","0"
"1961","19840515","8","0","77","17","10","6.8","1.9","100470","0"
"1962","19840516","7","0.2","89","12.9","12.8","8.5","1.3","99990","0"
"1963","19840517","7","0.1","85","14.4","11","9.1","0.8","100300","0"
"1964","19840518","7","1.1","118","16","11.6","8.9","0","101070","0"
"1965","19840519","5","6","211","11.9","10.6","5.2","0","100710","0"
"1966","19840520","8","0","79","13.7","9.6","7.2","3.4","100160","0"
"1967","19840521","8","0.5","102","13.2","10.1","6.5","19.7","100150","0"
"1968","19840522","8","0","80","18.3","11.2","9.2","4","99470","0"
"1969","19840523","6","9.6","266","23","12.9","7.5","0.5","100620","0"
"1970","19840524","4","12.7","307","12.5","16.6","10.2","0","100780","0"
"1971","19840525","8","0","81","10.9","10.6","8.8","13.1","100580","0"
"1972","19840526","8","0","81","10.4","9.8","8.8","21.5","100540","0"
"1973","19840527","8","0","81","10.9","7.7","5","1.1","100730","0"
"1974","19840528","8","0","81","17.2","8.4","6","0.2","101260","0"
"1975","19840529","5","8.9","259","20.3","12.6","7.9","0","101400","0"
"1976","19840530","4","11.8","299","19.4","14.1","7.9","0","101370","0"
"1977","19840531","1","13.1","316","15","14.4","9.3","6.2","101020","0"
"1978","19840601","6","3.1","168","16.7","12.2","9.4","1.7","100550","0"
"1979","19840602","6","8.9","261","16.5","12.8","8.8","8","100730","0"
"1980","19840603","7","6.6","228","18","13.7","10.9","0","100240","0"
"1981","19840604","7","4.2","189","16.1","12.3","6.6","5.1","100600","0"
"1982","19840605","7","1.5","134","18.1","12.5","8.9","0","100670","0"
"1983","19840606","6","6","220","21.8","14","9.8","8.2","101120","0"
"1984","19840607","7","4.6","197","21.9","16.9","12","0","101050","0"
"1985","19840608","3","11","292","23.3","16","10","0","101550","0"
"1986","19840609","2","12","305","24.6","15.6","8","0","102000","0"
"1987","19840610","3","11.4","298","18.7","18","11.5","0","102220","0"
"1988","19840611","6","2.6","160","18.8","15.3","11.9","0","102760","0"
"1989","19840612","7","2.1","149","21.5","15.6","12.3","0","102600","0"
"1990","19840613","6","6.7","232","23.7","18","14.5","0","102270","0"
"1991","19840614","7","7.9","250","23.7","19.3","14.9","0","102230","0"
"1992","19840615","3","14.4","336","23.2","17.1","10.5","0","102560","0"
"1993","19840616","4","5.8","218","25.3","17.4","11.7","0","102380","0"
"1994","19840617","5","7","237","26","19.4","13.6","12.4","102260","0"
"1995","19840618","1","13.8","329","26.2","20","13.9","0","102620","0"
"1996","19840619","3","7.7","247","27","21.2","16.1","0","102690","0"
"1997","19840620","3","10.2","283","21.8","22.2","17.5","0","101820","0"
"1998","19840621","4","10.4","285","20.9","18.5","15.2","0","101450","0"
"1999","19840622","6","2.5","158","19.7","16","11.2","0.1","101290","0"
"2000","19840623","5","8.8","263","20.5","13.8","7.8","0.6","101700","0"
"2001","19840624","5","11.1","294","22.9","14.8","9","0","102140","0"
"2002","19840625","6","9.2","268","25.8","17.8","12.7","0","102140","0"
"2003","19840626","3","14.8","340","24.4","19.3","12.8","0","102450","0"
"2004","19840627","3","11.7","302","17.4","18.4","12.3","0","102070","0"
"2005","19840628","6","2.2","151","18.8","13.8","10.3","0","101900","0"
"2006","19840629","5","8.4","256","19.4","13","7.3","0","101720","0"
"2007","19840630","3","10.4","284","21.9","14","8.5","0","101940","0"
"2008","19840701","4","5.3","208","18.1","16.2","10.4","0","101910","0"
"2009","19840702","5","6.6","229","22","14.5","10.9","0.1","101940","0"
"2010","19840703","4","12.3","308","22.5","15.2","8.5","0","102680","0"
"2011","19840704","3","11.7","300","26.1","16.1","9.7","0","102750","0"
"2012","19840705","1","13.4","321","27.7","19","12","0","102580","0"
"2013","19840706","1","13.5","321","28.2","20","12.4","0","102260","0"
"2014","19840707","1","13.8","325","31.7","20.9","13.6","0","101880","0"
"2015","19840708","2","11.9","300","22.2","23.6","15.5","0","101220","0"
"2016","19840709","6","1.7","137","24.4","18.4","14.5","0.6","101130","0"
"2017","19840710","6","12.2","303","23.3","19.4","14.3","0","101190","0"
"2018","19840711","4","5.3","205","20.1","18.2","13.2","0","101040","0"
"2019","19840712","6","1.6","134","21.9","16.8","13.6","5.8","101270","0"
"2020","19840713","6","5.5","208","19.9","17.2","12.5","1.3","101500","0"
"2021","19840714","7","0.5","103","18.9","17","14.1","0.9","101130","0"
"2022","19840715","5","7.3","234","21.2","15","11.2","5.1","101430","0"
"2023","19840716","3","9.7","267","23.4","15.8","10.5","0","102110","0"
"2024","19840717","4","8.3","247","24.5","16.8","10.2","0","102320","0"
"2025","19840718","6","4.1","182","21.2","20.2","16","0.1","102260","0"
"2026","19840719","5","4.9","195","20.2","17.7","14.2","0","102450","0"
"2027","19840720","7","2.6","153","27.3","16.2","12.3","0","102400","0"
"2028","19840721","4","9.2","257","25.8","19.2","11.2","0","102130","0"
"2029","19840722","5","5.1","196","26.8","20","14.2","1.6","102090","0"
"2030","19840723","3","9.6","261","23.5","20.4","14","0","102090","0"
"2031","19840724","5","6.1","211","19.3","18.2","12.8","0.2","102090","0"
"2032","19840725","6","0.9","111","24.3","16","12.6","2.3","102110","0"
"2033","19840726","6","5.3","197","30.6","18","11.6","0","102630","0"
"2034","19840727","5","6.1","209","30.6","21.6","12.5","0","102720","0"
"2035","19840728","2","13.9","310","28.4","23.2","15.7","0","102290","0"
"2036","19840729","2","11.9","285","28.9","20.5","12.6","0","101640","0"
"2037","19840730","7","5.3","194","25.5","23.4","18","1.2","100700","0"
"2038","19840731","5","6.9","217","25.3","20.8","16.2","0","100980","0"
"2039","19840801","4","11.9","282","22.2","18.4","11.5","1.9","102110","0"
"2040","19840802","7","4.7","182","22.8","18.4","14.6","0.9","101360","0"
"2041","19840803","6","8.7","239","19.8","19.4","16","10.6","101240","0"
"2042","19840804","6","2.9","149","19.8","17","14.1","2.6","101260","0"
"2043","19840805","6","4.3","173","22.8","16.6","13.5","0","101950","0"
"2044","19840806","6","9.7","249","19.5","16.2","9.5","0.2","102260","0"
"2045","19840807","7","4.4","173","21.5","17","14.6","0.6","101850","0"
"2046","19840808","6","3.3","154","24","16.4","11.4","0","102260","0"
"2047","19840809","3","10.4","254","19.8","18.3","12.6","0","102600","0"
"2048","19840810","5","2.3","134","23.1","16.6","13.3","0","102550","0"
"2049","19840811","2","12","271","23.6","15.8","8.5","0","102150","0"
"2050","19840812","3","8.5","227","24.5","17.3","11","0","102070","0"
"2051","19840813","6","4.3","166","26.5","20.2","16","0","101840","0"
"2052","19840814","6","5.8","188","26.2","20.6","14.8","0","101730","0"
"2053","19840815","5","6.5","196","24.9","20.4","14.7","9.1","101790","0"
"2054","19840816","5","4.4","165","24.3","19.4","13.9","0","101910","0"
"2055","19840817","3","6.2","190","25.9","19.2","14","0","102170","0"
"2056","19840818","5","8.5","219","28.8","19.4","12.9","0","102330","0"
"2057","19840819","4","11.5","253","29.7","21.2","13.5","0","102290","0"
"2058","19840820","0","11.7","254","29.8","22","14.3","0","101970","0"
"2059","19840821","2","11","245","23.9","23.6","17.3","0","101470","0"
"2060","19840822","6","1.6","110","27","20.6","17.2","0","101070","0"
"2061","19840823","5","2.7","130","23.9","20.8","14.5","0.8","100850","0"
"2062","19840824","8","0.1","68","23.7","20.8","17.7","1.1","100960","0"
"2063","19840825","4","6.7","187","23.5","20","16.3","0","101560","0"
"2064","19840826","3","5.7","172","26.5","18.4","13.3","0","101770","0"
"2065","19840827","4","5","161","26.2","20.5","14.5","0","101910","0"
"2066","19840828","3","7.7","195","26.3","20.7","15.2","0","102020","0"
"2067","19840829","6","5.3","163","26.9","20.3","14.3","0","101880","0"
"2068","19840830","6","6.9","183","25","21.8","16.8","0","101600","0"
"2069","19840831","5","6.4","175","24.4","21.6","18.2","0","101660","0"
"2070","19840901","4","4.7","145","25.3","20.2","15.9","0","101720","0"
"2071","19840902","4","7.1","174","25.4","18.8","12.4","0","101390","0"
"2072","19840903","6","7.4","176","16.3","21","16.5","3.3","101030","0"
"2073","19840904","6","0.3","67","16.6","15.4","14.4","0","100780","0"
"2074","19840905","4","6.3","160","17.4","11.6","6.7","0","101890","0"
"2075","19840906","6","0.8","78","16.6","13.6","9.7","0","102340","0"
"2076","19840907","6","1.3","87","19.4","12.8","9","0","102170","0"
"2077","19840908","7","1.8","95","21.2","14.3","9.2","0.1","101580","0"
"2078","19840909","6","3.9","125","16.8","17.4","13.5","4.5","100130","0"
"2079","19840910","6","0.8","75","22.1","13.6","10.3","0","100860","0"
"2080","19840911","6","1.5","87","22.4","16.2","10.2","0","101330","0"
"2081","19840912","5","1.6","88","21.5","17","11.7","0","101810","0"
"2082","19840913","6","2.5","101","19","17","12.6","4.3","101570","0"
"2083","19840914","7","2.8","105","17.2","16.7","14.4","2.5","100990","0"
"2084","19840915","7","2.9","105","18.6","15.2","13.1","0","101590","0"
"2085","19840916","7","0","47","16","16","13.4","1.4","101780","0"
"2086","19840917","7","0.1","52","18.1","14.5","13","4.5","100900","0"
"2087","19840918","5","5.4","132","18.4","13.7","9.3","0","100900","0"
"2088","19840919","7","2","88","17.6","15.2","11.9","13.2","100970","0"
"2089","19840920","6","1","71","15.2","14.9","12.2","21.8","100390","0"
"2090","19840921","5","6.2","136","16.7","11.6","8","6.5","100160","0"
"2091","19840922","5","5.4","126","12.7","12.8","9","0.2","99860","0"
"2092","19840923","5","1.1","70","13.6","10.1","7.5","0.5","99680","0"
"2093","19840924","6","1.9","81","16","11","8.4","1.7","100430","0"
"2094","19840925","5","2.3","86","17.6","10.9","5.8","0","101160","0"
"2095","19840926","3","9","154","18.1","12","6.4","0","101120","0"
"2096","19840927","6","0.1","45","20.5","13","8","0","101270","0"
"2097","19840928","5","4.7","110","19.2","16.8","13.2","6","100690","0"
"2098","19840929","4","7.8","139","17","16.4","13.5","2.9","100740","0"
"2099","19840930","5","5.4","115","16.4","14.4","11.8","0","100540","0"
"2100","19841001","5","6.9","127","15.7","10.6","4.8","0","100070","0"
"2101","19841002","4","3.6","94","15.1","11.1","6.5","7.8","99730","0"
"2102","19841003","5","3.1","87","16.1","11.4","7.6","0.5","99770","0"
"2103","19841004","6","6.6","120","13.4","11.4","6.7","2.1","99730","0"
"2104","19841005","8","0","36","14.5","11.8","10.3","36","100070","0"
"2105","19841006","3","6.4","115","15","10.8","7.1","0","101790","0"
"2106","19841007","6","0.5","48","19.8","9.9","4.8","0.9","102460","0"
"2107","19841008","8","0.7","51","17.8","14.8","9.7","0","102130","0"
"2108","19841009","8","0.3","43","14.9","16","14.2","5.9","102310","0"
"2109","19841010","7","0","33","17","13","11.2","0.2","102430","0"
"2110","19841011","4","6.3","107","17.9","11","5.1","0","102520","0"
"2111","19841012","6","6.3","106","15.4","13.2","8.6","0","102640","0"
"2112","19841013","7","0.1","35","18.8","13.2","11.1","0","102660","0"
"2113","19841014","2","9.1","124","14.3","14.2","9.5","0","102910","0"
"2114","19841015","6","0.1","34","15.5","10.6","6.9","0","102930","0"
"2115","19841016","7","0","30","14.4","13.3","11.1","0","102520","0"
"2116","19841017","8","0.1","33","15.4","13","11.5","2.5","101390","0"
"2117","19841018","6","3.5","74","15","13.8","12.1","1.5","99710","0"
"2118","19841019","6","0.1","32","13.9","13.4","11.7","3.7","99200","0"
"2119","19841020","2","8.2","108","15.8","11.2","8.5","0","100430","0"
"2120","19841021","5","4.3","78","16.6","10.2","4.7","5.8","101800","0"
"2121","19841022","8","0","27","13.9","12.4","8.1","5.5","100770","0"
"2122","19841023","6","2.6","61","15.8","12.2","10.6","0","101240","0"
"2123","19841024","7","0","26","15","11","6.2","8.1","100690","0"
"2124","19841025","5","1.9","53","12","13.2","11.4","0","99880","0"
"2125","19841026","3","4.3","72","13.5","8.3","4.6","0","101240","0"
"2126","19841027","2","7.6","94","16.3","7","0.6","1","102160","0"
"2127","19841028","8","0","24","18.4","8.7","1.1","1.3","102010","0"
"2128","19841029","7","0.3","31","18.4","14.8","11.3","0","102200","0"
"2129","19841030","5","4.5","69","17.6","15.9","13.4","0","102080","0"
"2130","19841031","5","3.8","63","18.3","14.8","12.1","0","101980","0"
"2131","19841101","4","7.3","85","17.3","14.4","10.5","0","101380","0"
"2132","19841102","5","4.1","64","11.9","14.2","11","7.8","100790","0"
"2133","19841103","3","8.1","87","11.2","8.8","5.8","0.2","101220","0"
"2134","19841104","4","5.5","71","9","7.8","4.5","0","101050","0"
"2135","19841105","7","1","36","11","7.5","6","6","100560","0"
"2136","19841106","7","0","21","13.9","8.6","6.2","0.9","99940","0"
"2137","19841107","6","2.5","48","16","10.4","6.9","0.6","100240","0"
"2138","19841108","7","1.7","41","15.6","12.8","9.7","1.8","99940","0"
"2139","19841109","8","0.5","28","14.3","12.1","8.6","0.7","100000","0"
"2140","19841110","5","6.6","71","15","12","9.8","0","101110","0"
"2141","19841111","7","0.4","26","15.7","10.4","5.7","0","101400","0"
"2142","19841112","7","0.6","28","11","13","10.2","6.8","100640","0"
"2143","19841113","8","0","18","12.3","9.6","8.1","0.1","100780","0"
"2144","19841114","7","0.8","29","4.5","10.4","8.5","0","99980","0"
"2145","19841115","4","0","18","7.9","3","1.4","0","99980","0"
"2146","19841116","7","0","17","6.6","4.8","1.6","7.6","99590","0"
"2147","19841117","8","0","17","8.5","5","3.3","0.8","99960","0"
"2148","19841118","7","3.2","45","8.7","6.8","5","0.2","99770","0"
"2149","19841119","6","4.5","52","11.9","6.8","5","0","100190","0"
"2150","19841120","5","3.1","43","13.4","6.4","0.9","4.4","100660","0"
"2151","19841121","6","4.3","50","12.7","8.4","3.5","7.5","99970","0"
"2152","19841122","7","0","16","14.7","10.5","8.3","11.8","98810","0"
"2153","19841123","6","0.4","22","12.9","11.4","8.2","4.6","98560","0"
"2154","19841124","3","3.5","44","10.2","10.4","8","0.7","99910","0"
"2155","19841125","3","2.7","39","9.5","8","5.9","1.2","101020","0"
"2156","19841126","1","7.5","62","11.8","5.2","0.9","0","102260","0"
"2157","19841127","8","0","15","13.6","6.8","1.7","0.4","101980","0"
"2158","19841128","5","4.1","45","12.5","11.4","9.3","1.4","101150","0"
"2159","19841129","5","0.1","17","13.7","11.1","9.7","0.2","101000","0"
"2160","19841130","5","2.9","38","13.6","10.8","8","4.1","100050","0"
"2161","19841201","6","0.7","21","9.1","11.2","8.8","0.4","99820","0"
"2162","19841202","7","0","13","10.1","7.8","6.6","6","100600","0"
"2163","19841203","7","0","13","11.2","7.6","5","1.9","100930","0"
"2164","19841204","6","0.5","19","11.5","9","6.7","0.4","101760","0"
"2165","19841205","8","0","13","9.5","10.2","9","9.8","101730","0"
"2166","19841206","5","3.3","36","11.4","7.8","6.2","0","102330","0"
"2167","19841207","4","4.5","41","9.7","8.1","4.8","0","102850","0"
"2168","19841208","7","0.2","16","9","6.1","2.5","0.7","102720","0"
"2169","19841209","4","6.3","48","7.8","5.9","2.8","0","103260","0"
"2170","19841210","3","3.1","34","5.1","4.8","1.7","0.1","103190","0"
"2171","19841211","0","0","12","7.5","2.4","-0.3","0.1","102780","0"
"2172","19841212","7","1.3","24","9","3.8","0","0","101890","0"
"2173","19841213","8","0","12","9.1","6","3","4.8","100710","0"
"2174","19841214","7","1","22","8","6.2","3.4","0.9","100930","0"
"2175","19841215","6","3.4","35","6.7","5.3","2.6","9.4","101420","0"
"2176","19841216","7","0.2","15","9.7","4","1.3","2.6","101160","0"
"2177","19841217","7","0","12","8.9","5.4","1","1.5","100780","0"
"2178","19841218","4","5.5","44","11.2","3.7","-1.5","1","101310","0"
"2179","19841219","7","1.3","23","12.3","5.4","-0.3","1.6","101580","0"
"2180","19841220","7","0","12","7.6","10.2","8","0.2","101390","0"
"2181","19841221","4","5.5","44","10.5","4.6","1.5","0","102710","0"
"2182","19841222","7","0","12","12.6","6.1","1.7","3.1","102600","0"
"2183","19841223","8","0","12","8.6","8","3.5","0.9","101580","0"
"2184","19841224","5","0.4","17","7.5","8.2","7.9","0.9","101030","0"
"2185","19841225","4","0.5","18","4.5","3.2","-1","4.1","101170","0"
"2186","19841226","3","5.5","44","4.5","1.8","-0.8","0","100540","0"
"2187","19841227","4","4.4","40","3","2.2","-0.2","0","101730","0"
"2188","19841228","","0.3","16","5.7","1.7","0.4","0","103290","0"
"2189","19841229","7","0.1","14","7","2","-1.6","5.1","103800","0"
"2190","19841230","8","0","13","8.6","2.8","-1.3","1.2","103670","0"
"2191","19841231","5","1.3","24","5.4","7.1","5.6","0","103040","0"
"2192","19850101","3","4.4","41","3.6","4","2.7","0","102100","0"
"2193","19850102","5","3","34","3.4","2.2","0.7","0","101840","0"
"2194","19850103","7","0","13","3.5","2","0.6","0","101700","0"
"2195","19850104","6","1","23","0.3","1.4","-0.6","0.2","101500","0"
"2196","19850105","3","3.7","38","3.6","-1.2","-2.7","2","101780","0"
"2197","19850106","3","1.4","26","-1.7","-0.8","-5.1","1","101370","4"
"2198","19850107","4","5","45","-1","-3.1","-4.5","0","101760","1"
"2199","19850108","7","0","13","2.2","-4","-7.1","0","101950","1"
"2200","19850109","5","0.9","23","3.5","-1.2","-4.6","0","101620","1"
"2201","19850110","5","0.3","18","2.7","-0.2","-3.9","0","102380","0"
"2202","19850111","5","0.9","24","4.1","0.1","-2.5","0","103020","0"
"2203","19850112","7","2.2","33","-0.6","0.6","-2.8","0.9","102920","0"
"2204","19850113","6","0","14","0.9","-1.3","-2","0.1","102840","0"
"2205","19850114","7","0","14","-1.2","-1.4","-3.6","0.4","102910","0"
"2206","19850115","6","2.7","37","-4","-2.2","-3.3","0.1","102510","1"
"2207","19850116","8","0","15","0.6","-5.2","-6.5","0","102360","1"
"2208","19850117","4","2.1","34","2","-3.6","-7.7","0","101250","1"
"2209","19850118","8","0","15","1.8","-3","-8","0","100400","1"
"2210","19850119","8","0","16","6.6","0.9","0","0","100850","0"
"2211","19850120","8","0","16","10.1","3.1","-0.4","5.8","100140","0"
"2212","19850121","8","0","16","5","5.4","0.7","7.7","98480","0"
"2213","19850122","3","7.5","66","4.9","2.9","0.8","0","98980","0"
"2214","19850123","3","6.4","62","8.2","2","-0.8","0","100280","0"
"2215","19850124","5","0.1","19","7.7","2.7","-2.8","4","100600","0"
"2216","19850125","7","0","17","4.6","4","0.2","11.8","99560","0"
"2217","19850126","6","0","17","6.1","4","3.5","0.3","99700","0"
"2218","19850127","6","0","18","9.8","0.8","-4.6","1.5","101060","0"
"2219","19850128","5","2.9","45","11.4","3.9","-2","1.5","100550","0"
"2220","19850129","8","0","18","10.9","7.2","2.9","3.5","101410","0"
"2221","19850130","5","1.1","33","11.7","6.6","2.4","0.5","102220","0"
"2222","19850131","7","1.3","35","13.3","8","4.2","0","101630","0"
"2223","19850201","7","2.3","44","12.7","11","8.7","0","101850","0"
"2224","19850202","7","1.8","40","10.5","9.7","6.7","0","102160","0"
"2225","19850203","7","0","20","10.7","8.4","6.2","0.1","102800","0"
"2226","19850204","6","1.2","36","8.8","9.3","7.9","0","102360","0"
"2227","19850205","5","3.3","54","11.6","5.2","1.5","0","101520","0"
"2228","19850206","7","0.4","29","4.4","7.2","2.8","2.1","101700","0"
"2229","19850207","8","0","21","3.3","4.3","4.2","5.7","101630","0"
"2230","19850208","8","0","22","0","3.2","3","13.6","100310","0"
"2231","19850209","8","0","22","-1.8","-0.2","-0.5","4.2","100510","4"
"2232","19850210","5","6.3","79","-0.5","-2.6","-3.3","0","100860","5"
"2233","19850211","1","8.1","92","0.3","-2.6","-4.6","0","100910","5"
"2234","19850212","1","7.6","90","-1","-2.6","-5.6","0","100790","4"
"2235","19850213","5","0.1","27","2","-4.1","-7.2","0","100870","4"
"2236","19850214","4","3.9","67","-0.2","-2.5","-7","0","101540","4"
"2237","19850215","5","4.2","70","3.7","-1.9","-3.6","0","102600","4"
"2238","19850216","3","8.5","101","4.7","-0.4","-4.6","0","102960","4"
"2239","19850217","4","5.6","83","4.1","1.2","-2.3","0","102750","0"
"2240","19850218","4","7.3","96","4","0.9","-2.3","0","103240","0"
"2241","19850219","5","3.8","71","5.3","-1.2","-6.4","0","103490","0"
"2242","19850220","8","0","27","4.9","1.2","-3","0.1","103530","0"
"2243","19850221","8","0","28","4.8","3.2","1.6","0","103290","0"
"2244","19850222","8","0","28","11.6","3.5","2.2","0","103440","0"
"2245","19850223","5","5","86","14","6","0.5","0","103130","0"
"2246","19850224","6","6.7","100","11.1","7.7","1.4","0","103120","0"
"2247","19850225","6","0","30","12.7","6","0.9","0","102410","0"
"2248","19850226","5","1.8","59","12.1","6.2","-0.3","0.1","102480","0"
"2249","19850227","4","0.4","40","8.2","7","1.9","0","102760","0"
"2250","19850228","4","0","31","11.7","6.4","4.6","3.9","102450","0"
"2251","19850301","7","2","69","9.2","6.8","2","1.9","101320","0"
"2252","19850302","5","1.6","65","9.6","5","0.7","1.3","100960","0"
"2253","19850303","7","0","36","9.8","7.2","4.8","3.6","100380","0"
"2254","19850304","3","3.5","90","11.2","6.8","3.8","0","100580","0"
"2255","19850305","1","9.2","146","11.7","5.1","-1","0","102320","0"
"2256","19850306","2","8.9","145","10.4","5","-1.6","1.4","102980","0"
"2257","19850307","7","0.2","45","12.4","5.9","1.4","0.1","102870","0"
"2258","19850308","2","6","122","10.9","6.5","0.6","0","103420","0"
"2259","19850309","7","1.7","73","12.6","6.8","2.8","0","103690","0"
"2260","19850310","6","2.2","81","9.9","8.2","3.7","0.2","103600","0"
"2261","19850311","5","8","146","11.1","6.4","2.8","0","104090","0"
"2262","19850312","1","9.8","164","8.3","5","-1.1","0","103490","0"
"2263","19850313","6","0","42","9.1","3.4","-1.5","0.1","102380","0"
"2264","19850314","4","4.4","113","6.2","5.1","1.1","0","101530","0"
"2265","19850315","6","2.7","93","5.8","2.4","-1.5","4.6","100700","0"
"2266","19850316","6","3.9","110","6","2.2","-1.5","0.5","100170","0"
"2267","19850317","5","2.2","89","7.5","1.8","-2.4","0.1","101180","0"
"2268","19850318","2","10.2","180","4.9","2.8","-2","0","101910","0"
"2269","19850319","4","4.6","122","4.5","1.7","-1.5","0","101300","0"
"2270","19850320","5","4.7","125","6.9","0.6","-3.4","0","100110","0"
"2271","19850321","8","0","47","9.6","2.6","-1.8","2.9","98630","0"
"2272","19850322","7","0.8","70","7.8","5.7","1.8","2.1","98290","0"
"2273","19850323","8","0.6","67","11.5","6.4","4.9","0.1","99430","0"
"2274","19850324","6","3.2","111","9.7","7.9","4.3","0.1","99970","0"
"2275","19850325","5","0.1","55","5.8","5","0.4","1.1","100050","0"
"2276","19850326","8","0","50","8.5","5","4.2","11","99880","0"
"2277","19850327","6","2.5","104","10.1","5.4","2.2","0.1","101130","0"
"2278","19850328","5","5.6","147","10","3.9","-2.3","0","101850","0"
"2279","19850329","8","0","52","12","7","4","0.7","101060","0"
"2280","19850330","8","0","53","16","9.7","7.4","0.1","100070","0"
"2281","19850331","7","6.6","164","17.6","12.2","8.4","2.1","100520","0"
"2282","19850401","8","1.7","96","16.3","13","8.5","0.3","100470","0"
"2283","19850402","6","6.2","162","18.6","12.4","8.5","0","101460","0"
"2284","19850403","6","4.2","137","17.2","14.8","11.1","0.8","101240","0"
"2285","19850404","7","0.4","71","12.8","13.4","9.5","0.3","100130","0"
"2286","19850405","7","0.1","62","14.7","10.8","8.8","0.4","99550","0"
"2287","19850406","6","3.3","127","14","10.8","7","1.2","99840","0"
"2288","19850407","7","0.8","83","12.5","9.7","5.4","8.1","99310","0"
"2289","19850408","7","1.6","101","14.5","10","7.5","0.2","99110","0"
"2290","19850409","3","9.2","209","13.6","8.4","2.3","0.1","99970","0"
"2291","19850410","6","6.4","176","11.4","8.9","4.2","3.5","100830","0"
"2292","19850411","6","0.3","73","12.7","8.4","5.4","5","99910","0"
"2293","19850412","5","7.5","193","12.4","8.8","5","0.4","100770","0"
"2294","19850413","5","7.3","192","12.8","9.2","5.9","0.7","99920","0"
"2295","19850414","5","6.1","177","13.7","9.9","7","0","100620","0"
"2296","19850415","4","3.5","140","17.6","7.7","1.7","0","102250","0"
"2297","19850416","6","7","192","16","12.5","7.4","0","102860","0"
"2298","19850417","4","12","254","18.6","11.4","6.8","0","103120","0"
"2299","19850418","3","9.5","226","20.2","12.6","6.5","0","102860","0"
"2300","19850419","4","10.6","241","8.6","12.8","5.4","0","102020","0"
"2301","19850420","6","2","119","11.4","7.8","7.1","6.3","101390","0"
"2302","19850421","5","4.3","159","15.1","5.6","-0.1","0","101500","0"
"2303","19850422","5","9.4","231","11.5","10.2","5.4","0.1","101980","0"
"2304","19850423","5","7","200","13.1","8","4.6","0","102210","0"
"2305","19850424","2","13.1","278","9.6","6.7","0.3","0","102540","0"
"2306","19850425","6","0.3","82","12.6","7.4","5.2","0","102220","0"
"2307","19850426","4","9.3","235","11.6","5.3","-2","0","101980","0"
"2308","19850427","6","1.6","116","11","8.6","5.5","1.4","101060","0"
"2309","19850428","4","8.5","227","12.6","4.8","-1.3","2.6","101730","0"
"2310","19850429","8","0.1","76","16.8","7.8","3","1.9","101320","0"
"2311","19850430","6","4.2","166","13.4","11.7","6.6","0","101400","0"
"2312","19850501","7","6.8","207","13.5","9.7","6","0","101550","0"
"2313","19850502","5","8.8","236","10.4","10","6.4","0","101090","0"
"2314","19850503","7","0.5","93","13.3","9","7.5","0.1","101190","0"
"2315","19850504","7","1.1","110","12.9","9.8","6.3","0","100790","0"
"2316","19850505","6","3.7","162","17","9.2","5.6","0","99980","0"
"2317","19850506","3","11.7","278","19.1","10.7","4.4","0","100500","0"
"2318","19850507","5","8.3","234","15.1","13","6.9","0","101000","0"
"2319","19850508","8","1","110","15.9","12.5","9.9","0","101210","0"
"2320","19850509","5","5.2","190","13","11.6","7.4","0","101080","0"
"2321","19850510","6","0.9","108","9.6","8.4","3.7","0","101700","0"
"2322","19850511","8","0","75","12.7","8.4","7.2","0","102180","0"
"2323","19850512","8","0","76","14.5","9.3","5.9","3.5","101500","0"
"2324","19850513","7","2.4","144","11.8","11","7.4","0.4","100990","0"
"2325","19850514","7","0","77","16.3","9.9","8","35.4","100690","0"
"2326","19850515","7","1.9","134","20.8","12.8","9.3","0","101080","0"
"2327","19850516","2","11.7","288","21.4","13.2","5.7","0","101880","0"
"2328","19850517","2","7.8","236","21.3","15.3","9.2","0","102290","0"
"2329","19850518","5","6.2","212","15.8","15.4","9.5","0","102080","0"
"2330","19850519","8","0","78","19.8","13.2","10.5","0.1","101650","0"
"2331","19850520","8","2.1","141","16.4","14.8","9.9","0","101220","0"
"2332","19850521","6","3.8","174","15","14.2","12.1","14.6","100930","0"
"2333","19850522","7","2.1","142","15.8","12.6","10.2","0","100670","0"
"2334","19850523","6","3.3","166","16.9","12.4","8.9","0","100640","0"
"2335","19850524","6","4.9","195","19.6","13.4","9.8","0.3","100560","0"
"2336","19850525","7","5.1","199","20.8","15.2","10.7","1.4","101200","0"
"2337","19850526","6","5.9","212","18.1","17","13.2","3.9","100920","0"
"2338","19850527","6","1.2","123","18.6","15","11.8","5","100880","0"
"2339","19850528","4","13.3","317","19.6","14","9.4","0","101950","0"
"2340","19850529","3","14.9","337","19.1","14.2","8.8","0","102700","0"
"2341","19850530","1","15.7","348","19.7","12.8","6.5","0","102740","0"
"2342","19850531","3","13.4","320","22","13.2","6.6","0","102770","0"
"2343","19850601","1","15","339","23.5","14.1","6.2","0","102700","0"
"2344","19850602","2","14.9","338","25","16.4","9.4","0","102410","0"
"2345","19850603","2","14.2","330","24.3","17.7","10.4","0.9","101900","0"
"2346","19850604","7","3.6","178","20.4","17.8","11.2","8.2","101290","0"
"2347","19850605","8","0.8","115","14.2","17.2","14","14.8","100970","0"
"2348","19850606","8","0","80","12.5","13","11.7","12.9","100940","0"
"2349","19850607","7","0.9","118","15.7","9.9","7.3","1.6","101240","0"
"2350","19850608","5","8.9","263","18","9.8","3.9","1.1","101600","0"
"2351","19850609","7","7.1","237","17","13.9","9.8","0.4","100910","0"
"2352","19850610","5","7.5","243","16.4","12.8","8.6","0.3","101310","0"
"2353","19850611","8","0.2","94","16.6","13.2","10","10.9","101420","0"
"2354","19850612","5","11.6","300","16.7","13.3","10","0.1","100180","0"
"2355","19850613","6","1","122","16.4","12.6","8.5","4.1","100970","0"
"2356","19850614","5","10.7","289","17.8","12.8","9.2","0","101420","0"
"2357","19850615","3","11","293","17.9","11.6","5.4","0","102090","0"
"2358","19850616","6","5.5","213","19.5","14","10","0","102020","0"
"2359","19850617","6","8.6","260","17.5","13.7","7.9","0.1","101860","0"
"2360","19850618","7","1.5","135","19.7","14","10.6","0","101510","0"
"2361","19850619","7","3","168","20.1","15.8","12","0","101000","0"
"2362","19850620","6","8.6","260","16","15.6","11","8.1","101260","0"
"2363","19850621","8","0.6","110","16.6","13.4","10.7","3.1","100440","0"
"2364","19850622","8","0.3","99","19.1","14.4","12.2","6.6","100140","0"
"2365","19850623","7","5","205","18.2","15","11","2.6","100500","0"
"2366","19850624","7","1.6","138","15.9","15.4","12.7","2.3","101050","0"
"2367","19850625","6","2.1","149","18.2","12.1","8.3","8.2","101780","0"
"2368","19850626","6","5.1","206","18.8","14","9.7","0.8","101720","0"
"2369","19850627","6","6.2","224","17.9","14.6","10.5","0","101970","0"
"2370","19850628","6","1.7","140","21.1","13.8","9.7","1.7","101660","0"
"2371","19850629","7","4.2","190","21.7","17","13","0.1","101570","0"
"2372","19850630","7","5.8","217","22.9","17.2","12.6","0","101770","0"
"2373","19850701","4","10.7","288","23.9","18.2","13.5","0","101790","0"
"2374","19850702","3","11.4","297","24.5","18.3","12.7","0","102150","0"
"2375","19850703","1","14.8","339","27.1","18.8","13.1","0","102110","0"
"2376","19850704","3","9.5","271","26.5","20.6","14","0","101610","0"
"2377","19850705","5","4.9","201","22","22.4","18.2","1.8","101580","0"
"2378","19850706","3","15.5","346","22","16","10.1","0","102490","0"
"2379","19850707","3","12.4","308","25.6","16.2","10.5","0","102890","0"
"2380","19850708","4","11.5","296","21.7","18.4","11.1","0","102330","0"
"2381","19850709","5","10.9","288","22.1","17.7","13.7","0","101970","0"
"2382","19850710","5","9.6","270","20.5","16.2","10.3","0","102120","0"
"2383","19850711","7","3.9","181","24.4","16.7","12.9","0","101750","0"
"2384","19850712","6","3.5","174","28.9","19.8","15.2","0","101730","0"
"2385","19850713","5","7.4","237","24.4","21.4","13.8","2","101830","0"
"2386","19850714","6","5.5","208","20.7","21.2","18","2.7","101120","0"
"2387","19850715","5","7.5","238","22.2","15.7","10.7","1.7","101970","0"
"2388","19850716","6","6.7","225","21.3","17.3","12.4","0.1","101820","0"
"2389","19850717","4","10.2","274","19.4","16.1","10.9","1.1","101840","0"
"2390","19850718","7","1.5","130","19.9","16.8","14.1","0.6","100900","0"
"2391","19850719","6","4","180","19.9","15.6","11.3","3.1","100640","0"
"2392","19850720","5","11","282","21.2","15.4","11","1.2","101260","0"
"2393","19850721","4","10.2","271","20.8","14.7","8.2","4","102110","0"
"2394","19850722","8","0.9","113","24.8","17","13.2","0.9","101660","0"
"2395","19850723","2","14.6","324","26.7","18.4","12.1","0","102260","0"
"2396","19850724","3","10","266","29.8","19.6","12.5","0","102230","0"
"2397","19850725","4","11.1","280","21.1","22.4","15","0","101520","0"
"2398","19850726","6","2.9","156","23.4","19.5","17.9","0","100590","0"
"2399","19850727","7","5.7","203","19.5","19.2","15.1","2","100770","0"
"2400","19850728","7","3.1","158","18.5","17.6","15.8","7.7","100220","0"
"2401","19850729","7","2.3","142","19.3","16.2","14","3.7","99810","0"
"2402","19850730","7","0.3","90","23.7","16.6","13.8","1.6","100410","0"
"2403","19850731","6","7.9","232","20.8","18.6","13.4","1","101030","0"
"2404","19850801","6","10","259","17.8","16.7","12.6","0.4","101590","0"
"2405","19850802","7","0.7","102","19.2","15.6","13.3","4.2","101300","0"
"2406","19850803","4","11.5","276","17.4","15.6","12.1","1.3","101040","0"
"2407","19850804","8","0","71","19","14.6","11.7","15.6","100440","0"
"2408","19850805","6","3.5","160","19.7","15.8","12.5","0","99670","0"
"2409","19850806","5","7.7","224","17.2","14.2","8.8","0","101040","0"
"2410","19850807","7","0","70","20.8","13.8","10.3","2.8","101200","0"
"2411","19850808","6","8.2","228","18.6","15.1","9.4","0.4","101010","0"
"2412","19850809","7","3.2","152","20","16.6","14.6","8.2","100590","0"
"2413","19850810","6","6.5","203","19.5","15.5","11","0","100760","0"
"2414","19850811","5","5.2","183","19.8","15.2","10.9","0.1","100640","0"
"2415","19850812","4","10.3","250","20.6","15.6","11.3","0.5","101130","0"
"2416","19850813","6","2.7","140","20.7","15.9","11.2","0","101490","0"
"2417","19850814","5","7.9","218","19.6","17.2","13.8","1.9","101140","0"
"2418","19850815","4","7.3","208","19.1","15.8","11.9","0.3","101520","0"
"2419","19850816","5","2.9","141","21.8","15.8","12.5","0","101660","0"
"2420","19850817","3","9.1","229","20.3","15.8","9.9","0.7","101840","0"
"2421","19850818","7","0.3","80","21.5","16.4","12.4","2.7","101670","0"
"2422","19850819","5","7.6","208","19.6","18.4","15.4","0.4","100930","0"
"2423","19850820","6","1.5","110","22.9","16.4","13.1","0.6","101380","0"
"2424","19850821","3","11.7","254","20.5","17.6","12.2","7.4","101740","0"
"2425","19850822","6","9.8","231","19.3","16.1","11.7","0","101860","0"
"2426","19850823","7","0.5","84","18.7","15.6","12","10.3","101550","0"
"2427","19850824","6","7","193","19.4","16","13.3","0.5","100140","0"
"2428","19850825","4","9.4","222","18.5","14.4","9.4","0.1","100700","0"
"2429","19850826","5","6.9","189","21.2","14.3","10.1","0","101860","0"
"2430","19850827","5","4.5","155","23.1","14.8","8.5","0","102410","0"
"2431","19850828","5","7.1","189","26","17.8","12.4","0","102390","0"
"2432","19850829","5","8","199","25.9","20","14.1","0","102310","0"
"2433","19850830","4","11.3","235","20.6","20","14.1","0","101810","0"
"2434","19850831","5","5","158","17.6","17","13.5","0.5","101410","0"
"2435","19850901","5","3.7","133","16.4","14.1","10.6","0","101370","0"
"2436","19850902","7","0.7","80","19.6","14","11.7","3.9","101160","0"
"2437","19850903","6","6.6","168","17","16","12.5","2.5","100510","0"
"2438","19850904","7","0.2","64","18.8","13.4","9.9","2.7","101830","0"
"2439","19850905","5","7","170","17.9","15.7","12.6","0","101630","0"
"2440","19850906","2","11.4","214","20.1","11.7","5.5","0","102770","0"
"2441","19850907","4","7.3","170","20.5","12.8","5.5","0","102530","0"
"2442","19850908","7","1.9","98","20.9","15.8","11","0","101960","0"
"2443","19850909","7","0.9","79","22.7","17.5","14.1","0","102360","0"
"2444","19850910","2","7.3","166","25.2","17","11.4","0","102560","0"
"2445","19850911","1","10.7","199","26.9","17.6","10.1","0","102480","0"
"2446","19850912","1","9.6","186","18.8","19.2","11.6","0","101960","0"
"2447","19850913","3","9.1","180","16.2","15","11.3","0","102350","0"
"2448","19850914","7","0","49","17.5","13.2","10.1","0.2","101810","0"
"2449","19850915","3","7.7","162","19.3","13","8.5","0","101570","0"
"2450","19850916","7","0.1","53","22.8","14.1","8.9","0","101900","0"
"2451","19850917","6","3.9","117","20.7","17.8","12.9","0","102180","0"
"2452","19850918","7","0.8","69","20.6","17.4","14.1","0","102200","0"
"2453","19850919","6","0.2","54","18.9","17.2","13.8","0.4","101350","0"
"2454","19850920","7","2.8","99","19.7","14.8","10.6","0","101810","0"
"2455","19850921","7","0","44","23","16.1","12.5","1.5","101360","0"
"2456","19850922","6","6.2","136","21.1","19.7","16.4","0","101490","0"
"2457","19850923","6","8.7","159","18.9","17.4","13.7","0","101930","0"
"2458","19850924","7","0.8","64","19.8","15","11","0","102020","0"
"2459","19850925","7","0.4","55","24.1","16.4","13","0","102270","0"
"2460","19850926","5","7.4","141","22.9","18.6","13","0","102710","0"
"2461","19850927","3","8.7","152","22.1","17.2","11.4","0","102780","0"
"2462","19850928","0","6.6","131","24","15.4","8.6","0","102730","0"
"2463","19850929","3","7.9","141","25","18.2","12.4","0","102540","0"
"2464","19850930","3","4.8","110","27","18.6","12.2","0","102290","0"
"2465","19851001","4","8.1","140","22","20.1","13.2","0","101570","0"
"2466","19851002","6","3.8","97","22.1","18.4","14.8","0","101340","0"
"2467","19851003","7","1.8","72","19","19.3","16.5","1.7","100620","0"
"2468","19851004","4","7","125","19.3","16.4","13.8","2.9","100750","0"
"2469","19851005","2","8.4","135","19.9","15.3","11.3","0","101390","0"
"2470","19851006","7","1.5","65","14.3","15.2","10.6","8.5","101220","0"
"2471","19851007","8","0","35","15.2","12.8","11.4","2.6","101360","0"
"2472","19851008","5","6.1","111","16.1","11","6.8","1.3","101420","0"
"2473","19851009","6","2.9","79","19.1","12.4","8.8","0","101120","0"
"2474","19851010","6","4.8","97","19.3","14.6","10","0","102180","0"
"2475","19851011","7","1.8","65","17.4","16.6","13.9","0","102830","0"
"2476","19851012","5","5.4","99","18.1","14.2","11.1","0","103510","0"
"2477","19851013","2","9","126","18.2","12.3","6.5","0","103850","0"
"2478","19851014","3","7.2","111","16.2","11.5","4.8","0","103830","0"
"2479","19851015","7","0","31","12.8","11.8","7.5","0","103730","0"
"2480","19851016","8","0","30","14.7","12.1","11.4","0","103580","0"
"2481","19851017","8","0","30","13","12.2","9.8","0","103150","0"
"2482","19851018","8","0","29","15.8","12.2","11.4","0","102800","0"
"2483","19851019","6","1.2","50","15.7","12.1","8.4","0","102780","0"
"2484","19851020","1","8.8","113","15.4","10.6","5.4","0","102650","0"
"2485","19851021","1","7.8","105","16.1","9.9","4.4","0","102700","0"
"2486","19851022","1","7.5","101","13.9","10.8","5.5","0","102990","0"
"2487","19851023","2","6.4","92","16.1","10.9","7.9","0","103060","0"
"2488","19851024","1","7.5","99","14.5","10.6","5.1","0","102830","0"
"2489","19851025","1","7.4","97","10.3","9.6","4.8","0","102810","0"
"2490","19851026","6","1.8","52","11.9","7.4","4.4","0","102900","0"
"2491","19851027","7","0","25","13.1","9.6","7.4","0","103000","0"
"2492","19851028","7","2","52","12.9","10.4","7.8","0","102930","0"
"2493","19851029","5","0.6","36","10.5","8.8","4.6","0","102460","0"
"2494","19851030","6","0","24","8.6","8.2","5.8","0","101800","0"
"2495","19851031","8","0","23","10.5","7.3","6","1.4","100880","0"
"2496","19851101","6","0.5","33","8","7.8","5.1","0.7","100960","0"
"2497","19851102","3","8.3","91","9.3","5.6","3.3","0","100650","0"
"2498","19851103","3","7.9","88","14.9","3","-3.3","0","100810","0"
"2499","19851104","7","1.8","45","12.6","7","-0.9","0.3","99900","0"
"2500","19851105","6","4.6","65","11.1","10.9","9.2","0","98430","0"
"2501","19851106","3","7.5","82","14.3","7","2.9","0","100290","0"
"2502","19851107","6","6","72","16.5","9.9","5.5","1.7","100430","0"
"2503","19851108","7","0.7","32","14.1","12.9","9.3","1.8","99650","0"
"2504","19851109","5","2.1","44","6","11.6","9.2","1.2","98990","0"
"2505","19851110","4","6.2","70","7","4.4","2.7","0","100820","0"
"2506","19851111","5","5.2","63","5.2","3.6","0.3","0.2","101620","0"
"2507","19851112","0","7.8","76","6.7","1.7","-1.8","0","101630","0"
"2508","19851113","0","7.8","75","8.3","1.3","-4.1","0","102270","0"
"2509","19851114","5","0.1","21","9.5","1.3","-5.7","7.4","102580","0"
"2510","19851115","5","3.5","50","7.9","2.6","-4.3","0","102620","0"
"2511","19851116","6","0.4","25","6.7","3.1","-1.7","10.8","102770","0"
"2512","19851117","7","0","17","5.6","4","1.4","0","103000","0"
"2513","19851118","3","4.7","55","2.3","3.6","1.5","0","103640","0"
"2514","19851119","6","1","29","5","1.5","0.7","0.1","102810","0"
"2515","19851120","8","0","17","5.7","1.8","-1.4","0.1","102460","0"
"2516","19851121","8","0","16","5.9","3.6","1.6","0.1","102340","0"
"2517","19851122","8","0","16","6.6","5.1","4.3","0","102430","0"
"2518","19851123","8","0","16","4.8","5.2","3.8","0.2","102400","0"
"2519","19851124","6","4.8","51","6.3","3.9","3","0","102380","0"
"2520","19851125","6","0.1","18","5.2","4.6","2.8","0","101900","0"
"2521","19851126","6","0","15","5","2.7","0.2","0","101160","0"
"2522","19851127","6","0","15","5.3","2.5","0","0","100360","0"
"2523","19851128","2","7.5","61","5.3","0.9","-3.5","0","100910","0"
"2524","19851129","7","0.1","17","12.3","1.1","-3.1","5.3","101170","0"
"2525","19851130","8","0","14","14.9","6","-0.3","0.1","101060","0"
"2526","19851201","7","2.8","35","16.6","9.9","4.9","3.6","101250","0"
"2527","19851202","7","1.7","28","14.4","13.8","11","3.2","101360","0"
"2528","19851203","7","0","13","13.4","13.6","12.9","1.4","101240","0"
"2529","19851204","8","0","13","12.1","12.4","11.5","9.6","101180","0"
"2530","19851205","7","0","13","11.5","11.4","10.6","5.4","100020","0"
"2531","19851206","5","3.6","38","10.4","7.9","4.3","9.3","100670","0"
"2532","19851207","3","5.4","46","8.4","8.2","5.9","0.8","100550","0"
"2533","19851208","7","0.1","15","5.6","6.4","4.4","0","100910","0"
"2534","19851209","8","0","13","8.5","5","4.4","0","101370","0"
"2535","19851210","7","0","12","9.9","5.2","1.8","1.8","101880","0"
"2536","19851211","7","0","12","11.1","5.7","1.5","0","102600","0"
"2537","19851212","6","1.9","28","13.3","8.6","6.1","0","103060","0"
"2538","19851213","8","0","12","14.4","10.2","7.2","0.1","102540","0"
"2539","19851214","8","0","12","13.4","12.5","10.6","0","102600","0"
"2540","19851215","7","0","12","10.7","11.3","9.2","0","102760","0"
"2541","19851216","7","0","12","12","10.3","9.9","0","102760","0"
"2542","19851217","7","0","12","11.2","9","6","3.1","102210","0"
"2543","19851218","4","3.9","37","11.2","10.2","9.3","0","101890","0"
"2544","19851219","5","4.7","41","11.9","7.6","4","0.4","102290","0"
"2545","19851220","7","0","12","13.1","8","4.2","0.1","101700","0"
"2546","19851221","7","0.1","14","10.2","11.3","9.5","1.5","100980","0"
"2547","19851222","7","0","12","10.8","9.9","9.6","2.8","100460","0"
"2548","19851223","4","4.3","39","11.3","8","5.1","5.2","100680","0"
"2549","19851224","8","0.1","14","9.2","9.1","6.9","2","99720","0"
"2550","19851225","6","0.1","14","6.6","7.3","5.4","25.7","99210","0"
"2551","19851226","8","0","12","3.6","6.4","6.3","4.5","99200","0"
"2552","19851227","6","3.2","34","0","2.8","1.9","0","100980","0"
"2553","19851228","5","0.3","16","1","-3.3","-6.6","0","100870","0"
"2554","19851229","3","6","47","5.4","-2.4","-5.7","0","101100","0"
"2555","19851230","7","0.8","21","4.8","-0.5","-6.4","0","101460","0"
"2556","19851231","8","0","13","6.6","0","-4.9","0","100140","0"
"2557","19860101","4","2","29","8.8","2.7","-1.2","11.8","99360","0"
"2558","19860102","6","1.2","24","4.6","4.9","1","24.3","98010","0"
"2559","19860103","4","4.1","40","6.5","3.5","2.4","0","100110","0"
"2560","19860104","5","2.3","31","3.5","1","-4.6","5.6","101230","0"
"2561","19860105","7","0","13","3.2","0.4","-2.6","0","99550","0"
"2562","19860106","4","1.3","25","2.8","1.5","-0.2","0","100730","0"
"2563","19860107","6","0","13","3","-0.2","-3.3","16.9","100760","0"
"2564","19860108","8","0","13","8.9","1.8","0.6","1.7","100750","0"
"2565","19860109","8","0","14","12.4","5.2","1.5","2.1","102240","0"
"2566","19860110","7","0.7","22","9.3","7","1.7","0.6","101530","0"
"2567","19860111","3","3.2","38","10","7.2","5.1","0.4","101340","0"
"2568","19860112","3","4","43","11.4","6.2","2.5","0","101670","0"
"2569","19860113","7","0","14","8.2","7.2","2.9","0.1","101290","0"
"2570","19860114","4","1.8","31","6.6","7.1","6","0.2","100450","0"
"2571","19860115","6","0.3","19","4.6","6","5.3","0.1","100960","0"
"2572","19860116","4","3.9","44","10","2.7","0.8","0.1","102340","0"
"2573","19860117","6","0","15","11.6","4.2","-1.6","1.2","102300","0"
"2574","19860118","8","0","15","11.7","6.2","0.8","0.4","101470","0"
"2575","19860119","6","0","16","10","10.8","10","0.9","100490","0"
"2576","19860120","4","4.5","50","10.2","6.2","2.4","4.4","101640","0"
"2577","19860121","5","3.6","45","10.1","6.8","3.3","2.1","100480","0"
"2578","19860122","6","0","16","8.5","5.8","1.6","5.7","99730","0"
"2579","19860123","5","3.5","46","5.5","7","5.4","0.1","98620","0"
"2580","19860124","3","7.7","69","4.7","3.6","1.8","0","100580","0"
"2581","19860125","0","8","71","4.8","2","-0.8","0","102600","0"
"2582","19860126","2","5.5","60","4.6","-0.4","-5.7","0","102730","0"
"2583","19860127","8","0","18","7.2","0.3","-4","9.7","101150","0"
"2584","19860128","4","5.2","60","4.2","2.2","-2.7","6.7","100410","0"
"2585","19860129","8","0","18","5.1","2","-0.3","9.8","99030","0"
"2586","19860130","8","0","19","3.4","3","1","0","100090","0"
"2587","19860131","8","0","19","3.8","3.2","3","0.7","100560","0"
"2588","19860201","8","0","19","4","2.6","1.5","2.2","100450","0"
"2589","19860202","8","0","20","2.8","3.2","2.4","3.8","100830","0"
"2590","19860203","8","0","20","3.5","1.6","0.5","0","101200","0"
"2591","19860204","8","0","20","3.9","2.4","1.3","0","101750","0"
"2592","19860205","5","5.1","66","-0.4","1.5","-0.9","5.7","101510","0"
"2593","19860206","8","0","21","0","-1","-1.6","0.7","101390","8"
"2594","19860207","8","0","21","1.1","-1","-2.1","0.1","101930","8"
"2595","19860208","5","3.9","61","0.2","-1.1","-3.3","0","102110","5"
"2596","19860209","4","0.8","35","0.7","-2.4","-5","0","102620","3"
"2597","19860210","0","7.4","86","1.1","-4.4","-9.6","0","103150","3"
"2598","19860211","7","0","23","1.5","-3.6","-8.2","0","103390","2"
"2599","19860212","5","1","39","3.7","0.2","-1.1","0","103220","2"
"2600","19860213","0","8.6","98","0.5","0.3","-3.1","0","102170","1"
"2601","19860214","5","0.9","39","3.5","-0.8","-2.2","0","101140","0"
"2602","19860215","5","4.4","72","2","0.5","-2.5","0","100920","0"
"2603","19860216","8","0","25","1.1","0.8","-0.4","0","100850","0"
"2604","19860217","8","0","26","1.3","0.4","-0.3","0","100250","0"
"2605","19860218","7","0.8","41","2.6","-0.2","-1.6","0","100800","0"
"2606","19860219","7","1.5","50","1.9","0.4","-1.9","0","101610","0"
"2607","19860220","4","4.3","76","-1.6","-0.9","-3.7","0","101860","0"
"2608","19860221","5","0.2","33","1.4","-3.6","-5.7","0","101350","0"
"2609","19860222","7","0.1","32","0.4","-2.6","-6.7","0","101340","0"
"2610","19860223","7","0","29","4.1","-1.6","-3.5","0.2","101390","0"
"2611","19860224","6","4.5","83","-0.8","0.2","-3.7","0","102070","0"
"2612","19860225","6","0.2","35","1","-1.8","-2.9","0","102520","0"
"2613","19860226","3","9.1","121","3","-1","-3.1","0","102910","0"
"2614","19860227","1","8.5","118","2.1","-0.6","-4.2","0","102710","0"
"2615","19860228","6","0.6","44","-0.2","-0.6","-3.3","1.8","102020","0"
"2616","19860301","8","0","35","4.7","-1.3","-2.4","0.5","101490","2"
"2617","19860302","3","8.4","134","5.3","1.2","-2.2","0","101990","3"
"2618","19860303","3","8","132","9.3","0.7","-3.9","2.4","101870","0"
"2619","19860304","8","0","36","12.2","3.8","-1.6","4.9","100690","0"
"2620","19860305","7","0.4","48","11.1","7.9","3.6","0","100100","0"
"2621","19860306","2","9.3","149","10.6","5.9","0.7","0","100690","0"
"2622","19860307","3","6.1","121","9.9","5","-0.5","0","102060","0"
"2623","19860308","4","9.1","151","9.4","4.4","-1","0","102360","0"
"2624","19860309","8","0.6","55","9.1","5.2","1","0.7","101710","0"
"2625","19860310","7","0.6","56","8.6","6.2","3.2","0","101830","0"
"2626","19860311","7","0.7","59","7.2","5.7","2.8","0","102140","0"
"2627","19860312","4","6.7","135","6.6","3.8","0.5","0","102000","0"
"2628","19860313","6","0","42","12.8","3.8","1.1","0","101790","0"
"2629","19860314","6","3.8","106","13.9","6.2","-0.5","0","102510","0"
"2630","19860315","4","5.7","129","13.9","8.3","2.7","0","102560","0"
"2631","19860316","3","5.6","130","12.9","7.4","0.9","0.7","101790","0"
"2632","19860317","5","4.7","121","12.8","7.4","2","0","102060","0"
"2633","19860318","7","2.3","91","9.7","7.4","2","8","101480","0"
"2634","19860319","6","0","46","12.5","7.7","5.7","1.7","101850","0"
"2635","19860320","6","3.5","110","12.3","7.9","3.3","2.2","101530","0"
"2636","19860321","5","6","142","11.1","6.2","0.2","1.5","102560","0"
"2637","19860322","8","0","48","10.7","8.4","5.6","2.6","101550","0"
"2638","19860323","6","6.2","147","10.5","8.8","6.9","5.2","100580","0"
"2639","19860324","6","5.8","144","9.6","7.5","4.5","0","98190","0"
"2640","19860325","4","3.8","120","11.3","4.8","-0.1","0.7","99390","0"
"2641","19860326","4","6.7","157","14","6","0.7","2.3","100170","0"
"2642","19860327","7","4.8","136","11","9.6","5.1","3.8","100060","0"
"2643","19860328","6","5.5","146","11.7","7.6","4.3","2.3","100200","0"
"2644","19860329","6","3.8","125","8","8.6","5.5","2.5","100320","0"
"2645","19860330","6","0.2","62","9.7","4.6","1.2","1","100090","0"
"2646","19860331","6","6.1","158","12","6.4","3.1","0.5","99810","0"
"2647","19860401","3","7.4","175","9.9","7.7","3.4","0.2","101180","0"
"2648","19860402","4","6.1","161","8.6","4.7","-0.5","7.2","101240","0"
"2649","19860403","7","2","103","9.4","5.6","2.5","2.1","101330","0"
"2650","19860404","6","3.8","132","7.6","6","2.6","0.4","102330","0"
"2651","19860405","4","6.4","169","6","3.8","0.1","0.9","102470","0"
"2652","19860406","6","1.2","91","5.5","3.4","0.9","1.7","102180","0"
"2653","19860407","8","0","58","6.1","3.2","1","4.5","101500","0"
"2654","19860408","8","0","58","10.6","3.8","1.5","0.1","101900","0"
"2655","19860409","5","6.1","170","6.3","7","3.3","0.2","101720","0"
"2656","19860410","7","0.3","72","6.4","4.5","2.7","0","102320","0"
"2657","19860411","6","7.2","187","7.5","2.8","-0.8","1.2","102770","0"
"2658","19860412","7","0.5","79","9.5","4.4","1.2","0.6","101460","0"
"2659","19860413","5","4","146","10.6","4.2","-1.1","5.1","100820","0"
"2660","19860414","7","1.5","104","11.8","6.8","3","7.5","99460","0"
"2661","19860415","7","5.4","169","10","8.4","4.9","1.8","98920","0"
"2662","19860416","7","3.4","140","12","7.8","5.5","3.7","99370","0"
"2663","19860417","6","2.5","125","9.2","7.4","2.8","0.7","99950","0"
"2664","19860418","7","1","96","10.8","6.7","4.2","0.2","100540","0"
"2665","19860419","7","0.8","92","14.6","6.9","3","11","100920","0"
"2666","19860420","5","8.6","218","10.6","10","5.5","0.1","100210","0"
"2667","19860421","6","3.4","144","11.6","7.1","3.6","4.6","99310","0"
"2668","19860422","5","7","199","10.6","7.8","4","0.3","99600","0"
"2669","19860423","7","1.1","102","14.3","8.3","6","5.8","100280","0"
"2670","19860424","6","9.7","237","16.1","10.6","7","0.7","100920","0"
"2671","19860425","5","8.8","227","16.7","10.8","5.5","0","101560","0"
"2672","19860426","4","10.3","247","15.4","10.8","4.8","0","101090","0"
"2673","19860427","7","1.3","110","16.1","12","8.7","0","100830","0"
"2674","19860428","5","8.1","221","14.6","10.2","4.4","0.1","101340","0"
"2675","19860429","5","11.4","265","15.6","8.8","3","0","102090","0"
"2676","19860430","7","5.9","192","19.9","9.6","3.6","0","102780","0"
"2677","19860501","2","13.2","289","22","12.4","5","0","102250","0"
"2678","19860502","2","7.7","221","12.7","15","8","0.1","100760","0"
"2679","19860503","5","4","166","14.1","10.8","8.8","0","100700","0"
"2680","19860504","6","2.4","138","14.5","11","7.9","0","100580","0"
"2681","19860505","6","3.6","161","16.8","12.1","9.7","0.2","100520","0"
"2682","19860506","6","6","200","13.1","11.3","5.8","1.4","100750","0"
"2683","19860507","7","4","169","13.9","10","7","0.3","100620","0"
"2684","19860508","6","6.2","205","15.6","10.8","7.7","5","101350","0"
"2685","19860509","7","0.3","90","17.9","11.5","7.4","2","101760","0"
"2686","19860510","7","3.5","162","17","14.5","11.1","0.2","101330","0"
"2687","19860511","7","1.7","128","15.1","13.4","9.9","0.9","101470","0"
"2688","19860512","6","4.1","174","15.5","12.4","9.8","2","101050","0"
"2689","19860513","4","8.7","245","15.2","11.6","7.7","1.2","101030","0"
"2690","19860514","5","9.3","254","15","11.4","7.5","2.9","100940","0"
"2691","19860515","5","12.2","293","17","10.5","6","0","100820","0"
"2692","19860516","2","11.6","286","15.4","10.1","3.2","1.4","101700","0"
"2693","19860517","7","0","78","17.2","11.3","7.2","3.1","101560","0"
"2694","19860518","4","5.9","208","21.2","13.9","10.6","0","101900","0"
"2695","19860519","3","12.7","303","18.2","13.8","6.4","5.3","102250","0"
"2696","19860520","7","0","79","13.7","15.2","12.3","13.2","101120","0"
"2697","19860521","5","2","139","16.7","11.3","8.9","3.1","100820","0"
"2698","19860522","5","6.9","226","16.3","11.8","6.9","2","101810","0"
"2699","19860523","7","3.8","175","17.1","12.6","9","0","101910","0"
"2700","19860524","5","9.5","264","16.1","12.6","8","0","102320","0"
"2701","19860525","6","0.2","92","18.8","13","9.9","0","102290","0"
"2702","19860526","5","6","214","17","13.9","9","0","101920","0"
"2703","19860527","5","7.5","237","15","12.8","8.6","0","101570","0"
"2704","19860528","5","7.3","235","15.6","10.8","6.7","2.8","101920","0"
"2705","19860529","4","8","246","16.1","10.2","4.7","0","102460","0"
"2706","19860530","5","4","182","13.9","10.4","4.8","1.2","102740","0"
"2707","19860531","8","0","82","17.6","11.2","8.5","4","101980","0"
"2708","19860601","8","0.1","87","20.4","13.8","9.9","0.4","101630","0"
"2709","19860602","7","0.6","108","15.7","16","11.6","0","101820","0"
"2710","19860603","6","1.1","123","15","13.1","10.5","3.4","101350","0"
"2711","19860604","5","8.3","253","14.7","11.1","7.2","0.1","101210","0"
"2712","19860605","5","8.5","257","15.3","10.6","6.4","0","101140","0"
"2713","19860606","7","3","167","19.4","11.6","8","0","101290","0"
"2714","19860607","6","8.8","261","17.6","13.2","7.1","0","101210","0"
"2715","19860608","6","3","167","18","13.8","9.9","0","101640","0"
"2716","19860609","7","0.3","98","18.4","13.8","9.7","0.7","101480","0"
"2717","19860610","6","5.3","209","16.4","15","11.5","10.2","101100","0"
"2718","19860611","5","5.9","219","20.1","12.6","8.8","0.3","101660","0"
"2719","19860612","3","13","318","23.6","13.3","6.5","0","102780","0"
"2720","19860613","4","12.6","313","25","16.2","8.9","0","103000","0"
"2721","19860614","4","13.3","322","26.3","18.6","12.3","0","102820","0"
"2722","19860615","1","14.5","337","28.6","19","11.6","0","102090","0"
"2723","19860616","1","12.2","309","22.4","22.2","15.8","0","101380","0"
"2724","19860617","4","5.9","219","20.6","19.4","16.4","0","101350","0"
"2725","19860618","2","14.3","335","23.6","14.4","8.2","0","101930","0"
"2726","19860619","2","14.3","335","20.4","17","10.3","0","101750","0"
"2727","19860620","6","3.3","174","23","16.8","13.1","0","101860","0"
"2728","19860621","6","9.3","270","18.5","16.5","10","1.1","101800","0"
"2729","19860622","8","0","81","17.6","15","11.4","0.1","101560","0"
"2730","19860623","8","0","81","20.6","15","12.4","0.9","101080","0"
"2731","19860624","7","4.5","196","26.6","16.8","12.9","0","101490","0"
"2732","19860625","4","10.8","290","27.1","18.8","11.1","0","102210","0"
"2733","19860626","4","10.5","286","30.3","21.2","15.4","0","102400","0"
"2734","19860627","1","12.4","311","30.2","23.4","16.4","0","102200","0"
"2735","19860628","2","12.1","307","28.8","24","17.9","0","102240","0"
"2736","19860629","5","8.9","264","30.6","22.6","16.5","0","102050","0"
"2737","19860630","4","9","265","26.5","22.2","13.9","0","101890","0"
"2738","19860701","4","11.3","296","27.1","19.6","12.7","0","102310","0"
"2739","19860702","6","11.9","303","25","20","12.9","0","101960","0"
"2740","19860703","3","13.4","322","25.6","20.3","15.6","0","101930","0"
"2741","19860704","6","3.7","180","19","19.5","13.4","21.2","101890","0"
"2742","19860705","8","0.2","93","21.3","17.2","15.4","1.6","101020","0"
"2743","19860706","7","6.8","231","20.5","17.4","13.4","0","100920","0"
"2744","19860707","6","5.1","204","22.3","16","11.4","0","101660","0"
"2745","19860708","6","4.4","191","20.7","17.6","13","1.1","101840","0"
"2746","19860709","5","7.7","243","23.3","14.4","8.2","0","102120","0"
"2747","19860710","7","5.6","211","21.5","18.4","13.5","4.8","102000","0"
"2748","19860711","7","3.6","176","20","17.2","12.9","0.3","102190","0"
"2749","19860712","8","0.2","92","21.9","16.8","13.7","1.6","102150","0"
"2750","19860713","6","3.6","175","25.3","17.6","13.2","0","102310","0"
"2751","19860714","6","1.4","129","29.1","20.2","15","0","102260","0"
"2752","19860715","5","9.9","271","28","23.2","17.3","0","102360","0"
"2753","19860716","3","13","310","21.9","23.2","18.3","0","102120","0"
"2754","19860717","5","12.7","306","19.6","18.6","15.2","0","102310","0"
"2755","19860718","5","5.2","201","20.4","15.1","10.6","0","102850","0"
"2756","19860719","6","3.5","171","23.8","15.8","11.1","0.1","102690","0"
"2757","19860720","7","3.5","170","22.1","18.4","13.1","0","102010","0"
"2758","19860721","6","5.6","205","20.6","17.4","12.7","13.6","101700","0"
"2759","19860722","5","6.1","213","17.4","17.4","14.2","0.2","101320","0"
"2760","19860723","5","3.2","163","22.5","13.7","10","4.5","101020","0"
"2761","19860724","3","11.9","290","21.9","15","7.4","0.2","101550","0"
"2762","19860725","7","3.2","162","23.3","18.2","14.6","0.2","101210","0"
"2763","19860726","6","2.7","152","23","19.6","15.8","0","101230","0"
"2764","19860727","6","5.6","202","21.2","17.8","12.5","0","101640","0"
"2765","19860728","8","0.1","82","22","19","16.9","4.7","101580","0"
"2766","19860729","5","7.1","222","20.6","18.6","15.2","0","101350","0"
"2767","19860730","6","2.9","153","21.6","15.4","10.3","0.2","101300","0"
"2768","19860731","6","5.4","195","21.5","17.8","14","0.3","100790","0"
"2769","19860801","4","9.2","249","22.6","15.6","9.7","0","101580","0"
"2770","19860802","6","10.4","263","15.2","18.8","15","0","101470","0"
"2771","19860803","8","0.1","79","19.3","13.6","11.9","20","101480","0"
"2772","19860804","7","3.5","161","21.2","15.1","10.9","1.4","101420","0"
"2773","19860805","5","10.2","257","24.5","15.4","9.6","0","102220","0"
"2774","19860806","3","9.8","251","20.6","17.8","11","0.3","101680","0"
"2775","19860807","6","1.5","120","22.4","17","13.5","0","101130","0"
"2776","19860808","5","8.6","234","22.3","17","11.5","0","101590","0"
"2777","19860809","5","6.6","205","25","16.9","11.5","0","101790","0"
"2778","19860810","7","3.2","151","20.9","19.3","13.6","1.5","101840","0"
"2779","19860811","7","1.8","123","20","18.2","15.6","0.2","101680","0"
"2780","19860812","7","0.2","80","22.9","17.2","14.5","0","101880","0"
"2781","19860813","7","3.2","149","22.6","18.2","13.6","0","101500","0"
"2782","19860814","6","0.9","100","22.3","19","15.5","0","101230","0"
"2783","19860815","2","10.9","254","21.7","17.2","12.2","0","101210","0"
"2784","19860816","4","12","265","21.2","15.6","9.5","0","101470","0"
"2785","19860817","7","1.9","121","17","16.6","12","0.9","101410","0"
"2786","19860818","8","0","64","18.8","15.5","14","5.8","101190","0"
"2787","19860819","7","2.4","129","20.5","15.4","12.1","0","101590","0"
"2788","19860820","4","11.9","258","19.4","14.6","8.6","0","102140","0"
"2789","19860821","7","0.2","75","19.7","14.3","9.2","2.8","101620","0"
"2790","19860822","6","5.1","170","17.9","16.2","12.7","2.9","100560","0"
"2791","19860823","7","5.9","180","19.1","14.6","11.3","2.3","100940","0"
"2792","19860824","6","7.9","205","16.6","15.2","11.3","0","101540","0"
"2793","19860825","8","0","61","16.6","14","11.5","25.4","101110","0"
"2794","19860826","8","0.3","75","17.9","14.6","12.6","1.3","98920","0"
"2795","19860827","5","7.6","197","17.4","13.4","8.8","1","100530","0"
"2796","19860828","6","4","147","17.6","12.6","7.8","0.7","101030","0"
"2797","19860829","5","8.1","200","15.8","11.8","5.9","0","101620","0"
"2798","19860830","7","0.1","65","18.4","13.4","11","0.2","102300","0"
"2799","19860831","4","10.8","228","16.9","13.6","8.8","0","102680","0"
"2800","19860901","7","0","56","21.5","13.4","10","0.1","102210","0"
"2801","19860902","5","10.2","209","16.5","16.2","11","2","101750","0"
"2802","19860903","6","3.9","133","19.6","14","11.6","0","101650","0"
"2803","19860904","3","10.6","210","19.3","12.8","6","0","102910","0"
"2804","19860905","4","8.6","187","17.3","13","6.8","0","102540","0"
"2805","19860906","6","1.6","95","19.8","13.2","9","0","102110","0"
"2806","19860907","4","10.8","207","16.5","14","8.1","0","102060","0"
"2807","19860908","5","1.7","95","17.2","12.3","8.1","0","101980","0"
"2808","19860909","2","9.3","188","17","11.2","5.1","0","102310","0"
"2809","19860910","5","6.4","156","18","10.8","4.5","0","102100","0"
"2810","19860911","5","6","150","16.4","12.3","6.6","0","101870","0"
"2811","19860912","6","5.9","147","14.9","12.2","7.9","0","101720","0"
"2812","19860913","7","1.5","87","16","11.4","7.9","16.8","101230","0"
"2813","19860914","7","1.1","78","11.2","13.4","10.8","0.1","100990","0"
"2814","19860915","8","0","48","15","10.2","9.2","3.8","101340","0"
"2815","19860916","6","4.6","127","14","11.2","7.5","0","101920","0"
"2816","19860917","6","0","47","16","10.4","6.9","0","102280","0"
"2817","19860918","2","9.4","174","16.9","10.8","5.7","0","103380","0"
"2818","19860919","1","10","178","20.2","11","5.2","0","103780","0"
"2819","19860920","1","10.4","179","20.5","12","3.9","0","103310","0"
"2820","19860921","3","9.8","172","20.3","13","5.5","0","102770","0"
"2821","19860922","4","7.7","151","20.1","13","5.7","0","102470","0"
"2822","19860923","4","4.5","116","14.9","14.2","8.2","0","102270","0"
"2823","19860924","7","0.1","48","16.9","13.2","11.4","0","102470","0"
"2824","19860925","4","7.1","140","17","13.4","9.8","0","102520","0"
"2825","19860926","4","6.8","136","19.2","11.4","5.8","0","102340","0"
"2826","19860927","6","6.9","135","19.6","13.8","8.5","0","102500","0"
"2827","19860928","6","2.6","88","16.7","15.6","11.7","0","103080","0"
"2828","19860929","8","0","40","15.8","14.6","12.4","0","103400","0"
"2829","19860930","7","0","39","15.7","14.1","12.4","0","103140","0"
"2830","19861001","7","0","39","19","14","12.3","0","102280","0"
"2831","19861002","7","4.7","106","19.9","15.4","11.8","0","102390","0"
"2832","19861003","3","8.8","142","19.4","15.4","10.9","0","102520","0"
"2833","19861004","1","9.2","144","17.2","14.8","10.1","0","102350","0"
"2834","19861005","5","0","36","20.7","14","10.7","0","102180","0"
"2835","19861006","6","5.5","109","22","15.6","10.4","0","102690","0"
"2836","19861007","4","7.1","121","20.9","16.6","11.3","0","102590","0"
"2837","19861008","5","4.6","98","21.7","17","13.1","0","102500","0"
"2838","19861009","7","6.6","114","19.6","17.2","12.8","0","101870","0"
"2839","19861010","7","1.9","67","17.6","15","10.5","0.4","101490","0"
"2840","19861011","3","7.3","117","16.8","13.3","9","0","102570","0"
"2841","19861012","4","1.2","56","17","11.6","6.5","0","102480","0"
"2842","19861013","3","2.2","67","17.6","13.4","9.7","0","101970","0"
"2843","19861014","7","0","31","15.4","14.4","11.3","21.4","101700","0"
"2844","19861015","5","4","83","15","13.8","12.1","0","102360","0"
"2845","19861016","2","7.2","108","16.4","9.8","4.6","0","103110","0"
"2846","19861017","3","7.5","109","14.8","10.2","4.1","1.6","102630","0"
"2847","19861018","8","0.8","46","15.1","11","7.2","4.9","100860","0"
"2848","19861019","4","6.3","97","15.9","10.5","5.9","7","99920","0"
"2849","19861020","5","5.5","90","14.9","11.8","7.6","0.4","99590","0"
"2850","19861021","7","0","28","14.5","10.8","6.6","18.7","100340","0"
"2851","19861022","6","2.5","62","11.6","12.5","10.5","2.1","99500","0"
"2852","19861023","2","8","103","12.1","7.8","4.1","0","100490","0"
"2853","19861024","5","0.1","30","11.9","7.3","2.5","4.3","100620","0"
"2854","19861025","5","0.7","40","13.5","9.7","7.5","0","99800","0"
"2855","19861026","3","7.4","95","15.3","9","4.4","0.2","102090","0"
"2856","19861027","8","0","25","16","11.4","7.4","5.2","102080","0"
"2857","19861028","8","0","25","12.8","14","12","2.7","101530","0"
"2858","19861029","3","6.7","87","14","8.6","4.5","0","102190","0"
"2859","19861030","6","0.2","29","13.2","10.8","7.6","0.7","101560","0"
"2860","19861031","7","0.3","30","13.6","9.4","5.7","2.8","101520","0"
"2861","19861101","7","0.1","26","9.6","11.2","8.7","3.4","100840","0"
"2862","19861102","4","4.1","65","11.4","6","2.5","0","102900","0"
"2863","19861103","6","0.1","25","11.7","7.4","3.4","3.6","102950","0"
"2864","19861104","5","5.7","73","11.9","6.8","1.9","0","103270","0"
"2865","19861105","8","0","21","11.9","7.9","3.9","0.2","102550","0"
"2866","19861106","4","8","84","14.8","8.2","4.6","0","103150","0"
"2867","19861107","8","0","21","10.2","9","3.2","4.2","102110","0"
"2868","19861108","5","6.6","74","14.3","8.2","6.1","0","101400","0"
"2869","19861109","7","0.3","26","16.2","9.4","4.6","0.3","101380","0"
"2870","19861110","7","2.3","45","14.1","12.8","9.3","6.2","100810","0"
"2871","19861111","6","0.1","22","13.4","13","12","0.3","101110","0"
"2872","19861112","4","7.1","73","13.6","8.1","2.8","0","101980","0"
"2873","19861113","7","0","19","14.1","10","6.4","3.5","100530","0"
"2874","19861114","6","0","18","12.7","11.2","8.4","13.3","100120","0"
"2875","19861115","4","5.5","61","12.5","9.8","6.8","0","101250","0"
"2876","19861116","6","0","18","10.9","9","5.5","1.2","101580","0"
"2877","19861117","3","4.1","52","13.5","7.2","3.6","4.7","101750","0"
"2878","19861118","7","1","30","13.1","9.4","5.4","7.1","101260","0"
"2879","19861119","8","0","17","9.4","11.6","10","5.3","100700","0"
"2880","19861120","4","6.5","62","10.9","6.1","2.8","7.6","101470","0"
"2881","19861121","7","2.8","42","10.8","7.2","3.6","0.3","100440","0"
"2882","19861122","4","3.3","44","11.7","7.7","4.6","2.2","99460","0"
"2883","19861123","6","0","16","13.7","7.2","2.8","0.6","99640","0"
"2884","19861124","8","0","16","13.6","9.8","5.8","0.6","100760","0"
"2885","19861125","8","0","15","10.2","12.6","11.5","1.5","101190","0"
"2886","19861126","3","5.5","53","12","8.4","6.5","0","101790","0"
"2887","19861127","3","4.7","49","10.8","7.8","3.5","0","103490","0"
"2888","19861128","1","5.3","51","5.5","6.2","1.7","0","103530","0"
"2889","19861129","8","0","15","9.5","4","2.6","0","103180","0"
"2890","19861130","8","0","14","12.7","5.8","2.1","0","102880","0"
"2891","19861201","8","0.3","18","13.2","8.9","5.1","0.2","102340","0"
"2892","19861202","8","0","13","14.3","11.2","9.2","0","102610","0"
"2893","19861203","7","0","13","14.8","11.6","9","0","102140","0"
"2894","19861204","8","0","13","13.8","12.5","10.2","0","102080","0"
"2895","19861205","8","0","13","8.5","13","12.2","7.1","101570","0"
"2896","19861206","2","6.2","49","12.8","5.2","1.8","0","101960","0"
"2897","19861207","5","0","13","13.2","6.6","0.5","0.7","101080","0"
"2898","19861208","7","0.1","15","9.3","9.2","5.1","2.6","100230","0"
"2899","19861209","5","6.4","49","8.1","7.4","5.4","1","101360","0"
"2900","19861210","3","6.5","49","9.1","3.7","-0.7","0","102900","0"
"2901","19861211","6","0","12","9.5","5.2","1.4","4.1","102430","0"
"2902","19861212","4","1.3","24","10.2","4.8","0","4.7","102180","0"
"2903","19861213","5","4.3","39","8.3","6","1.9","0","100380","0"
"2904","19861214","4","4.2","39","9.7","4.8","1.2","0.1","101450","0"
"2905","19861215","7","0","12","7.1","4.4","-1","8.4","100370","0"
"2906","19861216","3","5.7","45","11","4.4","1.8","0","100920","0"
"2907","19861217","5","0","12","10.9","6.1","1.2","3.8","101380","0"
"2908","19861218","6","0","12","6.6","7.7","4.5","1.2","100150","0"
"2909","19861219","1","6.5","48","7.4","4.5","2.4","0","100570","0"
"2910","19861220","3","6.8","49","4.2","4.1","0.8","0","101320","0"
"2911","19861221","4","0.7","19","3.7","1.6","-1.1","1.4","101390","0"
"2912","19861222","4","0.8","20","4.8","2.2","0.6","0","102530","0"
"2913","19861223","6","0","12","8.7","2.8","0.8","0","102960","0"
"2914","19861224","7","2.8","32","10.2","4.4","0","5.4","103270","0"
"2915","19861225","7","0","12","6.7","4.8","-0.5","3.6","101800","0"
"2916","19861226","5","2.3","29","6.9","3.8","0.8","0.4","101510","0"
"2917","19861227","5","0.1","14","10.9","3.8","0.6","0","102090","0"
"2918","19861228","6","0","12","11.5","6.4","2","0","101850","0"
"2919","19861229","7","0.1","14","11.5","9.1","6.7","2.1","101510","0"
"2920","19861230","7","0","12","10.6","10.2","8.9","3.5","100460","0"
"2921","19861231","6","0","13","11.1","8.9","7.2","10.3","100640","0"
"2922","19870101","7","0","13","7.7","9","6.9","0.6","100500","0"
"2923","19870102","6","0.1","15","5","6","4.2","0","100940","0"
"2924","19870103","4","6","48","10.6","3","1","0.1","102980","0"
"2925","19870104","8","0","13","8.7","4.7","-1.2","5","102030","0"
"2926","19870105","5","2.8","34","6.1","6.8","4.9","0","101210","0"
"2927","19870106","4","5.7","48","4.4","4.6","3.1","0","101600","0"
"2928","19870107","2","3.1","36","0.1","1.5","-1.4","0","103000","0"
"2929","19870108","0","0","13","3.2","-1.7","-3.5","0","102790","0"
"2930","19870109","7","0","14","1.5","0.2","-2.8","0","101260","0"
"2931","19870110","7","0.4","19","-3","0.5","-0.5","0.1","101420","0"
"2932","19870111","3","3.7","41","-6.2","-4.4","-5.7","0.6","102650","0"
"2933","19870112","4","7.1","57","-3.3","-7.6","-8.9","0.1","102440","1"
"2934","19870113","5","0.4","20","-1.4","-6.2","-9.1","3","101380","1"
"2935","19870114","8","0","14","1.1","-4.7","-8","0.4","101010","2"
"2936","19870115","8","0","15","1.5","-2.3","-5.7","0","101860","4"
"2937","19870116","7","0","15","-1.3","-0.6","-2.6","0","102800","2"
"2938","19870117","8","0","15","-0.8","-1.4","-1.5","0","103470","1"
"2939","19870118","8","0","15","0.4","-1.6","-2.5","0","103300","0"
"2940","19870119","8","0","16","3.1","-1.6","-3.7","0","103250","0"
"2941","19870120","8","0","16","7.2","0.1","-2.9","0","103540","0"
"2942","19870121","8","0","16","7.6","3.8","0.3","0.3","103740","0"
"2943","19870122","8","0","16","7.6","5.2","2.8","0.8","103710","0"
"2944","19870123","8","0","17","5.7","6.2","4.7","0.1","103670","0"
"2945","19870124","8","0","17","4.8","5.2","4.7","0","103920","0"
"2946","19870125","8","0","17","7","4.3","3.8","0","103200","0"
"2947","19870126","8","0","17","4.2","4.7","2.4","0","101870","0"
"2948","19870127","8","0","18","6.2","3.4","2.6","0","101180","0"
"2949","19870128","5","3.8","51","5.5","3.1","0","0","101120","0"
"2950","19870129","2","4.9","59","2.2","1.5","-2.5","0","101640","0"
"2951","19870130","0","8.4","79","5.5","-0.8","-3.7","0","102080","0"
"2952","19870131","0","8","78","5.4","-0.4","-6.2","0","102160","0"
"2953","19870201","5","5.3","64","6.7","0.2","-5.1","0","101860","0"
"2954","19870202","8","0.1","22","9.1","1.8","-3.2","0","101060","0"
"2955","19870203","7","0.3","26","9.5","6.2","3.4","0","101830","0"
"2956","19870204","8","0","20","11.6","7.2","4.8","0","102530","0"
"2957","19870205","8","0","21","12.5","9","6.3","0","102140","0"
"2958","19870206","8","0","21","9.8","10.2","8","0.2","101470","0"
"2959","19870207","5","4.6","65","12.9","5.6","1.5","0.1","102340","0"
"2960","19870208","8","0","22","10.3","8.1","3.3","1.7","101970","0"
"2961","19870209","8","0","22","10.2","9.4","8.5","0.2","100870","0"
"2962","19870210","6","6.5","81","8.6","7.6","4.9","0.3","99800","0"
"2963","19870211","7","1","39","5.7","5.2","1.8","1.8","99580","0"
"2964","19870212","8","0.3","30","7.2","4.3","2.9","0","99930","0"
"2965","19870213","6","0.1","27","5.1","3.4","-0.4","11.5","100350","0"
"2966","19870214","8","0.2","29","5.7","3.2","1.3","0.4","100900","0"
"2967","19870215","3","7.4","93","3.7","2.8","-0.1","0","101830","0"
"2968","19870216","6","0.1","28","3.8","1.2","-1.3","0.1","101910","0"
"2969","19870217","6","1","42","4.2","1.6","-0.5","0","101870","0"
"2970","19870218","5","4.5","76","3.7","1.9","-0.4","0","101920","0"
"2971","19870219","6","2.6","61","3.5","0.5","-2.7","0","102190","0"
"2972","19870220","2","7.4","100","5.6","0.8","-1.9","0","102080","0"
"2973","19870221","6","3.6","72","7.3","2.2","-1.1","0.1","102000","0"
"2974","19870222","7","0","28","5.8","4.2","1","0.5","102500","0"
"2975","19870223","5","3.2","70","5.2","3.1","0.4","0","102760","0"
"2976","19870224","6","1.8","57","6.1","2.6","0","0","102160","0"
"2977","19870225","6","5.4","91","10.6","2","-2.2","0","101470","0"
"2978","19870226","8","0","30","12","4.9","-0.8","4.9","101510","0"
"2979","19870227","7","0","31","14.9","7","2","7.7","101020","0"
"2980","19870228","7","2.6","69","11.9","11.8","8.8","2.9","101750","0"
"2981","19870301","8","0","35","9.4","9.8","7.7","3.5","101680","0"
"2982","19870302","7","4","93","3","8.5","7.6","0","101130","0"
"2983","19870303","6","8.4","135","3.9","1.6","0.2","0.6","102880","0"
"2984","19870304","7","0.1","41","8.6","0.2","-3.5","0.3","102100","1"
"2985","19870305","7","1.6","68","3.8","4.1","-0.4","1.5","102620","0"
"2986","19870306","8","0","38","4.6","3","2.2","2.4","102770","0"
"2987","19870307","8","0","38","4.8","2.8","1.1","4.2","102090","0"
"2988","19870308","8","0","39","5","2.4","0.1","0.1","102080","0"
"2989","19870309","3","7.3","136","7.6","2.4","-0.2","0","102380","0"
"2990","19870310","0","9.2","155","7.4","3.4","-0.7","0","102750","0"
"2991","19870311","1","8.4","150","8.1","3.2","-0.9","0","103080","0"
"2992","19870312","2","8.1","149","5.9","2.6","-3","0","103200","0"
"2993","19870313","5","1","66","7.2","1","-4","0","102630","0"
"2994","19870314","3","7","141","8.6","2.2","-2.8","0","102880","0"
"2995","19870315","6","0.1","48","8.6","3.8","-1","0","102380","0"
"2996","19870316","6","4.8","121","13","5","1.5","0","102040","0"
"2997","19870317","7","1","70","8.4","8.2","3.3","1.4","100850","0"
"2998","19870318","5","6","137","7.9","5.5","2.6","0.7","99880","0"
"2999","19870319","6","7.2","152","8.4","3.7","-0.5","0.1","99940","0"
"3000","19870320","5","7.6","157","8.7","3.7","-1","0","100580","0"
"3001","19870321","5","3.4","110","10.2","4","-0.6","0","100430","0"
"3002","19870322","5","2.3","96","11.2","4.4","-1.3","4.8","100980","0"
"3003","19870323","8","0","48","12.2","7.2","3.2","5.8","100570","0"
"3004","19870324","8","0","49","10.8","10.1","8","4.8","100330","0"
"3005","19870325","6","0.4","63","12.3","10","9.1","0.2","100150","0"
"3006","19870326","6","0.1","55","12","7","1.8","7.1","100960","0"
"3007","19870327","7","3","111","9","9.4","6.7","1.7","98800","0"
"3008","19870328","5","1.6","90","8.9","6.5","4","0.5","99490","0"
"3009","19870329","3","9.6","194","11.8","5","1.2","0.3","101650","0"
"3010","19870330","7","2.9","113","11.3","5.8","-0.3","0","102740","0"
"3011","19870331","7","0.1","59","9.4","7.8","4.2","2.7","102480","0"
"3012","19870401","8","0","54","11.1","8.4","7.3","7","100940","0"
"3013","19870402","6","7.1","173","10","7.2","3.2","0","99530","0"
"3014","19870403","7","0.4","70","9.5","7.1","4.2","3.6","99230","0"
"3015","19870404","8","0","56","15.1","8.5","7.5","7.5","99390","0"
"3016","19870405","5","7","176","13.8","9","3","0.2","100290","0"
"3017","19870406","6","2.4","113","13.1","10","6.2","13.1","100830","0"
"3018","19870407","7","0.5","76","13","9.6","6","0.6","100430","0"
"3019","19870408","7","0","58","13.9","10.2","7.4","0.4","100210","0"
"3020","19870409","7","3.3","131","12.6","11","8","0.5","100440","0"
"3021","19870410","5","8.4","201","12.2","7.4","2.1","2.6","101090","0"
"3022","19870411","4","9.8","219","11.2","8","3.7","0","101020","0"
"3023","19870412","4","6.2","176","11.9","7.1","3","0","102250","0"
"3024","19870413","7","0","61","13.9","8.3","4.7","0","102690","0"
"3025","19870414","4","1.5","104","13.5","9","4","0","103110","0"
"3026","19870415","4","2.3","120","18.5","9.7","5.9","0","103200","0"
"3027","19870416","3","7.2","194","22.1","11.6","4.6","0","102830","0"
"3028","19870417","0","11.9","253","17.7","14.6","7.2","0","102370","0"
"3029","19870418","4","4.7","162","16.7","12.1","6.5","0","102120","0"
"3030","19870419","5","6.6","190","13.4","14","11.4","0.3","101630","0"
"3031","19870420","5","4.6","163","15.8","10.8","8.2","0","101710","0"
"3032","19870421","6","1.6","112","16.8","9.7","3.6","0","102450","0"
"3033","19870422","6","4.3","160","21","13.4","10","0","102620","0"
"3034","19870423","1","12.3","267","22.2","13.8","6.6","0","102430","0"
"3035","19870424","5","10.1","242","20","14.8","7.3","0","101910","0"
"3036","19870425","4","5.4","180","22.2","15","10.1","0","101570","0"
"3037","19870426","3","11.3","260","21","15.1","8","0","102010","0"
"3038","19870427","3","5.6","185","23.4","15.6","10.3","0","102550","0"
"3039","19870428","1","12","271","21.6","15.4","7.5","0","102210","0"
"3040","19870429","5","6.4","199","16.2","16.4","11.3","4.1","101770","0"
"3041","19870430","7","0.1","77","17.2","14","11.7","0","101520","0"
"3042","19870501","7","0.2","82","14.5","14.6","12","1.6","101650","0"
"3043","19870502","4","11.7","273","10.1","8.8","3","1.9","101380","0"
"3044","19870503","5","6.2","200","12.3","7.2","4.3","2.2","102330","0"
"3045","19870504","2","12.1","280","14.2","7.2","2.2","0","103180","0"
"3046","19870505","7","3.1","152","17.7","10.1","6","0","103310","0"
"3047","19870506","4","5.3","189","17.6","11.8","6","0","103230","0"
"3048","19870507","2","13.7","303","20.4","12.2","6.7","0","103100","0"
"3049","19870508","0","14.1","309","23.7","12.1","3.8","0","102570","0"
"3050","19870509","3","13.9","308","14.9","15.2","6.6","0","101580","0"
"3051","19870510","5","8.2","236","15.2","11","7.2","0","101520","0"
"3052","19870511","7","0.1","82","14.8","10.6","5.9","2.5","101150","0"
"3053","19870512","6","6.3","210","13.8","12.6","10.5","2.8","100170","0"
"3054","19870513","4","8.6","244","14.5","8.9","4","9.9","101090","0"
"3055","19870514","7","5.7","202","12.3","10","5.4","5.2","100230","0"
"3056","19870515","6","7.5","230","14.6","9.4","6.6","0.3","100780","0"
"3057","19870516","6","4.9","190","13.8","9.3","4","0","101390","0"
"3058","19870517","8","0.1","85","13.2","10.8","7.9","4.7","101200","0"
"3059","19870518","8","1.2","120","17.2","10.6","8.1","2.2","101160","0"
"3060","19870519","5","7.4","231","13.6","11.9","6.6","0","102230","0"
"3061","19870520","5","10","268","14.6","9.4","5.3","0.1","102960","0"
"3062","19870521","6","3.6","171","13.1","10.4","6.1","0.1","102560","0"
"3063","19870522","6","2.6","152","11.7","9.7","6.3","5.9","102110","0"
"3064","19870523","8","0","80","18.9","9.8","7.9","2.5","101980","0"
"3065","19870524","6","5.9","211","17.5","13","7.2","0","101730","0"
"3066","19870525","6","0.9","115","22.6","12.6","7.6","0","101940","0"
"3067","19870526","7","5.1","199","19.9","15.8","9.1","0.3","101640","0"
"3068","19870527","7","12.3","303","18.8","14.9","9.9","0","101470","0"
"3069","19870528","6","3.4","170","19.9","13.4","8.1","0","101830","0"
"3070","19870529","5","10.4","279","20.6","14.2","8.5","0","102280","0"
"3071","19870530","7","5.8","212","20.9","16.8","12.9","11.9","102050","0"
"3072","19870531","6","7.9","245","20.5","16.2","11.4","0","101940","0"
"3073","19870601","7","7.7","244","15.5","15.4","10.3","0","102110","0"
"3074","19870602","8","0","79","19","13.7","11.9","3.7","101630","0"
"3075","19870603","7","2.7","160","19.1","14.8","10.5","0.3","100660","0"
"3076","19870604","6","6.7","230","15.6","15.5","11.9","13.2","100540","0"
"3077","19870605","7","0","80","18.3","11.7","7.8","6.5","100880","0"
"3078","19870606","6","7.8","247","16.7","14.2","10.1","0","100300","0"
"3079","19870607","6","4.9","201","14.2","14","11.2","2.2","100420","0"
"3080","19870608","8","0.3","98","13.4","12","9.9","4.2","100380","0"
"3081","19870609","7","0.2","94","17.3","11.2","9.1","1.9","100430","0"
"3082","19870610","6","8.7","261","17.2","11.3","5.3","2.8","100720","0"
"3083","19870611","7","3.3","173","18.2","13.8","10.5","3.6","101280","0"
"3084","19870612","4","8.7","261","17.1","12.4","6.7","0","101810","0"
"3085","19870613","5","6","221","17.9","13","8.8","0","101440","0"
"3086","19870614","6","5.5","213","18","13.8","9.8","0.3","101220","0"
"3087","19870615","6","4.2","191","16.5","12.2","6.3","0","101090","0"
"3088","19870616","5","10.3","284","16.2","11.7","6.9","5.5","101810","0"
"3089","19870617","7","2.8","164","18.2","12.6","9","3.6","101580","0"
"3090","19870618","6","2.6","160","16.2","13.4","8.7","7.3","101290","0"
"3091","19870619","8","0.1","89","20","13.8","11.4","1.7","99980","0"
"3092","19870620","5","8.7","262","19.7","14.4","8.8","2.8","101230","0"
"3093","19870621","6","4.6","198","15.9","14.9","10.1","0","101720","0"
"3094","19870622","7","2.9","166","19.6","13.2","10.5","3.8","101960","0"
"3095","19870623","7","0.1","89","19.1","15.8","12","0.2","102070","0"
"3096","19870624","5","8","251","17.6","15.5","11.9","1.5","101960","0"
"3097","19870625","7","0.2","94","21.3","14.4","11.2","4.5","101580","0"
"3098","19870626","7","3.6","179","22.1","16.7","12.1","0.3","101320","0"
"3099","19870627","8","0.1","89","25.1","17.9","13.7","0","101520","0"
"3100","19870628","7","2.5","157","28.5","21","16.9","0","102120","0"
"3101","19870629","5","9.4","271","24.4","23.2","17.8","0","102140","0"
"3102","19870630","5","10.3","283","21","20.9","17.4","0","102110","0"
"3103","19870701","5","10.6","286","22","16.1","11.2","0","102280","0"
"3104","19870702","6","9.5","271","23.4","16.6","11.2","0","102550","0"
"3105","19870703","3","13.3","320","26","18","12.6","0","102660","0"
"3106","19870704","2","14.6","336","27.8","19","12.1","0","102630","0"
"3107","19870705","1","15.1","342","28.3","20.4","13.1","0","102340","0"
"3108","19870706","5","6.2","222","25.3","21.8","15.3","0","101800","0"
"3109","19870707","6","8.4","254","23.1","20.8","16.2","0","101820","0"
"3110","19870708","3","13.3","318","22.4","17.9","12.7","0","102100","0"
"3111","19870709","4","10.1","277","26.6","17.6","12.9","0","102280","0"
"3112","19870710","5","3.9","182","25.9","21.2","15.9","0","102110","0"
"3113","19870711","6","7","232","23.2","20.6","15.3","0","101470","0"
"3114","19870712","4","9.6","269","25.8","17.2","11.1","0","101750","0"
"3115","19870713","4","7.8","243","24.9","19.5","13.2","0","101930","0"
"3116","19870714","7","0.6","106","22.7","20.4","15.9","6.3","101450","0"
"3117","19870715","7","2.7","157","19.4","19.6","16.6","6.5","100860","0"
"3118","19870716","7","1.9","140","16","16.4","13.4","5.1","100430","0"
"3119","19870717","8","0","77","17.4","14.6","13.1","4.7","99730","0"
"3120","19870718","8","0","77","17.8","15.1","12.8","15.9","100000","0"
"3121","19870719","8","0.6","105","20.3","15.3","12.8","12.7","100020","0"
"3122","19870720","7","2.6","153","15.5","17.1","13.9","0.7","100960","0"
"3123","19870721","8","0","76","17.7","14.4","13.3","3.2","101620","0"
"3124","19870722","8","0","76","15.3","15.6","13.5","0.1","101860","0"
"3125","19870723","8","0","75","19.9","14.2","13.1","0.3","102120","0"
"3126","19870724","7","0.1","83","18.1","15.4","10.9","0.3","102060","0"
"3127","19870725","5","5.5","201","20.8","14.2","10.3","0","102060","0"
"3128","19870726","5","10.2","267","21.3","14.5","8.2","1.4","102060","0"
"3129","19870727","6","8.9","249","22.7","17.4","13.4","0.4","101460","0"
"3130","19870728","6","4.5","183","21.9","17.4","12","9.2","101700","0"
"3131","19870729","7","2.2","140","19.3","18.7","15.5","8.8","101100","0"
"3132","19870730","7","0.2","86","25.1","16.6","13.8","1.7","101710","0"
"3133","19870731","6","6.7","215","21.6","19.8","14.4","0","101600","0"
"3134","19870801","7","7.4","224","20.9","17.4","13.3","4.5","101590","0"
"3135","19870802","7","2.1","136","21.2","17.4","13.9","0.4","101190","0"
"3136","19870803","6","6.4","208","18.5","16.8","12.5","0.6","101270","0"
"3137","19870804","3","9.4","248","19.1","14.4","10.2","0","102010","0"
"3138","19870805","5","7.7","225","19.9","14.2","9.2","0","102290","0"
"3139","19870806","3","10.6","261","19.5","14.4","9","0","101610","0"
"3140","19870807","5","7.7","223","17.2","14.4","9.4","0","101110","0"
"3141","19870808","7","0.2","82","19.6","14.4","11.5","0","101380","0"
"3142","19870809","7","1.5","118","20.8","16.4","13.2","0.9","101520","0"
"3143","19870810","4","8.2","226","19.1","15.3","9.8","0","101960","0"
"3144","19870811","6","4.4","170","21.4","14.6","10.1","1.6","101870","0"
"3145","19870812","7","1.6","118","22.6","16.8","12.2","0","101680","0"
"3146","19870813","7","0.6","93","23.5","19.2","15.8","0","101310","0"
"3147","19870814","6","8.3","223","26.2","18","12.5","0","101490","0"
"3148","19870815","3","13.1","279","28.1","19.4","12.7","0","102000","0"
"3149","19870816","1","12.7","273","24.2","20.9","13.7","0.1","101790","0"
"3150","19870817","7","0.4","84","23.7","20.2","16.2","1","101350","0"
"3151","19870818","6","3.1","143","25.3","19.8","15.9","0","101500","0"
"3152","19870819","5","6.6","194","29.1","19","12.6","0","102050","0"
"3153","19870820","3","12.7","267","29.2","22","14.9","0","101770","0"
"3154","19870821","5","7.7","206","24.4","23.5","17.8","5.3","101290","0"
"3155","19870822","6","3.4","144","22.1","21","17.6","24.7","100770","0"
"3156","19870823","3","9.4","224","19.3","17.3","12.5","0","100790","0"
"3157","19870824","6","2.2","121","15.4","16.2","13.1","7.1","101080","0"
"3158","19870825","7","0","61","18.1","13.2","10.9","8.8","100710","0"
"3159","19870826","7","2.4","123","16.3","14","9.9","2.1","100530","0"
"3160","19870827","6","1.2","98","25.1","13.8","11.2","0.1","101770","0"
"3161","19870828","4","8.2","203","21.1","16.8","8.5","0","102450","0"
"3162","19870829","6","1.4","101","22.8","17.6","14","0","102490","0"
"3163","19870830","2","4.9","158","19.3","17","11.1","0","102280","0"
"3164","19870831","3","6.8","181","24.4","16.4","13.5","0","101980","0"
"3165","19870901","4","3.7","133","20.5","18.1","11.8","5.7","101420","0"
"3166","19870902","8","0","56","22.2","18.7","16.9","0","101680","0"
"3167","19870903","5","1.9","103","21","18.8","15.5","1.2","101390","0"
"3168","19870904","3","8.4","187","19.8","15.8","10.5","1.8","101690","0"
"3169","19870905","5","4.8","143","19.5","16.2","12.7","2","101000","0"
"3170","19870906","6","0.5","72","18.9","14.8","10","1","101370","0"
"3171","19870907","5","5.5","149","20.2","15.4","11.9","0.2","101720","0"
"3172","19870908","4","9","187","20.4","14.4","8.5","0","102050","0"
"3173","19870909","7","6.3","156","20.1","16","11.5","1.5","101770","0"
"3174","19870910","7","8.3","176","19.6","17","14","0","101400","0"
"3175","19870911","6","4.2","128","21.6","16","12.5","0.5","101340","0"
"3176","19870912","7","1","78","17.3","18.8","16.1","6.5","100690","0"
"3177","19870913","7","0.5","67","20.9","14.8","12.4","0","101190","0"
"3178","19870914","3","9.3","180","19.7","15.6","10.3","0","101660","0"
"3179","19870915","6","4","120","19.2","14.4","9","0","102370","0"
"3180","19870916","8","0","47","24.7","16.1","13","0.1","102180","0"
"3181","19870917","7","5.3","133","20.6","19.4","14","1.9","101780","0"
"3182","19870918","6","8.7","167","16.2","18.1","15.6","0.6","102390","0"
"3183","19870919","7","0","46","23.1","14.8","13.3","5.2","101900","0"
"3184","19870920","4","6.8","145","21.6","18.4","13.7","0","101300","0"
"3185","19870921","7","3.4","106","19","18.6","15.7","0.1","101030","0"
"3186","19870922","5","8.1","155","19.9","16","13","0","101230","0"
"3187","19870923","5","4.9","121","16.9","15.2","10.4","6.6","100860","0"
"3188","19870924","3","7.5","146","16","13.5","10.1","2","100590","0"
"3189","19870925","2","8.1","150","15.4","11","5.9","0","100800","0"
"3190","19870926","2","8.4","151","14.5","9.5","3.6","0","101370","0"
"3191","19870927","5","5.6","122","13.8","10.1","5.7","0","102450","0"
"3192","19870928","7","0.8","61","15.1","11.6","9.4","0","102850","0"
"3193","19870929","5","5.8","122","16.6","10.4","5.7","0","102890","0"
"3194","19870930","5","6.4","126","17.5","12.4","8.1","0","102430","0"
"3195","19871001","2","9.7","153","19","12.4","7.2","0","102200","0"
"3196","19871002","6","4","99","18.2","14.1","9.2","0.2","102140","0"
"3197","19871003","7","5.3","111","20.5","15.8","13.4","10.3","102070","0"
"3198","19871004","6","4.2","99","20","16.4","12.2","0","101270","0"
"3199","19871005","7","2.5","79","15.7","16.3","12.6","0.2","100350","0"
"3200","19871006","4","3","84","16","13.6","11.6","5.3","99800","0"
"3201","19871007","7","0","35","13.4","11.6","7.3","13.8","99200","0"
"3202","19871008","4","6.3","113","14.5","11.2","8.9","0.3","99070","0"
"3203","19871009","8","0.2","41","9.4","10.4","6.2","53.1","99920","0"
"3204","19871010","8","0","33","14.1","9.4","9.4","12.5","99180","0"
"3205","19871011","4","7.2","116","15","9.3","4.5","0","100220","0"
"3206","19871012","4","9.1","129","14.7","10.5","6","1.8","100360","0"
"3207","19871013","5","6.4","106","12.1","11.1","7.5","1","99960","0"
"3208","19871014","5","3.5","80","17.6","9","5.9","10.4","99650","0"
"3209","19871015","7","0","31","14.8","13.1","8.6","17.3","98090","0"
"3210","19871016","5","5.1","92","15.5","11.5","8.2","6.3","98770","0"
"3211","19871017","5","5.6","94","17.1","11.8","8.2","0.1","101280","0"
"3212","19871018","7","5.4","91","17.3","13.5","9.9","1.4","101300","0"
"3213","19871019","7","1.2","50","14.4","14.7","12.1","1.2","101070","0"
"3214","19871020","8","0","28","14.3","12.8","11.1","35.5","100740","0"
"3215","19871021","5","2.8","66","14.4","12.8","11.2","0.4","100660","0"
"3216","19871022","2","8.8","110","11.1","10.6","6.7","0","101780","0"
"3217","19871023","5","1.4","50","12.5","6.8","2.5","0","102160","0"
"3218","19871024","2","8.6","106","14","8.5","4.5","0","102560","0"
"3219","19871025","1","6.8","93","12.3","7.2","0.5","0","102720","0"
"3220","19871026","7","0","25","16","8.2","4","2.4","102060","0"
"3221","19871027","8","0","25","12.8","12.4","8.9","0.2","100950","0"
"3222","19871028","2","9","102","12.4","9.2","5.5","0","101840","0"
"3223","19871029","4","4.5","72","13","6.9","1.4","0","101930","0"
"3224","19871030","7","0","24","13.9","8.7","4.4","0.2","101640","0"
"3225","19871031","8","0","23","12.3","11.2","8.5","0.9","101620","0"
"3226","19871101","8","0","23","9.3","11","9.7","0","102120","0"
"3227","19871102","2","0","22","11.6","5.8","2.2","0","102880","0"
"3228","19871103","8","0.1","25","12.2","8","4.5","0","103390","0"
"3229","19871104","7","0.1","25","12.4","10","7.9","0","103660","0"
"3230","19871105","4","4.4","64","9.4","10.1","7.8","0","103680","0"
"3231","19871106","3","0","21","7.4","6","2.7","0","103320","0"
"3232","19871107","8","0","21","8.2","6.5","5.6","0","102530","0"
"3233","19871108","8","0","20","8.7","6.8","5.3","8.8","101640","0"
"3234","19871109","8","0","20","10.3","6.9","5.1","0.2","101140","0"
"3235","19871110","6","0","19","13.1","8.6","7","1.9","101060","0"
"3236","19871111","8","0","19","9.3","8.6","4","15.2","100240","0"
"3237","19871112","5","4.2","56","9","7.4","5.6","0","99040","0"
"3238","19871113","5","0.2","23","10.4","7","5","0.5","99080","0"
"3239","19871114","2","7.5","73","13.2","6","1.7","2.2","100690","0"
"3240","19871115","7","0","18","13.8","8.3","3.4","0.4","100430","0"
"3241","19871116","4","4.9","57","12.9","10.6","7.5","0","100760","0"
"3242","19871117","6","2.9","45","13","9.3","5.7","0","102610","0"
"3243","19871118","6","0.6","26","13.2","9.4","5.7","1.5","103200","0"
"3244","19871119","7","0","17","11.4","10.4","7.7","9","102290","0"
"3245","19871120","4","2.7","42","9.5","7.7","4","0","102370","0"
"3246","19871121","5","2","36","9.4","5.8","2.2","0.5","102420","0"
"3247","19871122","7","0.1","19","6.6","7.1","4.8","2.9","100740","0"
"3248","19871123","7","0","16","8.9","4.8","3.1","0.2","99910","0"
"3249","19871124","7","0.6","24","7.7","6.1","3.3","0","100420","0"
"3250","19871125","7","1","27","7.1","6.6","5.5","0","100460","0"
"3251","19871126","7","0","15","7.5","6","4.9","0","100900","0"
"3252","19871127","1","6.9","59","5","4","0.5","0","101970","0"
"3253","19871128","3","1.6","31","3.4","1.2","-2.6","0","102510","0"
"3254","19871129","","0","15","6.5","0.3","-2.8","0","102480","0"
"3255","19871130","7","0","14","7.6","2","-2.6","0","103080","0"
"3256","19871201","7","0.1","16","5.9","5.3","3","0.4","103440","0"
"3257","19871202","7","0","13","4.7","5.2","4.4","0","103350","0"
"3258","19871203","7","0","13","7","3.8","2.9","0","102480","0"
"3259","19871204","7","0.1","15","7.8","4.7","2.4","0","101560","0"
"3260","19871205","8","0","13","6.6","5.9","4","0","101140","0"
"3261","19871206","8","0","13","5.8","6.2","5.8","0","101270","0"
"3262","19871207","6","0","13","5.4","5","4.2","0","102250","0"
"3263","19871208","3","6.1","48","4.5","1.9","-1.6","0.2","102600","0"
"3264","19871209","6","3","34","5","1.8","-0.9","0","102530","0"
"3265","19871210","4","6.3","48","5","1.8","-1.4","0","102390","0"
"3266","19871211","5","0","12","5.8","0.6","-3.7","0","101910","0"
"3267","19871212","7","0.1","14","6.4","2","-1.8","0","101920","0"
"3268","19871213","2","6.6","49","2.8","3.5","0.6","0","101390","0"
"3269","19871214","8","0","12","10.9","1.5","0.2","0","100750","0"
"3270","19871215","8","0","12","12.8","6","1","7.4","100510","0"
"3271","19871216","7","0.2","15","14.2","6.7","0.6","0.9","99940","0"
"3272","19871217","8","0","12","13","12.1","10","0.4","100740","0"
"3273","19871218","8","0.5","18","10.8","12.1","11.2","0","100870","0"
"3274","19871219","6","0.3","16","11.5","8","5.3","0","102050","0"
"3275","19871220","8","0","12","11.5","9.6","7.7","0","102500","0"
"3276","19871221","8","0","12","9.8","10.2","8.9","0","102780","0"
"3277","19871222","4","5","42","5.7","7","4.3","0","103430","0"
"3278","19871223","6","1.1","22","10","3.6","1.6","0","102780","0"
"3279","19871224","8","0","12","10.1","6.2","2.4","0.1","101850","0"
"3280","19871225","5","1.9","27","11.8","7.8","5.6","0","101900","0"
"3281","19871226","8","0","12","13","8.2","4.6","0","102450","0"
"3282","19871227","8","0","12","13.5","11.2","9.4","0","102350","0"
"3283","19871228","8","0","12","13.7","12.1","10.7","0","102440","0"
"3284","19871229","8","0","12","12.5","12.4","11.2","1.2","102070","0"
"3285","19871230","6","0.2","15","11.5","10","7.6","3.8","101820","0"
"3286","19871231","5","2.9","33","13.2","9.8","8","0","100350","0"
"3287","19880101","6","0","13","12.6","9.6","5.9","1.2","100100","0"
"3288","19880102","6","1.8","28","9.3","10.4","8.3","3.3","98730","0"
"3289","19880103","4","2.5","32","10.9","7.9","6.5","3","98790","0"
"3290","19880104","5","4.5","42","10.6","8.6","6.2","8.6","99090","0"
"3291","19880105","8","0","13","9.7","8.4","6.2","2","99490","0"
"3292","19880106","6","1.3","25","7","8","6.2","0.2","99050","0"
"3293","19880107","1","6","50","12.1","4.3","1.6","0","101470","0"
"3294","19880108","7","0","13","12.7","4.9","-2.3","0.6","102030","0"
"3295","19880109","8","0","14","8.9","8.6","4.5","0.6","101680","0"
"3296","19880110","7","0.2","17","7.8","8","7.1","0","101910","0"
"3297","19880111","2","7.1","57","8.8","4.4","1","0","102110","0"
"3298","19880112","5","0.6","21","9","5.6","2.3","2.4","101310","0"
"3299","19880113","8","0","14","9.7","6.7","4.4","3","100230","0"
"3300","19880114","3","5.3","50","4.7","6.6","3.5","2.8","100960","0"
"3301","19880115","4","0","15","2.7","3.3","1.9","0","101910","0"
"3302","19880116","8","0","15","6.1","1.5","0.3","0","102310","0"
"3303","19880117","7","3.1","40","8.5","2.3","-1.5","0","102430","0"
"3304","19880118","7","0.1","18","10","3.6","-1.3","0","101740","0"
"3305","19880119","8","0.1","18","8.5","7.7","5.4","0.5","100610","0"
"3306","19880120","5","1.9","34","6.8","6.2","4","1.6","100170","0"
"3307","19880121","4","5.5","56","4.6","2.3","-2.2","12.4","100900","0"
"3308","19880122","5","2.3","38","11.1","2.8","0.9","0.2","100350","0"
"3309","19880123","6","0","17","10.5","4.6","-2","5.6","100850","0"
"3310","19880124","6","4.2","51","8.8","6.6","2.7","11.1","99200","0"
"3311","19880125","7","0.6","26","8","6.7","4.6","1.3","98300","0"
"3312","19880126","7","0","17","6.9","6.6","5.3","0","99640","0"
"3313","19880127","7","0.3","23","9.6","5.4","4","10","100890","0"
"3314","19880128","8","0","18","7.5","6.3","3","10.4","99530","0"
"3315","19880129","7","0","18","7.5","5.8","4","14.9","97560","0"
"3316","19880130","4","0.7","29","9.4","5.3","3.1","0","98580","0"
"3317","19880131","4","6.6","70","9.8","5.4","1.4","11.2","100130","0"
"3318","19880201","7","1.2","35","7.8","6.4","3","1.7","98400","0"
"3319","19880202","4","4.4","59","10.2","6.5","5.2","3.5","99100","0"
"3320","19880203","5","1.1","35","7.8","5.6","1.1","4.1","99880","0"
"3321","19880204","5","2.8","50","10.1","5.1","2.4","0.4","99000","0"
"3322","19880205","4","4.3","61","7.9","6.3","2.5","0","99410","0"
"3323","19880206","4","6.1","74","7.4","4.3","0.7","0","99890","0"
"3324","19880207","3","5.6","72","10","2.8","-1.8","3.6","100740","0"
"3325","19880208","4","8.1","88","7.3","5.4","0.7","3.1","100010","0"
"3326","19880209","5","4.9","69","7.7","4.4","1.5","2.3","99160","0"
"3327","19880210","6","2.8","54","7.4","4.2","0.6","1.7","99520","0"
"3328","19880211","5","6.2","80","7.6","4.4","1.5","0","100140","0"
"3329","19880212","2","7.8","91","9.4","3","-1.6","0","101360","0"
"3330","19880213","7","0","24","12.1","4","-1.3","1.6","101630","0"
"3331","19880214","6","2.3","54","14.5","9.5","6.9","0","102060","0"
"3332","19880215","4","7.9","96","8.4","8.8","3","0","102140","0"
"3333","19880216","3","8.4","101","9.6","5.6","2.9","0","102460","0"
"3334","19880217","2","7.7","98","10.9","4.8","-0.1","0","102790","0"
"3335","19880218","6","3","63","12.3","6","1.2","0","102770","0"
"3336","19880219","6","5.8","87","9.7","8.8","5.3","0","102980","0"
"3337","19880220","7","0","27","9.8","7.8","6","0","103120","0"
"3338","19880221","7","0.1","31","9.2","8.1","6.4","0","103290","0"
"3339","19880222","6","0.3","36","7.2","5.6","2.1","0","102980","0"
"3340","19880223","5","5.4","89","5.8","4.6","2.1","0","102080","0"
"3341","19880224","5","2.4","63","5","3.7","1.6","1.5","101700","0"
"3342","19880225","5","5","88","5.5","2.8","0.7","0.7","102180","0"
"3343","19880226","3","6","98","8.1","1.8","-1.9","0","102920","0"
"3344","19880227","7","0","31","9.2","3.4","-1.3","0.4","102940","0"
"3345","19880228","7","1","50","4.7","6.2","3.1","1.4","102000","0"
"3346","19880229","4","5.3","96","5.9","2.6","0.5","0","101360","0"
"3347","19880301","5","6.3","115","7.2","2.6","-0.7","0","101120","0"
"3348","19880302","4","7.8","130","8.9","1.6","-4","0.5","101680","0"
"3349","19880303","7","1.4","64","5.6","4.7","0.5","3.9","100480","0"
"3350","19880304","4","7.2","128","7.6","2.4","-0.8","0","100720","0"
"3351","19880305","5","3.9","97","9.9","1.8","-4","0","101240","0"
"3352","19880306","7","0.3","48","8.6","5","0.1","2.1","101360","0"
"3353","19880307","7","0.9","60","9","6.8","5","0","102010","0"
"3354","19880308","8","0","39","12.5","6.3","3.6","0","102510","0"
"3355","19880309","6","7.8","142","10.2","8","3.4","2.1","102600","0"
"3356","19880310","6","3.5","99","11.6","7.6","4.9","0","102790","0"
"3357","19880311","6","0.8","62","11.7","6.6","1.5","0","102650","0"
"3358","19880312","8","0.6","59","11","9.2","6.6","0","101840","0"
"3359","19880313","7","0.1","47","10.4","8.1","5.2","3.4","101090","0"
"3360","19880314","8","0","43","11.5","8.4","6.4","4.7","100660","0"
"3361","19880315","6","1.6","79","11.7","8.6","5.6","6.2","99490","0"
"3362","19880316","6","1.6","80","9.8","8.2","4.6","0.1","98930","0"
"3363","19880317","8","4.2","116","11.2","6.8","3.7","0.9","100720","0"
"3364","19880318","8","3.5","109","12.2","7.4","3.7","5.9","101310","0"
"3365","19880319","8","0","46","12.1","8.8","5.3","1.7","100930","0"
"3366","19880320","7","0.4","60","14.2","9.9","7.7","9.5","100800","0"
"3367","19880321","7","3.3","110","13.2","11","7.8","0.6","100860","0"
"3368","19880322","6","3.1","108","13","8.2","3.3","1.4","101290","0"
"3369","19880323","5","3.5","115","13.5","9","4.9","0","101080","0"
"3370","19880324","7","3.4","115","13.1","10.4","7.2","7.3","101020","0"
"3371","19880325","5","6.4","154","11.2","9.6","6.1","0.2","100210","0"
"3372","19880326","3","6.3","154","12.4","8.3","5.4","0","100810","0"
"3373","19880327","4","4.3","131","10.3","8.7","5","0","101870","0"
"3374","19880328","7","0.1","57","8.8","6.5","2.7","0.6","101670","0"
"3375","19880329","8","0","53","9.7","7.2","5.6","8.4","100580","0"
"3376","19880330","7","1.2","86","12.2","7.5","5.3","0","100020","0"
"3377","19880331","5","4.6","140","12.2","7.4","2.7","0","101050","0"
"3378","19880401","4","6.3","163","13.6","6.1","0","0","101380","0"
"3379","19880402","7","2.8","116","14.7","9.8","6.1","0","101370","0"
"3380","19880403","3","6.6","170","12.1","9.2","3.6","0","102170","0"
"3381","19880404","5","5","150","9.1","8.4","4.6","0","102430","0"
"3382","19880405","7","0.5","75","13.1","7","5","0","102670","0"
"3383","19880406","4","7.7","188","13.6","9.2","5.2","0","102320","0"
"3384","19880407","6","1.9","106","13","8.6","3.7","0","101790","0"
"3385","19880408","7","2","109","6.5","9","5","4.9","101770","0"
"3386","19880409","7","0","59","13.1","3.8","1.1","0.3","102150","0"
"3387","19880410","2","10.7","229","16","5.4","-2.2","0","102290","0"
"3388","19880411","2","11.4","239","15.4","8.8","1.5","0","101900","0"
"3389","19880412","2","10.1","226","11.1","10.2","5.1","0","101470","0"
"3390","19880413","1","12.8","258","11.5","6.8","2.5","0","102680","0"
"3391","19880414","6","1.7","109","13.5","6.4","1.4","0","102310","0"
"3392","19880415","8","0","63","15","10","6.5","2.9","101180","0"
"3393","19880416","8","0.1","70","17.2","12.8","10.6","2.7","100490","0"
"3394","19880417","7","3.2","138","18.9","13.9","10.6","0","100740","0"
"3395","19880418","7","1","97","16.1","14.2","9.5","4.8","100900","0"
"3396","19880419","7","0.1","71","17.2","14","11.8","4.6","100730","0"
"3397","19880420","4","9.7","233","15.9","13.3","9.4","0","101140","0"
"3398","19880421","6","0.5","86","12","11.9","7.9","0","101760","0"
"3399","19880422","6","0.1","73","10.3","10.2","8.5","0","101980","0"
"3400","19880423","3","9.9","240","11.6","7.4","4.5","0","102170","0"
"3401","19880424","1","13.1","280","12.4","6.6","1.6","0","101930","0"
"3402","19880425","5","11.2","258","15.2","6.7","1","0","101910","0"
"3403","19880426","5","8.1","220","12","8.8","2.3","1","101970","0"
"3404","19880427","7","2.3","131","12.4","9.8","7.6","0","101880","0"
"3405","19880428","6","2.3","132","12.1","9","5.5","0.4","101670","0"
"3406","19880429","8","0","70","16.6","9.4","6.6","1.9","101040","0"
"3407","19880430","7","4.7","175","16.1","12.2","7.7","4.2","100620","0"
"3408","19880501","7","5.6","190","15.8","12.8","9.6","1.5","99970","0"
"3409","19880502","6","5","182","14.7","12.4","9","0.7","99730","0"
"3410","19880503","7","2.7","144","16.1","11.4","8.2","1.5","99840","0"
"3411","19880504","5","5.1","185","17.1","13","10","1.1","100200","0"
"3412","19880505","3","10.9","267","20.3","11.8","6.6","0","101390","0"
"3413","19880506","1","13.2","297","19.1","13.4","6.6","0","102190","0"
"3414","19880507","3","6.4","208","22.7","14.3","9.5","18.8","101630","0"
"3415","19880508","6","1.5","122","13.1","18.2","13.6","0.8","101280","0"
"3416","19880509","8","0","75","16.8","12.8","12.6","0","102050","0"
"3417","19880510","5","9.8","258","13.5","13.8","10.7","0","102010","0"
"3418","19880511","6","2.7","149","18.7","10.8","8.2","5.3","101450","0"
"3419","19880512","7","0.2","88","21.2","14.6","10.4","0","100780","0"
"3420","19880513","6","2.9","154","23.9","15.5","9.8","0","101000","0"
"3421","19880514","1","11.9","289","23.4","16.8","9.7","0","101380","0"
"3422","19880515","2","8.5","245","22.4","17.2","10.9","0","101490","0"
"3423","19880516","1","12.9","304","21","16.2","9.9","0","101500","0"
"3424","19880517","2","14.2","321","11.5","14","6.9","1.1","101280","0"
"3425","19880518","8","0","78","13.7","9.4","7.3","0","101470","0"
"3426","19880519","5","8.5","248","16.1","10.2","6.8","0","101880","0"
"3427","19880520","4","8.8","253","17.8","9.6","3.2","0","102610","0"
"3428","19880521","3","6.2","215","18.6","12.4","6.9","0","102900","0"
"3429","19880522","2","14.1","324","17.1","13","7.5","0","102390","0"
"3430","19880523","7","0.6","106","18.9","13.3","9.5","0.5","101320","0"
"3431","19880524","5","10.8","283","21","14.1","9.3","0","101360","0"
"3432","19880525","7","4.1","182","18.1","16.4","11.9","0","101460","0"
"3433","19880526","6","3.8","177","19.8","14.8","11.5","0.1","101150","0"
"3434","19880527","4","8.9","258","19.5","13.6","7.3","0","101200","0"
"3435","19880528","4","12.2","303","16.4","14","8.5","1.5","100480","0"
"3436","19880529","6","5.8","212","15.5","13.4","10.4","0.7","99790","0"
"3437","19880530","6","2.3","149","17.8","12.8","10","8","100030","0"
"3438","19880531","7","2.4","152","19.4","13.9","10","0","100660","0"
"3439","19880601","6","6.2","221","17.6","13.1","6.8","0.3","101380","0"
"3440","19880602","7","0","79","17.4","14.6","11.5","0","101410","0"
"3441","19880603","5","5.2","206","15.8","12.8","8.2","8.8","100850","0"
"3442","19880604","6","4.7","198","16.1","12.4","8.9","8.3","100990","0"
"3443","19880605","6","3","167","17.5","11.6","7.1","0","102010","0"
"3444","19880606","6","5","203","18.6","13.6","9.7","0","102150","0"
"3445","19880607","5","8.9","263","16.9","13.1","7.6","1.8","101770","0"
"3446","19880608","8","0","80","13.6","13.6","10.3","9.4","101870","0"
"3447","19880609","8","0","80","14.1","12.8","11.9","0.2","101910","0"
"3448","19880610","8","0","81","16.3","12.8","11.5","0","101870","0"
"3449","19880611","7","0","81","19.5","13.3","10.3","0","101690","0"
"3450","19880612","5","8.5","258","23.3","15","10.6","0","101730","0"
"3451","19880613","4","11.1","294","23.2","17.4","11.4","0","101790","0"
"3452","19880614","6","14.7","340","20.8","16.6","10","0","101910","0"
"3453","19880615","5","8.4","257","20.2","16","11.1","0","101970","0"
"3454","19880616","7","4.5","196","16.4","16.4","12.5","0","101930","0"
"3455","19880617","8","0","81","19.8","13.9","11.4","0.1","102080","0"
"3456","19880618","4","10.1","281","25.1","15.4","11.1","0","102310","0"
"3457","19880619","4","11.5","300","23.7","18.4","11.8","0","102460","0"
"3458","19880620","6","1.5","135","23.5","18.3","12.9","2","102280","0"
"3459","19880621","6","2.3","154","21.2","18.5","13.5","0","101940","0"
"3460","19880622","4","14.1","333","24.7","17.4","13.5","0","102550","0"
"3461","19880623","3","14.5","337","21.3","17.6","10.4","0","102700","0"
"3462","19880624","6","0.9","119","23.5","16.9","12.5","0","102510","0"
"3463","19880625","6","9.6","274","20.3","19","14.6","0.1","102190","0"
"3464","19880626","7","1.7","140","16.7","17.8","15.4","0","101850","0"
"3465","19880627","8","0","81","17.3","14.4","12","4.9","101690","0"
"3466","19880628","8","0","81","21.9","14.8","12.2","2.4","101220","0"
"3467","19880629","6","5.2","207","25.2","17.8","13.8","0","101010","0"
"3468","19880630","6","8.3","255","20.1","19.5","13.8","6","100660","0"
"3469","19880701","6","4.1","188","19","17.5","14.9","0.8","99790","0"
"3470","19880702","4","10.2","281","16.5","14.8","10.7","2.8","99560","0"
"3471","19880703","6","1.9","143","17.1","12.6","8.6","13.5","98890","0"
"3472","19880704","7","0.9","118","21.4","14.9","12.7","5.9","99340","0"
"3473","19880705","6","7.6","243","19.5","16.8","12.3","8.2","100200","0"
"3474","19880706","5","8.1","250","19.4","15.6","11.8","1.4","100930","0"
"3475","19880707","5","7.9","247","20.2","15.8","12.2","0","101430","0"
"3476","19880708","6","9.2","265","19.9","15.8","11.4","0","101470","0"
"3477","19880709","6","6.3","222","18.6","14.8","9.7","0","101830","0"
"3478","19880710","8","0","79","20.7","16.6","14.5","2.7","101480","0"
"3479","19880711","3","12.8","310","20.5","16.2","11.6","1.5","101590","0"
"3480","19880712","6","3.8","179","19.5","15.4","10.3","5.6","101790","0"
"3481","19880713","7","2.7","158","17.6","16","12.6","4","100540","0"
"3482","19880714","6","1.4","128","20.3","13.8","10.1","0.5","101270","0"
"3483","19880715","5","6.6","224","18.1","16.6","12.9","0","102010","0"
"3484","19880716","6","3.1","164","19.9","13.6","9.2","10.5","101870","0"
"3485","19880717","7","1.9","139","22.6","17.2","14.5","0.2","101290","0"
"3486","19880718","4","9.5","263","20.7","17.8","12.9","0","101700","0"
"3487","19880719","5","5.7","208","21.7","15.2","9.6","0.2","101750","0"
"3488","19880720","7","3.5","170","23","18.2","14.7","0.2","101720","0"
"3489","19880721","8","1.8","135","21","18.8","14.6","5.5","101430","0"
"3490","19880722","8","0.1","84","21.7","18.6","16.2","8.4","100950","0"
"3491","19880723","7","0.5","100","20.8","18.7","15.7","0.1","100570","0"
"3492","19880724","3","11.1","280","21","16.2","11.5","0","101080","0"
"3493","19880725","6","3.5","167","21.2","17.1","13.2","0.4","101360","0"
"3494","19880726","4","8.4","242","21","16.6","11.9","0.2","101600","0"
"3495","19880727","5","8.4","242","17.5","15.8","10.6","0.2","101980","0"
"3496","19880728","7","0","73","18.9","15.5","13.5","0","101340","0"
"3497","19880729","3","12.7","294","19.5","14.6","10.3","0.7","101300","0"
"3498","19880730","5","6.4","211","20.3","14.8","10.2","1.1","101820","0"
"3499","19880731","7","1.6","125","19.7","16","11.8","1.6","101970","0"
"3500","19880801","7","2.5","144","19.5","15.4","11.1","0","101950","0"
"3501","19880802","7","0.8","104","20.9","15.4","11.2","7.3","101810","0"
"3502","19880803","3","9.9","255","21.1","15","9.2","0","101900","0"
"3503","19880804","5","4.2","172","22.5","16","10.9","0","101880","0"
"3504","19880805","5","8.6","236","27.4","18.5","14.5","0","102080","0"
"3505","19880806","0","13.7","297","29.1","19.4","11.4","0","102140","0"
"3506","19880807","2","13.5","293","26.6","21.8","14.4","0","101950","0"
"3507","19880808","4","7.7","221","23.8","20.2","13.7","0.2","101560","0"
"3508","19880809","7","7.6","218","20.2","19.9","16","0","101550","0"
"3509","19880810","6","2.5","137","20.1","16.3","12.4","0","101220","0"
"3510","19880811","7","3.9","161","22.1","16","12","0.5","101250","0"
"3511","19880812","5","7.6","215","20","18.2","14.3","0","100950","0"
"3512","19880813","6","0.5","89","22.6","15.6","11.3","0","101520","0"
"3513","19880814","6","5.9","189","22.6","18.6","14.6","0.1","101100","0"
"3514","19880815","5","10.7","250","24","16.6","10.7","0","101620","0"
"3515","19880816","1","13.5","280","26.9","17.8","11.5","0","102040","0"
"3516","19880817","3","11.4","255","25.7","19.8","12.6","0","102070","0"
"3517","19880818","6","7.2","202","21.7","19.6","13.6","4.6","101310","0"
"3518","19880819","6","7","198","21.2","18.6","15.6","2.2","100230","0"
"3519","19880820","5","8.1","211","16.9","17","12.8","1.5","100250","0"
"3520","19880821","8","0.1","70","19.5","15","13","0.5","101110","0"
"3521","19880822","5","7.7","204","19.1","15","10.4","0","101930","0"
"3522","19880823","7","2","117","20.8","15.4","11.7","1.1","101710","0"
"3523","19880824","6","2.7","129","19","17.4","13.9","1.1","100420","0"
"3524","19880825","5","7.1","192","19.3","14","9","0","100770","0"
"3525","19880826","7","1.1","96","22.1","14.8","10.2","0","101030","0"
"3526","19880827","7","2.8","128","18.7","18.4","14.8","0","101080","0"
"3527","19880828","6","3.1","132","20.6","16.8","15","0.5","100520","0"
"3528","19880829","4","9.8","218","21","14.6","8.5","0","100860","0"
"3529","19880830","6","5.7","167","20.1","16","10.9","13.1","101170","0"
"3530","19880831","5","6.1","171","18.9","16.9","13.7","28.2","100820","0"
"3531","19880901","7","2.9","120","17.2","15.6","12.2","4.1","99150","0"
"3532","19880902","5","7.4","177","19.2","14.2","11.3","2.7","99340","0"
"3533","19880903","4","7.8","180","20","15.1","11","0","100210","0"
"3534","19880904","5","9.9","201","22.1","14.6","9.3","0.5","101300","0"
"3535","19880905","6","6.4","161","24.1","16.9","11.7","0","101800","0"
"3536","19880906","3","7.7","175","26.2","17.1","10.1","0","102550","0"
"3537","19880907","0","11.2","209","25.7","19.4","12.7","0","102520","0"
"3538","19880908","3","8.6","181","22.8","20.2","14.7","0","101820","0"
"3539","19880909","4","9.8","192","23","18.3","13.8","0","101970","0"
"3540","19880910","4","8","172","19.1","16.9","10.8","0","102350","0"
"3541","19880911","4","4.6","132","18.6","15.8","12.5","0.1","102210","0"
"3542","19880912","4","5.2","138","14.9","13.3","8","0.4","101710","0"
"3543","19880913","5","2.6","103","14.7","12","9.1","0.3","101610","0"
"3544","19880914","7","0.1","54","16.1","12.8","10.8","0","102510","0"
"3545","19880915","6","4","119","19.6","12.8","9.4","0.3","103140","0"
"3546","19880916","6","7.5","157","18.4","15.2","10.7","0","102890","0"
"3547","19880917","7","0","46","18.3","15.5","12.6","0","102920","0"
"3548","19880918","5","4","116","17.4","15","11.8","0","103120","0"
"3549","19880919","2","5.5","131","13.4","12.1","6.8","0","103270","0"
"3550","19880920","5","0","44","17.6","10.2","6.9","0","102810","0"
"3551","19880921","7","0","44","19.6","13","8.5","0","101670","0"
"3552","19880922","7","2.3","89","17","16","12.4","3.6","100620","0"
"3553","19880923","4","8.8","158","16.5","13.6","10.2","0","100050","0"
"3554","19880924","8","0","42","20.5","13.5","10.5","2","100860","0"
"3555","19880925","7","1.1","68","19.1","17.2","14","0","101560","0"
"3556","19880926","7","0.1","46","17.2","17","15","1.7","101730","0"
"3557","19880927","8","0","40","16.7","16.3","15.4","9.3","101370","0"
"3558","19880928","5","3.2","94","15.7","14.4","12","2.8","100460","0"
"3559","19880929","2","9.1","150","15","11.3","6.9","0","101600","0"
"3560","19880930","1","10","155","16","9.5","4","0","102890","0"
"3561","19881001","4","8.6","142","17.1","9.2","2.4","0","103200","0"
"3562","19881002","2","9.1","144","17.6","10","2.9","0","102830","0"
"3563","19881003","6","2.1","75","16.6","12.6","7.6","0","102200","0"
"3564","19881004","7","0","36","15.9","13.3","10","2","101170","0"
"3565","19881005","5","3.3","87","15.4","13.1","10.3","8","100220","0"
"3566","19881006","6","4.9","102","13.3","12.7","10","3","99480","0"
"3567","19881007","3","6.5","115","14.7","11","8.7","0","99510","0"
"3568","19881008","6","0.1","38","13.7","10.6","6.5","20.2","100360","0"
"3569","19881009","7","1.1","56","13.9","11.4","9.2","9.6","99340","0"
"3570","19881010","1","9.9","136","13.3","9.4","4.8","0","101010","0"
"3571","19881011","6","0.8","50","15.4","8.8","4.4","2.9","100670","0"
"3572","19881012","6","2.9","75","14.5","12.2","9","2.3","100120","0"
"3573","19881013","6","1.1","53","17.5","11.1","7.7","0","100890","0"
"3574","19881014","5","2.6","70","14.6","12.9","8.3","0","101610","0"
"3575","19881015","8","0","30","15","12.9","11.2","0","102520","0"
"3576","19881016","8","0","30","14.8","14","13","0","102460","0"
"3577","19881017","8","0","29","19","13.8","12.8","0.3","101770","0"
"3578","19881018","8","0.1","33","19.3","15.8","12.5","0.8","100590","0"
"3579","19881019","7","2","59","16.3","16","12.7","2.1","100450","0"
"3580","19881020","6","3.9","76","17","14","11.8","0.1","101400","0"
"3581","19881021","4","4.9","83","17.5","11.2","5.3","0.1","102110","0"
"3582","19881022","6","6.1","90","16.3","12.3","7.1","0","102120","0"
"3583","19881023","7","0.5","37","16.5","13.6","11","0.5","101480","0"
"3584","19881024","7","2.2","56","16.5","13.5","10.5","4.4","101820","0"
"3585","19881025","8","0.1","29","18.1","14.3","12.1","0","101960","0"
"3586","19881026","7","0.8","40","16.8","15.4","12.8","0","100840","0"
"3587","19881027","4","3.2","62","15.3","15","13.3","0","100610","0"
"3588","19881028","5","7.5","92","11.1","12.2","9.1","0","101930","0"
"3589","19881029","2","8.2","95","10.6","7.4","3.6","0","103130","0"
"3590","19881030","2","8.7","96","10.7","5.8","0.9","0","103100","0"
"3591","19881031","1","8.8","95","12.2","5.7","0.7","0","102850","0"
"3592","19881101","3","8.1","90","11.1","5.4","-1.4","0","102450","0"
"3593","19881102","4","3.4","59","8.9","5.7","0.3","0","102620","0"
"3594","19881103","2","8.3","89","7.7","4.9","0.9","0","103140","0"
"3595","19881104","0","8.6","89","9.8","3.4","-0.9","0","102730","0"
"3596","19881105","5","5.3","69","9.4","3.6","-2.6","0","102440","0"
"3597","19881106","4","0.6","31","11.7","4.8","0.1","0","102440","0"
"3598","19881107","7","4.2","60","14.3","5.4","-1","0","102130","0"
"3599","19881108","6","0","20","16","8.4","2.5","1.7","101280","0"
"3600","19881109","7","0.2","24","16","10.8","5.5","0","100970","0"
"3601","19881110","7","0.2","24","13.1","14.4","12.8","0","101260","0"
"3602","19881111","6","0.4","26","12.1","11","8.9","0.3","102070","0"
"3603","19881112","6","1.5","37","10.8","10.6","9","0","102370","0"
"3604","19881113","4","7.6","73","11","6.9","3","0","103010","0"
"3605","19881114","2","4.3","55","7.1","6.1","1.2","0","103430","0"
"3606","19881115","4","0.1","20","12.2","3.4","-0.2","0","103270","0"
"3607","19881116","4","5.8","61","13.8","6.8","1.4","0","102660","0"
"3608","19881117","6","0","17","11","9.6","5.3","0.2","101660","0"
"3609","19881118","7","0","17","6.5","9.8","8.5","0.2","102020","0"
"3610","19881119","6","0","17","5.7","3.8","1.2","2.2","102660","0"
"3611","19881120","6","2","36","4","3.2","0.7","0.5","101400","0"
"3612","19881121","4","4.9","53","5.5","2.2","0.3","0","102530","0"
"3613","19881122","3","6.4","60","6.9","0.8","-4","0.1","103020","0"
"3614","19881123","1","6.1","58","7.1","2.2","-2.5","0","103160","0"
"3615","19881124","4","1.7","33","4","1.8","-3.5","0","103170","0"
"3616","19881125","7","0","15","6.3","0.8","-2.3","0","102690","0"
"3617","19881126","7","0","15","7.3","2.7","-0.9","0","102510","0"
"3618","19881127","4","5.7","53","11.5","3","-1.3","0.3","102810","0"
"3619","19881128","8","0","15","12.3","5.6","-0.4","0.7","101740","0"
"3620","19881129","7","0","14","13","9.2","6","9.7","100890","0"
"3621","19881130","6","3.8","43","8","10.2","7.4","0.1","99440","0"
"3622","19881201","5","0","13","3.7","4.1","0.2","0","100040","0"
"3623","19881202","8","0","13","10","3.2","2.6","0.1","100340","0"
"3624","19881203","7","0.3","17","9.2","5.4","0.8","5.4","100350","0"
"3625","19881204","6","0","13","8","6.3","3.4","0.6","99730","0"
"3626","19881205","5","1.5","26","7.6","6.7","5.4","0.1","100720","0"
"3627","19881206","3","4","39","7","5.6","3.7","0","101830","0"
"3628","19881207","3","2.9","34","10.6","3.4","-0.3","0","103250","0"
"3629","19881208","7","0.1","14","13.1","5.9","1.2","0","103250","0"
"3630","19881209","7","0","12","13.1","9.8","6.4","0","103040","0"
"3631","19881210","5","6.2","48","11.1","9.9","6.7","0","103220","0"
"3632","19881211","8","0.3","16","10.4","9.5","7.9","0.2","103330","0"
"3633","19881212","3","5.8","46","10.8","9.1","7.8","0","103310","0"
"3634","19881213","6","0","12","9.6","5.5","0.2","0","103690","0"
"3635","19881214","7","0","12","8.8","7.6","5.5","0","103720","0"
"3636","19881215","8","0","12","9.3","8","7.1","0","103350","0"
"3637","19881216","7","0","12","8.1","7","4.8","0","102760","0"
"3638","19881217","6","2.4","30","12","4.4","0.8","0","102970","0"
"3639","19881218","6","0.2","15","12.2","7","2","0","102800","0"
"3640","19881219","4","4.2","38","10","8.4","4.6","0.5","101720","0"
"3641","19881220","6","0.2","15","12.1","6.2","2.5","0","102580","0"
"3642","19881221","8","0","12","12.1","7.8","3.4","0","102600","0"
"3643","19881222","7","0.3","16","13.5","10.8","9.5","0","102140","0"
"3644","19881223","7","1","22","13.5","11.4","9.3","0","101160","0"
"3645","19881224","6","0","12","12.1","11","8.6","0","101830","0"
"3646","19881225","7","0","12","13.9","9","6","0.1","102510","0"
"3647","19881226","7","0","12","12","11.9","9.9","1.9","102190","0"
"3648","19881227","6","5.6","45","12.9","8.9","5.8","0","102460","0"
"3649","19881228","6","2.5","31","9.8","10","7","0","103110","0"
"3650","19881229","8","0","12","8.8","7.9","6","0","103540","0"
"3651","19881230","6","0","13","9.2","7.4","6","0","103640","0"
"3652","19881231","7","0","13","8.3","7.2","5.1","0","103860","0"
"3653","19890101","7","0","13","8.2","7.4","6.6","0","103870","0"
"3654","19890102","6","0","13","9.5","7.1","6","0","103550","0"
"3655","19890103","8","0","13","11.2","6.2","3","0.4","102950","0"
"3656","19890104","5","3.8","39","11.1","8","4.8","0","102530","0"
"3657","19890105","5","0","13","10.7","6.2","1.2","3.7","102340","0"
"3658","19890106","6","4","40","11.8","6.8","3","0","101480","0"
"3659","19890107","7","0","13","10.4","9.8","7.9","0","102460","0"
"3660","19890108","8","0","13","11.4","9","7.7","0","102250","0"
"3661","19890109","8","0","14","8.3","10","8.7","0.2","101480","0"
"3662","19890110","4","5.7","50","9.8","6.6","4.9","0","102040","0"
"3663","19890111","5","5.6","50","9.8","4","-1.8","0.2","101990","0"
"3664","19890112","5","0.9","24","12.4","5.1","0.4","5","101360","0"
"3665","19890113","5","1.1","26","10","6.8","1.1","3.8","102590","0"
"3666","19890114","5","7.3","59","11","7","4.1","0","102860","0"
"3667","19890115","7","0","15","10.3","8.4","5.8","0","103490","0"
"3668","19890116","6","1","26","9.8","9","7.6","1.5","103220","0"
"3669","19890117","6","0.7","24","7.5","8.8","7.9","0.3","103190","0"
"3670","19890118","0","6.1","56","4.6","3","-1.5","0","103770","0"
"3671","19890119","2","0","16","8.2","0","-4.5","0.2","103450","0"
"3672","19890120","6","0","16","10.2","3","-2.3","4.4","102680","0"
"3673","19890121","6","2.7","40","9.3","6.6","3","2.1","101440","0"
"3674","19890122","4","7.5","66","11.6","5","0.7","0","102950","0"
"3675","19890123","5","1.9","36","8","6.4","1.2","0","103140","0"
"3676","19890124","7","2.9","43","5.7","7.2","6.5","0","102920","0"
"3677","19890125","8","0","17","11.1","4.2","2.6","0","102450","0"
"3678","19890126","4","3.6","49","11.6","6.6","2.2","0","102430","0"
"3679","19890127","6","0.4","24","10.1","8","4.4","0","102860","0"
"3680","19890128","5","0","18","7.5","8.4","6.7","4","103190","0"
"3681","19890129","3","3","47","8.7","2.9","-1.7","0.2","104290","0"
"3682","19890130","5","0.9","31","7.5","3.4","-1.9","0","104350","0"
"3683","19890131","6","0.1","22","4.4","4.7","1.9","0","104160","0"
"3684","19890201","7","0","19","5.5","3.1","1.8","0","103560","0"
"3685","19890202","5","0.5","28","10.6","2.4","-0.6","0","103420","0"
"3686","19890203","5","4.4","60","11.9","5.7","0.8","0","102960","0"
"3687","19890204","7","0.1","23","12.2","6.6","1.4","0.5","102340","0"
"3688","19890205","6","1.7","42","15","10.2","8.1","0","102510","0"
"3689","19890206","3","8.3","86","12.3","11.8","8.5","0","102840","0"
"3690","19890207","4","5.2","69","12.1","10.5","8.7","0","102740","0"
"3691","19890208","2","5","69","12","8.3","4.5","0","102550","0"
"3692","19890209","2","6.7","81","9.6","7.1","2.2","0","101750","0"
"3693","19890210","3","0.5","32","11.1","6.6","3.5","0","102330","0"
"3694","19890211","3","5.9","78","11.2","4.5","-2.1","0.1","103570","0"
"3695","19890212","5","3.5","62","10.7","6","0.7","0","103580","0"
"3696","19890213","6","0.4","32","9.9","5.6","0.4","2.4","102860","0"
"3697","19890214","4","6.1","83","11.5","6.6","3.4","0","103130","0"
"3698","19890215","6","0.1","28","7.9","8.2","4.9","1.5","101720","0"
"3699","19890216","3","3.2","63","12.6","3.3","-1.3","6.1","102140","0"
"3700","19890217","8","0.1","29","13.5","6","-0.5","5.1","101220","0"
"3701","19890218","8","0","26","13","8.6","3.6","0.2","100760","0"
"3702","19890219","8","0","27","10.4","11.8","10.6","0.5","101570","0"
"3703","19890220","5","7.5","100","10.6","8","5.6","0","102370","0"
"3704","19890221","5","8.9","111","9.7","5.5","0.4","0.5","102490","0"
"3705","19890222","7","0.4","37","8.5","6.6","3.5","2.4","101000","0"
"3706","19890223","3","8.5","112","6.2","4.3","0.1","1.8","100310","0"
"3707","19890224","7","0","29","6.1","4.1","2","2.5","98000","0"
"3708","19890225","6","0.5","41","8.3","3.8","1.5","9.2","95960","0"
"3709","19890226","7","4.3","83","9.6","4.6","1","6.3","96370","0"
"3710","19890227","5","3.8","80","9.5","5.1","0.6","1.1","97880","0"
"3711","19890228","3","8.6","120","8.8","4.9","0.3","0","98470","0"
"3712","19890301","6","0.4","46","12.4","6","3.1","1.1","99330","0"
"3713","19890302","5","2","70","11","7.2","2.1","5.5","99840","0"
"3714","19890303","6","2.4","76","13","8.3","5.6","0.3","100080","0"
"3715","19890304","6","0.8","55","15.7","8.2","3.5","0.5","101350","0"
"3716","19890305","7","5.9","116","17.6","11.6","7.6","0","101540","0"
"3717","19890306","6","4.4","102","9.6","13.2","8.7","0.4","101190","0"
"3718","19890307","6","0.1","43","10.3","8.4","7.1","0","101790","0"
"3719","19890308","4","5.6","118","11.4","4.9","-0.5","0.2","102120","0"
"3720","19890309","8","0","39","11.9","7.6","3.7","1","101580","0"
"3721","19890310","8","0","40","11.5","10.3","8.7","2.6","101550","0"
"3722","19890311","7","1.9","78","10.6","9.2","7","0","102360","0"
"3723","19890312","6","0","41","11.8","6.1","1.6","0.5","101420","0"
"3724","19890313","4","8.5","154","11","8.7","5.6","0","101230","0"
"3725","19890314","7","0","43","12.1","7.4","3.7","8","101190","0"
"3726","19890315","7","3.7","106","6.8","9.1","6.1","6.2","99870","0"
"3727","19890316","8","0","44","8.3","6.2","5.5","10","99470","0"
"3728","19890317","5","4.9","123","10.7","5.6","2.8","0","101080","0"
"3729","19890318","6","0","45","13.4","3.4","-4","0.7","101800","0"
"3730","19890319","7","1.1","73","11.3","8.7","4","4","101200","0"
"3731","19890320","6","6.9","150","11.5","7.4","3.6","11","100500","0"
"3732","19890321","6","0.1","52","13.5","6.2","0.9","2.8","100750","0"
"3733","19890322","5","2.6","100","11.1","8.9","4.3","0.5","100970","0"
"3734","19890323","5","3.7","116","14.9","6","1","1.3","101840","0"
"3735","19890324","7","2.3","98","11.7","10.2","5.4","0","100650","0"
"3736","19890325","5","5","136","16.9","6.6","1.4","0","101770","0"
"3737","19890326","5","8.2","174","18.8","11.7","6.5","0","101770","0"
"3738","19890327","6","6.9","161","18.6","13.2","7.5","0","100860","0"
"3739","19890328","7","3","113","15.1","13.4","8.2","0","101270","0"
"3740","19890329","7","0.5","69","18.4","11.4","7.8","0","102170","0"
"3741","19890330","2","10","201","18.8","12","5.7","0","102040","0"
"3742","19890331","1","9.1","193","14.3","12","5.1","0","101710","0"
"3743","19890401","5","7.4","175","11.8","11.4","8.5","4.5","101230","0"
"3744","19890402","7","2.1","104","8","9.6","7.5","1.1","100680","0"
"3745","19890403","6","6","161","6.9","6","3.9","0","101080","0"
"3746","19890404","7","3.8","132","4.5","4.2","1.5","10.9","100610","0"
"3747","19890405","8","0","56","7.9","2.6","0.8","11.5","99820","0"
"3748","19890406","8","0","57","11.8","4.2","0.5","2.2","99770","0"
"3749","19890407","4","8.7","200","12.9","7.4","3","0.4","100400","0"
"3750","19890408","2","11.3","231","14.8","6.8","0.8","0","101150","0"
"3751","19890409","6","6.1","170","14","7.8","0.7","0.5","100800","0"
"3752","19890410","7","2.9","125","13.2","11.2","8.4","1.8","99640","0"
"3753","19890411","7","2.9","126","14","10.1","7","8.2","99160","0"
"3754","19890412","4","6.6","181","14","9.3","4.6","0.2","99370","0"
"3755","19890413","6","7.9","199","14","10.5","7","0","99900","0"
"3756","19890414","5","10","226","14.2","9.8","5.6","0","100970","0"
"3757","19890415","3","11.2","242","12","8.4","2.6","0","101230","0"
"3758","19890416","8","0.1","69","8.9","10.2","8.5","2.2","100630","0"
"3759","19890417","8","0","64","13.6","7.8","6.8","0.1","101230","0"
"3760","19890418","6","7","194","11.4","8.5","3.4","0","101690","0"
"3761","19890419","4","6.1","183","10.4","7","2.5","0","101750","0"
"3762","19890420","7","4.8","166","12.2","8.8","7.2","1.1","101670","0"
"3763","19890421","4","5.9","183","12.3","7.8","3.5","0.2","101950","0"
"3764","19890422","7","1.6","112","13.6","7.5","2.7","0","101940","0"
"3765","19890423","8","0.4","84","6.6","10.2","6.8","0","101470","0"
"3766","19890424","8","0","67","8.8","5.2","3.7","9.5","101050","0"
"3767","19890425","7","2.9","140","11.4","5","1.2","0.1","100910","0"
"3768","19890426","3","11.8","266","8.9","5.6","-0.2","6.3","101020","0"
"3769","19890427","7","0.1","75","13.9","6.9","4.9","2.6","100710","0"
"3770","19890428","3","12.8","280","10.1","7.9","1.9","0.2","102130","0"
"3771","19890429","8","1.1","106","14.9","8.4","6.7","0.1","102130","0"
"3772","19890430","7","3","145","16.3","10.6","6.2","0.5","102290","0"
"3773","19890501","8","0.1","78","20.6","12.8","9.4","0","102280","0"
"3774","19890502","3","11.9","275","22.9","15.2","9.8","0","102480","0"
"3775","19890503","1","12.6","285","23.6","15.6","8.3","0","102570","0"
"3776","19890504","0","12.9","290","25","16.5","9.4","0","102660","0"
"3777","19890505","3","11.3","271","16.9","17.5","10","0","102780","0"
"3778","19890506","5","13.2","296","19.1","13.4","9.8","0","103130","0"
"3779","19890507","1","13.8","304","21.9","12.3","5.5","0","102810","0"
"3780","19890508","4","12.6","291","19.6","14.4","7","0","102060","0"
"3781","19890509","4","11.8","282","18.3","14.2","8.8","0","101110","0"
"3782","19890510","6","10.3","264","18.1","12.8","7.2","0","101080","0"
"3783","19890511","7","4.3","177","14.1","14.4","10.6","0.4","100210","0"
"3784","19890512","6","6.6","214","15.9","10.4","6.6","1.2","99920","0"
"3785","19890513","5","6.5","213","17.9","11.1","6.3","0","100950","0"
"3786","19890514","7","1.7","129","21","13.8","9.7","0","102270","0"
"3787","19890515","3","12.5","297","20.9","14.6","8.2","0","102840","0"
"3788","19890516","5","11.6","286","22","15.4","10","0","102850","0"
"3789","19890517","5","9.9","265","24.1","16.4","10.8","0","102800","0"
"3790","19890518","5","7.6","233","24.5","17.8","11.4","0","102430","0"
"3791","19890519","4","13","307","25.2","18.3","12.1","0","102390","0"
"3792","19890520","4","11.4","287","27","18.6","12","0","102200","0"
"3793","19890521","1","12.4","301","25.9","20.2","13.3","0","102030","0"
"3794","19890522","3","10.5","277","29.4","20.6","15.4","0","101870","0"
"3795","19890523","3","12.6","305","28.2","22.6","15.8","0","101720","0"
"3796","19890524","5","3.7","174","18.5","22.8","17.4","10.5","101900","0"
"3797","19890525","6","3","161","19.7","16","13.4","0","102390","0"
"3798","19890526","4","12.7","308","19.2","15.1","10.5","0","102830","0"
"3799","19890527","2","14.4","330","21.3","13.3","7.4","0","102840","0"
"3800","19890528","1","14.8","336","22.6","14.2","7","0","102440","0"
"3801","19890529","3","13.9","325","16.1","16.8","11","0","101880","0"
"3802","19890530","5","8.5","253","16.2","13.2","10.3","0","101670","0"
"3803","19890531","5","8","246","13.4","10.4","4.5","0","101660","0"
"3804","19890601","7","1.5","133","15.9","10.8","8.3","0","101300","0"
"3805","19890602","5","8.4","254","15.3","10.6","5.3","0","101470","0"
"3806","19890603","6","2.5","156","16.2","10.4","5.6","0","101330","0"
"3807","19890604","4","12.6","311","17.9","10.8","5.4","0","101620","0"
"3808","19890605","5","7.8","246","12.4","11.4","4.9","2.5","101440","0"
"3809","19890606","7","0.3","98","16.6","10.8","9.3","12.8","100690","0"
"3810","19890607","6","5.8","216","16.3","13","9.4","0.1","101230","0"
"3811","19890608","7","0.1","89","19.3","12.2","8","2","101540","0"
"3812","19890609","7","7.6","245","22.2","14.2","9","0.1","101610","0"
"3813","19890610","7","3.6","179","23.4","17.1","12","0","101440","0"
"3814","19890611","6","9.9","278","28.6","17.3","11.2","0","102030","0"
"3815","19890612","4","10.1","281","27.8","21.8","15.1","0","102240","0"
"3816","19890613","5","12.1","307","27.7","21.6","15.4","0","102180","0"
"3817","19890614","6","6.9","235","27.7","21.4","15","0","102320","0"
"3818","19890615","6","10","280","27","21.6","15.5","0","102540","0"
"3819","19890616","3","10.5","286","27.6","20.8","14.6","0","102660","0"
"3820","19890617","5","10.9","292","26.6","21","14.5","0","102690","0"
"3821","19890618","5","15.1","345","29.1","19.8","12.9","0","102780","0"
"3822","19890619","2","14.6","339","30.2","21.2","13.3","0","102760","0"
"3823","19890620","1","14.6","339","23","22.4","14.6","0","102500","0"
"3824","19890621","4","10.8","291","19.6","18.7","14.4","0","102200","0"
"3825","19890622","5","5.2","208","25.3","16.5","13.4","0","102200","0"
"3826","19890623","1","14.8","341","25","18.6","11.8","0","101990","0"
"3827","19890624","3","13.8","329","26.9","19","13","0","101780","0"
"3828","19890625","1","15.2","346","23.5","19.4","11.9","0","101360","0"
"3829","19890626","5","9.8","277","19.7","18.2","13","9.9","101050","0"
"3830","19890627","7","5.6","214","18.7","16.6","13.4","1.9","100600","0"
"3831","19890628","6","5.7","216","19","13.8","8.8","3.6","101390","0"
"3832","19890629","6","5.4","211","21.3","15.4","11.7","2.4","101210","0"
"3833","19890630","6","7.3","240","22.3","15.8","10.3","0.2","101520","0"
"3834","19890701","7","2.7","161","20.1","18.4","14.6","0.1","100970","0"
"3835","19890702","4","9.1","266","24.4","15.4","10.7","0","102250","0"
"3836","19890703","2","14.5","335","25.5","17.5","10.6","0","102690","0"
"3837","19890704","1","15.6","348","28.6","18.6","11.7","0","102620","0"
"3838","19890705","2","12.5","310","31","21.3","14","0","102390","0"
"3839","19890706","4","8.2","252","21","23.9","16.8","18","101800","0"
"3840","19890707","8","0","80","24.6","19.6","18.2","1.6","101040","0"
"3841","19890708","7","1.8","140","18.3","20.2","15.8","5.4","101310","0"
"3842","19890709","8","0","79","24","16.7","15.1","0","102000","0"
"3843","19890710","7","4.2","187","26","19","14.1","0","102360","0"
"3844","19890711","4","10.3","279","22.6","21.2","16.5","0","102470","0"
"3845","19890712","3","10.1","275","25","18.6","14.6","0","102360","0"
"3846","19890713","2","13","312","22.5","18.8","12.5","0","102180","0"
"3847","19890714","4","10.2","276","28.1","17","11.6","0","102370","0"
"3848","19890715","1","14.8","332","25","19.8","11.5","0","102320","0"
"3849","19890716","5","7.1","231","28.5","20.2","15.4","0","102600","0"
"3850","19890717","5","10.6","279","25","21.2","13.8","0","102510","0"
"3851","19890718","2","13.3","312","26.9","19.7","14.4","0","102380","0"
"3852","19890719","2","14","320","29.8","20.2","13.5","0","102420","0"
"3853","19890720","4","13.7","316","32.1","22.4","15.1","0","102170","0"
"3854","19890721","6","8.6","250","34.2","24.7","17.3","0.3","101820","0"
"3855","19890722","5","9.5","261","31.8","27","19.9","1.4","101470","0"
"3856","19890723","3","11.5","286","30","25.6","19.4","0","101610","0"
"3857","19890724","3","8.6","247","29.9","24.7","19.4","0","102090","0"
"3858","19890725","2","10.2","268","27.4","23.4","17","0","102050","0"
"3859","19890726","5","6.4","214","25.6","22.2","17.1","0","102090","0"
"3860","19890727","5","8.9","249","25.7","19.6","13.5","0","102320","0"
"3861","19890728","6","9.4","255","26.5","19.8","13.9","0","102270","0"
"3862","19890729","6","8.6","243","18.7","20.4","14.4","5.1","101740","0"
"3863","19890730","7","1.7","129","19.4","17.6","16.4","4.5","101050","0"
"3864","19890731","5","5.7","200","22.1","15.4","11.3","0.3","101500","0"
"3865","19890801","2","13.5","302","23","15.3","8.5","0","101560","0"
"3866","19890802","4","9.2","248","26.4","16.7","10.4","0","101730","0"
"3867","19890803","4","6.3","207","25.1","19.6","12.9","0","101730","0"
"3868","19890804","1","13.5","298","26.9","18.2","11.3","0","101550","0"
"3869","19890805","2","13.5","297","29.3","19.4","12","0","101010","0"
"3870","19890806","6","11.5","272","27","21.9","14.5","0","100700","0"
"3871","19890807","6","7.2","216","26.6","20.9","14.8","0","100930","0"
"3872","19890808","5","7.5","219","26.1","20.7","14.8","0","101560","0"
"3873","19890809","6","7.6","219","20.4","21","15.8","20.6","101450","0"
"3874","19890810","7","0.8","100","24.2","18.4","16.4","18.1","100920","0"
"3875","19890811","7","6.2","198","24.6","19.4","14.6","0","100430","0"
"3876","19890812","5","6.8","205","22.2","19.6","14.6","0","100860","0"
"3877","19890813","5","6.5","200","24.4","17.6","12.9","3.1","100790","0"
"3878","19890814","5","7.4","211","24.2","19.5","14.6","1.8","100550","0"
"3879","19890815","5","11.3","258","23.9","20.1","16","0","100690","0"
"3880","19890816","6","6.4","195","22.4","20.2","16.6","0","101160","0"
"3881","19890817","2","11","252","23","17.6","12.7","0.3","101800","0"
"3882","19890818","3","13","273","27","16.6","10.1","0","102470","0"
"3883","19890819","4","12.6","267","28.7","19","11.1","0","101860","0"
"3884","19890820","2","13.4","274","25.8","21","13.2","0","101480","0"
"3885","19890821","2","12.9","267","24.3","20.8","15.8","0","101970","0"
"3886","19890822","5","7.3","200","24.9","17.9","11.5","0","102380","0"
"3887","19890823","3","12.7","262","26.4","17.4","10","0","102650","0"
"3888","19890824","4","11.8","250","21.5","19","11.5","0","102050","0"
"3889","19890825","8","1","95","23.3","18.6","15.8","5.8","101450","0"
"3890","19890826","7","2.2","119","19.1","18.7","14.1","5.7","100950","0"
"3891","19890827","5","8.7","210","19.7","16.1","13.1","0","101420","0"
"3892","19890828","2","12.5","251","19.7","14.3","8.9","0","102320","0"
"3893","19890829","7","0","58","26.2","14.9","10.1","0","102020","0"
"3894","19890830","5","6","172","20.1","20.4","14.7","0.3","101450","0"
"3895","19890831","6","6.8","181","20.7","16","12","0","101900","0"
"3896","19890901","4","10","209","18.4","15.2","9.7","0","102240","0"
"3897","19890902","5","9.3","200","18.7","14.8","11.3","0","102410","0"
"3898","19890903","4","7.4","177","21.2","13.2","7.8","0","102630","0"
"3899","19890904","7","5.5","153","22.9","16.6","12","0","102490","0"
"3900","19890905","4","9.2","194","25.7","17.7","12.5","0","102670","0"
"3901","19890906","1","11.3","213","26.7","18.4","11.1","0","102580","0"
"3902","19890907","1","10.3","202","22.6","19.8","12.8","0","102060","0"
"3903","19890908","5","2.9","114","16.5","19.3","16","0.7","101610","0"
"3904","19890909","8","0","52","19.7","15.3","14.1","0.8","101630","0"
"3905","19890910","8","0.1","57","19.4","16.6","13.4","0","101670","0"
"3906","19890911","8","0","50","21.2","17.8","16.2","0","101750","0"
"3907","19890912","7","0.6","70","19.4","18.3","15.4","3.5","101620","0"
"3908","19890913","7","0.5","67","16.7","16.6","13.7","0","101200","0"
"3909","19890914","6","2.1","95","21.5","12.6","8.5","3.2","101140","0"
"3910","19890915","7","0.4","63","22.2","16.6","11.6","1.2","100700","0"
"3911","19890916","6","1.6","85","21.1","18.9","15.6","0.6","100910","0"
"3912","19890917","6","0.1","52","23.9","19.3","17.5","0","100920","0"
"3913","19890918","5","6.1","141","21","18.8","13.7","0.2","101000","0"
"3914","19890919","5","9","168","22.4","17.8","14.6","0","101550","0"
"3915","19890920","3","10.8","183","26.7","17","11.5","0","102100","0"
"3916","19890921","1","9.4","168","19.4","19.4","12","0.1","101660","0"
"3917","19890922","6","1.7","81","18.7","18.2","16.9","0","101180","0"
"3918","19890923","7","3.1","100","22.1","14.6","10.4","0","101930","0"
"3919","19890924","7","2.6","92","22.7","17.6","13","0","102260","0"
"3920","19890925","4","6.5","134","20.4","16.6","10.6","0","102220","0"
"3921","19890926","6","2.2","85","18.4","15.9","11.4","0.4","102210","0"
"3922","19890927","7","1","66","16.9","16.6","14.9","0","102380","0"
"3923","19890928","6","1.6","74","18.2","14.2","11.4","0","103140","0"
"3924","19890929","4","5.8","122","15.6","13","7.8","0","103330","0"
"3925","19890930","6","0.1","44","15.5","13.2","10.9","0.1","103310","0"
"3926","19891001","8","0","39","16.4","13.9","12.3","0","103190","0"
"3927","19891002","5","3.6","95","15.9","14.2","12","0","102910","0"
"3928","19891003","6","1.9","74","19.9","10.7","5.5","0","102700","0"
"3929","19891004","5","9.3","144","20.9","15.3","10.7","0","102320","0"
"3930","19891005","3","4.7","102","16","13.7","6.5","4.2","101970","0"
"3931","19891006","5","0","36","13.9","10.6","5.2","0","102140","0"
"3932","19891007","7","0","35","15.4","12.3","10.7","1.7","101740","0"
"3933","19891008","4","6.2","112","15.3","12","8.7","0","102100","0"
"3934","19891009","6","1.5","63","16.2","11","6.8","0.2","102170","0"
"3935","19891010","6","3.1","80","17.1","12.8","9.3","0.1","102280","0"
"3936","19891011","7","2.5","73","19.5","13.9","10.7","0.4","102020","0"
"3937","19891012","7","4.1","88","15.6","15.6","11.8","0","101900","0"
"3938","19891013","6","2.1","66","14.8","14.3","13","0.1","101410","0"
"3939","19891014","6","5.4","97","17.1","11.8","8.8","0","101490","0"
"3940","19891015","7","4.5","88","18.1","10.9","4.7","0","102350","0"
"3941","19891016","6","4","82","20.1","13.4","8.7","0","102490","0"
"3942","19891017","0","9.5","123","17.7","13.8","7.6","0","102480","0"
"3943","19891018","5","3.1","72","18.9","12","6.4","0.2","101830","0"
"3944","19891019","7","3.4","73","17.6","15.6","12.2","12.7","100770","0"
"3945","19891020","5","6.9","100","18.6","14","10.4","12.1","100000","0"
"3946","19891021","8","0.2","34","19.4","15.2","11.9","1","100230","0"
"3947","19891022","7","0.8","43","17","15.4","11.4","2.3","100960","0"
"3948","19891023","7","0.3","35","15.6","14.6","12.1","0.6","101590","0"
"3949","19891024","3","9","108","18.1","11.4","7.1","0","102160","0"
"3950","19891025","4","7","94","14.7","14.2","10.2","0.6","101900","0"
"3951","19891026","7","0","25","19.1","12.8","10.9","4.1","101860","0"
"3952","19891027","7","2.2","55","14.8","15.2","11.2","2.9","100690","0"
"3953","19891028","7","2.5","57","16.2","14","13.1","1.8","99460","0"
"3954","19891029","7","3.5","64","15.6","13.3","10.4","3.4","100410","0"
"3955","19891030","6","6","81","17.8","13","10.3","4.4","101450","0"
"3956","19891031","5","6.1","80","14.6","14.6","11.3","0","101610","0"
"3957","19891101","6","1.4","43","14.4","11.1","7.6","0.3","101540","0"
"3958","19891102","6","0","22","13.6","11.8","9.1","9.2","100410","0"
"3959","19891103","3","7.3","84","12.7","9.7","5.8","1.5","100640","0"
"3960","19891104","5","3.1","55","11","9.4","6","0","99780","0"
"3961","19891105","5","2.7","52","10.3","6.4","1.7","0.2","99670","0"
"3962","19891106","2","7.7","83","12.7","5.9","1.5","0","100780","0"
"3963","19891107","7","0.2","25","14.8","7.8","2.8","4","100770","0"
"3964","19891108","7","0.3","27","12","11.4","7.9","1.7","99940","0"
"3965","19891109","5","2.3","46","14.5","7.6","3.3","5.3","101350","0"
"3966","19891110","7","0","19","16","10.2","5.8","1.3","100980","0"
"3967","19891111","5","4.3","58","16.1","13.6","11.1","0","101470","0"
"3968","19891112","4","7.6","75","8.6","11.5","6.9","0.1","102190","0"
"3969","19891113","0","0","19","9.6","6.8","5","0.1","102870","0"
"3970","19891114","","0","18","11.5","7.8","6","0","102950","0"
"3971","19891115","7","0","18","10.8","8.9","6.3","0","102720","0"
"3972","19891116","0","7.8","72","9","7.4","3.9","0","102040","0"
"3973","19891117","6","0.6","26","12.6","5.7","2.4","0","101180","0"
"3974","19891118","4","3.9","50","12.8","8.6","4.5","0","100900","0"
"3975","19891119","5","4.5","53","11.9","9.4","6","0","101030","0"
"3976","19891120","7","0","17","9.7","9.4","7","0","101030","0"
"3977","19891121","8","0","16","9.5","8","6.2","0","100940","0"
"3978","19891122","3","6.8","62","7.8","8.2","6.9","0","101560","0"
"3979","19891123","2","7.5","65","7.8","5","2.2","0","101830","0"
"3980","19891124","4","3.6","45","6.2","2.4","-3.1","0","101290","0"
"3981","19891125","2","7.9","65","6.6","2.7","-0.8","0","102280","0"
"3982","19891126","1","7.4","62","7.3","0.5","-5.6","0.1","102450","0"
"3983","19891127","1","6.7","58","6.5","2.1","-3.1","0","102170","0"
"3984","19891128","6","0","15","8.3","1.4","-3.6","0","102520","0"
"3985","19891129","1","7.2","59","8","4.4","0.4","0","102900","0"
"3986","19891130","2","6.2","54","4.2","3.6","-0.7","0","103030","0"
"3987","19891201","3","6.2","51","6.2","1.2","-1.8","0.1","103530","0"
"3988","19891202","8","0","13","5.3","2.8","-0.7","0","103860","0"
"3989","19891203","6","3.6","39","7.6","3.2","1.2","0","103630","0"
"3990","19891204","7","1.5","27","9.4","4.2","0.8","0","103380","0"
"3991","19891205","6","1.3","25","9","6.8","4.1","0","103230","0"
"3992","19891206","7","0","13","7.9","6.5","4","0","102790","0"
"3993","19891207","7","0","13","7.1","6.4","4.8","0","102580","0"
"3994","19891208","7","0","13","7.2","6.3","5.5","0","102230","0"
"3995","19891209","4","2.6","32","6.5","4","0.9","0","102210","0"
"3996","19891210","6","0","12","8.4","3.9","1.3","0","102160","0"
"3997","19891211","6","3.1","34","9.2","5.5","2.6","4.8","101400","0"
"3998","19891212","7","0","12","11.7","5.6","1.9","6.7","99920","0"
"3999","19891213","6","0","12","13.6","7.6","3.6","26.7","98970","0"
"4000","19891214","7","0.4","17","12.9","9.6","5.6","2.3","98210","0"
"4001","19891215","7","0","12","13.7","9.4","6","19.7","98840","0"
"4002","19891216","7","0.1","14","12.3","9.9","6.1","6.4","97850","0"
"4003","19891217","6","0.3","16","11.2","11.1","9.9","3.8","97310","0"
"4004","19891218","6","0","12","12.2","8.8","6.4","7.6","98280","0"
"4005","19891219","7","1.9","27","14.5","7.6","3.1","8.7","99890","0"
"4006","19891220","7","0.7","19","14.3","9.4","4.2","19.6","99300","0"
"4007","19891221","5","3.5","35","9","12.2","10","1.2","99490","0"
"4008","19891222","4","3.6","36","11.9","8","7","0.1","100360","0"
"4009","19891223","6","2.5","30","12.9","7.6","3.3","6.2","101190","0"
"4010","19891224","7","0","12","11.5","8.8","4.6","3.8","100570","0"
"4011","19891225","6","0","12","10.1","10.2","8.9","1.5","100390","0"
"4012","19891226","6","2.3","29","8.5","7.2","4.4","0","101330","0"
"4013","19891227","7","0","12","7","6.4","4.2","0","101370","0"
"4014","19891228","7","0","12","5.3","6.5","6","0","101910","0"
"4015","19891229","8","0","12","4.9","5","4.7","0","101990","0"
"4016","19891230","8","0","12","4.4","4.4","3.9","0","102080","0"
"4017","19891231","8","0","13","6.4","3.8","3.3","0.1","101930","0"
"4018","19900101","8","0","13","9.9","4.5","2.6","1.5","101600","0"
"4019","19900102","6","0","13","5.5","5.2","0.4","0","101780","0"
"4020","19900103","7","0","13","8.5","4","2.4","0","101690","0"
"4021","19900104","6","2.3","31","10.2","5.3","2.1","0","102030","0"
"4022","19900105","7","0","13","12","6.6","3.1","0.5","102150","0"
"4023","19900106","8","0","13","9.7","9.3","6.6","12.2","101850","0"
"4024","19900107","6","0.2","17","10.4","6.8","4","1","102580","0"
"4025","19900108","6","6.1","51","11","7.1","3.8","0","103130","0"
"4026","19900109","7","0","14","11","6.8","2.7","0.1","103310","0"
"4027","19900110","7","0.3","18","12","9.8","8.5","0","102780","0"
"4028","19900111","6","1.6","29","8.8","10.5","9","0","102580","0"
"4029","19900112","7","1.1","25","8.1","7.2","5.7","3.9","102360","0"
"4030","19900113","2","7.1","58","10.2","4.3","0.5","0.1","102640","0"
"4031","19900114","4","0.4","20","13.2","5.1","0","0.6","102190","0"
"4032","19900115","8","0","15","12.2","8.8","4.3","0","102040","0"
"4033","19900116","7","0","15","9.7","11","9.7","1.2","102060","0"
"4034","19900117","4","6.4","57","9.5","8.4","7.2","0","102130","0"
"4035","19900118","3","7.5","63","10.2","5","0.4","0","102770","0"
"4036","19900119","6","0","16","11.8","6.4","2.5","0.3","102080","0"
"4037","19900120","6","1.3","30","12.3","7.4","3","0","102510","0"
"4038","19900121","8","0","16","12.5","9","5.7","3.1","102620","0"
"4039","19900122","7","3.1","43","11.1","11.5","10.5","4","102210","0"
"4040","19900123","8","0","17","12.5","9.8","8.5","4.1","100560","0"
"4041","19900124","4","6.8","65","11.8","7.8","3.1","3.7","100570","0"
"4042","19900125","7","0.5","25","7.4","8","4.1","4.8","98410","0"
"4043","19900126","5","3.6","49","9.9","5.2","3","0","99460","0"
"4044","19900127","6","0","18","8.8","5.8","1.6","6.5","99430","0"
"4045","19900128","4","6.4","66","9.5","6.2","3.5","1.3","99090","0"
"4046","19900129","7","0","18","11.1","6.4","3.2","8.4","99480","0"
"4047","19900130","6","2.8","46","9.7","8.8","6.6","10.5","99000","0"
"4048","19900131","7","0.1","22","9.8","8.5","7.3","3.3","98850","0"
"4049","19900201","6","1.6","38","10.4","7.9","6","9.9","99560","0"
"4050","19900202","3","6.3","71","9.3","7.7","5","8.9","99930","0"
"4051","19900203","5","1.6","39","11.6","7.4","5.5","15.9","100450","0"
"4052","19900204","6","0.1","23","13.5","6.8","1.9","0","101830","0"
"4053","19900205","6","2.7","50","12.7","11","8.6","0","101690","0"
"4054","19900206","5","1.3","39","14.4","9.6","6.5","13.9","100620","0"
"4055","19900207","8","0","21","10.3","11.4","8.5","7.1","99660","0"
"4056","19900208","3","8.7","91","11.3","8.4","6.6","0","101260","0"
"4057","19900209","5","4.2","64","12.4","7.8","4.4","0","102510","0"
"4058","19900210","7","0.1","26","9","8.9","5.4","4","100210","0"
"4059","19900211","6","0.1","26","8.5","5.6","2.1","8.1","98970","0"
"4060","19900212","3","8.2","94","10.8","5.4","2.4","0","98520","0"
"4061","19900213","7","0","24","6.9","6.2","1.7","5","99110","0"
"4062","19900214","8","0","24","8.6","5.6","4.2","7.5","99400","0"
"4063","19900215","5","7.1","91","11.3","6.2","3.9","0","100240","0"
"4064","19900216","5","8.5","101","13.7","5.4","-0.5","0","101010","0"
"4065","19900217","8","0.5","36","12.3","8","2.2","1.5","100640","0"
"4066","19900218","5","6.2","89","13.1","8.8","5.2","0","100970","0"
"4067","19900219","8","0.1","30","14.5","9","4.8","0.2","100850","0"
"4068","19900220","8","0","27","11.7","12.6","10.6","1.7","101560","0"
"4069","19900221","5","6.9","98","15.7","10.8","9.8","0","102450","0"
"4070","19900222","4","8.9","113","17.8","10.8","6","0","103420","0"
"4071","19900223","1","8.2","110","13.9","11.8","5.8","0","102890","0"
"4072","19900224","7","0","29","12","11.6","9.3","0.6","101760","0"
"4073","19900225","5","2.5","65","10.8","9","5.9","4","100680","0"
"4074","19900226","6","6.3","100","8.5","9.4","7.9","1.1","99240","0"
"4075","19900227","4","4.2","84","12.3","6.2","4","0.2","99660","0"
"4076","19900228","6","0","31","8.4","8.3","4.3","2.7","99640","0"
"4077","19900301","3","7.3","123","8.9","4.8","1.2","0.3","100750","0"
"4078","19900302","2","8.9","138","10.3","4.2","-0.6","0","103290","0"
"4079","19900303","3","7.2","125","11.1","5.2","0.1","0","104300","0"
"4080","19900304","7","0.1","41","11","7.8","4.4","0","103890","0"
"4081","19900305","7","0.4","48","12.3","8.6","6.3","0","103030","0"
"4082","19900306","7","1.1","62","11.1","9.6","6.8","0","102180","0"
"4083","19900307","7","0","38","15","9.6","8.1","0","102130","0"
"4084","19900308","6","6.6","128","12.2","9.8","4.5","0","101700","0"
"4085","19900309","7","5.4","117","15.6","9.4","6.6","0","102380","0"
"4086","19900310","7","4.2","106","15.1","11","6.5","0","102810","0"
"4087","19900311","7","2.8","90","14.6","12","8.9","0","102670","0"
"4088","19900312","5","8.3","151","11.5","8.9","3.2","0","102730","0"
"4089","19900313","6","0","42","14.5","7.6","3.6","0.8","102210","0"
"4090","19900314","4","7","141","14.2","8.5","2.5","0","103020","0"
"4091","19900315","4","8.1","154","17.3","9.6","5.1","0","103270","0"
"4092","19900316","4","8.5","160","22","10.2","3.2","0","103070","0"
"4093","19900317","5","9.2","168","21.1","14.4","6.9","0","102710","0"
"4094","19900318","4","9.6","174","13.5","14.3","7.5","0","102500","0"
"4095","19900319","8","0","46","15.3","12.8","12.1","3.3","102400","0"
"4096","19900320","7","4.7","125","14.9","10","4.8","0","102170","0"
"4097","19900321","8","0.2","55","13.6","10.4","6","0","101540","0"
"4098","19900322","5","7","154","12.8","11.1","8.6","0","102000","0"
"4099","19900323","6","1.3","80","13","8.2","3.5","0","102300","0"
"4100","19900324","6","2","93","10.5","10.8","8.7","1","101750","0"
"4101","19900325","4","4.6","131","9.5","6.6","2.8","1.5","102670","0"
"4102","19900326","5","6.8","158","10.4","5.5","1.5","0","103100","0"
"4103","19900327","5","5","138","12.1","5.8","1.2","0","102760","0"
"4104","19900328","5","2.5","105","13.5","8.4","4.6","0","102770","0"
"4105","19900329","5","5.3","145","17.5","6.8","0.1","0","103400","0"
"4106","19900330","3","10.5","206","18.3","11","4.5","0","103540","0"
"4107","19900331","0","10","202","21.2","12.1","5.9","0","103230","0"
"4108","19900401","3","9.2","195","17.2","12.5","3.8","0.2","101810","0"
"4109","19900402","7","1.7","97","9.6","12.7","8.2","6","100210","0"
"4110","19900403","5","6.2","163","8.6","5.2","0.7","0.1","100560","0"
"4111","19900404","2","9.5","204","10.9","3.7","-1.2","0","101680","0"
"4112","19900405","1","11.5","228","11.3","4.6","-1.8","0","101890","0"
"4113","19900406","1","11.6","231","12.8","5.4","-0.5","0","101390","0"
"4114","19900407","3","9.7","211","11.2","8.2","3.6","0","101750","0"
"4115","19900408","3","10","216","11.6","7","2.9","0","102460","0"
"4116","19900409","2","11.5","235","15.3","6","0.5","0","102090","0"
"4117","19900410","6","4.3","147","15.7","9.5","3.7","0","101270","0"
"4118","19900411","6","5.4","164","16.1","10.4","5","0","101530","0"
"4119","19900412","7","4.1","146","9.3","12.8","9.4","3","101530","0"
"4120","19900413","6","3","130","11.2","8.4","7.6","7.5","100720","0"
"4121","19900414","5","5.2","165","12.9","5.8","0.3","0.6","100680","0"
"4122","19900415","4","9.9","227","12.2","8.2","3.5","0","100680","0"
"4123","19900416","4","9.6","224","12.2","7.2","2.2","2.2","101420","0"
"4124","19900417","5","9","219","12.5","6.6","1","3","101540","0"
"4125","19900418","5","9.1","221","12.8","7.2","1.8","1.9","101710","0"
"4126","19900419","6","6.6","190","12.9","9","5.2","0.5","100870","0"
"4127","19900420","7","3.4","144","16.9","8","3","0.9","101280","0"
"4128","19900421","6","7.1","199","16.1","12.2","7.5","3.1","101340","0"
"4129","19900422","6","4.2","158","17.3","12.2","8.4","0","101310","0"
"4130","19900423","4","7.9","213","18.2","12.4","7.4","0","101580","0"
"4131","19900424","2","11.5","259","20.3","12.2","6.1","0","101800","0"
"4132","19900425","2","10.6","250","13.8","12.8","5.2","0","102200","0"
"4133","19900426","7","0.3","83","14.1","10.8","7.7","0.7","101960","0"
"4134","19900427","3","12.9","280","17.9","9.4","4.7","0","102510","0"
"4135","19900428","2","13.1","284","22.5","10.6","3.2","0","102890","0"
"4136","19900429","1","13.3","288","23.1","14.4","6.3","0","102820","0"
"4137","19900430","2","13.6","293","24","17","10.9","0","102910","0"
"4138","19900501","1","13.8","296","26.2","17.6","11.3","0","103140","0"
"4139","19900502","0","13.9","299","28.1","17.6","8.9","0","103180","0"
"4140","19900503","1","13.5","296","26.9","20","12","0","102880","0"
"4141","19900504","0","13.9","302","27.2","19.1","11.3","0","102490","0"
"4142","19900505","0","13.5","298","26","19","10.9","0","102050","0"
"4143","19900506","1","12.7","290","18","18.9","11.8","0","101590","0"
"4144","19900507","3","11.1","271","19.4","13.4","8.8","0","101580","0"
"4145","19900508","3","10.5","264","15.8","13.1","6.8","0","101620","0"
"4146","19900509","7","0.3","90","15.4","12.9","10","1.4","101540","0"
"4147","19900510","6","4.1","173","14","11.1","6.8","2.7","101270","0"
"4148","19900511","7","0.6","100","15.9","10.2","6.3","0","101220","0"
"4149","19900512","6","3.8","169","17.2","13","10","0","101270","0"
"4150","19900513","5","4.8","187","20.2","12.4","7.7","0","101660","0"
"4151","19900514","5","7.8","233","22.1","13.8","7.3","0","101630","0"
"4152","19900515","6","12.3","294","21","17.3","12.5","0","101400","0"
"4153","19900516","5","5.3","197","21.5","15.8","10.7","0","101600","0"
"4154","19900517","4","12.6","300","14.5","14.6","7.6","0","102010","0"
"4155","19900518","6","4.4","183","16.9","12","9.5","0","102390","0"
"4156","19900519","4","12.2","297","19.5","12","7","0","102440","0"
"4157","19900520","5","7.2","229","20.8","13","6.6","0","102150","0"
"4158","19900521","6","7.2","229","18.7","14.8","8.8","0","101840","0"
"4159","19900522","2","12.9","308","21.8","12.6","6.4","0","101950","0"
"4160","19900523","4","8.4","248","19","14.3","6.8","0","101880","0"
"4161","19900524","3","13.8","321","17.5","14.6","10.3","0","102180","0"
"4162","19900525","4","13.7","320","18.3","11.4","5.4","0","102660","0"
"4163","19900526","2","14.7","333","21.6","12.2","6.1","0","102830","0"
"4164","19900527","3","13.7","321","22","13.8","5.9","0","102860","0"
"4165","19900528","5","10.6","282","21.5","16.2","10.4","0","103010","0"
"4166","19900529","7","1.1","121","19","16.3","11.1","0","102490","0"
"4167","19900530","7","0.1","89","24.4","15.4","11.8","0","102020","0"
"4168","19900531","7","12.5","308","23.6","18.3","12.2","0","101930","0"
"4169","19900601","7","2.4","153","18.8","18","12.5","5.4","101220","0"
"4170","19900602","6","6.8","230","16.9","14.3","9.8","0","100910","0"
"4171","19900603","6","1.2","126","19.2","14.6","12.2","1.7","100550","0"
"4172","19900604","4","13.1","317","16","13.2","7.3","0","100820","0"
"4173","19900605","5","0.5","105","16.9","11.8","7.6","1.8","100990","0"
"4174","19900606","6","1.2","126","18.5","13.6","10.2","0","100690","0"
"4175","19900607","6","3.4","175","15.1","12","5.6","1.8","100600","0"
"4176","19900608","6","2.6","159","19.4","11.2","7.3","3.6","100740","0"
"4177","19900609","6","6.8","232","19.6","14","8.7","0.7","101280","0"
"4178","19900610","6","5.3","209","14.5","15.8","12","0","101910","0"
"4179","19900611","7","0","81","14.5","13.2","11.8","0","102140","0"
"4180","19900612","7","0","81","14.8","11","7.5","0","102210","0"
"4181","19900613","7","0.1","89","17.4","12.3","9.8","0","102400","0"
"4182","19900614","8","0","81","20","14.2","11.1","0","102180","0"
"4183","19900615","6","1.5","135","21.3","15.1","10.2","0","102070","0"
"4184","19900616","7","0.7","113","24.1","16.2","11.2","0","101890","0"
"4185","19900617","7","7.2","240","20.3","17.6","11.1","0","101400","0"
"4186","19900618","6","4.6","198","22","16.4","12.6","1.6","100870","0"
"4187","19900619","4","10.9","292","21.1","17.4","12.7","0","100860","0"
"4188","19900620","4","11","293","16.1","15.6","10","1.2","100860","0"
"4189","19900621","6","3.9","185","20.8","13.6","11.2","11.2","99950","0"
"4190","19900622","5","6.5","229","19.4","15.8","10.7","2.3","99890","0"
"4191","19900623","4","7.2","240","18.4","15","10.5","4.9","101230","0"
"4192","19900624","5","5","205","23.3","13.8","9.2","0","101980","0"
"4193","19900625","7","2.2","151","23.2","19.2","15.1","0","102140","0"
"4194","19900626","7","1.5","135","25.1","19.4","15.5","0","101890","0"
"4195","19900627","6","7.1","238","20.2","20.4","15.8","0","101280","0"
"4196","19900628","5","4.2","190","23.5","15.4","10.7","0","101600","0"
"4197","19900629","5","8","251","21.7","16.7","9.9","1.1","101580","0"
"4198","19900630","6","7.6","245","18.9","18.4","15.1","2.2","100660","0"
"4199","19900701","6","3.4","175","19.6","16","13.1","0","100630","0"
"4200","19900702","5","9.5","271","20.2","13.9","8.2","0","101250","0"
"4201","19900703","3","11","291","18","14","7.8","2","101560","0"
"4202","19900704","7","2.2","150","18.8","14.7","11.4","2.7","100700","0"
"4203","19900705","5","2.9","164","20.2","15.2","11.5","0.5","100060","0"
"4204","19900706","6","4.9","201","23.3","14.4","8.5","1.6","101830","0"
"4205","19900707","8","1.6","136","26.8","17.9","12.5","0","101620","0"
"4206","19900708","5","9.4","268","18.3","21.6","16.4","0","101300","0"
"4207","19900709","5","2.4","153","20.1","15.2","12","0","101550","0"
"4208","19900710","4","8.6","256","27.3","15.4","10.7","0","102490","0"
"4209","19900711","1","15.1","339","27.7","18.3","9.3","0","102820","0"
"4210","19900712","2","9.6","269","26.8","21.7","15.7","0","102570","0"
"4211","19900713","1","14.9","335","24","20.6","14.4","0","102270","0"
"4212","19900714","1","15","336","31.3","18.8","13.5","0","101990","0"
"4213","19900715","4","10.8","283","24.9","22","12.6","0","101820","0"
"4214","19900716","5","3.6","174","26.4","20.8","16.6","0","102290","0"
"4215","19900717","4","6.3","219","27.6","20.5","14.6","0","102720","0"
"4216","19900718","1","14.4","326","30.1","20.8","14.1","0","102730","0"
"4217","19900719","0","14.6","327","31.8","22","14","0","102400","0"
"4218","19900720","0","14.2","322","32.5","23.6","15.5","0","102220","0"
"4219","19900721","1","12.6","302","24","25.1","17.7","0","102220","0"
"4220","19900722","1","11.5","287","24.1","19.6","15.1","0","102560","0"
"4221","19900723","3","12.3","296","23.9","18.8","13.5","0","102610","0"
"4222","19900724","2","13.7","312","25.9","17.6","11.3","0","102460","0"
"4223","19900725","2","13.9","314","24.4","18.6","11.3","0","102180","0"
"4224","19900726","3","10.4","270","26.1","18.2","12","0","101720","0"
"4225","19900727","6","1","113","26","21","15.9","0.1","101160","0"
"4226","19900728","5","7.3","226","25.3","20.5","15","0","101560","0"
"4227","19900729","5","6","206","23.9","19.2","13","0","102050","0"
"4228","19900730","6","2.1","138","27.3","20.4","17","0","102150","0"
"4229","19900731","4","8","233","32.5","21.2","15","0","102470","0"
"4230","19900801","1","13.7","304","34","23.8","15","0","102540","0"
"4231","19900802","1","11.9","282","36.5","26.2","18.4","0","102330","0"
"4232","19900803","0","12.7","290","34.4","27.4","18.3","0","102150","0"
"4233","19900804","2","13.2","295","24.2","26.9","19.4","0","101990","0"
"4234","19900805","5","8.9","241","21.5","19.6","15.1","0","102030","0"
"4235","19900806","4","8.1","229","21.3","17","12.4","0","102240","0"
"4236","19900807","5","6.8","210","25.8","16.5","11.7","0","102540","0"
"4237","19900808","6","9.8","249","27.6","18.5","11.2","0","102540","0"
"4238","19900809","4","13","286","28.2","20.6","13.7","0","102330","0"
"4239","19900810","6","6.7","206","27.5","21.4","14.6","0","102200","0"
"4240","19900811","7","10.1","249","29.4","21","14.5","0","101790","0"
"4241","19900812","4","12.2","273","26","23","16.5","0","101340","0"
"4242","19900813","4","9.7","242","23.9","19.8","13.7","0","101220","0"
"4243","19900814","6","1.1","106","23.6","19.3","14.7","0","101190","0"
"4244","19900815","6","1.2","107","22","19.5","15.4","3.6","100660","0"
"4245","19900816","3","12.1","266","20.5","17.6","13.2","0","101000","0"
"4246","19900817","5","9","228","18.5","15.4","10.4","5.1","101840","0"
"4247","19900818","7","0","64","22.2","15.6","12.8","8.8","101710","0"
"4248","19900819","8","0.2","76","21.6","18.8","15.3","5.5","101360","0"
"4249","19900820","6","10.3","239","22","17.6","13.6","0","101700","0"
"4250","19900821","6","7.1","199","26.7","18.2","14.4","0","102380","0"
"4251","19900822","3","9.1","222","27.6","19.8","12.9","0","102540","0"
"4252","19900823","5","3.8","149","27.8","22.8","18","0","102480","0"
"4253","19900824","3","7.3","197","27.7","22.8","17.9","0","101830","0"
"4254","19900825","5","7.2","195","26.9","22.3","16.9","0","101740","0"
"4255","19900826","5","4.9","162","25.2","21.8","16.8","0.2","101930","0"
"4256","19900827","5","3.1","134","27.7","20.4","15.5","0","101840","0"
"4257","19900828","4","11.3","238","30.3","21.6","15.6","0","101750","0"
"4258","19900829","6","9.1","212","21.8","23","15.6","3.6","101200","0"
"4259","19900830","3","11.7","239","20.9","16.4","10.9","0","101630","0"
"4260","19900831","6","4","144","23.8","15.6","10.4","0","101670","0"
"4261","19900901","6","5.6","158","25.6","19","14.1","0","101870","0"
"4262","19900902","6","8.3","189","24.5","19.9","14.2","0","102110","0"
"4263","19900903","5","3.1","122","20.9","18.6","12.7","0","101780","0"
"4264","19900904","5","7.7","179","20.8","16","11","0","101650","0"
"4265","19900905","7","1.8","99","18.8","14.8","8.9","0","101310","0"
"4266","19900906","5","9.3","193","20.2","15.6","12.3","0","101140","0"
"4267","19900907","6","7.7","175","19.1","15.8","11.5","0","101430","0"
"4268","19900908","5","5.6","149","21.8","14.2","9.2","0","102390","0"
"4269","19900909","2","11.1","206","20.5","14.8","7.7","0","102890","0"
"4270","19900910","5","6","151","21.9","15","9.6","0","102740","0"
"4271","19900911","5","8","172","21.2","16.4","10.9","0","102650","0"
"4272","19900912","4","10.7","197","22.2","16.8","12.4","0","102750","0"
"4273","19900913","2","8.3","171","22.1","16.4","10.5","0","102530","0"
"4274","19900914","4","4.8","132","19.5","16.2","10.4","0","102660","0"
"4275","19900915","5","7.1","156","18.8","16","12.5","0","102940","0"
"4276","19900916","7","0.6","67","15.3","15.4","11.9","0","102560","0"
"4277","19900917","5","1.6","85","22.6","13.2","11","1.9","102060","0"
"4278","19900918","7","2.9","103","17.7","15.2","7.8","1.4","102030","0"
"4279","19900919","5","6.6","145","15.5","16","14.4","0.1","101040","0"
"4280","19900920","6","0.7","66","16.7","10.8","6","0","101050","0"
"4281","19900921","5","8.3","158","15.1","13.2","9.6","2","100400","0"
"4282","19900922","7","0.7","64","16.6","12","9","0","100080","0"
"4283","19900923","5","1.8","82","17.1","12.1","7.6","2.2","100070","0"
"4284","19900924","3","8.6","156","16.7","11.2","5.2","0.5","100600","0"
"4285","19900925","5","9.9","166","17.2","12.6","8.5","0","101440","0"
"4286","19900926","4","8.1","148","17.3","11.8","6.4","0","102560","0"
"4287","19900927","5","7.7","143","21.4","11.3","5.3","0","102850","0"
"4288","19900928","3","9.9","160","18.1","13.4","5.3","0","102410","0"
"4289","19900929","7","0.3","50","20.8","13.8","9.6","8.1","101270","0"
"4290","19900930","7","0.6","56","17.7","17.3","13.8","8.7","100500","0"
"4291","19901001","5","8.6","144","19.5","12.1","6.5","0","101690","0"
"4292","19901002","7","5.6","115","16.2","15.2","10.8","0.5","101480","0"
"4293","19901003","6","0.7","55","17","15.5","14.8","4.9","100490","0"
"4294","19901004","3","8.2","135","17.7","11.1","5.2","3.1","101820","0"
"4295","19901005","8","0","36","18.2","14.2","10.6","0.5","101830","0"
"4296","19901006","6","1.1","60","13.7","15.8","13.5","0.1","100760","0"
"4297","19901007","2","8.6","134","14.5","10.1","6.5","0","101610","0"
"4298","19901008","2","9.3","137","15.5","7.6","0.8","0","102710","0"
"4299","19901009","6","0.5","47","18.9","10.4","5.2","0","102370","0"
"4300","19901010","6","3","79","18.6","14.8","10.6","0","102130","0"
"4301","19901011","5","4.9","96","24.2","15.7","12.8","0","101730","0"
"4302","19901012","1","8.6","125","24","16","7.9","0","101220","0"
"4303","19901013","3","6.6","108","21.6","18.5","13","0","101030","0"
"4304","19901014","6","6.9","109","21.2","18.4","15.2","0","101530","0"
"4305","19901015","6","1.3","55","19.2","17.8","14.3","1.1","100330","0"
"4306","19901016","5","9","121","17.7","16","12.7","0","101060","0"
"4307","19901017","6","0.3","38","15.9","14.9","12.1","14","100790","0"
"4308","19901018","8","0","29","17.8","15","14.2","0.1","100460","0"
"4309","19901019","7","2.7","67","19.1","15.2","12.5","0","100820","0"
"4310","19901020","4","4.7","83","14.7","14.7","10.3","0","101450","0"
"4311","19901021","7","0.1","32","13","13.8","12.8","0","101760","0"
"4312","19901022","7","0.1","31","17.5","11.5","10","0","101610","0"
"4313","19901023","5","4.4","77","16","12.4","7.4","0","100990","0"
"4314","19901024","6","1.2","47","16.4","12.6","9.3","1.6","100670","0"
"4315","19901025","4","5.3","82","12.5","12","7.6","8.1","100310","0"
"4316","19901026","6","2.4","57","13.5","11.4","10.3","7.2","99300","0"
"4317","19901027","6","3.2","63","12.2","10.3","7.1","6.4","99270","0"
"4318","19901028","6","1.1","43","11.1","10.8","9.3","0","97980","0"
"4319","19901029","4","2.5","56","13.9","7.3","3.5","1.8","98260","0"
"4320","19901030","2","6.2","82","14.1","9.2","4.5","0","98770","0"
"4321","19901031","4","5.4","76","12.8","10.7","7.3","0.3","99140","0"
"4322","19901101","2","8.8","95","10","9","5.1","0","100100","0"
"4323","19901102","7","2.5","52","9.6","7","4","0.4","100360","0"
"4324","19901103","2","5.8","75","10","6.4","3.2","0","101140","0"
"4325","19901104","4","5.1","69","10.9","6.6","3.2","0","101710","0"
"4326","19901105","3","4.9","67","11","6.8","2.6","0","102370","0"
"4327","19901106","3","5.5","70","10.3","6.8","2.5","0","103120","0"
"4328","19901107","5","3.2","54","8.6","7.5","4.7","0.1","103090","0"
"4329","19901108","3","5.7","69","13.5","5.6","2.5","0","102530","0"
"4330","19901109","7","0","20","15.2","8.1","2.7","0.2","101830","0"
"4331","19901110","7","0.5","28","13","10.4","5.6","1.7","101500","0"
"4332","19901111","6","0.1","22","14.6","9.8","6.6","1","101980","0"
"4333","19901112","8","0","19","15.6","12.1","9.6","0.5","102120","0"
"4334","19901113","7","0.3","24","14.6","13.8","12.1","2.3","101580","0"
"4335","19901114","6","2.3","42","14.3","12.4","10.3","0","101260","0"
"4336","19901115","6","1.8","38","16.2","11.8","9.2","0.1","102160","0"
"4337","19901116","8","0","18","15.7","12.5","8.8","0.1","101880","0"
"4338","19901117","7","2.1","39","11.4","14.4","13","1.7","101280","0"
"4339","19901118","4","6.1","62","9.5","10.2","9.1","0.1","101390","0"
"4340","19901119","6","0.3","22","8.2","7.2","4.8","1.9","100710","0"
"4341","19901120","4","3.1","44","6.3","5.7","3.2","0","99330","0"
"4342","19901121","6","1.3","31","4.9","3.7","1.1","0.4","100190","0"
"4343","19901122","7","0","16","7.5","3.6","2.2","0","101280","0"
"4344","19901123","7","1.6","33","6.8","4.6","1.6","3.8","100580","0"
"4345","19901124","7","0.4","22","9","4.9","3","0.3","98420","0"
"4346","19901125","5","5.4","54","8.1","5.3","1.6","5.8","99210","0"
"4347","19901126","8","0","15","8.3","6.2","4.4","1.7","100090","0"
"4348","19901127","6","0.8","25","7.9","7.1","5.9","0","101400","0"
"4349","19901128","5","1.1","27","8","5.2","2.4","0","102220","0"
"4350","19901129","7","0","15","8.1","6.2","4.4","0","102380","0"
"4351","19901130","6","1.3","28","8.4","6.2","4.4","0","102860","0"
"4352","19901201","7","0","14","5.6","6.8","5.2","0","103570","0"
"4353","19901202","7","0","13","7.8","4.8","4","0","103520","0"
"4354","19901203","7","0","13","9","6.2","4.5","0","102990","0"
"4355","19901204","3","6.2","50","8.4","4.5","0","0","103080","0"
"4356","19901205","2","6.1","49","6.6","5.2","2","0","103510","0"
"4357","19901206","6","0","13","8","2.4","-1.9","0","103170","0"
"4358","19901207","6","3.8","38","2.5","3.4","-1.2","1.5","101020","0"
"4359","19901208","8","0","13","6.5","1.8","1","3.4","99060","0"
"4360","19901209","7","2.5","31","6.8","2.6","-1.4","6.4","99920","0"
"4361","19901210","8","0","12","9.2","3.8","0.9","0.2","100450","0"
"4362","19901211","7","0.6","19","5.8","7.4","5.5","1","101300","0"
"4363","19901212","4","4","38","6.9","5","4.3","0","101400","0"
"4364","19901213","4","3.2","34","2.5","4.6","2.4","0","102530","0"
"4365","19901214","5","2.2","29","5.4","1.3","0.1","0","103010","0"
"4366","19901215","5","0.2","15","4.5","0.4","-4.6","0.4","102930","0"
"4367","19901216","7","1.7","26","3.7","1","-2.6","0","103310","0"
"4368","19901217","6","0","12","2.2","1.4","-1","0","102960","0"
"4369","19901218","8","0","12","4.6","1.6","1.1","0","102160","0"
"4370","19901219","5","1.7","26","9.6","2.8","1.1","0","102500","0"
"4371","19901220","7","0","12","11.4","4.4","-0.8","4.4","101910","0"
"4372","19901221","8","0","12","11.3","7.9","4.4","0.1","101370","0"
"4373","19901222","8","0","12","10","10.4","9.4","0","101760","0"
"4374","19901223","7","0.7","19","9.5","9.2","8.4","1.5","101520","0"
"4375","19901224","5","1.9","27","9.6","8.8","8.2","1.1","101250","0"
"4376","19901225","5","0","12","12.9","6.6","3.7","14","99790","0"
"4377","19901226","6","0","12","7.2","8.2","3.6","4.4","99190","0"
"4378","19901227","3","6.3","48","11.6","5.8","4.5","0","100280","0"
"4379","19901228","7","0.2","15","9.1","7.5","3.4","5.2","100330","0"
"4380","19901229","7","0","12","9.7","7.5","5.9","6.5","99970","0"
"4381","19901230","3","5","43","9.4","6.3","2.9","0.1","101370","0"
"4382","19901231","6","1.5","25","13.1","6.8","4.2","1.2","101220","0"
"4383","19910101","5","1.3","24","13.1","6.7","0.3","6.1","101030","0"
"4384","19910102","7","0.5","19","9.5","7.4","1.6","7.7","99720","0"
"4385","19910103","5","0.8","21","9.1","7.8","6.1","3.6","100330","0"
"4386","19910104","3","1.8","28","10","5.8","2.4","5.7","100590","0"
"4387","19910105","5","3.6","38","8.5","6.2","2.4","2.2","99830","0"
"4388","19910106","4","4.1","41","8.6","6.1","3.7","6.5","99830","0"
"4389","19910107","5","5.2","46","11.4","6.2","3.7","0.1","99760","0"
"4390","19910108","6","0","13","11.5","7.5","3.6","7.8","99600","0"
"4391","19910109","6","2.6","34","9.3","7.4","3.2","15.6","99640","0"
"4392","19910110","7","1.3","26","7.4","7.2","5","4.1","99850","0"
"4393","19910111","3","2.5","34","6.4","5.5","3.6","2.1","100970","0"
"4394","19910112","5","4.5","45","5.6","3.5","0.6","0","102230","0"
"4395","19910113","0","7.3","59","5.8","1.6","-2.5","0","103720","0"
"4396","19910114","3","7.3","59","4.6","1.3","-3.2","0","103550","0"
"4397","19910115","2","7.2","59","7.2","2.3","0","0","102650","0"
"4398","19910116","1","6.1","55","8.2","2.6","-1.9","0","102270","0"
"4399","19910117","8","0","15","9.1","4.1","0","0.4","102150","0"
"4400","19910118","8","0.1","18","8","7.6","6","6.1","102270","0"
"4401","19910119","4","6.1","57","10","4.6","1.1","0.2","102810","0"
"4402","19910120","7","0","16","9.3","5.8","1.7","0","103450","0"
"4403","19910121","4","5.8","57","6","7.1","4.9","0","103780","0"
"4404","19910122","6","0.3","21","5.9","3.9","1.8","0","104090","0"
"4405","19910123","7","0","17","4.5","4.4","2.8","0","104000","0"
"4406","19910124","8","0","17","3.1","3.1","1.7","0","103730","0"
"4407","19910125","8","0","17","3.5","2.2","1.2","0","103560","0"
"4408","19910126","8","0","17","4","2.4","1.3","0.2","103490","0"
"4409","19910127","8","0","18","5.1","2.6","1.1","0","103610","0"
"4410","19910128","8","0","18","1.9","3.8","2.4","0","103130","0"
"4411","19910129","8","0","18","2.1","1.2","0.6","0","102610","0"
"4412","19910130","8","0","19","3.7","1.3","0.5","0","102430","0"
"4413","19910131","8","0","19","6.4","1.9","0.1","1.3","102330","0"
"4414","19910201","5","1.2","35","4.2","3.4","0.3","0.7","102350","0"
"4415","19910202","6","0.3","25","2.7","1.6","-0.9","0","103020","0"
"4416","19910203","4","0.4","27","3.6","0.4","-2","0","103040","0"
"4417","19910204","6","1.3","37","2.5","0.2","-3.2","0","103400","0"
"4418","19910205","7","0.4","28","-0.6","0.1","-2.3","0.1","103490","0"
"4419","19910206","4","2.1","46","-3.4","-1.2","-1.8","0.4","102920","0"
"4420","19910207","7","0","21","-2.1","-5.4","-7.3","4.9","101720","0"
"4421","19910208","8","0","22","-2.5","-4.2","-6.4","0.5","100520","12"
"4422","19910209","6","0.5","31","2.1","-4.6","-6.8","0","100590","11"
"4423","19910210","6","0.4","31","2.3","-3.4","-8.9","0.4","101200","7"
"4424","19910211","2","6.7","83","2","-1.7","-5.7","0","101800","6"
"4425","19910212","5","1.1","40","3","-1.9","-5.8","5","101930","5"
"4426","19910213","5","0.7","36","6.1","0.2","-2.7","0","102280","5"
"4427","19910214","5","6.4","85","9.1","0.2","-5.6","1.8","102330","4"
"4428","19910215","8","0","25","6.6","3.6","-1.8","0.2","100420","0"
"4429","19910216","5","6.9","91","6.2","3.5","0.4","0","100530","0"
"4430","19910217","5","4.7","76","6.4","3.4","0.5","0","101210","0"
"4431","19910218","6","2.1","55","4.2","3.6","0.7","0","101490","0"
"4432","19910219","1","3.6","69","6.7","-0.4","-5","0","101570","0"
"4433","19910220","7","0","27","8.1","1.8","-3","0.9","100960","0"
"4434","19910221","7","0","28","11.5","6","3.9","1.2","100230","0"
"4435","19910222","6","0.4","37","12.2","7","2.4","3.2","100790","0"
"4436","19910223","8","0","29","12.5","8.8","5.4","0","101490","0"
"4437","19910224","7","0.2","35","11.9","10.8","9.2","1","102030","0"
"4438","19910225","5","5.4","91","10.3","6.7","1.5","0","102430","0"
"4439","19910226","7","0.1","34","9","6.5","2.7","0.2","102000","0"
"4440","19910227","8","0","31","9.9","6.8","4.7","14.2","101560","0"
"4441","19910228","6","3.6","79","8.8","5.8","1.8","0","100990","0"
"4442","19910301","6","1.7","66","7.4","4.6","0.5","0","101280","0"
"4443","19910302","6","0.3","44","12","4.4","1.4","0.3","101150","0"
"4444","19910303","5","7.2","125","11.4","7.8","3.5","0","102030","0"
"4445","19910304","8","0","36","11","7","2.5","1","101600","0"
"4446","19910305","8","0.3","46","14.3","8.9","6.8","6.5","100470","0"
"4447","19910306","8","0.3","47","14.4","11.2","8.1","1.1","99560","0"
"4448","19910307","7","2","75","14.7","11.4","8.4","3.1","99030","0"
"4449","19910308","5","7.9","140","11.6","11.6","8.4","0","98760","0"
"4450","19910309","7","0.1","44","11.4","10.1","8.6","0.1","99570","0"
"4451","19910310","7","0","40","12.1","9.4","7.5","0.9","100540","0"
"4452","19910311","7","0.1","45","12.6","10.2","8.2","0","101090","0"
"4453","19910312","7","0","41","18.7","10.8","9.1","0","101040","0"
"4454","19910313","1","9.7","165","14.1","12.1","5.5","0","101240","0"
"4455","19910314","6","1.5","75","11.7","10.2","6.2","0.4","101310","0"
"4456","19910315","7","0.2","51","14.8","9.6","7.5","0","101010","0"
"4457","19910316","7","0.2","52","12","11.4","7.9","5.4","100120","0"
"4458","19910317","7","1","70","12.9","10","8","0","100160","0"
"4459","19910318","6","5.4","130","16","7.8","2.6","2.7","101380","0"
"4460","19910319","7","1.1","73","12.8","11.8","7.6","0.1","100970","0"
"4461","19910320","8","0","46","13.8","11.7","10.6","0.3","101040","0"
"4462","19910321","5","7.2","155","10.4","10.7","7.6","0","100400","0"
"4463","19910322","4","4.4","124","9.4","6.3","2.2","4","100860","0"
"4464","19910323","4","3.5","114","10.9","5.8","2.2","0","101370","0"
"4465","19910324","4","2.9","107","11.1","5.2","-0.4","0","102260","0"
"4466","19910325","4","9.9","190","8.4","7.4","3.8","0","102620","0"
"4467","19910326","8","0","50","13.7","6.5","4.6","0","101970","0"
"4468","19910327","2","10.5","200","13.8","8.3","2.9","0","102290","0"
"4469","19910328","6","6.8","162","12","8.4","3","0","103140","0"
"4470","19910329","5","5.6","149","14.1","8.9","5.8","0","103430","0"
"4471","19910330","4","9.7","197","15.9","7","-0.1","0","103170","0"
"4472","19910331","6","3.2","119","12.3","10.5","5.1","0","102680","0"
"4473","19910401","7","0","54","11.3","9.4","6.5","0.7","101470","0"
"4474","19910402","8","0","55","13","9.9","8.5","1.2","100090","0"
"4475","19910403","3","10.2","210","11.8","8.8","4.5","1.5","100160","0"
"4476","19910404","5","2.5","112","11.3","8.8","5.9","5.1","99070","0"
"4477","19910405","5","1.7","100","10.6","8.2","5.1","0","99630","0"
"4478","19910406","4","3.2","126","12.3","6.2","1.8","3.5","101170","0"
"4479","19910407","5","4.1","140","15","9.2","6.2","0.1","101220","0"
"4480","19910408","5","5.6","162","15.1","10.6","6.1","0","102200","0"
"4481","19910409","6","5.6","164","18.6","10.7","6.3","0","102740","0"
"4482","19910410","7","6.2","173","21","12.5","6.4","0","102310","0"
"4483","19910411","5","7.6","192","21","14.8","8.7","0","101790","0"
"4484","19910412","5","7.8","196","17.6","14.6","8.3","0","101400","0"
"4485","19910413","3","10.3","228","12.9","14","10.3","0","102310","0"
"4486","19910414","6","5.6","170","16","9.2","5.4","0","103030","0"
"4487","19910415","4","7.7","199","11.9","11.2","6.3","0","103170","0"
"4488","19910416","6","5.1","165","8.9","8.2","4.6","0","102990","0"
"4489","19910417","5","7.2","196","9.9","5.2","1.5","0","102600","0"
"4490","19910418","7","1.3","103","9.2","5.6","1.3","3.6","101660","0"
"4491","19910419","6","4.5","160","8.3","5.2","1.2","2.9","101460","0"
"4492","19910420","6","7.3","201","11.3","4.6","0.9","1.4","102010","0"
"4493","19910421","6","4.2","157","11.5","5.3","-0.7","1.7","101750","0"
"4494","19910422","5","9.2","228","12.3","7.8","4.2","0","101870","0"
"4495","19910423","5","5.8","184","12.6","6","-0.3","0","102290","0"
"4496","19910424","7","0.6","90","12.4","9.8","6.9","0","101770","0"
"4497","19910425","6","3.7","153","15.9","9.2","5.9","0","101200","0"
"4498","19910426","3","10.7","252","14.7","10.2","4.5","0","101550","0"
"4499","19910427","3","8","219","14.2","9.6","4.4","0","101560","0"
"4500","19910428","4","12.7","279","10.8","8.5","2.8","0","102040","0"
"4501","19910429","8","0.1","76","9.1","7.9","5","28.9","101890","0"
"4502","19910430","8","0","70","11.1","7.8","6.4","2.2","101050","0"
"4503","19910501","7","0.6","95","11.4","8.2","5.2","0.5","102060","0"
"4504","19910502","4","5","181","11.4","6.8","2.2","0.1","102680","0"
"4505","19910503","6","4.9","180","12.3","7","2.7","4.6","102450","0"
"4506","19910504","7","7.1","214","10.5","8.6","5","0.2","101640","0"
"4507","19910505","7","0.9","105","9.7","8.2","5.8","0.7","101730","0"
"4508","19910506","6","0.9","106","11.4","7.4","5.2","0","101540","0"
"4509","19910507","7","2.2","136","14.1","8.8","6.2","0","101120","0"
"4510","19910508","6","0.9","107","14.6","10.4","6.8","0","101600","0"
"4511","19910509","2","13.1","298","16.8","8.4","2.2","0","102000","0"
"4512","19910510","4","8.1","234","15.6","9.5","2.2","0","101840","0"
"4513","19910511","6","1.7","128","19.1","11.6","7.7","0","101850","0"
"4514","19910512","5","10.7","271","20.5","12.6","6.2","0","102330","0"
"4515","19910513","7","3.8","170","16.1","15.2","10","0.3","102370","0"
"4516","19910514","6","9.5","257","15.7","12.4","8.8","0","102890","0"
"4517","19910515","7","6.4","213","12.4","10.6","5.4","0.2","102880","0"
"4518","19910516","8","0","77","12.6","10.5","8.6","2.2","102680","0"
"4519","19910517","8","0","78","14.1","10.3","8","0.1","102650","0"
"4520","19910518","7","0.3","94","17.5","11.4","8.8","0.2","102680","0"
"4521","19910519","7","0.9","112","21.7","13.6","9.8","0","102440","0"
"4522","19910520","4","6.9","224","24.6","16.2","10.6","0","102560","0"
"4523","19910521","4","9.4","261","21.2","18.1","11.6","0","103150","0"
"4524","19910522","6","10.5","277","18.2","16.6","12","0","103460","0"
"4525","19910523","5","3.7","174","18.4","14.2","10.1","0","103380","0"
"4526","19910524","6","2.3","147","21.8","13.2","8","0","103080","0"
"4527","19910525","5","10.4","277","16.9","16","10.1","0","102950","0"
"4528","19910526","7","1","118","20.5","14.7","12.5","0","103060","0"
"4529","19910527","5","8.8","256","12.5","14.8","9","0","103030","0"
"4530","19910528","8","0","81","15.1","11.1","9.7","0","102720","0"
"4531","19910529","7","3","163","16.2","12","8.9","0","102420","0"
"4532","19910530","6","5.6","209","13.6","12.8","9.4","0","102390","0"
"4533","19910531","8","0.1","89","14.1","11.2","8.7","0","102350","0"
"4534","19910601","7","2.6","157","15.5","11.3","8.5","0","102410","0"
"4535","19910602","7","3.7","179","14.6","10.7","5.9","1.6","101690","0"
"4536","19910603","6","5.6","212","15.8","10.8","6.9","0.4","101410","0"
"4537","19910604","4","11.7","299","16.2","9.4","2.9","0","101520","0"
"4538","19910605","6","5.1","204","17.2","10.6","4.9","7.4","101150","0"
"4539","19910606","7","1.4","131","16.1","13.4","9.7","0.6","100320","0"
"4540","19910607","8","0.2","94","16.3","13.5","10.9","5.1","100160","0"
"4541","19910608","8","0","80","19","13.4","10.4","0.8","101020","0"
"4542","19910609","5","10.9","291","18.9","15.2","11.4","0","100250","0"
"4543","19910610","6","4.2","190","16.2","15.4","11.8","3","100820","0"
"4544","19910611","6","3.5","177","20","11.9","7.6","1.8","101740","0"
"4545","19910612","7","6.7","232","18.4","16.2","12.5","0","100690","0"
"4546","19910613","5","8.1","253","19.2","14.7","11","0.5","100620","0"
"4547","19910614","4","9.3","270","16.6","13.8","8.5","10.5","101100","0"
"4548","19910615","7","1.3","130","16.5","12.7","8.8","1.3","100520","0"
"4549","19910616","6","6.3","226","15.3","12.8","9.2","0.8","101190","0"
"4550","19910617","7","1.9","145","15.6","12.6","9.9","0.5","101460","0"
"4551","19910618","7","2.2","151","17.5","11.3","7","1.5","101460","0"
"4552","19910619","6","3.9","185","19.1","13.4","9.4","0.5","101000","0"
"4553","19910620","6","4.6","198","22.6","14.8","10.6","0.1","100710","0"
"4554","19910621","6","8.5","259","19.9","16.6","10.5","0.2","100840","0"
"4555","19910622","6","6.6","231","15.9","15.9","11.9","0","101280","0"
"4556","19910623","7","0","81","17","13.6","11.2","14.9","101540","0"
"4557","19910624","8","0","81","18.6","14.5","12","7.4","101630","0"
"4558","19910625","8","0","81","18.1","15.8","13.1","6.2","101220","0"
"4559","19910626","6","6.5","229","19.9","14.4","10.6","12","101090","0"
"4560","19910627","7","3.9","185","20.5","14.7","9.5","5.7","100930","0"
"4561","19910628","6","6.7","231","20.5","15.7","10.9","0","101810","0"
"4562","19910629","5","8.5","258","21.3","14.8","9.1","2.1","102240","0"
"4563","19910630","7","1.1","124","20.7","17.2","13.1","3.7","101980","0"
"4564","19910701","6","5.4","210","20","17.2","13.8","0","101820","0"
"4565","19910702","7","3","167","24.1","15.8","11.5","25.1","101810","0"
"4566","19910703","6","9.6","272","27.4","18.8","13.5","0","102030","0"
"4567","19910704","2","12.4","309","27.6","21.5","15.6","0","102160","0"
"4568","19910705","2","13","316","23.4","22.4","17.3","5.5","101580","0"
"4569","19910706","4","13.1","317","26.5","20.6","17.7","0","101750","0"
"4570","19910707","4","11.5","296","20.8","21.2","15.9","0","101780","0"
"4571","19910708","7","0.3","97","22.7","18.6","16.5","0","101300","0"
"4572","19910709","6","9.7","272","25.5","18.4","14.2","0","102020","0"
"4573","19910710","5","12.3","305","27.6","18.8","12.1","0","102090","0"
"4574","19910711","3","10.8","285","20.7","22.2","16.9","0","101270","0"
"4575","19910712","6","1","119","19.4","17.1","13.5","0","101720","0"
"4576","19910713","8","0","78","24.1","17.3","15.2","0.2","101510","0"
"4577","19910714","5","9.3","264","20.9","18","11.9","0","101530","0"
"4578","19910715","6","5","199","21.4","17.5","14.1","0","101440","0"
"4579","19910716","7","3.6","174","21.2","17.6","13.7","0.5","101570","0"
"4580","19910717","6","7","229","23.8","15.9","10.6","14.2","101730","0"
"4581","19910718","7","4.7","192","19.9","18.3","12.8","2.5","101000","0"
"4582","19910719","7","2.5","151","23.8","17","14.2","0","101160","0"
"4583","19910720","6","8.9","254","21.2","18.9","14","0","101640","0"
"4584","19910721","6","3.5","170","24","17.9","14.6","0","102050","0"
"4585","19910722","5","7.5","233","27.1","18.5","13","0","101920","0"
"4586","19910723","7","3.5","169","18.6","21.8","16.6","0.7","101050","0"
"4587","19910724","7","1.3","122","21.8","16.1","13.6","15.3","100540","0"
"4588","19910725","6","7.4","230","24.1","17.5","13.2","0","100890","0"
"4589","19910726","5","9","251","24.6","19.3","14.5","0","101790","0"
"4590","19910727","3","10.3","268","25.6","19.5","14.4","0","101830","0"
"4591","19910728","3","10.1","264","28.5","19.4","13.2","0","101590","0"
"4592","19910729","4","11.7","283","18.7","22.6","16.7","0","100900","0"
"4593","19910730","8","0","73","23.4","18.1","17.5","28.9","100850","0"
"4594","19910731","6","11.2","275","23.6","18.8","14.1","0","100780","0"
"4595","19910801","4","8.8","243","23.7","19","14.3","14.4","101280","0"
"4596","19910802","4","11.4","276","23.9","18.8","13.8","0","102030","0"
"4597","19910803","7","2.6","145","24.5","20.1","16.3","0","102270","0"
"4598","19910804","7","10.1","257","23.5","19.2","14","0.1","102280","0"
"4599","19910805","7","3.6","162","22.5","19.2","15","0","101760","0"
"4600","19910806","7","1.5","120","19.9","19.7","16.9","0","101060","0"
"4601","19910807","8","0","70","23.9","18","16.1","7.8","101280","0"
"4602","19910808","4","11.2","266","24.6","19.3","14.7","0","102100","0"
"4603","19910809","6","9.1","239","26.7","18.2","11.9","0","102520","0"
"4604","19910810","6","8","223","21.7","22.3","17.9","0","102390","0"
"4605","19910811","7","0.5","91","23.2","19.6","17.5","0.1","101960","0"
"4606","19910812","5","10.9","258","23.7","18.1","13","0","101870","0"
"4607","19910813","6","7.5","213","25.1","19.4","15.2","0","101790","0"
"4608","19910814","6","5","177","25.1","21","16.9","0","101780","0"
"4609","19910815","2","12.7","274","24.1","19.8","14.4","0","101660","0"
"4610","19910816","4","12.1","266","24","19.6","15.1","0","101740","0"
"4611","19910817","5","9.3","232","21.6","19.2","14.4","0","101690","0"
"4612","19910818","3","9.3","230","24.7","15.8","9.9","0","102210","0"
"4613","19910819","4","8.7","222","25.2","17.3","9.9","0","102160","0"
"4614","19910820","5","11.8","257","27.9","19.8","14.5","0","102080","0"
"4615","19910821","5","8.6","218","24.5","21.8","15.7","0","101340","0"
"4616","19910822","7","3.4","144","17.8","21.4","18.3","1.3","100570","0"
"4617","19910823","5","1","97","22.6","15.6","13.5","2.3","101160","0"
"4618","19910824","4","4.4","157","24.6","17.8","12.9","0","102090","0"
"4619","19910825","2","7.6","200","27","18","11.5","0","102310","0"
"4620","19910826","2","11.9","248","26.7","20","13","0","102310","0"
"4621","19910827","4","11.4","241","24","20.2","13.7","0","102630","0"
"4622","19910828","6","3","131","23.7","19.2","14.3","0","102860","0"
"4623","19910829","1","12.5","249","25.4","18","12.2","0","102680","0"
"4624","19910830","2","11.7","239","26.7","19.4","13.4","0","102450","0"
"4625","19910831","0","12.1","241","29.7","20.8","15","0","102100","0"
"4626","19910901","3","10.1","210","26.3","21.6","13.6","0","101750","0"
"4627","19910902","3","9.6","203","25.8","20.6","15","0","102320","0"
"4628","19910903","1","9.6","201","27.5","20.3","14.8","0","102870","0"
"4629","19910904","2","6.8","169","25","20.8","14.1","0","102800","0"
"4630","19910905","4","7.4","174","20.7","19.9","14.8","0","102750","0"
"4631","19910906","3","10","200","21.4","17.4","14.1","0","103070","0"
"4632","19910907","0","11.8","216","24.7","15.2","9.1","0","102960","0"
"4633","19910908","3","10.6","203","23.9","17.2","9.7","0","102420","0"
"4634","19910909","4","8.9","184","24.3","17.6","11.4","0","102010","0"
"4635","19910910","5","5.8","149","18.8","18.2","12.1","0","101620","0"
"4636","19910911","7","0","50","21.6","16","13.3","0","101770","0"
"4637","19910912","3","8.7","177","23.3","16.9","12.2","0","102150","0"
"4638","19910913","2","9.4","182","24.6","16.4","9.5","0","102160","0"
"4639","19910914","7","5.5","140","22.2","19","13.5","3.6","101850","0"
"4640","19910915","6","6.1","145","20.8","18.2","14.2","3.1","101770","0"
"4641","19910916","6","0.1","53","21.8","17.2","13.5","2.9","101600","0"
"4642","19910917","3","8.1","163","21.4","16.2","10.7","0","102040","0"
"4643","19910918","5","1.7","85","19.6","16.8","12.2","0","102000","0"
"4644","19910919","5","8.3","162","20.2","13.1","6.6","0","102030","0"
"4645","19910920","1","10.2","178","24.6","13.4","6.5","0","101750","0"
"4646","19910921","5","7.8","153","18.8","17.1","9.6","6.8","100970","0"
"4647","19910922","4","9","163","19.6","15","11.3","0","100650","0"
"4648","19910923","6","0.1","48","18.7","15.6","11.6","0","101020","0"
"4649","19910924","7","0.1","48","18.9","16.4","14.2","2.6","100600","0"
"4650","19910925","7","3.6","103","17.7","15.3","11.7","0.2","100260","0"
"4651","19910926","6","3.4","100","12.6","13.8","10","11.2","100310","0"
"4652","19910927","7","0.1","46","14.2","11.4","10.2","0.1","100370","0"
"4653","19910928","7","0.7","59","16.9","10.4","6.6","12.3","99160","0"
"4654","19910929","7","0.2","48","15.2","14.4","12","0.9","99580","0"
"4655","19910930","4","9.3","151","17.2","11.4","7.5","0","100520","0"
"4656","19911001","5","8.3","141","17.9","13.8","10.3","0","100770","0"
"4657","19911002","3","8","137","18.8","13","8.2","0","102360","0"
"4658","19911003","5","1.6","69","17","15.2","11.7","0.2","102400","0"
"4659","19911004","4","6","116","15.4","11.5","6","0","102470","0"
"4660","19911005","6","0.2","44","14.5","11.2","7.1","2.8","101460","0"
"4661","19911006","1","10","146","16.9","9.2","3.8","0","102170","0"
"4662","19911007","5","3.5","88","14.6","11.9","6.9","0","101300","0"
"4663","19911008","5","0.2","42","17","10.5","6.4","0","100680","0"
"4664","19911009","6","1","56","20.1","13.5","10","0.8","101140","0"
"4665","19911010","6","1.9","67","20.7","15.8","11.5","0","101320","0"
"4666","19911011","7","3.1","79","18","17.2","13.7","0.2","100270","0"
"4667","19911012","7","3.3","80","17.5","15","12.1","0","100310","0"
"4668","19911013","5","3.4","80","17","12.5","7.5","0.7","100440","0"
"4669","19911014","6","2.2","66","15.3","13","8.9","0","100560","0"
"4670","19911015","7","1.1","52","16.3","12.8","10.2","0.6","101110","0"
"4671","19911016","7","0.9","49","12","13.6","10.8","1.2","100400","0"
"4672","19911017","3","8.1","113","10","9.7","7.4","0","100230","0"
"4673","19911018","6","0.3","38","9.9","8.6","7.3","0","100770","0"
"4674","19911019","2","7.1","103","9.8","6.4","2.8","0","102110","0"
"4675","19911020","6","1.7","55","11.8","6","2.3","0","102600","0"
"4676","19911021","1","7.7","104","11.7","6.6","1.5","0","102750","0"
"4677","19911022","5","0.5","39","10.6","6.6","1.5","0","103110","0"
"4678","19911023","7","0","27","10.2","6.6","2.5","0","103300","0"
"4679","19911024","8","0","26","10.7","8.9","7.6","0","103070","0"
"4680","19911025","8","0.1","29","11.5","9.6","8.5","0","102550","0"
"4681","19911026","7","0","25","12.9","10","8.6","0","101740","0"
"4682","19911027","7","0.4","34","13.8","10.8","8.6","0.1","101250","0"
"4683","19911028","8","0","25","14.3","11","8.2","0.2","101330","0"
"4684","19911029","6","2.6","57","14.3","11.2","8.2","6.9","101710","0"
"4685","19911030","6","3.9","66","15.3","12","9.8","0.1","101100","0"
"4686","19911031","8","0","23","16.4","10.8","6.3","4.7","100800","0"
"4687","19911101","7","0.6","34","14.9","14","11.5","5.6","100450","0"
"4688","19911102","6","2.3","51","10.6","12.6","10.3","5.6","100410","0"
"4689","19911103","6","2.4","51","9.9","9.2","7.8","2.9","99020","0"
"4690","19911104","6","4.5","65","7.6","6.6","3.4","0.7","98970","0"
"4691","19911105","4","1.8","44","13","5.6","3.5","0.2","100990","0"
"4692","19911106","6","2.2","47","13.5","6.2","-0.7","0.1","102130","0"
"4693","19911107","8","0","21","11.5","8.6","3.6","1","101570","0"
"4694","19911108","7","0.9","34","9.6","11.1","10.7","0.7","101340","0"
"4695","19911109","1","7.4","78","11.2","6","2.3","0","101940","0"
"4696","19911110","6","0.2","24","10","5.2","-0.7","3.6","101930","0"
"4697","19911111","6","0.1","22","10.4","6.2","2.3","0","101020","0"
"4698","19911112","5","0.2","23","8.9","5.2","0.1","4.8","100260","0"
"4699","19911113","3","5.8","65","7.5","6.4","3.9","0.1","99100","0"
"4700","19911114","4","1.5","36","9.1","4","0.6","0","99350","0"
"4701","19911115","4","3.1","47","9.2","4.2","-0.7","0","100200","0"
"4702","19911116","5","5.1","58","8.9","5.6","2.1","0","100710","0"
"4703","19911117","8","0","17","12.6","5","1","0.6","100910","0"
"4704","19911118","6","2.7","43","8.3","7.8","2.9","19.9","99690","0"
"4705","19911119","7","0","17","8","6.3","4.3","13.4","100400","0"
"4706","19911120","2","5.9","59","7.4","5.9","3.8","0","102340","0"
"4707","19911121","5","4.8","53","9.3","3","-1.5","0","102760","0"
"4708","19911122","8","0","16","10.5","4.4","-0.4","0","102220","0"
"4709","19911123","6","2.3","37","10.9","8.6","6.7","0","101950","0"
"4710","19911124","5","2.6","39","10.6","7.4","3.8","0","101380","0"
"4711","19911125","8","0","15","12.5","7.8","5","0.1","100810","0"
"4712","19911126","7","0.3","20","11.7","9.4","6.4","0","101690","0"
"4713","19911127","7","0","15","12.3","10","8.4","0","102290","0"
"4714","19911128","8","0","15","12.8","10.6","8.8","0","102170","0"
"4715","19911129","6","2.5","36","9.2","11.2","9.5","0","101940","0"
"4716","19911130","8","0","14","10.8","7.8","6.5","0","101650","0"
"4717","19911201","8","0","14","9.1","9.2","7.5","0","102520","0"
"4718","19911202","8","0","13","8","7.9","6.7","0","103030","0"
"4719","19911203","8","0","13","7.7","7.8","7.5","0","103170","0"
"4720","19911204","8","0","13","8.3","6.4","5","0","103140","0"
"4721","19911205","6","0","13","7.5","6.8","5.3","0","103380","0"
"4722","19911206","2","5.2","45","6","4.2","0.9","0","103980","0"
"4723","19911207","4","2.3","31","6.5","1.6","-2.8","0","103880","0"
"4724","19911208","2","5","44","5.1","2","-2.5","0","103450","0"
"4725","19911209","2","1.8","27","3.5","1.6","-1.9","0","103530","0"
"4726","19911210","0","5.9","47","1.1","1.3","-0.9","0","103500","0"
"4727","19911211","1","6.1","47","0.3","-1.5","-4.1","0","103340","0"
"4728","19911212","1","0","12","7.4","-3.8","-8","0","103600","0"
"4729","19911213","2","4.3","39","-0.9","0.1","-7.2","0.2","103630","0"
"4730","19911214","7","0","12","7.6","-2.4","-3.8","0.2","103200","0"
"4731","19911215","4","2.7","31","10.8","1.1","-5.4","1.6","102350","0"
"4732","19911216","7","2.4","30","11.9","4.4","-2","1.5","101850","0"
"4733","19911217","8","0","12","12.3","9.4","6.9","5.6","101480","0"
"4734","19911218","5","3.1","33","13.1","8.1","3.9","1.6","101550","0"
"4735","19911219","7","0","12","10.6","9","4.9","0.1","100300","0"
"4736","19911220","4","4.7","41","13.3","6.7","2.8","0.5","100640","0"
"4737","19911221","8","0","12","13.9","8.4","3.5","0.7","100350","0"
"4738","19911222","6","1.5","25","13.5","11.6","9.4","0","101120","0"
"4739","19911223","6","1.9","27","7.7","12.4","11.3","0","101510","0"
"4740","19911224","1","6.1","47","9","4.6","1.6","0","103740","0"
"4741","19911225","6","1.8","27","11.2","4.2","-0.5","0","104280","0"
"4742","19911226","6","0.1","14","9.1","5.4","-0.4","0","103150","0"
"4743","19911227","2","5.8","46","6.8","5.3","1.5","0","103430","0"
"4744","19911228","4","0","12","8.2","3.6","0.5","0","103450","0"
"4745","19911229","8","0","12","7.5","5.1","2","0","103840","0"
"4746","19911230","8","0","12","9.5","6.4","5.2","0","104180","0"
"4747","19911231","8","0","13","10.4","7.2","4.9","0","103500","0"
"4748","19920101","7","0.1","14","11.6","7.6","4.8","0","103080","0"
"4749","19920102","7","0","13","11.8","10","8.5","0","102800","0"
"4750","19920103","7","0.2","16","11.7","10.2","8.6","3.1","102110","0"
"4751","19920104","8","0","13","13.6","8.9","6.1","1.8","102070","0"
"4752","19920105","7","0","13","12.3","10.2","6.7","0.1","102310","0"
"4753","19920106","5","5.5","47","11.5","11.2","10.1","0","102560","0"
"4754","19920107","7","0.2","17","12.4","9.1","6.7","1.2","101520","0"
"4755","19920108","8","0","13","8.9","9.6","6.8","1.5","100160","0"
"4756","19920109","8","0.1","16","7.2","8.2","7.4","1.9","100270","0"
"4757","19920110","2","6.3","53","5.9","4.9","2.6","0","102460","0"
"4758","19920111","3","4.9","47","5.7","3.1","0.3","0","102990","0"
"4759","19920112","4","0","14","6.4","1.6","-2.4","0.3","103380","0"
"4760","19920113","6","0.2","18","6","2.2","-2.1","0","103860","0"
"4761","19920114","8","0","14","6","3.5","1","0","103780","0"
"4762","19920115","8","0","15","6.9","5.3","4.6","0","103940","0"
"4763","19920116","6","0","15","4.7","4.4","1.9","0","103510","0"
"4764","19920117","6","0.6","23","8.7","1.2","-2.4","0","103780","0"
"4765","19920118","4","3.1","41","8.8","4.3","-0.1","0","103560","0"
"4766","19920119","7","0","16","5.4","4.6","0.4","0.3","102840","0"
"4767","19920120","7","0","16","3.7","5.2","5","0","102880","0"
"4768","19920121","3","5.7","57","4.2","1.8","-0.2","0","103330","0"
"4769","19920122","0","7","64","3","0.5","-3.2","0","103270","0"
"4770","19920123","4","3.5","46","1.9","-0.4","-3.9","0","103080","0"
"4771","19920124","3","0","17","6.4","-1.3","-4.5","0","103280","0"
"4772","19920125","7","0","17","7","1","-4.4","2.4","103700","0"
"4773","19920126","5","4","51","6.1","3.6","0.3","0","104430","0"
"4774","19920127","5","3.6","49","6.6","4.4","2.7","0","104390","0"
"4775","19920128","5","5","58","7.9","3.3","0","0","104140","0"
"4776","19920129","4","6","65","4","5.2","2.6","0","103780","0"
"4777","19920130","4","0","19","4.4","1.2","-1.5","0","103740","0"
"4778","19920131","8","0","19","2.5","1.6","-1.2","0","103620","0"
"4779","19920201","5","0.8","31","8.5","1.2","-0.1","0","103390","0"
"4780","19920202","8","0","20","9.5","3.4","-1.8","1","102940","0"
"4781","19920203","7","1.3","37","13.3","4.6","-0.2","0.2","102260","0"
"4782","19920204","8","0.3","26","10.8","8","2.8","0","101900","0"
"4783","19920205","6","0.5","29","10.1","8.9","7","0","102530","0"
"4784","19920206","7","0","21","9.6","8.7","7.3","0","102980","0"
"4785","19920207","4","2.8","52","10.3","5.7","1.8","0","103010","0"
"4786","19920208","4","2.9","54","10.7","4.6","-1.2","0.2","102240","0"
"4787","19920209","6","0.5","31","9.4","6.2","1.8","1.7","100760","0"
"4788","19920210","5","1.8","46","10.7","5.9","2.4","7.7","101310","0"
"4789","19920211","8","0.1","26","12.6","7.5","4.3","0.1","100810","0"
"4790","19920212","7","0","24","10.5","10.6","8.6","2.9","100230","0"
"4791","19920213","2","5.6","78","10.6","7.4","4.4","0","100730","0"
"4792","19920214","6","0","24","10.1","6.8","3.1","1.8","101250","0"
"4793","19920215","5","6.3","85","7.5","8","6","0","101400","0"
"4794","19920216","3","4.7","75","6.5","4.6","1.8","0","102140","0"
"4795","19920217","2","7.5","96","6.7","2.6","-1.4","0","102950","0"
"4796","19920218","7","0.3","33","4","3.6","0.6","0","103260","0"
"4797","19920219","6","0","27","5.9","2.1","0.2","0","103770","0"
"4798","19920220","5","0.8","42","7.8","1.2","-3.5","0","103440","0"
"4799","19920221","4","0.7","41","9.2","2.8","-2.1","0","103500","0"
"4800","19920222","7","0","28","11.2","4.9","0.6","0","102870","0"
"4801","19920223","8","0","29","10.7","8.2","5.1","0","102810","0"
"4802","19920224","5","0.9","46","6.5","8.1","5.5","0.1","102640","0"
"4803","19920225","5","0.2","35","12.1","2.8","-0.9","0","102260","0"
"4804","19920226","6","0.3","38","14.2","6.4","0.6","0","102290","0"
"4805","19920227","5","5.4","94","8.4","9.6","5","2","102490","0"
"4806","19920228","8","0","31","14.6","7.4","6.3","0","102870","0"
"4807","19920229","4","6.6","107","10.2","9.2","3.8","0","102410","0"
"4808","19920301","6","0","35","10.6","6.6","3","2.9","101690","0"
"4809","19920302","4","2.6","79","12.3","6","1.3","0.1","102570","0"
"4810","19920303","8","0","36","13.6","8.6","4.9","0","102870","0"
"4811","19920304","6","5.3","110","11.6","9.7","5.8","0","102910","0"
"4812","19920305","6","0.1","42","14","8","4.4","0.6","101990","0"
"4813","19920306","4","7.3","133","12.3","9","3.9","0","102660","0"
"4814","19920307","7","0.8","58","10.6","9.2","6","0.2","102310","0"
"4815","19920308","7","2.3","81","12.2","8.3","6","0","103010","0"
"4816","19920309","4","5.6","121","13.3","6.8","1.4","0.1","103370","0"
"4817","19920310","6","1.7","75","10.4","9.4","5.5","3.7","102370","0"
"4818","19920311","6","0.4","54","11.1","6.6","2.7","0.2","102380","0"
"4819","19920312","8","0","42","13.2","8.7","6.3","0.4","100620","0"
"4820","19920313","7","2","83","11.1","11","8.8","0.1","99970","0"
"4821","19920314","7","0.2","51","13.4","7","3","0.2","101200","0"
"4822","19920315","7","0","44","13.7","9.8","6.2","0.9","101770","0"
"4823","19920316","8","0","44","13.6","10.6","7.6","0","102710","0"
"4824","19920317","7","2.7","97","14.3","10.9","8.2","0","102770","0"
"4825","19920318","8","1.1","73","15.9","11.4","8.4","0","102090","0"
"4826","19920319","7","2.3","93","14.6","9.3","2.7","0","102260","0"
"4827","19920320","7","0.1","52","13.3","10.5","6.4","0.5","101880","0"
"4828","19920321","6","5.8","141","14.3","10","6.8","3","101810","0"
"4829","19920322","7","2","92","9.4","10.8","7.3","4.5","100940","0"
"4830","19920323","7","3.2","111","9.5","6.6","3.9","2.9","100130","0"
"4831","19920324","5","4.7","132","9.3","6.8","4.1","0.4","101080","0"
"4832","19920325","7","0.4","64","9","7","4.8","6","101170","0"
"4833","19920326","6","4.3","129","8.3","6.9","4.8","0.5","99450","0"
"4834","19920327","7","0.7","73","9.9","6.4","4.4","0","100760","0"
"4835","19920328","8","0.1","57","10.9","6.2","2.4","0","100920","0"
"4836","19920329","7","0","53","8.7","8","5","5","99720","0"
"4837","19920330","6","0.3","65","10.3","5.6","2.4","6.2","98470","0"
"4838","19920331","6","5.8","155","12.4","7.6","4.8","0.1","98210","0"
"4839","19920401","5","8.5","189","9.3","7","1.6","0","98720","0"
"4840","19920402","7","0.7","78","8.9","6.9","4.5","0","99270","0"
"4841","19920403","7","0.9","83","10","6.2","3.5","0","100670","0"
"4842","19920404","4","5.7","160","13.4","5.8","1.5","0","101450","0"
"4843","19920405","4","9.6","208","8.9","6.4","-0.5","0","101470","0"
"4844","19920406","7","0","58","11.3","6.8","4.6","2.4","100310","0"
"4845","19920407","6","0","58","17.4","8.2","5.2","1.5","99620","0"
"4846","19920408","4","8.1","196","17.3","11.2","5","0","101050","0"
"4847","19920409","0","10.6","227","17","11.1","4.9","0","102510","0"
"4848","19920410","4","7.2","187","18.2","9.9","2.8","0","102400","0"
"4849","19920411","3","10.3","226","14.3","11.2","4.2","0","101850","0"
"4850","19920412","5","2.3","118","13.1","11.6","8.8","0.4","101530","0"
"4851","19920413","6","5.2","165","10.1","9","4.9","0","101520","0"
"4852","19920414","8","0","62","9.3","8.5","6.9","15.2","100570","0"
"4853","19920415","6","3.1","135","10.3","6.4","3.4","2.7","100270","0"
"4854","19920416","4","6.3","184","16","6.2","2.2","5","102610","0"
"4855","19920417","7","0.2","74","18.5","10","3.9","0.1","102430","0"
"4856","19920418","6","3.2","139","17.4","12.8","7.1","0","102330","0"
"4857","19920419","7","3.6","147","18.5","13","8.5","0","102580","0"
"4858","19920420","5","10.6","244","17.3","14","9.6","0","102420","0"
"4859","19920421","6","3.6","149","14.9","13.9","10.5","0","101680","0"
"4860","19920422","7","1.6","113","15.6","11.2","7.5","0.3","101180","0"
"4861","19920423","7","5","173","15","11.9","8.2","0","100630","0"
"4862","19920424","8","0.4","85","16.2","11","7","1.1","100170","0"
"4863","19920425","6","8","218","13.9","12.2","8.1","0.1","100900","0"
"4864","19920426","6","0.4","86","15.5","12","10.1","0.8","100920","0"
"4865","19920427","5","5.6","186","13.8","11.8","8","12.4","101110","0"
"4866","19920428","7","3.3","150","13","10.6","7.4","5.9","100670","0"
"4867","19920429","4","5.7","189","13.4","8.2","3.4","0.2","101910","0"
"4868","19920430","8","0","71","15","9.6","5.7","9","101590","0"
"4869","19920501","6","8.2","228","13.2","11.7","8.4","0","101000","0"
"4870","19920502","3","5.8","194","15.6","9","4.7","0.3","101880","0"
"4871","19920503","4","12.1","280","18.2","9","2.5","0","102890","0"
"4872","19920504","4","9.8","252","13.3","11.6","5.1","0","102740","0"
"4873","19920505","6","0.6","98","20.3","11.6","10","0","102770","0"
"4874","19920506","6","7.9","229","20","13.2","6","0","102940","0"
"4875","19920507","5","10.7","267","15.1","15","10","0","102060","0"
"4876","19920508","6","8.1","233","15.8","12.3","9.5","2.6","101260","0"
"4877","19920509","7","1.4","121","13.4","11.4","6.9","9","100390","0"
"4878","19920510","6","1.5","123","16","9.2","4.9","0.2","100860","0"
"4879","19920511","6","8","234","16.7","11.9","7.8","1.1","101420","0"
"4880","19920512","7","0.1","83","22.6","13.4","10.2","0","101900","0"
"4881","19920513","2","10.9","276","26.7","15.8","8.9","0","102300","0"
"4882","19920514","1","12.8","301","20.4","19.7","12.7","1.5","101830","0"
"4883","19920515","5","4.4","182","21.3","16.3","12.2","0","103040","0"
"4884","19920516","1","13.8","315","18.2","15.9","10.5","0","103620","0"
"4885","19920517","2","11.5","287","21.6","12.5","6.8","0","103400","0"
"4886","19920518","2","10.6","276","26.5","14.7","7.8","0","102510","0"
"4887","19920519","1","13.3","311","26.8","18.8","11","0","102100","0"
"4888","19920520","1","13.6","316","26.8","19.2","11.5","0","101950","0"
"4889","19920521","2","9.1","257","26.6","18.9","11","0","101590","0"
"4890","19920522","1","13.5","316","25.9","19.6","12.5","0","101660","0"
"4891","19920523","3","9","257","27.3","19.2","12.5","0.6","101330","0"
"4892","19920524","3","11.4","291","26.6","20.8","14.2","0","101070","0"
"4893","19920525","2","12.8","309","26.7","20.5","14.4","0","101770","0"
"4894","19920526","2","13.4","318","23.4","21.4","16","0","101650","0"
"4895","19920527","1","13.1","314","26.2","18.4","13.4","0","101090","0"
"4896","19920528","6","5.6","209","20","21.2","16.1","13.3","100790","0"
"4897","19920529","8","2.5","153","20.7","17.6","15.1","61.8","100840","0"
"4898","19920530","5","5.9","214","24","16.8","12.9","0","101080","0"
"4899","19920531","5","10.5","282","19.5","17.8","11.5","4.1","101120","0"
"4900","19920601","7","0.1","88","20.4","17.5","15.5","1.4","100600","0"
"4901","19920602","7","3.9","183","21.3","16.6","12.7","0","100770","0"
"4902","19920603","5","12.2","306","16.1","16.2","11.1","0.5","101140","0"
"4903","19920604","7","0.1","88","15.1","13.4","10.7","1.1","101860","0"
"4904","19920605","8","0","80","23.2","12.6","10","6.1","101490","0"
"4905","19920606","7","3.3","173","18","16.8","10.5","1.4","101330","0"
"4906","19920607","8","0","80","21.9","15.5","13","0","101110","0"
"4907","19920608","5","9.4","270","23.2","17.4","13","0","100810","0"
"4908","19920609","5","8.6","259","23.6","17.6","12","1.5","100950","0"
"4909","19920610","4","8.2","254","22.4","17.8","11.9","0","101350","0"
"4910","19920611","3","10.6","287","24.1","17.1","11.8","0","101790","0"
"4911","19920612","1","13.3","322","25.9","17.8","11.4","0","102100","0"
"4912","19920613","2","13.3","322","27.4","18.7","11.5","0","102250","0"
"4913","19920614","6","14.1","332","28.2","20.3","13.2","0","102340","0"
"4914","19920615","5","14.4","336","20.9","20.6","13","0","102230","0"
"4915","19920616","7","3.3","174","20.3","17.6","14.4","0","102650","0"
"4916","19920617","3","9.8","277","19.4","15.4","10.6","0","102980","0"
"4917","19920618","6","6.5","229","16.4","14.3","9.2","0","102620","0"
"4918","19920619","4","4.2","191","20.9","12.2","7.9","7.2","102370","0"
"4919","19920620","3","13.3","323","22.7","15.2","9.4","0","102340","0"
"4920","19920621","4","13.1","320","21.8","16.4","10.1","0","101900","0"
"4921","19920622","6","3.3","174","21.6","17.2","12.5","0","101660","0"
"4922","19920623","7","2.1","149","22","17.8","14","0","101310","0"
"4923","19920624","4","6.2","224","23.6","17.4","12.9","0","101540","0"
"4924","19920625","5","3","168","26.2","18","12.4","0","101970","0"
"4925","19920626","4","6.9","235","25.9","19.4","12.6","0","102230","0"
"4926","19920627","4","7","236","27.8","20.3","14.7","0","102290","0"
"4927","19920628","5","11.8","303","30.2","20.8","13.7","0","102010","0"
"4928","19920629","6","9.6","273","23.7","23.2","16.1","3","101480","0"
"4929","19920630","7","2.1","148","19.1","20.3","16.9","0.3","100860","0"
"4930","19920701","8","0","80","18.7","17.7","16.3","0.6","100880","0"
"4931","19920702","8","0","80","17.5","15.7","12.7","1.3","101830","0"
"4932","19920703","8","0","80","21.1","15.8","14","6.3","101310","0"
"4933","19920704","7","2.8","162","20","17.6","14","3.6","100830","0"
"4934","19920705","7","1.6","136","22.7","15.6","11.1","0.1","101600","0"
"4935","19920706","3","13.4","320","21.2","18.4","14.2","0","102230","0"
"4936","19920707","5","5.2","205","17.1","16.4","11.5","0","102400","0"
"4937","19920708","8","0","79","20.3","16.1","15.1","0.7","102150","0"
"4938","19920709","8","0","79","20","17.6","14.9","0.6","101470","0"
"4939","19920710","7","3.2","168","19.5","16.3","12.6","0","101030","0"
"4940","19920711","8","0.2","92","22.9","16.2","13","2.1","100660","0"
"4941","19920712","5","7.6","240","20.2","18.4","13.8","0.4","100770","0"
"4942","19920713","8","0","78","20","17.2","14.1","2.7","101110","0"
"4943","19920714","8","0.6","106","23.5","17.7","15.4","0.3","101510","0"
"4944","19920715","7","2.4","151","25.5","19.6","15.6","0","101850","0"
"4945","19920716","6","7.4","235","25.4","21","16.5","1.6","101680","0"
"4946","19920717","6","7.5","236","24.9","21","16.5","0","101550","0"
"4947","19920718","5","7.8","240","23.6","20.2","15.5","0","101870","0"
"4948","19920719","7","0.6","104","24.5","19.7","15.8","0","101600","0"
"4949","19920720","7","0.3","94","24.5","20.6","16.7","41.7","101290","0"
"4950","19920721","5","8.3","245","24.1","20.3","16.1","0","101010","0"
"4951","19920722","2","13.3","308","24.6","17.8","11.6","0","102220","0"
"4952","19920723","6","3.8","174","24.7","19","13.3","0.3","102160","0"
"4953","19920724","4","10.3","269","23.6","20.4","16","0","101810","0"
"4954","19920725","5","8.9","250","21.1","17.8","12","0","101990","0"
"4955","19920726","7","0.2","87","22","18","15","0","101910","0"
"4956","19920727","3","14","312","22.9","17.3","12.6","0","102340","0"
"4957","19920728","3","11.4","280","26.6","16.2","9.5","0","102930","0"
"4958","19920729","5","11.7","282","26.6","19.6","12.6","0","102070","0"
"4959","19920730","6","4","173","28.6","21.1","15.6","0","101840","0"
"4960","19920731","3","12.1","285","28.5","22.5","16.4","0","101690","0"
"4961","19920801","5","8.6","240","22.3","21.6","14.6","0","101070","0"
"4962","19920802","6","2.6","145","24","18.4","14.6","0.3","101140","0"
"4963","19920803","5","8.9","242","23.6","19.9","15.8","0","100830","0"
"4964","19920804","3","11.9","278","24.1","18.2","12.8","0","101940","0"
"4965","19920805","6","2.6","143","24.1","19.6","15","0.6","102070","0"
"4966","19920806","4","10.5","259","26.9","19.3","14.5","0","102350","0"
"4967","19920807","6","3.9","165","25.2","20.9","14.9","1.2","102060","0"
"4968","19920808","7","1","106","24.8","21.4","17.5","4.6","101360","0"
"4969","19920809","7","2.7","142","23.5","21.6","18.5","6.9","100810","0"
"4970","19920810","7","5.9","193","20.7","19","14.4","1.3","101150","0"
"4971","19920811","5","7","208","19.1","16.9","13.1","7.5","101350","0"
"4972","19920812","7","1.1","106","16.3","16.8","14.5","6.2","100950","0"
"4973","19920813","8","1.2","108","18.7","14.6","13","20.9","100920","0"
"4974","19920814","3","9.7","239","22.1","14.7","10.7","0","101490","0"
"4975","19920815","6","10.3","245","20.7","16.3","10.5","4.8","101640","0"
"4976","19920816","7","1.3","108","20.8","17.8","14.8","0.1","101340","0"
"4977","19920817","6","7.4","206","19.5","16.4","12.1","0.3","101550","0"
"4978","19920818","7","0.2","76","22.5","15.8","12.1","0.1","101660","0"
"4979","19920819","7","1.5","110","19.8","18.3","14.1","1.3","101420","0"
"4980","19920820","7","0.6","88","22.9","18.3","16.8","2.2","101100","0"
"4981","19920821","4","10.3","237","20.2","17.2","11.5","0.2","101380","0"
"4982","19920822","6","0.6","86","20.4","16.8","13.5","0.5","100750","0"
"4983","19920823","5","7","193","19.5","14.8","9.2","2.5","101240","0"
"4984","19920824","8","1.1","98","23.7","16.2","12.9","14.1","101170","0"
"4985","19920825","6","8.9","214","19.3","19.1","14.5","0","101090","0"
"4986","19920826","6","0.8","89","21.9","16.5","13.7","0.8","100920","0"
"4987","19920827","8","0.1","66","21.2","18.2","14.5","1.9","100230","0"
"4988","19920828","7","5.1","162","19.2","18.3","15.4","0","100220","0"
"4989","19920829","5","6.9","184","18.4","14.5","9.8","5.3","100510","0"
"4990","19920830","5","5.3","162","18","15.6","12.9","1.1","99160","0"
"4991","19920831","4","4.2","145","17.2","13.6","9.1","0","99930","0"
"4992","19920901","5","6.4","167","21.7","13.2","9.2","0.7","101210","0"
"4993","19920902","7","2.5","113","17.5","17.2","12.6","0.1","100790","0"
"4994","19920903","6","6.1","160","17.2","15","12.5","6","101260","0"
"4995","19920904","4","10.7","209","16.6","13","8.7","0","101940","0"
"4996","19920905","4","6.4","161","17.7","11.6","6.6","0.7","102390","0"
"4997","19920906","6","0","53","18","12.4","7","2.4","101560","0"
"4998","19920907","3","10.6","203","17.3","14.6","11.3","0","101260","0"
"4999","19920908","4","4.7","137","17.9","12.8","8.2","0","101730","0"
"5000","19920909","6","0.9","78","21.2","13.9","9.9","0","102100","0"
"5001","19920910","4","8.6","178","19","15.2","9.1","0.9","101880","0"
"5002","19920911","3","8.1","171","17.5","16.2","13.5","0","101380","0"
"5003","19920912","6","2.7","105","15.7","13.4","9.4","0.2","102380","0"
"5004","19920913","7","0","49","18.3","13.7","11.7","2","101470","0"
"5005","19920914","5","5.6","140","19.9","12.8","7.2","0","101470","0"
"5006","19920915","4","4.1","120","20.2","14.7","9.5","0","101990","0"
"5007","19920916","2","9.9","180","23.5","15","9.7","0","102370","0"
"5008","19920917","6","4.9","127","19.5","17.2","11","1.7","101710","0"
"5009","19920918","7","2.7","99","18.3","17.2","15","0.1","101470","0"
"5010","19920919","8","0.1","50","19.3","16.2","14","0","101800","0"
"5011","19920920","6","1.5","79","18.3","15.2","11.1","0","101980","0"
"5012","19920921","7","0.2","52","17.4","15.4","12.6","1.7","101120","0"
"5013","19920922","8","0.1","48","16","15.8","14.2","45.8","100620","0"
"5014","19920923","7","1.9","82","18.5","13.8","11.6","5.6","101120","0"
"5015","19920924","7","2","83","14.9","14.8","11.1","3","101100","0"
"5016","19920925","8","0","41","23.9","12.6","10.4","2.6","101310","0"
"5017","19920926","4","7","136","23.6","16.9","9.9","0","101280","0"
"5018","19920927","5","4.6","111","21.6","18.6","13.5","0","100940","0"
"5019","19920928","5","4.5","108","20.7","17.4","13.3","0","101270","0"
"5020","19920929","5","6.9","130","17","16.2","11.6","0.9","101550","0"
"5021","19920930","6","3.8","98","17","15.4","13.7","2.9","101630","0"
"5022","19921001","5","4.9","108","18","12.4","7.7","0","101880","0"
"5023","19921002","7","3.6","94","13.9","13.3","8.6","10.9","101230","0"
"5024","19921003","7","0","37","16.8","12","10","1.8","100520","0"
"5025","19921004","3","7.8","130","14.5","13.8","10.8","0","101490","0"
"5026","19921005","5","3.8","92","13.9","12.5","10.5","0","101580","0"
"5027","19921006","7","0.6","51","14.5","12.4","10.9","0","101670","0"
"5028","19921007","7","1.8","67","14","12.5","10.5","0","102350","0"
"5029","19921008","7","0.2","41","14.3","11.7","9.4","0","102760","0"
"5030","19921009","6","2.2","70","14.3","10.4","6.5","0","102210","0"
"5031","19921010","3","5","97","13.5","10.6","6.9","0","102380","0"
"5032","19921011","6","0.4","43","13","10.4","7.3","0","102090","0"
"5033","19921012","5","0","32","13.7","11.2","9.5","0","102300","0"
"5034","19921013","1","9.3","127","12.3","8.8","4","0","102590","0"
"5035","19921014","6","0","31","9.9","7.2","2","3.6","101550","0"
"5036","19921015","2","7.9","113","9.6","6.2","2.5","0","100330","0"
"5037","19921016","1","8.8","118","9.9","4.6","-0.4","0","100160","0"
"5038","19921017","1","7.8","110","11.5","4.7","-0.5","0","100310","0"
"5039","19921018","6","2.4","64","10","6.8","2.1","0","100280","0"
"5040","19921019","8","0.1","32","11.4","7","3.9","16.9","100420","0"
"5041","19921020","7","0.6","41","10.2","9","6.7","6.1","100510","0"
"5042","19921021","5","4.3","78","10","7.2","4.1","0.3","101030","0"
"5043","19921022","7","1.2","47","11.7","6.6","3.3","0","100660","0"
"5044","19921023","5","7.3","97","12.9","8.2","4.8","2.2","100080","0"
"5045","19921024","5","2.6","60","12.6","7.8","2.8","7","100540","0"
"5046","19921025","7","1.9","53","9.6","8.8","4.9","1.3","99470","0"
"5047","19921026","5","3.5","66","11.1","6","2.4","0.6","100880","0"
"5048","19921027","6","0.1","28","11.1","8","5","8.1","99640","0"
"5049","19921028","4","6.8","87","10","7","3","0.6","98940","0"
"5050","19921029","5","3.8","65","10.5","7.3","4.6","0","99890","0"
"5051","19921030","3","6.4","82","10.9","5.4","0.3","0","101190","0"
"5052","19921031","4","7.5","88","13.7","4.9","-1.1","0","102090","0"
"5053","19921101","7","0","22","14.5","8.1","2.5","3.4","101570","0"
"5054","19921102","6","1.2","40","12","12.6","10.6","4.2","100370","0"
"5055","19921103","3","6.2","76","13.4","8.2","4.4","0","101230","0"
"5056","19921104","6","4.5","64","15.7","8.4","3.4","0","101890","0"
"5057","19921105","6","5.6","70","16.8","11.8","7.8","0","102940","0"
"5058","19921106","4","0.1","24","13","11.4","6.1","0","103140","0"
"5059","19921107","8","0","20","11.6","11.3","9.6","0","102470","0"
"5060","19921108","7","0","20","12","10.8","9.9","0.6","102610","0"
"5061","19921109","7","0","19","13.6","9.7","7.4","8.9","101200","0"
"5062","19921110","5","3.4","52","10.6","9.2","4.8","6.9","100710","0"
"5063","19921111","5","1.7","39","9.7","8.6","6.6","0","99710","0"
"5064","19921112","2","7.2","72","7.9","6.6","3.5","0","100960","0"
"5065","19921113","3","7.3","72","9.3","3.8","-0.2","0","101390","0"
"5066","19921114","8","0","18","9.6","4.3","-0.7","6.7","100850","0"
"5067","19921115","8","0","18","8.4","6.6","3.5","0.3","99890","0"
"5068","19921116","7","0","17","8.3","6.2","4","5.7","99480","0"
"5069","19921117","2","4.9","56","12.6","5","1.7","1","100050","0"
"5070","19921118","6","0","17","10.2","6.5","0.4","4","100500","0"
"5071","19921119","3","4.7","53","8.5","7.6","5","1.2","101200","0"
"5072","19921120","6","0","16","14.1","4.7","0.9","0","101870","0"
"5073","19921121","7","0","16","14.9","7.8","1.6","4.7","101220","0"
"5074","19921122","8","0","16","14","8.9","2.9","0.6","101260","0"
"5075","19921123","7","0.9","27","14","12.8","11.6","0.1","101370","0"
"5076","19921124","6","1.9","34","11.9","10.1","6.2","4.2","101160","0"
"5077","19921125","6","2.3","36","10","9.1","6.3","14.8","100260","0"
"5078","19921126","3","6.2","56","13","7.8","5.6","0","101370","0"
"5079","19921127","6","0","15","8.5","8.4","3.7","2.6","101700","0"
"5080","19921128","6","3.5","42","13.4","5.3","2.1","10.1","102060","0"
"5081","19921129","8","0","14","13.2","9","4.5","1.2","101210","0"
"5082","19921130","8","0","14","12.6","10","6.8","5.7","100470","0"
"5083","19921201","5","0.9","23","14.2","9.2","5.8","3.4","100890","0"
"5084","19921202","7","0.6","20","8.1","11.3","8.4","4","98660","0"
"5085","19921203","5","0.4","18","5.9","6.6","5.2","5.1","98920","0"
"5086","19921204","4","0.2","16","7.3","4","2.1","0.1","98460","0"
"5087","19921205","1","5.5","46","9.5","3","-1.3","0","99700","0"
"5088","19921206","7","1.2","24","9.7","4.2","-1.2","2.8","100010","0"
"5089","19921207","6","3.5","37","7.4","5.8","2","0.1","99040","0"
"5090","19921208","7","1.1","23","7.1","6.2","5.1","0","101340","0"
"5091","19921209","6","0","12","6.8","5.5","3.9","0","102320","0"
"5092","19921210","5","0","12","12.2","4.2","1.6","0","103020","0"
"5093","19921211","8","0","12","8.5","6.5","0.8","1","102190","0"
"5094","19921212","6","3.6","36","10.6","6.4","4.3","0","102000","0"
"5095","19921213","6","0","12","10.6","5.7","0.8","0","102070","0"
"5096","19921214","7","0","12","10","7.5","4.4","0","101620","0"
"5097","19921215","8","0","12","10.6","9","8","2.5","100930","0"
"5098","19921216","7","0.1","14","10.5","8.2","5.9","4.1","100860","0"
"5099","19921217","5","0","12","12.1","3.8","-2.8","0.4","101630","0"
"5100","19921218","8","0","12","5.7","5.1","-1.9","8.9","100320","0"
"5101","19921219","8","0","12","5.7","5.4","5","3.5","101840","0"
"5102","19921220","7","0","12","5.7","3.8","2","0","102410","0"
"5103","19921221","2","5","42","5.5","2.6","-0.4","0","102390","0"
"5104","19921222","2","5.9","46","3.8","2.6","-0.2","0","103070","0"
"5105","19921223","2","2.5","30","4","1.6","-0.7","0","103210","0"
"5106","19921224","6","0","12","6.1","0.8","-2.5","0","103280","0"
"5107","19921225","8","0","12","5.8","1.8","-2.6","0","103330","0"
"5108","19921226","8","0","12","6.4","4.6","3.5","0","103790","0"
"5109","19921227","5","4.1","38","5.9","5.2","4.1","0","103950","0"
"5110","19921228","2","6.3","48","3.4","3.8","1.6","0","103950","0"
"5111","19921229","0","6.6","50","3.4","0.4","-2.6","0","103200","0"
"5112","19921230","4","1.6","26","5.2","-1","-5.4","0","102460","0"
"5113","19921231","8","0","13","6.7","0.7","-3.8","0","102660","0"
"5114","19930101","7","2.6","32","1.4","4.2","1.7","0","103420","0"
"5115","19930102","5","2.4","31","3","0","-1.3","0","103430","0"
"5116","19930103","4","5.6","47","8.6","-1.8","-6.6","1.3","103080","0"
"5117","19930104","8","0","13","12.1","1.9","-4.8","0.3","102360","0"
"5118","19930105","8","0","13","12.5","6.9","1.7","3.7","102070","0"
"5119","19930106","8","0","13","11.7","10.3","8.1","6.7","102320","0"
"5120","19930107","6","0","13","11.2","6.6","1.5","0.2","102200","0"
"5121","19930108","5","4.1","41","12.4","6","0.9","0","102590","0"
"5122","19930109","7","0.6","21","12.5","7.4","2.4","5.2","101430","0"
"5123","19930110","8","0","14","10.2","10.1","7.7","14.6","100210","0"
"5124","19930111","7","0.5","20","8.3","9.5","8.8","0.6","99330","0"
"5125","19930112","5","4.3","44","13.8","5.7","3.1","1.1","100560","0"
"5126","19930113","7","0","14","12.1","8.3","2.8","9.1","100510","0"
"5127","19930114","4","6.2","54","13.4","8.2","4.3","2.8","102170","0"
"5128","19930115","7","1.1","26","13.6","9","4.7","0.9","101430","0"
"5129","19930116","7","0","15","11.4","11.2","8.9","0","101940","0"
"5130","19930117","6","0","15","9.5","10.8","10.2","0.1","101790","0"
"5131","19930118","4","5.9","55","12","5.8","2.2","1.3","102630","0"
"5132","19930119","6","2.4","37","12.9","7.6","3.3","0.1","101900","0"
"5133","19930120","7","0","16","13.1","8.7","4.5","0","101590","0"
"5134","19930121","7","0","16","9.9","9.9","6.7","1.1","101990","0"
"5135","19930122","7","0","16","12.9","8.8","7.6","3.9","101780","0"
"5136","19930123","8","0","17","10.6","9","5","1.5","101870","0"
"5137","19930124","6","1.5","33","5.4","8.5","6.4","0.9","101090","0"
"5138","19930125","3","0.4","24","10.7","3.8","2.2","0.1","102220","0"
"5139","19930126","6","0.1","20","9.5","4.4","-1.9","6.3","102340","0"
"5140","19930127","8","0","18","10.8","5.5","1.5","0.7","101930","0"
"5141","19930128","7","0","18","9.9","8.3","5.8","0.4","101310","0"
"5142","19930129","6","0.1","21","7.9","7.6","5.3","0.2","101830","0"
"5143","19930130","7","0","19","8.3","6","4.2","0","102510","0"
"5144","19930131","7","0","19","6.8","5.5","2.7","0","103290","0"
"5145","19930201","4","7.2","75","10.7","5","3.1","0","103640","0"
"5146","19930202","5","4.3","58","5.4","7","3.2","0","103800","0"
"5147","19930203","8","0","20","3","4.4","3.3","0","104010","0"
"5148","19930204","8","0","20","4.3","2.4","1.7","0","103580","0"
"5149","19930205","7","0","21","10.9","1.9","-0.5","0","103600","0"
"5150","19930206","7","0.2","26","9.9","5.6","0.3","0","103500","0"
"5151","19930207","8","0","21","9.8","6.6","3.3","0.6","103600","0"
"5152","19930208","8","0","22","6.6","9","8.1","0.1","103620","0"
"5153","19930209","8","0","22","3.9","6.2","5.9","0","103300","0"
"5154","19930210","8","0","23","4.2","3.2","2.6","0","103090","0"
"5155","19930211","8","0","23","5.5","3","1.7","0","103120","0"
"5156","19930212","8","0","24","7.2","3.6","1.7","0","103470","0"
"5157","19930213","4","1.7","47","3.4","4.5","1.8","0","103500","0"
"5158","19930214","8","0","24","8.1","2.5","1.6","0","103240","0"
"5159","19930215","8","0","25","10","4.6","1","0","103550","0"
"5160","19930216","6","2.6","58","11.5","5.8","1.5","0","103490","0"
"5161","19930217","8","0","26","9.4","7.8","4.2","0","103070","0"
"5162","19930218","6","0","26","9.9","8.5","7.6","0","102700","0"
"5163","19930219","5","4.6","78","9","7","4","0","102420","0"
"5164","19930220","5","3","65","7.2","4.7","0.4","0","102670","0"
"5165","19930221","5","6.3","93","7","5.5","3.8","0","102200","0"
"5166","19930222","6","2.4","61","7.4","4","1.1","0","102600","0"
"5167","19930223","5","7","101","8.9","4","0.7","0","103020","0"
"5168","19930224","7","0.1","33","9.3","5.6","2.4","0","103150","0"
"5169","19930225","7","1.2","51","4.9","6.2","3.2","0.6","102210","0"
"5170","19930226","8","0","30","4.6","4.4","3.8","0.9","101110","0"
"5171","19930227","5","6.8","105","3.5","3.1","1.6","0.2","102170","0"
"5172","19930228","4","3.6","79","6","0.8","-1.9","0","102260","0"
"5173","19930301","6","2.8","79","3.6","2.6","-0.7","0","101570","0"
"5174","19930302","8","0","35","5.2","2.5","1.4","0","101240","0"
"5175","19930303","7","0.7","53","4.5","4","2.9","0","102140","0"
"5176","19930304","7","0.1","41","10","3.1","1.7","0","103010","0"
"5177","19930305","8","0","37","11.1","5.3","0.6","0","102580","0"
"5178","19930306","7","0","38","9.4","6.8","2.5","0","102400","0"
"5179","19930307","7","0","38","12.2","7.6","5.9","0","102320","0"
"5180","19930308","3","9.3","152","9.9","8.4","4.5","0","102130","0"
"5181","19930309","0","9.5","156","12.4","5","0.2","0","101930","0"
"5182","19930310","5","0.1","45","14.9","6","-0.5","0","102140","0"
"5183","19930311","4","5.1","117","15.7","8.8","2.7","0","102350","0"
"5184","19930312","4","4.2","108","16.8","9.7","3.7","0","101880","0"
"5185","19930313","3","8.9","158","15.7","11.2","5.6","0","101640","0"
"5186","19930314","4","2.5","90","19.6","11.4","7","0","101830","0"
"5187","19930315","4","8.4","157","12","13.4","7.3","0","102450","0"
"5188","19930316","7","0","44","17","9.6","7.1","0","102500","0"
"5189","19930317","6","7","146","15.4","12.6","8.3","0","102380","0"
"5190","19930318","6","4","114","12.6","12.6","9.7","0","102490","0"
"5191","19930319","2","10.4","184","13.7","6.3","0","0","103080","0"
"5192","19930320","2","9.3","175","12.9","7","0.4","0","102250","0"
"5193","19930321","7","0.3","58","12.8","8.8","4.8","4.8","101250","0"
"5194","19930322","6","3.8","116","11.9","10.4","8","0.7","101110","0"
"5195","19930323","2","8.4","171","11.1","7.1","2.3","0","102330","0"
"5196","19930324","2","7.8","166","10.2","5.6","0.2","0","103000","0"
"5197","19930325","1","9.7","188","9.2","6.6","3","0","103560","0"
"5198","19930326","2","6.1","150","8.7","4.2","-0.9","0","103380","0"
"5199","19930327","5","1.4","86","11.4","3.8","-1","0","102480","0"
"5200","19930328","7","3.4","118","13.1","5.8","0.1","0","101790","0"
"5201","19930329","7","4.6","136","14.2","8","3","0","101690","0"
"5202","19930330","7","0.6","72","11.9","10.8","7.5","2.5","101480","0"
"5203","19930331","7","0","53","7.3","8","4.2","8","101110","0"
"5204","19930401","7","0","54","12","7.2","7.2","19.9","100680","0"
"5205","19930402","3","7.1","173","11.3","6.3","0.6","0","101360","0"
"5206","19930403","6","1.6","96","12.1","6","0.6","2.3","100920","0"
"5207","19930404","5","9.7","206","13.2","6.8","1.5","5.3","100890","0"
"5208","19930405","6","4.8","148","12.5","9.4","5.5","2.5","99910","0"
"5209","19930406","6","2.9","121","10","10.3","8.1","1.4","100380","0"
"5210","19930407","7","0","58","12.8","7","4","0.7","101320","0"
"5211","19930408","8","0","58","10.2","10.2","7.7","2.4","101670","0"
"5212","19930409","8","0","59","13.7","9.1","8","14","100950","0"
"5213","19930410","5","7.6","191","13.2","8.6","3.4","8.5","100800","0"
"5214","19930411","7","2.3","116","14.8","10","6.9","2","100060","0"
"5215","19930412","4","11.3","238","12.5","9.3","3.8","0","100150","0"
"5216","19930413","7","1.4","101","11.8","8.8","5.2","0","100380","0"
"5217","19930414","7","3.5","139","14.7","8.6","5.5","0","101240","0"
"5218","19930415","3","8.4","208","15.4","9.8","4.8","0","102040","0"
"5219","19930416","6","1.5","105","16.4","10.6","5.8","1.1","102180","0"
"5220","19930417","7","1.1","98","16.5","13.1","9.8","0.1","101710","0"
"5221","19930418","7","4.1","153","15.7","12.4","8.4","0","101570","0"
"5222","19930419","7","0.3","78","20","13.2","10.7","0","101710","0"
"5223","19930420","4","12.6","266","17.6","14.4","8.7","0","100990","0"
"5224","19930421","4","9.3","228","14.1","13.8","10","0","100700","0"
"5225","19930422","6","1.3","106","14.7","10.4","6.7","0.1","100590","0"
"5226","19930423","8","0.1","73","15","12.5","10.3","7.7","100260","0"
"5227","19930424","8","1.6","114","16","12.2","9.5","4","100110","0"
"5228","19930425","7","2.9","140","13.7","12.3","8.6","0","100470","0"
"5229","19930426","6","2.2","127","20.7","11.2","8.6","3.3","101050","0"
"5230","19930427","6","5.6","185","15.8","14.8","9","0","101810","0"
"5231","19930428","4","8","220","20.7","11.6","7.3","0","101740","0"
"5232","19930429","4","8.5","228","22.6","14.6","8.4","0","101340","0"
"5233","19930430","3","7.2","211","20.1","15.4","8.1","0","101140","0"
"5234","19930501","4","6.8","207","13.6","14.9","9.7","0","100880","0"
"5235","19930502","7","1","106","13.5","10.8","7.9","0","101520","0"
"5236","19930503","6","0.6","96","15.6","10.6","7.6","0","102640","0"
"5237","19930504","3","9.3","245","15.2","10.2","4.9","0","103190","0"
"5238","19930505","2","13.8","302","14.7","9.9","4.6","0","102950","0"
"5239","19930506","1","13.7","302","16.3","9","3.3","0","102770","0"
"5240","19930507","2","12.7","291","18","10.8","5.4","0","102740","0"
"5241","19930508","4","5.8","199","17.5","12.5","7","0.3","102530","0"
"5242","19930509","7","1.9","131","20.6","12.8","8","0.5","101960","0"
"5243","19930510","5","5.5","196","25.1","14.8","9","0","101600","0"
"5244","19930511","5","11","274","19","17.8","10.4","0","101470","0"
"5245","19930512","7","0.4","95","16.3","14.8","10.5","0","101070","0"
"5246","19930513","7","5.2","193","15.7","12.1","7.9","0","100330","0"
"5247","19930514","7","1.3","120","15","12.2","8.7","1.1","99750","0"
"5248","19930515","3","9.2","254","17.7","9.8","4.6","3.6","100500","0"
"5249","19930516","6","2.6","149","22.7","12","6.4","0","101170","0"
"5250","19930517","6","2.8","154","18.6","17.2","11.6","5","100390","0"
"5251","19930518","5","12.2","296","18.5","13.8","9","0","100770","0"
"5252","19930519","5","11.3","285","13.9","14.7","10.9","0.1","101190","0"
"5253","19930520","8","0.2","90","17.7","11.9","9.9","10.3","101340","0"
"5254","19930521","6","8.2","244","19.8","12.8","7.8","0","101500","0"
"5255","19930522","6","3","160","22.8","13.2","6.6","0","101650","0"
"5256","19930523","6","9.2","259","24.9","17.5","12.2","0","101610","0"
"5257","19930524","7","7.4","234","18.6","19.6","14.2","0","101390","0"
"5258","19930525","7","0","80","17.3","15.5","12.4","0.3","101380","0"
"5259","19930526","8","0","81","14.5","14.2","11.2","7","100740","0"
"5260","19930527","8","0","81","18.1","13.4","12.2","1.5","100430","0"
"5261","19930528","6","5.5","207","20.6","13.4","8.7","0.4","101090","0"
"5262","19930529","5","5","199","16.9","14.3","8","0.9","101040","0"
"5263","19930530","6","3.8","178","18.5","14.4","11.9","0.3","100340","0"
"5264","19930531","6","7.2","235","20.9","14.5","10.5","0.5","101150","0"
"5265","19930601","6","8.1","249","18.9","16.3","11.7","3.6","101330","0"
"5266","19930602","6","4.8","198","18.5","15.2","11.5","0.9","100930","0"
"5267","19930603","6","0.1","88","22.2","15.4","12.3","0","101860","0"
"5268","19930604","6","9.9","276","23.6","15.6","8.9","0","102070","0"
"5269","19930605","4","8.4","255","26","17.7","11.8","0","102220","0"
"5270","19930606","1","13.1","","26.5","18.9","11.8","0","102040","0"
"5271","19930607","4","13.8","","28.4","19.8","13","0","101850","0"
"5272","19930608","2","14.4","","27.5","21.1","13.8","0","101600","0"
"5273","19930609","6","1.9","144","23.4","22.4","17.2","1.2","101030","0"
"5274","19930610","7","1.1","124","19.2","20.4","17.3","5.1","100580","0"
"5275","19930611","7","0.3","99","17.5","17.2","15.3","10.2","100130","0"
"5276","19930612","7","0.4","103","18","14.6","11.8","1.7","100370","0"
"5277","19930613","7","5.2","208","18.4","14.7","11.4","3.2","101580","0"
"5278","19930614","8","0.3","99","21","15","11.5","3.8","101360","0"
"5279","19930615","4","13.2","","16.7","15","8.9","3","102320","0"
"5280","19930616","7","0.6","110","22.1","14.8","12.8","11.2","101880","0"
"5281","19930617","7","6.9","235","19","17","11.9","0","101900","0"
"5282","19930618","8","0.1","89","20.4","16.4","13.8","0","101470","0"
"5283","19930619","7","3.6","180","20.8","16.4","12.3","0","101560","0"
"5284","19930620","3","12.7","","19.1","15","9.2","0","101980","0"
"5285","19930621","3","11.3","297","19.4","14.8","10.5","0","102060","0"
"5286","19930622","4","7.2","240","19.2","14.6","9.7","0","101750","0"
"5287","19930623","6","6.2","224","21.8","15.6","11.9","0","101740","0"
"5288","19930624","5","9.5","273","21.7","16","10.1","0","102320","0"
"5289","19930625","5","12.1","","23.7","15.8","9.9","0","102490","0"
"5290","19930626","7","2.6","160","25","18.7","13.7","0","102120","0"
"5291","19930627","2","14.9","","23.7","19.8","14.6","0","102100","0"
"5292","19930628","1","15.1","","25","18.3","12.9","0","102070","0"
"5293","19930629","2","14","","27.7","18.6","12.2","0","101640","0"
"5294","19930630","1","12.4","","23.9","20.2","12.8","0","101610","0"
"5295","19930701","3","12.5","","26.1","18.4","12.8","0","101910","0"
"5296","19930702","5","8.8","262","27.6","20.2","14.3","0","101960","0"
"5297","19930703","6","10.6","286","28.1","21","14.5","0","102090","0"
"5298","19930704","3","11.1","292","19.5","21.7","15.3","0","102320","0"
"5299","19930705","6","8.2","252","24.1","16.8","14.2","0","102640","0"
"5300","19930706","4","13.9","","23","17.1","10.1","0","103030","0"
"5301","19930707","4","13","","23","16.5","10","0","102680","0"
"5302","19930708","6","5.5","210","18.5","18.2","13.4","0","101840","0"
"5303","19930709","7","1","120","17.3","16.8","15.2","8.8","100650","0"
"5304","19930710","4","7.5","240","18","12","6.7","3.6","100740","0"
"5305","19930711","5","8.2","250","18.7","12.6","7.2","0","101170","0"
"5306","19930712","5","6","216","18.5","12.9","7.1","0","102020","0"
"5307","19930713","7","0.3","96","23.4","13.5","8.5","6.8","101940","0"
"5308","19930714","7","2.7","158","22.2","18.5","13.6","1.9","100930","0"
"5309","19930715","8","0.9","115","22.2","18.3","14.4","5","100940","0"
"5310","19930716","7","1.3","126","22.4","18.8","15.4","0.3","101080","0"
"5311","19930717","4","8","244","20.5","17.9","13.4","0.4","101630","0"
"5312","19930718","5","4.9","196","21.2","15.7","10.9","1.7","101430","0"
"5313","19930719","6","6.5","221","19.2","16.8","12.3","0","100690","0"
"5314","19930720","7","1.4","127","18.1","16.4","13.5","0.1","101320","0"
"5315","19930721","7","0.3","94","22.7","15.6","13","0","101900","0"
"5316","19930722","6","8.9","253","25.2","17.1","11.5","0","102200","0"
"5317","19930723","7","3.6","171","19.1","20.2","15.2","0.9","102040","0"
"5318","19930724","7","0.4","96","20.4","17.6","16","0.5","101260","0"
"5319","19930725","4","8.8","249","19.1","15.2","10.1","0.2","100800","0"
"5320","19930726","6","1","114","20.3","15","10.8","1.4","101370","0"
"5321","19930727","8","0.6","102","24.4","17.3","14.3","2.5","101160","0"
"5322","19930728","7","6.6","216","20.3","19.8","15.2","0","101550","0"
"5323","19930729","8","0.2","86","21.6","18.8","17.2","0.3","101380","0"
"5324","19930730","6","5.3","195","20.8","17.8","14.1","0.6","101370","0"
"5325","19930731","5","6.6","214","22.3","15.8","10.9","0","101900","0"
"5326","19930801","4","7.7","228","22.3","16.2","10.2","0","102080","0"
"5327","19930802","7","6.1","205","22.2","17.9","13.5","0.1","101520","0"
"5328","19930803","5","7.7","227","20.4","17.8","13.3","0","101550","0"
"5329","19930804","7","2.1","134","21.8","16.7","13","0.8","101740","0"
"5330","19930805","5","9.8","252","22.2","18","14.1","0","101620","0"
"5331","19930806","5","5.1","186","24.2","15.6","9.1","0","102310","0"
"5332","19930807","5","10.9","264","21.7","18.8","13.5","0","102030","0"
"5333","19930808","6","5.6","192","23.2","18.4","15","0","101810","0"
"5334","19930809","7","1.9","127","19.4","18.8","14.5","0.6","101200","0"
"5335","19930810","4","7.7","219","21.1","16.5","13.6","0","101250","0"
"5336","19930811","7","1.1","107","21","16","11","14.5","100920","0"
"5337","19930812","5","8.8","232","21.2","17.2","13.5","0","100860","0"
"5338","19930813","3","12.2","271","25.9","14.7","8.2","0","102040","0"
"5339","19930814","5","9.8","242","23.1","18.7","11.5","0","101340","0"
"5340","19930815","6","4.6","170","22.4","19.2","15.3","0","101340","0"
"5341","19930816","5","7.9","215","23.1","18.2","14.1","0","102190","0"
"5342","19930817","5","10.6","247","23.8","17.2","11.2","0","102940","0"
"5343","19930818","6","9.7","235","26.3","17.9","12","0","102610","0"
"5344","19930819","6","6","186","25.5","19.2","12.2","0","102470","0"
"5345","19930820","4","6.3","189","23.9","20.2","14.9","0","102160","0"
"5346","19930821","4","6.2","187","17.2","18.5","13.1","7.5","101870","0"
"5347","19930822","7","2.1","121","17.4","14.7","12.2","0.2","101430","0"
"5348","19930823","5","8.3","211","18.2","13.8","10.1","0","101880","0"
"5349","19930824","4","10.4","235","18.8","13.8","9.4","0","102220","0"
"5350","19930825","5","4.9","164","18.3","12.5","6.2","0.1","102150","0"
"5351","19930826","5","3.9","148","18.4","13.4","8.4","0","102200","0"
"5352","19930827","4","9.2","216","20.5","13.4","8.5","0","102270","0"
"5353","19930828","4","9.9","223","22.7","14.2","8","0","102680","0"
"5354","19930829","4","10","222","24.1","15.1","7.5","0","102750","0"
"5355","19930830","5","6.6","180","18.3","19.2","14.2","0","102520","0"
"5356","19930831","3","6.3","175","24.5","14.2","10","0","102960","0"
"5357","19930901","4","8.9","197","20.4","18","11.5","0","102960","0"
"5358","19930902","6","4.1","137","19.3","16.5","12.6","0","102440","0"
"5359","19930903","6","1.5","95","16.6","16","12.7","0","101800","0"
"5360","19930904","5","7.7","179","18","12.4","8.2","0","102010","0"
"5361","19930905","5","5.5","152","19.2","13.2","8.4","0","102190","0"
"5362","19930906","6","4.1","133","23.4","14.2","9.2","0","101660","0"
"5363","19930907","6","5.8","153","21.4","17.6","11.9","11.4","100600","0"
"5364","19930908","6","2.8","112","20.7","17.6","13.7","3.5","99710","0"
"5365","19930909","6","6","152","17.2","18","15.2","2.7","99720","0"
"5366","19930910","6","1.2","84","18.1","15.5","13.8","0.3","100170","0"
"5367","19930911","6","3.5","119","16.3","13.2","8.2","0","100610","0"
"5368","19930912","7","0.3","62","17.7","12","7.8","23.1","100060","0"
"5369","19930913","6","3.8","120","15.1","14.4","11.2","10.2","99030","0"
"5370","19930914","7","0.8","73","16.6","13.1","11.1","0.1","99310","0"
"5371","19930915","7","3.9","119","14.8","12.4","8.1","4.4","99720","0"
"5372","19930916","7","0.5","64","16.3","12.7","10.6","0.9","100650","0"
"5373","19930917","6","4.2","120","17.9","13.4","10.4","0","101680","0"
"5374","19930918","5","8.7","167","21","11.9","5.9","0","102080","0"
"5375","19930919","4","10.3","180","16.6","14","6.9","0","101880","0"
"5376","19930920","8","0","45","19.6","14.6","12.7","7.7","101470","0"
"5377","19930921","6","7.5","150","18.8","16.1","12.6","0.2","101360","0"
"5378","19930922","7","0.7","64","16.6","15","11.2","0","101360","0"
"5379","19930923","4","4.6","117","17.4","12.6","8.6","0","101770","0"
"5380","19930924","6","4.2","112","13.7","12.4","7.5","0.1","101610","0"
"5381","19930925","6","0","42","14.3","11.8","9.9","0.4","101410","0"
"5382","19930926","6","0.5","57","10","9.4","4.5","1.3","101710","0"
"5383","19930927","8","0","41","12.5","9","8","6.2","101680","0"
"5384","19930928","7","0","40","14.8","10.4","8.3","1.2","101400","0"
"5385","19930929","7","0.1","45","15","10.8","6.7","5","100950","0"
"5386","19930930","5","3.3","94","13.9","10.4","5.7","17.6","100280","0"
"5387","19931001","7","0.3","49","14.3","10.4","6.8","24.7","98480","0"
"5388","19931002","7","1.4","68","17.2","12.2","10","3.5","98890","0"
"5389","19931003","5","6.5","122","16.5","12.4","7.6","1.6","99940","0"
"5390","19931004","5","5.9","115","16.6","13.3","10.1","1.1","99900","0"
"5391","19931005","5","4.8","103","15.8","13.4","10.2","1.7","99540","0"
"5392","19931006","6","3.4","88","14.9","12.9","10","9.2","99170","0"
"5393","19931007","5","6.4","115","16.8","12.4","9.8","4.2","99960","0"
"5394","19931008","6","1.9","69","14.5","12.4","8.1","1.7","100340","0"
"5395","19931009","5","4.1","91","15.7","12.2","9.8","1","100410","0"
"5396","19931010","6","4.4","93","18","12.4","9.2","8.3","100440","0"
"5397","19931011","7","4.4","92","16.9","14.7","11.4","6","99690","0"
"5398","19931012","8","2.5","72","14.7","14","11.2","59.4","99170","0"
"5399","19931013","8","0.1","36","11.1","13.1","11.5","0.5","99450","0"
"5400","19931014","6","4.5","89","11.1","9.4","7.7","0","100300","0"
"5401","19931015","2","8.4","119","9.1","6.2","1.4","0","101380","0"
"5402","19931016","1","9.7","126","11.4","4.4","-0.4","0","102190","0"
"5403","19931017","2","6.8","104","12.9","6","0.5","0","102920","0"
"5404","19931018","1","9.7","123","10.8","8.2","3.5","0","103640","0"
"5405","19931019","2","9","116","11.1","6","1.3","0","103400","0"
"5406","19931020","5","4.2","79","9.7","5.8","0.5","0","102630","0"
"5407","19931021","4","4.8","83","11","6.3","2.9","0","102420","0"
"5408","19931022","4","6.4","94","11","8","5","0","102910","0"
"5409","19931023","7","1","45","10.4","8.6","6.2","0","103020","0"
"5410","19931024","7","0.3","34","11.1","8.9","7.4","0","103160","0"
"5411","19931025","7","1","44","12","8.8","6.6","0","103520","0"
"5412","19931026","7","0","25","11.4","9.8","7.5","0","103420","0"
"5413","19931027","7","0.2","31","11.8","10.2","8.9","0.1","103210","0"
"5414","19931028","7","0.8","39","12.3","10.2","8.6","0","102690","0"
"5415","19931029","5","4.1","69","10","10.1","7.9","0","102790","0"
"5416","19931030","8","0","24","9.5","8.6","7.1","0","102720","0"
"5417","19931031","8","0","23","8.1","8.8","8","0","102330","0"
"5418","19931101","8","0","23","10.4","7.8","7.4","0","101820","0"
"5419","19931102","8","0","22","14.4","8.2","5.9","0","101040","0"
"5420","19931103","7","0.5","32","15.9","10","5.6","0","100730","0"
"5421","19931104","7","0.1","25","16.7","13","10","0.1","101060","0"
"5422","19931105","4","3","54","11","13.8","10.9","0","100910","0"
"5423","19931106","7","0.4","29","11.3","9.4","7.8","0","101040","0"
"5424","19931107","8","0","21","10.1","9.6","7.9","0","100950","0"
"5425","19931108","7","0","20","11.5","8.8","7.4","0.1","101840","0"
"5426","19931109","5","0","20","12.3","7","2.6","7.6","101670","0"
"5427","19931110","8","0.3","26","10.7","8.8","5.2","0.4","100820","0"
"5428","19931111","2","5.7","66","11.6","6.4","2.2","0","101700","0"
"5429","19931112","4","8","77","13.1","6.8","1.9","7.4","102050","0"
"5430","19931113","8","0","19","8.7","9.2","5.3","6.1","101140","0"
"5431","19931114","6","1.6","37","10.5","7.2","5.8","0.1","101160","0"
"5432","19931115","3","6.5","67","8","6.2","2","0","103430","0"
"5433","19931116","7","0.5","26","6.6","3.8","-0.4","0","103550","0"
"5434","19931117","3","7.4","69","5.6","3.6","0.6","0","103290","0"
"5435","19931118","4","6.4","64","6.3","2.6","-0.5","0","103150","0"
"5436","19931119","1","7.7","69","5.7","2.4","-1.4","0","102880","0"
"5437","19931120","4","3.3","45","2","2","-1.7","0.3","102500","0"
"5438","19931121","5","1.4","32","1.9","0.6","-0.9","0.1","101950","0"
"5439","19931122","4","0.9","27","1.9","-2","-5.8","0","102360","0"
"5440","19931123","6","2.7","40","5.8","-0.8","-3.5","0","102050","0"
"5441","19931124","7","0","16","11.5","1.4","-2.9","0","101840","0"
"5442","19931125","5","3.4","43","5.7","6.1","0.7","0","102410","0"
"5443","19931126","7","0","15","8.1","3.8","1.8","0","103170","0"
"5444","19931127","6","6","55","1.7","5.2","2.2","0","103030","0"
"5445","19931128","6","1.5","30","7.5","0.6","-0.5","0","102740","0"
"5446","19931129","7","3.1","40","9.7","2.4","-2.7","6.7","102180","0"
"5447","19931130","7","0.9","25","11.5","4.6","-0.5","0.6","100870","0"
"5448","19931201","7","2.6","34","12.4","8.2","4.9","0.1","100840","0"
"5449","19931202","8","0","13","12.8","8.4","4.5","0","101390","0"
"5450","19931203","7","0","13","12.2","11.4","10","0.6","101610","0"
"5451","19931204","5","2","30","9.2","11","9.9","0.6","101160","0"
"5452","19931205","3","2","29","10.2","5.8","2.4","0","102640","0"
"5453","19931206","7","0.2","16","8.5","7.8","5.5","4.3","102200","0"
"5454","19931207","5","3.4","36","12.7","7.5","6.5","4.8","100620","0"
"5455","19931208","7","0","13","9.9","7.6","2.4","2.8","99560","0"
"5456","19931209","5","2.8","33","8.5","8.2","6.5","1","100300","0"
"5457","19931210","5","2.5","31","7.5","6.8","5","0","100520","0"
"5458","19931211","2","6.3","48","12","5.2","2.9","0.1","100890","0"
"5459","19931212","7","0","12","10.4","6.8","1.5","10.6","100870","0"
"5460","19931213","7","1.4","24","6.4","7.4","4.3","0.2","99300","0"
"5461","19931214","5","4.7","41","7.4","3.4","0.4","5.6","100710","0"
"5462","19931215","5","4.1","38","8.7","3.9","0.4","0.1","98200","0"
"5463","19931216","4","5.6","45","11.1","6.3","3.9","0.9","99320","0"
"5464","19931217","8","0","12","13.9","7.6","4","0.1","101090","0"
"5465","19931218","8","0","12","14.4","9.7","5.5","7.6","101080","0"
"5466","19931219","8","0","12","7.9","12.4","10.3","6.5","100220","0"
"5467","19931220","7","0","12","6.8","5.8","3.7","4","100290","0"
"5468","19931221","5","3","33","8.6","4.4","2","0.1","100500","0"
"5469","19931222","7","1.8","26","7.2","5.3","2","4.7","100170","0"
"5470","19931223","6","0","12","4.8","4.4","1.5","1.8","100080","0"
"5471","19931224","7","0.1","14","4.1","3.3","1.8","0","99830","0"
"5472","19931225","7","0.4","17","3","2.1","0.1","0.1","100290","0"
"5473","19931226","5","2.4","30","4.6","1.4","-0.1","0","101300","0"
"5474","19931227","6","4.7","41","9.4","1.6","-1.3","2.6","101600","0"
"5475","19931228","7","0","12","11.7","4.6","-0.3","2.2","100600","0"
"5476","19931229","7","0.7","20","8.8","6.8","1.9","2.8","100340","0"
"5477","19931230","7","0","12","7.5","7.2","5.5","9.6","100150","0"
"5478","19931231","6","1.7","27","9.1","6","4.6","0","100140","0"
"5479","19940101","4","5.8","47","10","3.7","-1.7","6.1","101110","0"
"5480","19940102","4","4.4","41","8.7","5.2","0.5","0","99730","0"
"5481","19940103","6","0.8","21","9","6.1","3.5","2.9","99420","0"
"5482","19940104","6","0","13","9","6.6","4.3","7.2","98970","0"
"5483","19940105","7","1","23","5","5.4","1.9","6.5","98240","0"
"5484","19940106","8","0","13","5","3.7","2.4","16.4","97860","0"
"5485","19940107","4","4","41","8.4","2","-1","0","99590","2"
"5486","19940108","5","1.2","25","9.8","2.9","-2.6","1.9","100600","0"
"5487","19940109","8","0","14","9.5","4.2","-1.3","15.3","99960","0"
"5488","19940110","7","0","14","10.4","8","6.5","0","99350","0"
"5489","19940111","4","2.9","36","13","7.6","4.7","3","99980","0"
"5490","19940112","8","0","14","11.9","9.7","6.4","2","99810","0"
"5491","19940113","3","5.6","51","9.2","9.6","7.3","2.8","100520","0"
"5492","19940114","3","5.5","51","7.5","7.3","5.4","1.3","101120","0"
"5493","19940115","7","0","15","5.3","4.9","2.3","2","100810","0"
"5494","19940116","4","4.9","49","4.5","3.6","2","0","101330","0"
"5495","19940117","6","1.1","27","8.4","2.5","0.5","0","102560","0"
"5496","19940118","7","0.1","18","7.5","3","-2.5","2.7","102570","0"
"5497","19940119","4","4.5","49","9.4","5.5","3.5","0","102210","0"
"5498","19940120","6","1.9","34","10.2","4","-1.4","0","102670","0"
"5499","19940121","7","1.3","30","12","7.2","4.1","0","102640","0"
"5500","19940122","7","1.3","31","11.8","9.2","6.3","1.4","102660","0"
"5501","19940123","6","3","43","11.8","9.2","6.7","1.2","102140","0"
"5502","19940124","8","0","17","12.7","7.4","2.9","1.2","101860","0"
"5503","19940125","6","4.2","51","11.1","8.5","4.3","2.3","100960","0"
"5504","19940126","5","4.1","52","11.2","8","5","0.1","101540","0"
"5505","19940127","6","0.8","28","7.9","8.7","6.2","3.2","100880","0"
"5506","19940128","3","8","74","11.4","5.9","3.9","0.3","102550","0"
"5507","19940129","8","0","18","9.9","6.2","1.1","0.2","102990","0"
"5508","19940130","4","6.6","69","8.7","7.7","5.5","0","102390","0"
"5509","19940131","6","0.4","26","9.8","4.5","0.3","0","102440","0"
"5510","19940201","6","0","19","7.1","6.5","3.2","3.2","100960","0"
"5511","19940202","4","3","50","11.5","3.3","-0.5","5.5","101370","0"
"5512","19940203","6","0.5","28","9.7","6.4","1.4","6.1","99180","0"
"5513","19940204","6","1.4","38","11","7.1","4.5","0","99490","0"
"5514","19940205","3","7.7","82","10","6.3","1.6","0","100690","0"
"5515","19940206","5","3.4","56","9.2","5.7","1.4","4.9","100930","0"
"5516","19940207","2","7.2","81","9.6","6.4","3.6","0","101030","0"
"5517","19940208","3","5.2","70","9.5","4.3","-1","0.8","101960","0"
"5518","19940209","3","5.4","72","8.9","5.5","1.5","0","102270","0"
"5519","19940210","4","6.6","81","6.7","4.3","-0.3","3.8","102510","0"
"5520","19940211","7","0","23","7.8","4.6","2.6","2.1","102180","0"
"5521","19940212","1","8.9","98","3.3","3.4","-0.9","0","102710","0"
"5522","19940213","7","0.7","36","0.5","2.2","1","0.8","102560","0"
"5523","19940214","7","1.3","44","6.4","-1.8","-4.1","1.6","101630","0"
"5524","19940215","8","0","25","8.1","0.4","-5.5","0.1","101140","3"
"5525","19940216","7","0.2","31","6.6","4","0","0","102030","0"
"5526","19940217","8","0","26","7.5","4.8","2.9","0","101900","0"
"5527","19940218","7","0","26","6.4","5.6","3.6","0","101760","0"
"5528","19940219","4","6.1","89","3.2","3.2","0.1","0","102000","0"
"5529","19940220","5","3.5","70","3.4","2.2","1.1","0","101270","0"
"5530","19940221","4","8.9","111","2.7","0.7","-2","0.2","101420","0"
"5531","19940222","8","0","28","4.8","0.2","-2.2","9.3","100890","0"
"5532","19940223","8","0","29","4.2","2.4","0","2.1","100150","0"
"5533","19940224","8","0","29","9.7","3.2","2.2","0","100320","0"
"5534","19940225","8","0","30","12.1","5.8","2","1.7","101260","0"
"5535","19940226","8","0","30","12.9","7.4","2.6","0","100460","0"
"5536","19940227","7","1.6","57","11.8","10.2","7.5","0.2","99960","0"
"5537","19940228","7","0.4","41","9.1","9.4","7","0.2","100270","0"
"5538","19940301","7","0.1","39","12.5","7.2","5.2","1.9","101220","0"
"5539","19940302","4","8.2","132","12","8.5","4.5","0","101550","0"
"5540","19940303","5","4","94","11.3","7.6","3.2","0.6","101830","0"
"5541","19940304","7","1.4","64","14.6","7.1","2.9","0.1","102390","0"
"5542","19940305","6","2.5","80","10.8","10.2","5.8","0","101450","0"
"5543","19940306","6","0.2","45","13.8","7","3.2","0","102430","0"
"5544","19940307","8","1","61","13","10.3","6.8","2.1","101910","0"
"5545","19940308","8","0.1","43","11.9","11.5","10","0","101780","0"
"5546","19940309","8","0","39","12.4","10.8","9.6","0.6","101870","0"
"5547","19940310","3","10","162","9.7","7.4","2.4","0","102990","0"
"5548","19940311","6","6.7","133","11","5.4","1.1","0","102230","0"
"5549","19940312","6","3.5","100","13.5","6.8","2.7","0.4","101440","0"
"5550","19940313","6","4.4","112","15.4","9.1","4.7","0","100790","0"
"5551","19940314","6","6.4","135","13.1","11","6.5","2.2","101860","0"
"5552","19940315","6","3.2","100","10.1","11.4","9.6","0.9","101520","0"
"5553","19940316","4","5.4","127","10.1","6.7","3.3","1.2","101600","0"
"5554","19940317","4","8","156","11.4","5.8","1.5","1.4","101900","0"
"5555","19940318","8","0","45","10.6","7.2","3.1","5.5","101070","0"
"5556","19940319","6","8.4","164","10","7.5","4.4","0","100820","0"
"5557","19940320","6","8.5","167","10.9","4.6","-0.8","0.1","101490","0"
"5558","19940321","6","7.3","156","12.5","7.4","3.9","1","101590","0"
"5559","19940322","8","0","48","14.9","8.8","5","4.6","101870","0"
"5560","19940323","8","0.1","53","13.7","11.4","8","0.7","101390","0"
"5561","19940324","6","8.6","175","13.2","10.4","7","0.1","101620","0"
"5562","19940325","6","0.4","63","11","11.4","9.7","1.2","100860","0"
"5563","19940326","1","10.8","201","11.1","6.9","2.8","0","102060","0"
"5564","19940327","7","3.4","117","12.8","6.4","1.7","0.1","101820","0"
"5565","19940328","8","0.1","57","16.2","9.4","6.1","0","100930","0"
"5566","19940329","5","8.3","180","17.5","13","9.7","0","101720","0"
"5567","19940330","7","1.1","83","11.7","13.1","8.7","5.5","100730","0"
"5568","19940331","6","4.3","135","11.4","8.8","6","9.8","99330","0"
"5569","19940401","6","2.3","106","9.3","9.2","6.9","0.1","98710","0"
"5570","19940402","4","6.7","168","11","5.8","2.3","0.6","100570","0"
"5571","19940403","6","3.3","124","11","5.2","-0.7","9.6","101300","0"
"5572","19940404","6","6.9","173","11.2","8","4.9","0.6","100040","0"
"5573","19940405","6","6.5","170","12","7","2.9","0.1","100610","0"
"5574","19940406","5","10.4","217","10.9","7","2.1","1.1","100920","0"
"5575","19940407","6","4.2","142","10.9","8","5","1.5","100180","0"
"5576","19940408","7","4.5","147","8.9","7.2","3.5","12.5","100220","0"
"5577","19940409","5","6.6","177","10.4","5.2","1.5","3.9","99230","0"
"5578","19940410","6","9.8","217","14.4","6","1.6","1.3","100610","0"
"5579","19940411","4","9.1","211","12.8","8.6","2.7","0","102370","0"
"5580","19940412","7","0.2","70","10.9","7.3","1.8","5.6","102210","0"
"5581","19940413","6","6.6","182","8.5","7.6","4.4","0","102450","0"
"5582","19940414","6","3.7","142","8.3","5.9","3.3","2.8","102380","0"
"5583","19940415","7","0.3","76","12.5","5.8","3.3","3.3","102120","0"
"5584","19940416","6","6.4","184","10.2","8.8","5.1","0","102350","0"
"5585","19940417","6","3.9","149","9.4","6.7","3.2","0","102260","0"
"5586","19940418","6","2.3","123","13.6","6.4","3.4","0","102020","0"
"5587","19940419","7","2.2","122","10.5","8.6","3.6","0","101030","0"
"5588","19940420","8","0","65","14.2","8.8","7","0","100550","0"
"5589","19940421","6","7.6","206","16.4","9.1","4","1.2","100740","0"
"5590","19940422","6","10.5","244","17.1","11.2","6.1","5","100690","0"
"5591","19940423","6","6.3","191","16.2","13.7","10.3","3.1","100170","0"
"5592","19940424","5","10.1","242","14.5","12.2","8.1","0","100490","0"
"5593","19940425","5","7.6","211","19.1","9","3.6","0","101160","0"
"5594","19940426","7","10.7","252","19.1","14.3","9.5","0.5","101640","0"
"5595","19940427","8","1","103","20.4","14.9","10.7","0","102370","0"
"5596","19940428","7","5.8","189","23.1","16.4","12.3","0","103000","0"
"5597","19940429","7","7.2","210","20","16","8.9","0","102800","0"
"5598","19940430","4","12.3","277","17.4","16.1","12.2","0","102530","0"
"5599","19940501","3","12.7","284","17.5","12.3","7.2","0","102940","0"
"5600","19940502","6","11.2","267","19.8","12","6.5","0","102470","0"
"5601","19940503","5","11.1","266","14.6","13.4","6.9","1.1","101010","0"
"5602","19940504","6","4.7","178","13.2","11.8","9.1","2.8","101030","0"
"5603","19940505","7","0.2","84","15.9","9.8","6.3","4.1","101640","0"
"5604","19940506","8","0.8","103","14","12.6","9.4","0.2","101660","0"
"5605","19940507","8","0","74","16.5","12.4","10.9","6","101310","0"
"5606","19940508","5","9.3","249","17.3","11.5","6.5","0.2","101260","0"
"5607","19940509","5","7.2","220","18.4","11.8","6.4","0","101820","0"
"5608","19940510","7","8.2","236","18.3","12.6","6.9","0","101620","0"
"5609","19940511","6","9.4","253","17.8","14.1","9.9","4.5","100940","0"
"5610","19940512","6","4","173","19.7","14.6","11.3","2.8","100860","0"
"5611","19940513","3","9.5","256","20.1","14.8","9.9","0","101140","0"
"5612","19940514","6","2.4","144","20.1","15.8","11.5","11.4","100510","0"
"5613","19940515","5","11.2","280","14","15","9.8","0","100820","0"
"5614","19940516","8","0","77","9.4","12.3","10.6","12","100870","0"
"5615","19940517","8","0","78","14.5","8","6.6","1.9","100520","0"
"5616","19940518","7","4.8","190","13.9","10.6","6.7","0","100980","0"
"5617","19940519","5","4.8","191","15.7","9.2","4.5","0.1","101040","0"
"5618","19940520","7","2.1","141","13.7","11.7","7.7","5.6","100480","0"
"5619","19940521","8","0","79","16.9","12","10.2","17.4","99840","0"
"5620","19940522","7","1.6","131","16.1","13.8","10.7","0.3","100620","0"
"5621","19940523","7","0.9","114","13.6","13.3","10.5","0.2","101130","0"
"5622","19940524","8","0","80","14.5","12.1","10.6","0.8","101130","0"
"5623","19940525","8","0.1","87","12.9","12.1","9.7","7.5","101310","0"
"5624","19940526","8","0","81","12.6","11.6","10.3","1.7","101280","0"
"5625","19940527","6","4.4","188","12.4","9.5","6.4","0","102120","0"
"5626","19940528","7","0.9","116","16.8","9.9","7.4","0","102130","0"
"5627","19940529","4","8.6","254","18","10.2","3.6","0","102370","0"
"5628","19940530","3","13.3","318","21.3","11.5","5","0","102780","0"
"5629","19940531","2","14.9","339","25.3","13.9","6.5","0","102410","0"
"5630","19940601","4","12.4","307","19.1","16.4","7.6","0","101390","0"
"5631","19940602","6","4","184","17.8","15.4","11.7","0.2","100750","0"
"5632","19940603","7","8.6","257","12.8","14.6","11.5","1.6","100440","0"
"5633","19940604","7","0","80","17.1","10.8","8.8","6.7","100600","0"
"5634","19940605","4","11.1","292","21.5","11.3","5.5","0.1","101880","0"
"5635","19940606","6","7","235","21.3","16.3","11.1","0","101830","0"
"5636","19940607","7","4.1","188","17","17","12.6","1.3","101950","0"
"5637","19940608","5","6.3","225","15.8","14.6","12.1","0.2","102160","0"
"5638","19940609","7","0.1","89","17","10.8","5.7","0.2","102790","0"
"5639","19940610","6","6.1","222","19.4","13.8","10.5","0","102990","0"
"5640","19940611","5","10.2","282","20.4","13.4","7.3","0","103210","0"
"5641","19940612","5","9.4","271","23.3","14.1","7.8","0","103300","0"
"5642","19940613","3","13.9","330","24.5","17","10.6","0","103020","0"
"5643","19940614","1","14.7","340","23.6","18.4","12.3","0","102560","0"
"5644","19940615","1","15.3","347","23.6","15.9","8.2","0","102270","0"
"5645","19940616","4","14.8","341","25.7","17.8","12","0","101700","0"
"5646","19940617","7","9.7","276","23","18.4","11.2","0","101440","0"
"5647","19940618","6","9.1","267","21.4","17.6","12.1","0","101110","0"
"5648","19940619","7","5.5","213","18.9","17","12.5","0","101390","0"
"5649","19940620","7","0","81","18.2","16","13.2","0.9","101710","0"
"5650","19940621","8","0","81","22","15.8","13.4","0.1","101560","0"
"5651","19940622","4","14.1","333","24.1","18.6","15.2","0","102090","0"
"5652","19940623","2","15.1","345","29.3","17","9.8","0","102440","0"
"5653","19940624","5","11.4","298","22.1","21.9","14.5","5.7","101160","0"
"5654","19940625","6","3.5","178","21.2","18.8","15.5","0","101080","0"
"5655","19940626","5","6.2","224","25.7","16.6","12","0","101690","0"
"5656","19940627","4","10","279","28.2","19.4","13.1","0","102140","0"
"5657","19940628","1","15.5","349","21.9","20.7","13.2","0","101850","0"
"5658","19940629","4","14.8","340","24.2","18.6","15.4","0","102030","0"
"5659","19940630","3","12.1","306","26.6","17.2","10.2","0","102490","0"
"5660","19940701","3","10.7","288","27.6","19.7","12.8","0","101830","0"
"5661","19940702","7","4.7","198","28","22.9","18.2","0","101360","0"
"5662","19940703","6","9.8","275","24.4","21.4","14.8","4","101460","0"
"5663","19940704","6","7","235","22.5","20.6","16.7","0","101370","0"
"5664","19940705","5","7.4","240","21.4","17.3","12.1","0.1","101870","0"
"5665","19940706","7","3.3","172","22.4","16.8","12.3","8","101680","0"
"5666","19940707","5","11.2","292","18.3","17.2","11.9","1.7","101650","0"
"5667","19940708","7","0","79","25","16.2","14","0","101610","0"
"5668","19940709","6","10.1","277","26.6","19.5","14","0","102040","0"
"5669","19940710","4","14.7","334","30.4","19.4","12.2","0","102180","0"
"5670","19940711","1","15","337","33.1","21.8","13.3","0","102030","0"
"5671","19940712","2","13.1","314","23.4","25.2","17.4","0.4","101660","0"
"5672","19940713","7","0.9","116","26.7","20.4","17.4","0","102000","0"
"5673","19940714","5","9","259","23","21.2","15.6","0","102150","0"
"5674","19940715","5","4.3","187","25.1","18.2","13.5","0","102210","0"
"5675","19940716","6","10.2","275","25.1","20.3","15.5","0","102250","0"
"5676","19940717","2","12.2","300","25.1","19.5","13.9","0","102180","0"
"5677","19940718","4","10.3","275","26.3","19.5","13.9","0","101960","0"
"5678","19940719","4","11.1","284","27","20","13.7","0","101840","0"
"5679","19940720","3","12.1","296","29.3","20.4","13.8","0","101900","0"
"5680","19940721","5","11.3","285","27.8","22.4","15.5","0","101780","0"
"5681","19940722","4","11.2","283","28.5","22.2","16.7","0","102040","0"
"5682","19940723","3","12.1","294","32","22.2","15.8","0.3","101980","0"
"5683","19940724","6","9.5","260","30.2","25","17.9","0","101300","0"
"5684","19940725","5","10.5","272","23.3","24.3","18.4","0.2","101340","0"
"5685","19940726","7","0.3","92","27.2","20.2","17","0","101710","0"
"5686","19940727","7","7.1","224","20.4","22.6","18.1","1.9","101770","0"
"5687","19940728","6","3.8","171","26.3","17.8","15.3","0","101790","0"
"5688","19940729","3","11.6","282","31.8","19.7","13.1","0","101730","0"
"5689","19940730","5","7.8","232","26.1","24.2","16.7","0","101030","0"
"5690","19940731","6","4.8","186","24.5","23.1","20.1","0.3","100830","0"
"5691","19940801","6","8.1","234","23.9","20.6","16.6","0","101180","0"
"5692","19940802","6","1.1","113","31","19","14","0.6","101680","0"
"5693","19940803","6","8.7","240","25.2","24","17.1","0","101760","0"
"5694","19940804","7","0.4","91","27.4","23","20.7","0.7","101580","0"
"5695","19940805","5","8","229","27.2","22.4","17.3","0","101940","0"
"5696","19940806","7","2","131","23.9","21.8","16.5","0","102230","0"
"5697","19940807","7","2","130","24.5","20.4","16.9","0","102190","0"
"5698","19940808","6","6.9","211","23.8","20","15.4","0","102110","0"
"5699","19940809","6","7.3","215","19","18.8","13.7","1.4","101530","0"
"5700","19940810","8","0","68","18.3","17.3","15.6","11.4","100540","0"
"5701","19940811","8","0","68","20.1","16.8","15.3","4.9","100780","0"
"5702","19940812","7","2.2","131","21.6","17.2","14.3","0","101590","0"
"5703","19940813","5","9.7","242","20.6","15.8","9.9","0","102120","0"
"5704","19940814","3","12","268","23.8","15.5","10.4","0","102320","0"
"5705","19940815","4","11","255","26.1","16.4","9","0","102380","0"
"5706","19940816","5","8.6","224","20.8","19","11.9","0.9","101730","0"
"5707","19940817","6","7.1","203","22.5","16.6","12.4","0","100920","0"
"5708","19940818","5","7.6","209","23","16.2","9.9","1.9","101210","0"
"5709","19940819","5","6.9","198","21.8","18.8","14.6","0.2","100800","0"
"5710","19940820","7","6","185","23.1","16.4","11.1","0","101350","0"
"5711","19940821","7","8.2","213","26.4","18","12.8","0","101580","0"
"5712","19940822","6","5.5","176","22.6","21.2","16.1","0","101490","0"
"5713","19940823","6","2.2","122","22.6","19.2","15.7","0.9","101350","0"
"5714","19940824","5","8.3","210","19.9","17.6","12.5","2.1","101110","0"
"5715","19940825","6","3.4","141","24.5","16.4","12.9","2.5","100620","0"
"5716","19940826","7","7.9","202","21.9","19.6","14.7","0.3","100840","0"
"5717","19940827","5","9.7","222","20.6","18.4","15","0","101010","0"
"5718","19940828","2","11.4","239","21.1","15.6","10.7","0","101420","0"
"5719","19940829","5","5","160","21.1","15.3","9.5","0","101650","0"
"5720","19940830","7","3.7","140","18.5","16","10.8","0.4","101560","0"
"5721","19940831","8","0","57","17.9","15.8","13.1","4","101140","0"
"5722","19940901","7","0.1","63","22.1","16","14","2.1","101060","0"
"5723","19940902","1","12.4","231","19.5","15.8","9.6","0","101890","0"
"5724","19940903","7","0.6","76","21.7","14.8","10","3.7","101620","0"
"5725","19940904","7","6","159","20.2","18.5","15.3","0","101490","0"
"5726","19940905","5","8","181","17.7","16.3","12.4","0","101800","0"
"5727","19940906","7","0.1","59","19.3","13.6","9.6","0","101300","0"
"5728","19940907","5","6.7","163","18.7","14.9","10.5","24.7","100500","0"
"5729","19940908","4","10.1","198","19.2","15.4","12.1","0.2","99810","0"
"5730","19940909","5","6.5","158","17.8","14.3","9.4","5.3","100160","0"
"5731","19940910","3","8.5","178","18.4","13.8","9.7","0.5","100490","0"
"5732","19940911","5","4","125","18.7","13.6","8.9","3","100670","0"
"5733","19940912","5","5.2","139","19.4","16","13.4","0.1","100150","0"
"5734","19940913","5","8.5","174","18","14.4","9.4","3.7","100830","0"
"5735","19940914","7","0.7","70","11.5","15.2","12.5","15.4","99830","0"
"5736","19940915","8","0","48","14.4","10.6","9.7","12.2","99810","0"
"5737","19940916","6","5.5","137","15.1","11.8","9.3","0","101090","0"
"5738","19940917","6","1","74","14","10","4.9","0","102110","0"
"5739","19940918","7","0.4","61","13.8","11.6","9.2","6.2","102620","0"
"5740","19940919","8","0","46","16.5","11.6","9.3","7.3","101500","0"
"5741","19940920","7","2.3","92","20","13.7","10.9","1.4","100460","0"
"5742","19940921","4","5.7","132","19.5","14.4","8.8","0","101400","0"
"5743","19940922","4","6.3","137","19.1","15.5","11.5","0","102200","0"
"5744","19940923","6","0.7","63","18.6","15.5","11.9","0.2","102070","0"
"5745","19940924","7","0.1","48","18","16","13.5","0","101480","0"
"5746","19940925","8","0","42","18","15.9","13.8","0.3","101620","0"
"5747","19940926","7","0.8","63","18.8","16","13.9","0","101740","0"
"5748","19940927","5","4.4","110","18.3","14.3","9.8","0","102060","0"
"5749","19940928","6","5.1","116","15.4","14.2","10.2","0","102280","0"
"5750","19940929","6","0","40","14.7","12.2","9.1","0","102300","0"
"5751","19940930","8","0","39","16.1","13.4","12","0","102110","0"
"5752","19941001","7","0.1","43","16.2","13.6","11.2","0.4","102230","0"
"5753","19941002","7","0","38","13","13.1","10","3.6","101420","0"
"5754","19941003","6","1.7","71","11.1","11","8.9","1.5","100960","0"
"5755","19941004","1","10.6","155","14.8","6.5","1.9","0","102330","0"
"5756","19941005","2","10","148","16","8.4","2","0","103210","0"
"5757","19941006","6","8.3","133","16.5","10","4","0","103330","0"
"5758","19941007","6","7.9","128","16.6","11","5.5","0","102590","0"
"5759","19941008","6","7.2","121","17.3","11.2","5.8","0","102140","0"
"5760","19941009","6","5.2","102","18.8","13.4","9.6","0","102250","0"
"5761","19941010","5","8.5","128","16.9","11.9","5","0","102200","0"
"5762","19941011","6","0.9","53","16.8","12.8","8.8","0","102280","0"
"5763","19941012","1","7.4","116","18","12.2","7.7","0","103050","0"
"5764","19941013","3","8.1","120","18.8","13.8","9.5","0","103250","0"
"5765","19941014","5","5.7","99","18.1","13.8","8.8","0","102470","0"
"5766","19941015","3","5.5","96","13.8","13","7.8","0","102170","0"
"5767","19941016","8","0","30","11.5","11.2","8.5","0","102600","0"
"5768","19941017","6","0.5","42","13.3","9.6","7.8","0","102620","0"
"5769","19941018","2","9.5","121","15.8","8.2","3.1","0","101450","0"
"5770","19941019","7","0","29","14.1","11.2","6.5","2.3","100000","0"
"5771","19941020","7","0","28","16.5","12.5","10.9","3.7","100050","0"
"5772","19941021","6","2.9","67","18.3","13.8","11","5.8","100030","0"
"5773","19941022","6","2.5","62","14.8","15.4","12.4","8.5","98700","0"
"5774","19941023","5","7.1","97","14.8","12.4","9.9","0.1","98980","0"
"5775","19941024","5","6.2","90","12.8","11","7.1","5.3","100140","0"
"5776","19941025","6","2.5","59","13.7","11","9.2","5.3","99800","0"
"5777","19941026","4","4.7","76","12.6","10.2","6.6","0","100210","0"
"5778","19941027","3","7.6","95","13.1","8.8","5.1","0","100470","0"
"5779","19941028","3","8.5","99","15.4","8.1","3.1","6.8","100880","0"
"5780","19941029","8","0.5","34","16.5","11","6.6","6.2","100100","0"
"5781","19941030","8","0","24","14.6","13.8","11","18.6","99780","0"
"5782","19941031","6","1.4","44","13.5","13.4","12.2","7.9","99840","0"
"5783","19941101","2","8.4","93","14.4","9.8","6.2","0","101590","0"
"5784","19941102","6","5","71","18.2","9","3.5","0.1","101570","0"
"5785","19941103","7","1.6","44","14.9","12.1","6","2.9","100460","0"
"5786","19941104","7","0.9","36","11.9","13.2","11.5","16.7","100630","0"
"5787","19941105","8","0","21","14.5","11.6","11.3","3.4","100390","0"
"5788","19941106","4","6.6","76","13.9","11.5","8.5","0","101060","0"
"5789","19941107","5","3.6","57","14.8","9.8","5.7","0","100980","0"
"5790","19941108","6","0.9","34","12.5","11.2","7.6","1.2","100700","0"
"5791","19941109","8","0","20","13.5","11.6","10.7","4.9","100080","0"
"5792","19941110","6","0.6","29","12.5","10.8","8","0.1","100490","0"
"5793","19941111","8","0","19","13.2","11.2","10","3","101440","0"
"5794","19941112","8","0","19","15.6","11.7","10.2","1.7","101020","0"
"5795","19941113","7","0","19","16.4","11.2","6.9","0.4","101350","0"
"5796","19941114","8","0","18","14.1","13.1","9.8","0.1","100850","0"
"5797","19941115","4","6.2","65","11.4","12.3","10.5","0","101380","0"
"5798","19941116","6","3.9","51","12.6","8.7","6","0.1","101810","0"
"5799","19941117","5","4","51","15.2","9","5.3","2.8","101570","0"
"5800","19941118","8","0","17","16.5","11","6.8","5.3","101170","0"
"5801","19941119","8","0","17","15.6","13.6","10.7","0.1","101430","0"
"5802","19941120","7","0","17","12.1","14.9","14.2","0.1","101750","0"
"5803","19941121","6","0","16","14","9.8","7.6","0","102510","0"
"5804","19941122","7","0.2","20","14.5","9.5","5","0","102400","0"
"5805","19941123","7","0.6","24","14","12","9.6","0","102510","0"
"5806","19941124","7","0","16","13.6","12.2","10.3","0.2","103220","0"
"5807","19941125","8","0.1","18","12.6","12.2","10.9","0","103640","0"
"5808","19941126","8","0","15","11.6","10.2","7.8","0","103180","0"
"5809","19941127","8","0","15","10.3","10.6","9.5","0","103030","0"
"5810","19941128","7","0.1","17","9.7","9.8","9.2","0","103630","0"
"5811","19941129","7","0","15","9","7.8","6","0","103210","0"
"5812","19941130","8","0","14","9.4","8","7","0","102770","0"
"5813","19941201","7","0.1","16","13","7.7","6","0","102580","0"
"5814","19941202","7","3","36","13.3","9.2","5.4","0","102210","0"
"5815","19941203","5","1.9","29","13.6","10","6.6","6.1","101410","0"
"5816","19941204","4","4.1","41","12.3","10.6","7.7","0","101160","0"
"5817","19941205","4","3.2","36","11.8","8.1","3.9","3.5","101110","0"
"5818","19941206","4","5","44","12.1","8.2","4.6","6.6","101850","0"
"5819","19941207","6","1.5","26","13","8.6","5","8.7","100630","0"
"5820","19941208","7","0.6","19","12","9.6","6.1","12.2","99890","0"
"5821","19941209","4","1.5","26","15.1","6.6","1.3","0","101380","0"
"5822","19941210","8","0","12","15.4","9.3","3.5","0","101950","0"
"5823","19941211","7","0.3","16","15.2","13.2","11.1","0","102490","0"
"5824","19941212","6","1","22","13","13.1","11","0","102550","0"
"5825","19941213","7","0.3","16","7.1","11.9","10.8","1.3","102510","0"
"5826","19941214","5","3.4","35","9.2","4.8","2.6","0","103140","0"
"5827","19941215","3","5.6","45","9.7","2.2","-4.8","0.1","102790","0"
"5828","19941216","7","2.1","28","12.2","3.6","-2.6","0","102740","0"
"5829","19941217","7","0","12","10.3","6.4","0.6","7.1","102190","0"
"5830","19941218","5","1","22","7.9","9.6","9","0.1","100840","0"
"5831","19941219","2","3","33","7.1","5.4","3","0","101200","0"
"5832","19941220","3","6.4","48","5.8","3.4","-0.3","0.3","101920","0"
"5833","19941221","4","4.1","38","6.6","3","0.3","0.1","102310","0"
"5834","19941222","1","6.8","49","-0.5","3.4","0.1","0","103240","0"
"5835","19941223","3","1.5","25","4.8","-2.2","-3.9","0","103660","0"
"5836","19941224","8","0","12","10.2","0","-4.8","0","103040","0"
"5837","19941225","7","0","12","13.1","3.8","-2.7","1.7","101790","0"
"5838","19941226","7","1.3","24","14","8.7","4.3","2.6","100680","0"
"5839","19941227","8","0","12","14.7","9.8","5.5","2.5","99310","0"
"5840","19941228","8","0","12","13.2","13.4","12","2.1","99820","0"
"5841","19941229","6","0.8","21","8.8","12","10.9","8.1","99230","0"
"5842","19941230","5","0.4","17","7.2","7.5","6.2","0.1","98910","0"
"5843","19941231","5","1.9","28","4.9","5.6","4","0.1","99470","0"
"5844","19950101","2","4.6","42","3.2","1.4","-2","0.1","101050","0"
"5845","19950102","0","7.1","52","4.8","1","-1.2","0","102510","0"
"5846","19950103","2","6.9","52","6.2","0.2","-4.4","0","103120","0"
"5847","19950104","7","2.3","31","5.5","1.2","-3.8","2.3","102630","0"
"5848","19950105","8","0","13","8.1","4.2","2.9","3.1","101760","0"
"5849","19950106","3","5.6","48","9.9","4.8","1.6","0.1","102040","0"
"5850","19950107","6","0","13","10.5","4.6","-0.8","0","103410","0"
"5851","19950108","6","0","13","10.9","5.8","1.2","2.5","102960","0"
"5852","19950109","7","0","14","12.5","5.7","0.5","0.2","102530","0"
"5853","19950110","7","0.1","16","5.3","8.4","4.2","1.6","101460","0"
"5854","19950111","3","6.7","55","6.1","3.9","2.5","0","101860","0"
"5855","19950112","3","6.6","55","7.7","3.2","0.4","0","103310","0"
"5856","19950113","7","0.6","22","10.9","4","0.2","0","103640","0"
"5857","19950114","7","0.3","19","11.8","6.2","1.4","0","102850","0"
"5858","19950115","7","0.7","23","10","9.5","7.2","0","102510","0"
"5859","19950116","8","0","15","10.2","8.7","7.4","3.3","101360","0"
"5860","19950117","8","0","15","7.8","8.8","7.4","11.6","99630","0"
"5861","19950118","7","2","34","10.1","6.5","5.2","0.6","99680","0"
"5862","19950119","5","0","16","9.7","6","1.8","15.8","99670","0"
"5863","19950120","6","0.6","24","10","6.5","3.3","1.1","99910","0"
"5864","19950121","6","0.3","21","7.5","6.6","3.2","13.1","99910","0"
"5865","19950122","7","0","16","8.7","6.4","5.3","9","98870","0"
"5866","19950123","4","5.6","58","7.5","5.6","2.6","0","99520","0"
"5867","19950124","7","0","17","12.9","6","4.5","4.7","100570","0"
"5868","19950125","8","0","17","5.2","8.8","4.6","11.5","99340","0"
"5869","19950126","6","0","17","12","4.5","3.8","0.2","99520","0"
"5870","19950127","6","0","18","10.3","5","-1.9","6.6","100670","0"
"5871","19950128","6","2.6","43","12.2","5.7","1.1","2.7","99300","0"
"5872","19950129","8","0.3","24","8.9","9.5","6.8","15.4","99540","0"
"5873","19950130","5","6.7","70","12.9","5.5","2.1","1.5","101380","0"
"5874","19950131","8","0","19","10","7.5","2.1","6.7","101380","0"
"5875","19950201","8","0","19","9.1","9.2","8.3","4.2","101020","0"
"5876","19950202","4","6.2","70","10.9","5","0.8","0","102730","0"
"5877","19950203","8","0","20","13.2","6.6","2.2","0","102500","0"
"5878","19950204","5","4.1","59","11.6","10.8","8.4","0","102560","0"
"5879","19950205","7","0","21","11.8","7.2","2.8","0","102670","0"
"5880","19950206","7","1.2","38","10.5","9.2","6.7","0","102110","0"
"5881","19950207","8","0","21","9.9","9.6","8.6","5.2","101260","0"
"5882","19950208","7","0","22","7","8.6","7.3","2.5","100230","0"
"5883","19950209","8","0","22","11.9","4.6","2.3","3.5","100520","0"
"5884","19950210","8","1.2","40","12.4","7.6","3.3","2.8","99730","0"
"5885","19950211","7","0","23","13.2","9.4","6.5","2.8","99380","0"
"5886","19950212","5","2.9","57","11.6","9.8","6.5","0.3","100650","0"
"5887","19950213","7","0.5","34","12.3","9.7","7.8","7.8","100040","0"
"5888","19950214","5","5.2","77","12.5","8.5","4.7","2.8","100360","0"
"5889","19950215","5","3.7","66","11.1","9.2","6","1.7","99810","0"
"5890","19950216","6","2.4","56","10.2","7.6","4.2","4.7","100170","0"
"5891","19950217","3","6.8","91","10.8","7.2","4.2","0","100280","0"
"5892","19950218","4","7.7","99","11.8","6.2","1.6","2.7","101220","0"
"5893","19950219","7","0","27","10.8","8.4","5","1.9","100630","0"
"5894","19950220","7","0","27","8.8","8.2","5.5","7.6","101280","0"
"5895","19950221","5","5.6","88","10.3","7.4","6.1","2","101410","0"
"5896","19950222","6","2.3","60","8.3","6.9","3.5","8.8","101320","0"
"5897","19950223","6","4.8","84","8.2","4.7","1.1","3.5","100320","0"
"5898","19950224","8","0.1","33","9","5.8","3.3","1.2","99530","0"
"5899","19950225","5","5.6","93","8.1","6.8","4.6","0","99500","0"
"5900","19950226","2","9.5","124","10.2","4.4","0.7","0","100970","0"
"5901","19950227","7","0","31","12.9","4.2","-1.8","0.9","102000","0"
"5902","19950228","8","1.1","52","9.7","7.8","2.8","5","101760","0"
"5903","19950301","5","6","111","8.4","9.1","8.5","1.4","100560","0"
"5904","19950302","6","6.4","116","6.5","4.2","0.1","12.5","100080","0"
"5905","19950303","3","9.6","145","7.5","3","-0.6","0","99920","0"
"5906","19950304","3","8.2","135","9.7","1.8","-3.8","2.8","100850","0"
"5907","19950305","6","3.3","89","7.7","4.8","0","0","99200","0"
"5908","19950306","3","6.1","120","7.7","5.4","3","0","100270","0"
"5909","19950307","6","0.4","50","9.3","3.9","0.1","11.8","99960","0"
"5910","19950308","5","6.9","130","10.2","4.8","0.2","0.8","99790","0"
"5911","19950309","4","5.9","122","14.4","4.5","-1.2","0","101200","0"
"5912","19950310","3","8.8","152","16.1","9.1","3.8","0","100820","0"
"5913","19950311","7","6.4","130","13.1","10","3.8","1.3","101290","0"
"5914","19950312","4","9","157","8.8","9.9","6.7","0","102640","0"
"5915","19950313","4","3.8","105","12.9","5.2","1.6","0","102660","0"
"5916","19950314","7","3.7","105","9","7.2","1.6","1.8","101390","0"
"5917","19950315","4","3.7","106","11.1","5.4","1.9","0.7","100050","0"
"5918","19950316","4","5.2","125","12.5","5.8","0.4","3.5","100050","0"
"5919","19950317","5","7.3","149","12.1","8.8","5.1","4.4","99020","0"
"5920","19950318","5","5.9","136","10.5","7.6","3.2","0","100140","0"
"5921","19950319","4","7.8","158","9.3","6.2","1.8","0.5","100910","0"
"5922","19950320","3","7.7","159","10.8","4.9","0.5","0","102580","0"
"5923","19950321","3","9.9","183","12.8","4.7","-1.4","0","103600","0"
"5924","19950322","3","9.1","177","16.1","6.8","0.9","0","103680","0"
"5925","19950323","0","11","197","15.9","8.4","0.6","0","102920","0"
"5926","19950324","6","9.1","180","14.3","10.2","4.4","1.5","102190","0"
"5927","19950325","7","5.6","143","12.6","10.8","7.4","0","102000","0"
"5928","19950326","7","0.2","59","7.2","10","7.5","0.9","101630","0"
"5929","19950327","6","7.3","166","11.4","4.9","2.6","0","101240","0"
"5930","19950328","8","0","51","9.5","5.1","-1.2","5.6","100510","0"
"5931","19950329","3","11.2","211","12.2","4.7","-0.1","0","101900","0"
"5932","19950330","6","6.3","159","16.6","5.4","-1.3","0","103040","0"
"5933","19950331","7","2.7","111","20.6","11.2","5.8","0","102820","0"
"5934","19950401","5","6.4","163","19.7","14.2","7.9","0","103120","0"
"5935","19950402","3","10.2","208","16.9","12.4","5.1","0","102740","0"
"5936","19950403","7","10.3","211","16.6","12.5","8.1","0","101780","0"
"5937","19950404","5","6.3","166","15.5","11.7","6.8","0","102090","0"
"5938","19950405","7","4.8","148","19.7","12.1","8.7","0","102250","0"
"5939","19950406","7","5.6","160","19.4","14.8","9.9","0","102440","0"
"5940","19950407","5","8.3","195","12.2","13.4","7.4","0","102490","0"
"5941","19950408","5","11.5","233","13.8","8.5","4.8","0","103000","0"
"5942","19950409","6","7.8","192","16.6","8.4","3.1","0","102720","0"
"5943","19950410","6","4.3","147","19","12","7.3","0","102160","0"
"5944","19950411","2","11.1","234","16","12.1","5.2","0","102460","0"
"5945","19950412","2","12.3","249","16.5","11.5","7","0","103150","0"
"5946","19950413","1","12.7","255","17.9","10.4","4.4","0","103630","0"
"5947","19950414","7","8.5","208","13.9","12.6","7.2","0","103630","0"
"5948","19950415","7","0.1","68","12.6","11.2","8.6","0","102540","0"
"5949","19950416","7","3.4","140","11.5","9.1","5.6","0","101960","0"
"5950","19950417","8","0","64","11.2","10","8.5","0.3","100690","0"
"5951","19950418","5","9.9","231","11.5","9.8","8.3","0","99880","0"
"5952","19950419","3","9.4","226","12.4","5.2","-1","0","100520","0"
"5953","19950420","2","11.3","251","13.9","6","-0.5","0","101050","0"
"5954","19950421","4","12.1","262","12","6.8","-0.3","2.1","101470","0"
"5955","19950422","7","2.2","124","14.1","9","5.9","0.8","100890","0"
"5956","19950423","7","5","172","13.3","9.9","5.7","4.2","101820","0"
"5957","19950424","8","0","67","20.7","10.4","7.6","0.2","101330","0"
"5958","19950425","4","10.7","251","9.7","14.4","8.1","9.2","100410","0"
"5959","19950426","8","0.1","75","12.5","8.8","7.9","0.1","100780","0"
"5960","19950427","5","8.7","228","12.2","8.8","5.1","0","101190","0"
"5961","19950428","6","6","192","12.5","9","5.9","0","101600","0"
"5962","19950429","8","0","70","16.4","9","5.6","0","101580","0"
"5963","19950430","6","0.5","91","19.9","12","7.7","0","102320","0"
"5964","19950501","5","9.1","239","24","13.7","7.5","0","102560","0"
"5965","19950502","5","10.3","255","25.3","16.8","9.5","0","102560","0"
"5966","19950503","4","12.7","286","26.7","17.7","10.1","0","102610","0"
"5967","19950504","2","13.5","297","26.8","18","9.4","0","102520","0"
"5968","19950505","1","13.9","303","26.9","18.6","10.4","0","102240","0"
"5969","19950506","2","12.8","291","27.1","19","11","0","101910","0"
"5970","19950507","3","12.6","290","18.1","20","13","0","101580","0"
"5971","19950508","4","11.8","281","15.9","14.8","11.5","0","101640","0"
"5972","19950509","5","7.9","230","16.7","11.1","6.3","0","101920","0"
"5973","19950510","6","8.5","240","11","10.5","4.3","0","101670","0"
"5974","19950511","8","0","75","10.5","8.8","6.5","0","101100","0"
"5975","19950512","7","0.4","95","12.6","7.6","4.7","0.2","100890","0"
"5976","19950513","6","8.6","244","14.6","8.3","4","0","101730","0"
"5977","19950514","4","8.3","240","16.4","8.8","3","0","102100","0"
"5978","19950515","6","9.2","254","15","9.6","2.8","0","101550","0"
"5979","19950516","8","0","77","12","10.8","6.7","8.4","100640","0"
"5980","19950517","8","0.1","85","14.6","10.2","8.5","5","100010","0"
"5981","19950518","5","11.1","282","16.5","9.2","3.9","0","100950","0"
"5982","19950519","6","7.3","230","15.4","10.8","5.2","0.8","101610","0"
"5983","19950520","6","0.6","104","17.1","10.7","6","0","102510","0"
"5984","19950521","5","5.1","197","19.6","11.2","5.2","0","102900","0"
"5985","19950522","7","9","256","23","13.6","7.5","0","102130","0"
"5986","19950523","6","6.7","223","20.4","16.4","9.7","0","101040","0"
"5987","19950524","7","3.7","174","20.5","15.6","10.9","0","100540","0"
"5988","19950525","4","12.2","301","20.6","15","9.6","0","101060","0"
"5989","19950526","5","11","286","21.2","15.2","9.9","0.4","101470","0"
"5990","19950527","7","4.7","193","21.1","16.7","12.2","2.1","101420","0"
"5991","19950528","5","7","230","20.2","17","13","0","101220","0"
"5992","19950529","4","7","231","18.9","15.4","10.5","0.5","101570","0"
"5993","19950530","7","1.7","136","20.4","14.4","10","12.6","101890","0"
"5994","19950531","6","7.6","241","18.7","15.6","10.9","0","102100","0"
"5995","19950601","6","2","144","18.8","13.3","7.9","0","101890","0"
"5996","19950602","7","5.8","215","15.9","14.9","11","0","101650","0"
"5997","19950603","7","0","79","16.2","14","12","7.2","101310","0"
"5998","19950604","7","0.7","112","18.4","13.9","11.6","1.4","101440","0"
"5999","19950605","7","4.8","199","17.7","14.6","10.8","0","102250","0"
"6000","19950606","7","0.5","105","20.1","14.4","11","0.1","102330","0"
"6001","19950607","6","5.4","210","16.9","17","13.8","0","101750","0"
"6002","19950608","5","8.3","255","18.5","12.3","7.7","0.1","101870","0"
"6003","19950609","7","2.4","155","15.2","12.7","6.9","0","101920","0"
"6004","19950610","7","2","146","16","12","8.8","0","101600","0"
"6005","19950611","8","0","81","14.6","13.2","10.4","0.6","101210","0"
"6006","19950612","7","0.1","89","14.5","12","9.5","0","101690","0"
"6007","19950613","7","0.5","106","16.7","11.3","8.1","0","102080","0"
"6008","19950614","7","1.6","137","17.8","13.2","9.6","0","102100","0"
"6009","19950615","7","1.3","130","22.5","13.4","9.1","0","101710","0"
"6010","19950616","6","5","205","17.2","16","9.6","0.6","101420","0"
"6011","19950617","7","0","81","22.8","14","10.9","1.1","100780","0"
"6012","19950618","6","11.6","301","25.3","17.4","12","0","101240","0"
"6013","19950619","5","11.1","295","24.8","17.9","10.5","0","101770","0"
"6014","19950620","6","7.8","249","23.2","18.7","12.6","0","101930","0"
"6015","19950621","5","10.2","283","22.9","17.8","12.3","0","102660","0"
"6016","19950622","6","14.3","335","21.9","17.8","12.7","0","103150","0"
"6017","19950623","3","15.6","351","16","15.8","9.6","0","102840","0"
"6018","19950624","7","0.4","103","24.1","13.7","11.4","0","102650","0"
"6019","19950625","5","10.9","292","25.5","18","11.8","0","102740","0"
"6020","19950626","3","11.1","294","27.1","18.4","11.4","0","102700","0"
"6021","19950627","3","11.1","294","31","19.5","11.9","0","102360","0"
"6022","19950628","2","12.6","313","29.3","21.6","12.3","0","102090","0"
"6023","19950629","2","15.7","351","32.3","21.8","14.2","0","101930","0"
"6024","19950630","1","14.9","341","22.9","23","13.7","0","101510","0"
"6025","19950701","6","7.2","238","20.4","18.2","13.6","0","101670","0"
"6026","19950702","7","0.7","112","20.1","15.9","11.4","12.4","100800","0"
"6027","19950703","7","2.3","152","23.3","16.6","13","0","100570","0"
"6028","19950704","5","9.8","275","24.5","17.8","12.4","0","101470","0"
"6029","19950705","6","5","203","25.1","20.3","16.1","0","102010","0"
"6030","19950706","5","10.1","278","24","18.8","12.6","0","101950","0"
"6031","19950707","6","3.7","179","28.8","20.8","17.7","0","101920","0"
"6032","19950708","4","10.1","277","29.1","20.9","13","0","102040","0"
"6033","19950709","4","9.8","273","32","22","14.9","0","102010","0"
"6034","19950710","6","6.7","228","27.8","24","16","0","101450","0"
"6035","19950711","6","7","232","26.9","23.2","18.7","1","100900","0"
"6036","19950712","5","12","300","23.9","21.2","15.4","1","101210","0"
"6037","19950713","7","4.4","190","24.4","19.6","15.4","1","101120","0"
"6038","19950714","5","13","311","23.2","20.2","15.9","2","100810","0"
"6039","19950715","6","6.3","220","24","18.9","14.6","0.4","100660","0"
"6040","19950716","6","2.8","159","23","19.2","14.3","0.6","101110","0"
"6041","19950717","7","3.4","170","26.5","18.2","13.4","0","101260","0"
"6042","19950718","7","1.9","139","26.7","21.3","16.1","0","101490","0"
"6043","19950719","7","0.7","108","31.8","23","19.2","0","102190","0"
"6044","19950720","2","14.8","329","29.8","23.7","15.6","0","101820","0"
"6045","19950721","4","10.3","272","23.1","23.8","17.9","0","101460","0"
"6046","19950722","2","15.1","330","26","17.8","12.6","0","102160","0"
"6047","19950723","3","13.5","311","28.5","18.6","11.2","0","102410","0"
"6048","19950724","1","14.5","322","28.6","20.7","12.9","0","102290","0"
"6049","19950725","0","13.9","314","26.3","22","15.5","0","101800","0"
"6050","19950726","4","7.9","236","24.9","22.3","18.3","1.5","101090","0"
"6051","19950727","5","6.3","212","26.2","20.6","16.3","0.4","101240","0"
"6052","19950728","6","2.3","143","30.6","21.2","16.3","0","101820","0"
"6053","19950729","4","14.3","314","31.2","23.7","16.8","0","101860","0"
"6054","19950730","3","7.3","225","32.6","23.7","16.2","0","101740","0"
"6055","19950731","1","10","260","34.3","25.2","17.8","0","101500","0"
"6056","19950801","2","12.3","288","33","26.6","19","0","101440","0"
"6057","19950802","3","12.5","289","32.2","27.1","21.2","0","101720","0"
"6058","19950803","2","13.9","304","27.5","26.1","20","0","101680","0"
"6059","19950804","2","11.9","279","27.9","21.5","15.5","0","101710","0"
"6060","19950805","3","13.2","294","26.6","20.6","13.3","0","101790","0"
"6061","19950806","5","12.8","288","22.8","20.6","14.5","0","101920","0"
"6062","19950807","6","2","130","22.2","19.1","15.4","0","102230","0"
"6063","19950808","5","4.8","179","26.3","18","13.7","0","102410","0"
"6064","19950809","2","11.3","266","29.3","18.7","11.1","0","102300","0"
"6065","19950810","1","13.5","290","31.8","21.8","14.2","0","102200","0"
"6066","19950811","2","12.9","282","31.3","24","16.2","0","102050","0"
"6067","19950812","5","11.7","267","25.9","24","16.7","0","101970","0"
"6068","19950813","6","8.8","230","25.4","22","18","0","102050","0"
"6069","19950814","5","8.7","228","29.9","20","14.5","0","102280","0"
"6070","19950815","2","12.7","274","30.6","22","14.2","0","102310","0"
"6071","19950816","5","12.5","271","27.9","24.1","17.6","0","102260","0"
"6072","19950817","2","13.1","276","29.8","22.8","17.6","0","102080","0"
"6073","19950818","3","9.1","228","30.7","23.8","17.8","0","101900","0"
"6074","19950819","2","10","237","30.2","23.8","17","0","101880","0"
"6075","19950820","1","12.4","263","30.6","23.8","17.3","0","102140","0"
"6076","19950821","2","13.4","273","28.9","23","15.3","0","102260","0"
"6077","19950822","1","12.4","260","23.3","22.4","15.8","0","101810","0"
"6078","19950823","5","0.2","73","24.9","20.2","17","0.1","101350","0"
"6079","19950824","5","6.3","184","25.9","18.6","12.2","0.1","101520","0"
"6080","19950825","5","6.5","186","24.9","21.6","17.3","0","101180","0"
"6081","19950826","6","6.6","186","20.9","20.8","16.8","0","101720","0"
"6082","19950827","6","8.9","213","20.3","18.4","15.8","0.1","101680","0"
"6083","19950828","3","12","246","18.9","15.6","11","0","102300","0"
"6084","19950829","7","0.1","65","22.1","15.6","12.3","0","102420","0"
"6085","19950830","4","8.7","206","20.8","16.4","10.6","0","102700","0"
"6086","19950831","7","0.1","64","19.9","18","15.3","0","102620","0"
"6087","19950901","7","0.2","66","19.1","17.2","14.4","2.3","102300","0"
"6088","19950902","6","3.3","126","20.9","17.1","15.1","2.4","101390","0"
"6089","19950903","4","9","195","22","14","7.2","0","100840","0"
"6090","19950904","4","8.9","192","20.8","15.4","8.8","0","100580","0"
"6091","19950905","6","6.4","163","21","15.8","10.8","4.3","100140","0"
"6092","19950906","7","2.9","116","19.6","16.4","11.8","5.3","99830","0"
"6093","19950907","7","1.1","84","20.3","16.8","13.9","7.8","98480","0"
"6094","19950908","7","1.6","93","22.4","17.6","15","0","99480","0"
"6095","19950909","6","7.7","171","18.4","17.4","12.5","0","100830","0"
"6096","19950910","7","0.6","71","21.9","15","11.7","13.7","100570","0"
"6097","19950911","6","7.4","165","19.2","17.4","13","1.5","100530","0"
"6098","19950912","6","5.9","147","19.8","15.7","12.2","3.1","101110","0"
"6099","19950913","4","7.1","159","19.7","14.6","9.5","0","101390","0"
"6100","19950914","6","4.2","124","18.4","14.6","9.5","5.2","100950","0"
"6101","19950915","7","2","93","18.4","14.5","10.6","0","100580","0"
"6102","19950916","7","0.6","67","20","15.5","12.6","17","100840","0"
"6103","19950917","6","2.2","94","19.9","16.4","12.9","4.1","101380","0"
"6104","19950918","6","1.4","80","18.7","16.2","12.4","3.1","101710","0"
"6105","19950919","6","0.7","66","18.4","16.8","14.9","0","101780","0"
"6106","19950920","4","6.1","138","19.6","15","11.5","0.3","102000","0"
"6107","19950921","4","10.6","179","20.2","13.2","6.9","0","102290","0"
"6108","19950922","5","6.6","140","18.9","15.1","10","0","102340","0"
"6109","19950923","5","9.7","168","16.5","15.1","11.3","2.8","102410","0"
"6110","19950924","4","4","109","17.2","13.7","10.9","1.2","101200","0"
"6111","19950925","4","5.1","120","18.4","11.3","5.4","0","102090","0"
"6112","19950926","8","0","41","16.3","14.4","10.3","19.9","101600","0"
"6113","19950927","5","8","145","15.6","13.7","11.1","0","101390","0"
"6114","19950928","3","6.9","134","17.2","10.3","5","0.1","102190","0"
"6115","19950929","3","9.2","152","18.1","10.8","4.5","0","102140","0"
"6116","19950930","6","3","90","20.9","12.2","6.2","0.9","101520","0"
"6117","19951001","4","7.8","137","18.5","15.8","10.8","0","100930","0"
"6118","19951002","7","3.6","95","18.7","13.6","8.8","0","101450","0"
"6119","19951003","7","2.6","82","17.8","14.4","10","0.7","101010","0"
"6120","19951004","7","0.5","51","18.4","16.2","14.5","6","100420","0"
"6121","19951005","3","9.5","144","17.9","14.2","10","0","101150","0"
"6122","19951006","7","0.2","43","19","14.7","11.5","3.1","101270","0"
"6123","19951007","6","0","35","24.6","16.8","14.5","0","101930","0"
"6124","19951008","3","9.4","138","23.7","18.2","11.9","0","102220","0"
"6125","19951009","2","9.5","137","20.5","18.2","12.6","0","101930","0"
"6126","19951010","6","2.1","69","22.1","16.6","12.6","0","102390","0"
"6127","19951011","4","4.1","89","21","17.1","12.1","0","102200","0"
"6128","19951012","6","2.5","72","21.1","17.8","14.5","0","102050","0"
"6129","19951013","3","6.5","107","21.1","17.4","13.8","0","102080","0"
"6130","19951014","5","2.1","65","19.2","16.8","12.5","0","101700","0"
"6131","19951015","6","2.7","71","20.1","15.8","12.3","0","101860","0"
"6132","19951016","6","2.9","72","18.2","15.3","10.5","0","102140","0"
"6133","19951017","6","0","30","15.1","15.4","12.5","0","101900","0"
"6134","19951018","6","1.3","52","17.3","13","10.8","0","102860","0"
"6135","19951019","6","3.3","72","14.2","12.6","7.8","0","102930","0"
"6136","19951020","7","1.4","52","16","11.4","8.6","0.5","102760","0"
"6137","19951021","3","8.5","110","15.9","10.8","5.6","0","102890","0"
"6138","19951022","6","5.4","86","16.5","11.2","6.6","0","102050","0"
"6139","19951023","5","0.8","42","20.5","11.4","6.2","0","101530","0"
"6140","19951024","4","6.9","95","16.1","15.2","9.8","7.2","100450","0"
"6141","19951025","3","7.8","99","17.9","13.3","10.5","0.2","101120","0"
"6142","19951026","8","0","25","15.8","14.8","11.6","1.5","101070","0"
"6143","19951027","5","4.4","73","13.4","14.7","13.6","0","101340","0"
"6144","19951028","5","6.9","89","14.7","8.4","3.5","0","101920","0"
"6145","19951029","6","2.9","59","15.6","9.6","4.5","0","101640","0"
"6146","19951030","6","6.3","83","15.2","11.2","6.7","0","102170","0"
"6147","19951031","3","8","92","14","9.7","4.2","0","102820","0"
"6148","19951101","5","0.4","31","12.2","9.6","5.2","0","102330","0"
"6149","19951102","4","4.3","66","12","7.5","2.8","0","102160","0"
"6150","19951103","3","5.6","74","11.3","7.8","3.7","0","102150","0"
"6151","19951104","4","8.6","90","9.7","6.4","1.6","0","103200","0"
"6152","19951105","5","8.3","87","11.6","5.6","1.4","0","103630","0"
"6153","19951106","6","8","84","11.1","4.8","-1.9","0","103300","0"
"6154","19951107","7","0.1","24","14.1","6.2","1.4","0","102840","0"
"6155","19951108","7","0.3","27","13.9","8.6","3.2","0","102400","0"
"6156","19951109","7","0","20","11.7","11.7","9.5","6.4","101520","0"
"6157","19951110","8","0","19","15","10.6","9.5","1","100550","0"
"6158","19951111","7","0","19","15","11.6","8.3","1.2","100190","0"
"6159","19951112","7","0","19","15.4","13.1","11.2","0.6","100670","0"
"6160","19951113","7","3.5","51","13.5","13","10.5","0","101540","0"
"6161","19951114","5","2.4","43","14.7","9.9","6.3","1.9","101170","0"
"6162","19951115","6","3.1","47","12","11.8","8.9","0.9","99730","0"
"6163","19951116","6","0.4","25","5.4","10.7","9.4","0.8","99480","0"
"6164","19951117","2","6.2","63","7.6","3","0.5","0","101150","0"
"6165","19951118","1","7.8","70","10","2.6","-2.3","0","102820","0"
"6166","19951119","5","7","66","10.2","4.9","-0.2","0","102740","0"
"6167","19951120","5","3.9","49","10.8","5","-0.1","0","102530","0"
"6168","19951121","7","0","16","12.7","6","1.3","0.1","101510","0"
"6169","19951122","7","0.5","24","12.3","10.6","8.5","0","102170","0"
"6170","19951123","6","0.2","20","13.4","8.4","4.5","0","102260","0"
"6171","19951124","8","0.1","18","13.1","10.6","7.9","0.2","100780","0"
"6172","19951125","7","0","15","11.2","11.8","10.6","5.8","100100","0"
"6173","19951126","7","0.8","25","12.4","10.2","9.2","4.6","99960","0"
"6174","19951127","6","2.4","36","12","9.6","6.7","3.7","100160","0"
"6175","19951128","6","1.8","32","12.1","8.6","5.1","1.2","101030","0"
"6176","19951129","7","0.5","22","8.3","10","7.8","0.1","101740","0"
"6177","19951130","7","0","14","11.7","6","3.8","0","102020","0"
"6178","19951201","8","0","14","13.1","8.2","4.6","0.6","102070","0"
"6179","19951202","8","0","13","12.2","10.4","7.6","0.8","102200","0"
"6180","19951203","8","0","13","6.6","11.2","10.3","6.2","102100","0"
"6181","19951204","8","0","13","3.5","6.4","6.3","0.1","102560","0"
"6182","19951205","7","2.2","31","0.8","3","2.4","2","102460","0"
"6183","19951206","8","0","13","1.8","-0.8","-2.4","1.7","101830","1"
"6184","19951207","8","0.8","21","5","0.6","-0.6","0.2","101550","0"
"6185","19951208","6","5.2","44","6.2","2.4","-0.3","0","102250","0"
"6186","19951209","1","6.8","51","2.3","2","-2.3","0","103410","0"
"6187","19951210","0","0.2","16","7.9","-0.9","-4.1","0.1","103730","0"
"6188","19951211","7","4.9","42","7.3","2","-3.9","0","103480","0"
"6189","19951212","8","0","12","8.2","4.3","1.3","0.1","103410","0"
"6190","19951213","7","0","12","5.5","6.4","4.7","0.3","103340","0"
"6191","19951214","7","1.1","22","4.5","4.6","3.8","0","103080","0"
"6192","19951215","8","0","12","6.1","3.4","2.3","0.6","102480","0"
"6193","19951216","7","0","12","5.3","4","1.8","0","101980","0"
"6194","19951217","8","0","12","5.4","4.6","3.8","2.2","101640","0"
"6195","19951218","8","0","12","6.1","4.4","3.5","0","101770","0"
"6196","19951219","8","0","12","5.5","4.8","3.4","27.8","101540","0"
"6197","19951220","7","1.8","26","12.6","3.6","1.7","1.3","101330","0"
"6198","19951221","8","0","12","13.6","6.6","0.7","13.8","101040","0"
"6199","19951222","8","1","22","6.3","7.2","0.7","8.4","98990","0"
"6200","19951223","8","0","12","5.8","6.1","5.9","6.2","98810","0"
"6201","19951224","7","0.8","20","3.5","4.4","2.9","0.1","99750","0"
"6202","19951225","3","3.6","36","2.1","0.7","-2.1","0","99960","0"
"6203","19951226","2","5.5","44","0.7","-1.4","-5","0.4","100790","0"
"6204","19951227","7","0","12","0.3","-1.5","-3.7","0","101560","0"
"6205","19951228","5","3.5","36","2.9","-1.8","-3.8","0","101680","0"
"6206","19951229","2","7.3","52","2.6","-0.8","-4.6","0","101430","0"
"6207","19951230","8","0","12","4.2","-0.5","-3.6","9.9","99760","0"
"6208","19951231","8","0","13","6.3","1.5","-1.2","0","99350","0"
"6209","19960101","7","0","13","6.8","3.8","1.2","0.1","100020","0"
"6210","19960102","8","0","13","6.4","4.8","2.7","0","101230","0"
"6211","19960103","8","0","13","7.6","5","3.6","0","102030","0"
"6212","19960104","7","0.9","22","8.6","5.4","3.2","4.1","100900","0"
"6213","19960105","8","0","13","10.6","6.6","4.6","3.1","99810","0"
"6214","19960106","8","0.1","15","11.3","8.2","5.8","6.6","99110","0"
"6215","19960107","7","2","30","12.6","8.5","5.7","0.4","98940","0"
"6216","19960108","7","0","13","11.6","9.7","6.8","20.6","100050","0"
"6217","19960109","7","0.3","18","11.9","9.7","7.8","0.3","99630","0"
"6218","19960110","7","0.8","23","10.8","8.3","4.7","0","100430","0"
"6219","19960111","8","0","14","11.5","8.4","6.1","0.9","99330","0"
"6220","19960112","7","0.3","19","12.4","9.4","7.4","0.7","99300","0"
"6221","19960113","7","2","32","12.7","11","9.7","0","100640","0"
"6222","19960114","7","4.1","44","10.2","9.8","7","0","101430","0"
"6223","19960115","6","0.5","21","7.3","7","3.7","0.1","102240","0"
"6224","19960116","7","0.1","17","11.2","6.2","5","0","102780","0"
"6225","19960117","5","2.9","39","6.6","8","4.7","0","102530","0"
"6226","19960118","8","0","15","8.2","5.1","3.6","0","102040","0"
"6227","19960119","8","0","16","4.4","5.8","3.3","0","101370","0"
"6228","19960120","7","0","16","4.4","4.2","4","0","100910","0"
"6229","19960121","8","0","16","6.7","3","1.5","0","101530","0"
"6230","19960122","7","0","16","4.5","4.2","1.7","0","101060","0"
"6231","19960123","8","0","17","4.8","4","3.5","4.4","100620","0"
"6232","19960124","8","0","17","0.1","3.4","1.9","0","100690","0"
"6233","19960125","8","0","17","-1.2","-0.2","-0.6","0","101250","0"
"6234","19960126","6","1.1","31","2.5","-2.2","-3.2","0.1","101630","0"
"6235","19960127","7","3.4","48","1.8","-1.4","-5.3","0.1","101680","0"
"6236","19960128","8","0","18","2.2","-1.3","-4.4","0","101990","0"
"6237","19960129","8","0","18","3.5","1.1","0","0","101850","0"
"6238","19960130","8","0","19","5.6","1.6","-0.3","0","102370","0"
"6239","19960131","3","6.8","71","5.2","3.3","1","0","102430","0"
"6240","19960201","2","7.7","77","3","1.5","-2.2","0","101720","0"
"6241","19960202","7","2.6","47","5.2","0.5","-2","0","101440","0"
"6242","19960203","4","4.5","61","4.7","2","-1.2","0","101890","0"
"6243","19960204","6","3.1","52","1.6","2","-0.6","0","102080","0"
"6244","19960205","5","0.9","34","1","-1.4","-4.3","0.6","100940","0"
"6245","19960206","8","0","21","1.9","-0.4","-1.8","0.4","99570","1"
"6246","19960207","7","0","21","6.7","-0.8","-3.5","0.1","99570","0"
"6247","19960208","4","6.6","79","7.2","1.9","-2.9","0.3","101260","0"
"6248","19960209","7","0","22","10.5","2.6","-2","8.9","100770","0"
"6249","19960210","5","1.9","47","9.2","7","3.5","0.7","100120","0"
"6250","19960211","7","0.6","34","5.7","7.4","5.6","10.1","100540","0"
"6251","19960212","7","1.5","44","5.8","4.4","3.2","0.6","98960","0"
"6252","19960213","7","0.1","27","6","4.3","2.8","0","101280","0"
"6253","19960214","5","3.1","60","6.9","3.9","1.8","0","103340","0"
"6254","19960215","6","0.1","28","13.1","2.2","-2.5","0","103570","0"
"6255","19960216","5","5.1","78","10.4","6.6","0.2","0","102530","0"
"6256","19960217","7","2.3","56","9.1","8","5.6","5.4","102080","0"
"6257","19960218","6","6.5","91","3.8","7","5","0.8","99680","0"
"6258","19960219","6","4.2","74","1.8","2.4","0.9","2.4","100560","0"
"6259","19960220","5","4.7","80","2.9","-0.2","-2.3","0","102360","3"
"6260","19960221","3","5.4","86","5.9","0.5","-1.9","1.3","102770","1"
"6261","19960222","7","0.4","37","8.6","0.6","-4.6","0.1","101940","1"
"6262","19960223","7","4.6","82","9.4","4","-0.5","3.3","101260","0"
"6263","19960224","8","0.1","33","7.6","6","2.7","10.3","99870","0"
"6264","19960225","7","0.2","35","10.1","6.2","4.8","3.4","99540","0"
"6265","19960226","3","7.4","108","11.2","5.5","0.9","0.3","100780","0"
"6266","19960227","2","9.2","123","9.9","4.6","-2","0","101980","0"
"6267","19960228","2","7.9","115","11.3","4.7","-0.5","0","102860","0"
"6268","19960229","2","9.6","129","8.6","5.5","-0.3","0","103420","0"
"6269","19960301","7","0","35","7.4","4.8","1.1","0.5","103350","0"
"6270","19960302","7","0","36","8.1","5.4","3.4","0.4","102880","0"
"6271","19960303","8","0","36","8","6.1","4.1","0.8","102310","0"
"6272","19960304","8","0.2","44","7.5","6.1","4.2","0","102470","0"
"6273","19960305","8","0.1","42","10.2","6.6","5.6","0","102810","0"
"6274","19960306","7","1.2","64","4.7","7.2","4.2","0","102890","0"
"6275","19960307","6","1.5","69","7.6","3.6","2.6","0","102230","0"
"6276","19960308","7","1.1","64","7","5.1","2.6","9.9","101770","0"
"6277","19960309","6","1.1","65","10","3.4","-0.3","0.3","101970","0"
"6278","19960310","5","9","155","7.3","6.4","2.7","0","102710","0"
"6279","19960311","5","4.3","109","3.6","1.8","-3.7","0.2","102170","0"
"6280","19960312","8","0","42","4.5","1.6","-0.3","0","101360","0"
"6281","19960313","7","5.7","128","5.5","1.6","-1.2","0","100980","0"
"6282","19960314","7","2.9","96","12.3","2.4","-0.7","0","100650","0"
"6283","19960315","6","5.1","124","6.9","6.4","0.5","0","100670","0"
"6284","19960316","8","0","44","11.5","5.1","3.3","0.9","100980","0"
"6285","19960317","4","5.9","136","11.3","5.4","-0.7","0","101630","0"
"6286","19960318","7","4.1","116","9.1","6.2","1.1","0","101780","0"
"6287","19960319","7","1.8","86","7.1","5.6","2.1","0","101730","0"
"6288","19960320","8","0","47","9.6","4","1","3.6","101000","0"
"6289","19960321","8","0","48","11.4","5.6","1.6","1.9","100440","0"
"6290","19960322","8","0","48","15.1","9","6.7","5.9","101210","0"
"6291","19960323","8","0.5","65","9","11","7","0","101550","0"
"6292","19960324","8","0","49","11.7","8.3","7.6","0","102130","0"
"6293","19960325","8","0.3","62","6.5","8.3","4.9","6.9","101760","0"
"6294","19960326","8","0","51","7.7","5.2","4","0.1","101830","0"
"6295","19960327","5","8.9","185","9.6","4","0.2","0","102500","0"
"6296","19960328","6","4.9","140","10.3","4","-1.6","0","101720","0"
"6297","19960329","5","9.3","193","8.8","5.1","-0.1","0","101690","0"
"6298","19960330","3","8","180","7","4","-0.7","0","101970","0"
"6299","19960331","7","0","54","8.5","5.1","3.2","0","101780","0"
"6300","19960401","4","7.4","176","9.1","4.3","0.1","0","101520","0"
"6301","19960402","3","7.9","184","9.4","3.8","-1.5","0","102280","0"
"6302","19960403","1","11.2","223","11.6","4.2","-1","0","103040","0"
"6303","19960404","0","11.6","229","13.3","5.4","-0.9","0","103060","0"
"6304","19960405","3","9.4","206","9.4","7.1","0.9","0","102250","0"
"6305","19960406","8","0.1","63","11.1","6","2.5","0","101830","0"
"6306","19960407","8","0","58","16.2","8.4","5.8","0","102200","0"
"6307","19960408","5","4.9","154","15.6","9.4","2.5","0","102630","0"
"6308","19960409","6","0.9","88","11.6","12.3","9","0","102520","0"
"6309","19960410","7","0.1","66","16.1","9.6","7.5","0.7","101810","0"
"6310","19960411","7","2.7","124","6.6","11.3","6.5","2.1","101720","0"
"6311","19960412","8","0","61","10.7","6.1","5.6","11.5","101710","0"
"6312","19960413","6","10.7","234","12.4","6.2","1.6","0","102010","0"
"6313","19960414","7","0.1","68","17.1","7.6","2.8","0","102360","0"
"6314","19960415","6","3.2","136","18.5","11.5","5.9","0","102440","0"
"6315","19960416","7","2.2","120","16.4","13.6","8.6","0","101350","0"
"6316","19960417","6","6.3","185","13.8","13.1","9.8","0","100860","0"
"6317","19960418","6","0.3","78","15.3","10.4","7","0.4","101390","0"
"6318","19960419","7","0.2","75","23.5","12.4","9.5","0","101470","0"
"6319","19960420","7","6.4","190","22.2","16.4","9.4","0","100900","0"
"6320","19960421","4","10.6","245","11.6","15.8","9.4","0.1","100450","0"
"6321","19960422","6","0","67","13.5","9.8","8","8","100650","0"
"6322","19960423","7","0.4","85","16.1","11.2","9","0.2","100400","0"
"6323","19960424","4","9.3","233","16.4","11.6","7.2","0","101620","0"
"6324","19960425","5","10","244","20.3","11.3","6.2","0","102470","0"
"6325","19960426","5","5.4","182","20.7","13.4","6.5","0","102260","0"
"6326","19960427","2","13.5","289","15","14","7.2","0","101750","0"
"6327","19960428","6","4.7","173","13.2","12.4","9.7","0","101520","0"
"6328","19960429","6","3.4","152","13.4","8.9","4.6","1.8","101050","0"
"6329","19960430","6","4.6","173","13.9","9","4.5","0.2","100270","0"
"6330","19960501","7","2.9","146","11.5","10.6","7.2","2.2","99850","0"
"6331","19960502","8","0.7","99","12.4","9","6.5","0","100010","0"
"6332","19960503","6","6.4","204","12","8.7","5","0","100670","0"
"6333","19960504","3","10","255","12.4","6.6","1.2","0","101690","0"
"6334","19960505","5","3","151","15.6","7","1.5","0","101910","0"
"6335","19960506","3","13.1","296","15.2","9.1","2.6","0","101710","0"
"6336","19960507","4","12.3","287","14.1","9.2","3.3","0","101870","0"
"6337","19960508","1","14.1","310","13.5","8.2","2.4","0","102410","0"
"6338","19960509","5","9.7","256","11.8","8.3","3.1","0","102500","0"
"6339","19960510","4","6.6","213","12.6","8","4.3","0.1","101840","0"
"6340","19960511","7","1.8","131","15","7.4","2.1","0","101720","0"
"6341","19960512","5","8.5","242","17.9","10.7","6.4","0","102190","0"
"6342","19960513","3","13.3","306","15.9","10.7","3.5","0","102560","0"
"6343","19960514","4","7.6","231","16.9","10.6","5.2","0","102320","0"
"6344","19960515","4","8.4","243","10.4","10.5","4.1","0","102080","0"
"6345","19960516","6","1.2","119","9.6","6.7","3","3.3","101550","0"
"6346","19960517","8","0.1","85","9.8","6.5","3.4","0.9","100850","0"
"6347","19960518","8","0","78","13.4","7.1","4.4","6","100340","0"
"6348","19960519","7","3","159","15.6","9.4","5.4","0","99940","0"
"6349","19960520","4","9.8","266","17","10.4","5.3","0.5","101210","0"
"6350","19960521","6","9.3","260","14.5","11.9","6.8","0.4","101750","0"
"6351","19960522","8","0","80","17.2","11.8","9.2","3.6","101570","0"
"6352","19960523","7","3.5","170","14.4","13.6","10","1.9","101310","0"
"6353","19960524","8","0","80","18.5","12.8","11.3","4.5","100700","0"
"6354","19960525","6","8.2","247","15.8","12.6","6.6","0","100860","0"
"6355","19960526","7","0.2","93","16.5","11.4","7","2.2","101010","0"
"6356","19960527","6","2.3","148","17.3","13.6","10.6","0.2","101290","0"
"6357","19960528","6","2","142","21.1","10.9","4.5","0","102410","0"
"6358","19960529","7","0.4","101","26.1","16.7","12.3","0","101980","0"
"6359","19960530","7","11.6","297","20.5","19.4","12.8","0","101380","0"
"6360","19960531","6","12.6","310","18.7","16.7","12.9","0","101640","0"
"6361","19960601","5","10.2","279","19.4","14","9.4","0.2","101890","0"
"6362","19960602","6","7.4","240","20.5","13.4","7.3","0","101910","0"
"6363","19960603","4","9","263","23.1","14","7.6","0","102080","0"
"6364","19960604","3","13.7","325","27.7","17.8","12.5","0","102560","0"
"6365","19960605","4","14.5","335","30.6","19.4","11","0","102370","0"
"6366","19960606","4","14.5","335","31.8","22.5","14.4","0","101790","0"
"6367","19960607","3","14.2","332","21.1","25.5","19.2","9.9","101410","0"
"6368","19960608","7","4.2","190","23","17.8","14.4","0","101800","0"
"6369","19960609","2","14.9","341","24.1","16.8","10.7","0","102060","0"
"6370","19960610","5","6.7","231","22.8","17.6","11.2","0","102010","0"
"6371","19960611","7","1.4","132","21.2","17.7","12.6","0","102120","0"
"6372","19960612","3","13.7","327","22.1","16.8","12.3","0","102910","0"
"6373","19960613","1","15.5","349","22.5","15.5","8.9","0","103530","0"
"6374","19960614","3","15.4","348","23.9","16.4","10.3","0","103400","0"
"6375","19960615","3","15.7","352","26.4","16.4","9","0","103030","0"
"6376","19960616","2","15.3","347","28.5","17.9","9.4","0","102620","0"
"6377","19960617","6","14.6","339","22.4","20.8","13","0","101920","0"
"6378","19960618","5","12.1","308","22.7","17.2","12","0","101640","0"
"6379","19960619","6","11.4","299","15.5","16.8","11","0","101380","0"
"6380","19960620","8","0","81","17.4","12.8","10.2","0","100990","0"
"6381","19960621","7","6.9","235","17","13.6","9.8","0","101190","0"
"6382","19960622","5","4.9","203","21.7","12.8","8.5","0","101930","0"
"6383","19960623","3","11.6","301","22.1","14.7","7.7","0","102600","0"
"6384","19960624","6","7.4","242","25.7","16.2","10.2","0","102840","0"
"6385","19960625","6","10","279","26","18.8","11.8","0","102500","0"
"6386","19960626","6","9.2","268","24.1","18.9","11.8","0","102170","0"
"6387","19960627","7","1.8","142","19.7","20.1","16.1","0.2","102250","0"
"6388","19960628","7","1.5","135","18.2","16.6","13.5","1.7","101620","0"
"6389","19960629","6","1.4","132","22.6","14.6","10.9","0","101510","0"
"6390","19960630","7","3.6","179","16.8","16.6","10.7","0","101240","0"
"6391","19960701","6","5.2","207","20.9","14.4","12.1","0.6","100550","0"
"6392","19960702","6","4","186","19","15.4","9.9","0.2","100810","0"
"6393","19960703","7","1.3","129","20.4","15.4","11.8","0.8","100310","0"
"6394","19960704","5","7.4","240","20.8","15.8","11.2","0.3","100390","0"
"6395","19960705","6","2.5","156","18.8","15.6","10.3","17","100690","0"
"6396","19960706","6","5.4","209","20.3","14.9","11","2.5","100840","0"
"6397","19960707","5","7.8","245","19.9","15.5","10.7","0","101010","0"
"6398","19960708","5","7.7","243","20.8","15","10.1","0","101970","0"
"6399","19960709","7","0.8","114","26.6","16.3","11.8","0.2","102310","0"
"6400","19960710","4","10.5","281","25.2","19.6","12.7","0","102430","0"
"6401","19960711","5","4.9","198","24.1","20","14.7","0","102160","0"
"6402","19960712","7","2.3","150","25.6","19.4","14.8","0","101860","0"
"6403","19960713","4","10.7","282","25.2","20.4","15.3","0","101920","0"
"6404","19960714","6","2.2","147","25.4","20.9","16.6","0","102520","0"
"6405","19960715","3","13.1","311","22.6","19","12.5","0","103000","0"
"6406","19960716","3","12.7","306","24.8","16.7","10.8","0","103270","0"
"6407","19960717","2","13.9","320","27.4","17.3","9.8","0","102960","0"
"6408","19960718","2","15.1","333","26.5","18.9","10.4","0","102690","0"
"6409","19960719","6","12.1","296","28.6","19.6","12.7","0","102640","0"
"6410","19960720","2","13.8","316","30.7","20.6","12.7","0","102430","0"
"6411","19960721","3","14.5","323","31.6","22.7","14.7","0","102110","0"
"6412","19960722","2","14.4","321","28","23.8","16","1.8","101600","0"
"6413","19960723","6","5.5","202","21.7","22.8","17.7","0","100910","0"
"6414","19960724","6","4.2","180","25.4","18.6","15.6","0.3","101590","0"
"6415","19960725","2","14.4","319","28.9","18.6","11.7","0","102300","0"
"6416","19960726","5","8.2","240","23.7","21.6","14.4","1.1","102140","0"
"6417","19960727","7","2.4","145","23.7","19.4","15","0","101960","0"
"6418","19960728","7","0.6","101","25.3","19.7","15.7","1.1","101710","0"
"6419","19960729","6","7.2","223","24.6","20.8","16.4","0","101370","0"
"6420","19960730","7","0.7","103","25.8","20","15.5","2.9","101520","0"
"6421","19960731","5","8.2","235","23.5","20.5","15.2","0","101450","0"
"6422","19960801","5","4.9","186","20.8","17.8","12.2","0","101560","0"
"6423","19960802","5","2.4","141","24","15.7","10.6","0","102280","0"
"6424","19960803","3","12.8","290","25.5","18.2","12.5","0","102800","0"
"6425","19960804","1","13.6","298","27.6","19","12.6","0","102310","0"
"6426","19960805","4","12.7","286","22.3","20.9","14.2","0","101300","0"
"6427","19960806","7","5.9","197","22.7","19.8","17.4","1","100740","0"
"6428","19960807","6","4","166","23.5","18.2","13.7","0","101460","0"
"6429","19960808","7","7.8","222","21.7","17.8","12","0.5","101480","0"
"6430","19960809","7","0.6","95","23.1","18.2","14.7","4.8","101070","0"
"6431","19960810","6","8.7","232","22.6","19.4","15.7","4.9","100440","0"
"6432","19960811","7","5.8","191","20.7","18.4","14.1","7.8","100360","0"
"6433","19960812","7","1.9","124","23.4","17.2","13.6","8","101160","0"
"6434","19960813","7","9","232","21.6","18.7","14","0","101570","0"
"6435","19960814","7","0.8","97","21.1","18.8","16","0","101950","0"
"6436","19960815","6","5","175","26.6","18","15","0","102190","0"
"6437","19960816","3","11","252","28","20.7","14.8","0","102140","0"
"6438","19960817","3","10.1","240","30.6","20.9","13.8","0","102130","0"
"6439","19960818","1","13","272","31.4","23","15.4","0","101900","0"
"6440","19960819","1","12.2","261","24.8","24","16.5","0","101430","0"
"6441","19960820","5","2.4","127","25","20.9","17","0.1","101040","0"
"6442","19960821","3","12.9","266","23","19","13","0","101150","0"
"6443","19960822","5","11.4","247","22","17.5","12","10.6","101150","0"
"6444","19960823","6","6.2","183","21.4","18.2","14.4","1.4","100430","0"
"6445","19960824","6","5.1","166","20.9","17.6","13.9","5.2","100390","0"
"6446","19960825","7","6.8","188","21.1","17.2","13.6","0.4","100800","0"
"6447","19960826","5","8.1","203","21.1","16","11","0.5","101270","0"
"6448","19960827","4","9.1","213","21.2","15.6","10","0","101580","0"
"6449","19960828","5","5.6","168","17.9","15.8","10.4","0.6","101770","0"
"6450","19960829","8","0","58","18","15.4","12.9","0","101380","0"
"6451","19960830","6","3.5","136","19.1","14.6","11.3","0","102010","0"
"6452","19960831","6","4.3","147","21.5","13.7","8.3","0","102710","0"
"6453","19960901","7","10.4","211","22.6","15.5","9.5","0","102860","0"
"6454","19960902","8","0.9","83","21.6","18.6","14.6","5.2","102680","0"
"6455","19960903","6","4.2","136","19.2","18.3","15","0","102510","0"
"6456","19960904","7","2.1","104","23.4","16.8","14.5","0","102450","0"
"6457","19960905","4","9.3","193","21.9","18.6","13.8","0","102270","0"
"6458","19960906","2","11.5","214","20.7","16","10.2","0","102310","0"
"6459","19960907","7","3.7","125","20.6","16","11.4","0","102570","0"
"6460","19960908","6","2.7","110","19.5","16.8","13","0.3","102750","0"
"6461","19960909","5","4.1","128","17.6","15.8","12.2","0","102700","0"
"6462","19960910","7","0.3","63","20","14.6","11.7","0","102430","0"
"6463","19960911","6","3","111","18.1","14.4","8.9","0","101860","0"
"6464","19960912","6","6.1","148","18.6","15.2","12.2","0","101280","0"
"6465","19960913","2","10","187","19.6","13.2","7.8","0","101840","0"
"6466","19960914","3","10.7","191","23","12.8","6.1","0","102430","0"
"6467","19960915","1","11.3","195","22.6","15","6.9","0","102470","0"
"6468","19960916","1","11","190","19.7","16","9.5","0","102270","0"
"6469","19960917","1","10.6","185","16.6","15.2","10.6","0","101790","0"
"6470","19960918","5","1.5","81","14.3","13","9.5","4.1","101540","0"
"6471","19960919","7","0.4","59","15","11.9","9.5","1.5","101050","0"
"6472","19960920","8","0","44","17.1","12.1","9.2","0","100670","0"
"6473","19960921","5","4.4","116","16","14.6","12","0","100950","0"
"6474","19960922","7","0","43","15.5","12.9","9.8","0","101300","0"
"6475","19960923","7","0.4","56","18.9","12.8","10.1","0","101130","0"
"6476","19960924","5","6.7","136","19.6","11.8","4.7","0","101070","0"
"6477","19960925","7","3.3","99","17.9","14.3","9","0","100850","0"
"6478","19960926","7","2","81","21.2","14","10","0","101070","0"
"6479","19960927","3","5.6","121","20.5","16.7","12.2","0.3","101070","0"
"6480","19960928","7","5.7","121","18.9","15.4","10.4","0.5","101970","0"
"6481","19960929","8","0","39","15.6","16.2","13.6","3.1","101200","0"
"6482","19960930","7","0.1","43","17.1","14.2","12.8","7","101030","0"
"6483","19961001","5","8.2","139","18.4","12.4","7.8","0","100830","0"
"6484","19961002","2","9.7","149","16.5","11.9","5.4","0","101810","0"
"6485","19961003","7","0.1","41","16.2","13.2","9.8","1.1","101990","0"
"6486","19961004","3","8.1","133","14.9","12.1","8","2.6","101480","0"
"6487","19961005","3","8.3","133","13.4","10.8","6.6","0.5","101800","0"
"6488","19961006","7","0","35","16.5","9.6","5.8","0.4","102340","0"
"6489","19961007","7","0.2","42","18","13","9.4","0","102120","0"
"6490","19961008","8","0.4","45","16.1","15.2","12.3","8.8","102090","0"
"6491","19961009","7","4.7","96","15.4","12.8","9.5","0","102150","0"
"6492","19961010","6","8.9","129","16.2","12.6","9.8","0","102570","0"
"6493","19961011","7","2.8","75","17.5","10.8","5.4","0","101920","0"
"6494","19961012","5","4.7","92","19.6","13.4","9.2","0","100930","0"
"6495","19961013","3","8.5","121","20.4","15.6","11.6","0","100350","0"
"6496","19961014","6","3.6","80","16","15.7","11","1.2","100200","0"
"6497","19961015","3","8.2","116","15.4","13.3","10.6","0.1","100460","0"
"6498","19961016","3","7.3","107","15.1","11.6","7.7","0.1","100640","0"
"6499","19961017","3","9.1","119","16.6","10.6","6","3.6","100810","0"
"6500","19961018","5","2","60","16.7","11.2","5.8","1.6","100490","0"
"6501","19961019","4","5.9","93","17","12","7.4","0.1","101640","0"
"6502","19961020","8","0","28","16.4","14.2","11.3","2.7","101730","0"
"6503","19961021","5","6","91","18","14.2","11.9","0","102100","0"
"6504","19961022","6","3.1","66","20.5","14","10","0","102360","0"
"6505","19961023","2","8.8","107","19.4","14.6","8.6","0","102030","0"
"6506","19961024","7","2.9","63","17.9","14.2","9","0","101650","0"
"6507","19961025","5","4.1","72","15.9","15.2","12.6","2.8","101440","0"
"6508","19961026","4","5.3","80","17","12.2","8.4","4.4","101900","0"
"6509","19961027","8","0","25","17","13.8","10.7","2.2","101050","0"
"6510","19961028","6","4.5","72","12.2","14.8","12.5","0.9","99670","0"
"6511","19961029","5","6.9","87","11.8","11.2","10.1","0","101030","0"
"6512","19961030","7","0","23","15.5","7.4","2.9","2","102590","0"
"6513","19961031","8","0","23","17","11.5","7.5","0.3","101470","0"
"6514","19961101","5","5.3","73","18.1","12.2","7.4","0","102190","0"
"6515","19961102","7","0.2","27","17.6","14.3","10.5","3.1","102070","0"
"6516","19961103","7","0.7","34","16","16","14.3","19.1","101510","0"
"6517","19961104","5","2.9","53","15.3","14","12","0","99910","0"
"6518","19961105","4","7.1","79","14.7","12.2","9.1","0.6","100660","0"
"6519","19961106","4","6.6","75","12.1","12","9.4","0.5","100320","0"
"6520","19961107","5","5.3","67","11.4","10.2","8.3","0.1","100790","0"
"6521","19961108","2","6.1","70","12.1","6.3","1.2","0","102250","0"
"6522","19961109","4","4.5","60","6.9","7.9","3.7","15.6","102360","0"
"6523","19961110","7","0","19","8.3","5.3","3.7","0.2","100990","0"
"6524","19961111","5","2.2","43","9.3","3.4","-1.5","0","99920","0"
"6525","19961112","7","0","19","8.8","4.9","0.5","0.5","100210","0"
"6526","19961113","3","7.1","71","9.2","5.7","2.6","0","101750","0"
"6527","19961114","3","5.8","63","10.1","3.8","-1.5","0","102440","0"
"6528","19961115","3","7.8","72","8.4","5.3","0.5","0","102510","0"
"6529","19961116","5","3.4","48","9.4","3.4","-1.7","2.5","102390","0"
"6530","19961117","8","0","17","6.7","5.2","1.1","6.3","101010","0"
"6531","19961118","4","6.9","65","7.2","4.6","2.5","9.4","100830","0"
"6532","19961119","7","0.1","19","6.7","2.1","-3","10.4","98020","0"
"6533","19961120","6","1.5","33","6.9","3.4","0","0.9","98520","0"
"6534","19961121","1","8","68","7.6","3.1","-0.7","0","100700","0"
"6535","19961122","6","0.1","18","6.5","2.2","-3.1","0.1","100950","0"
"6536","19961123","3","7.8","65","10.5","3.6","0.6","0","101350","0"
"6537","19961124","7","0","15","9.7","4.8","-0.8","13.6","101410","0"
"6538","19961125","6","3.2","41","7.6","5.2","0.7","0.1","99800","0"
"6539","19961126","5","4.9","50","6.3","5.6","3.7","0","101250","0"
"6540","19961127","6","1.3","29","11.2","3.6","0.8","0","101140","0"
"6541","19961128","4","5.6","52","11.3","4.6","-2.1","6.3","101900","0"
"6542","19961129","7","0.1","17","11","5.4","-0.4","1.5","100190","0"
"6543","19961130","5","3","38","12.2","7.6","4.3","0.2","100630","0"
"6544","19961201","7","0","13","10.6","7.6","2.9","0.1","101360","0"
"6545","19961202","4","4.3","42","13.2","7.6","4.7","6","101460","0"
"6546","19961203","8","0","13","10","8.6","3.9","0.3","99550","0"
"6547","19961204","1","7","53","8.7","6.3","2.6","0","100080","0"
"6548","19961205","3","3.9","39","4.1","4","-0.6","0","101320","0"
"6549","19961206","7","0.3","17","6.7","2.6","1","0","102080","0"
"6550","19961207","8","0","13","5.1","4","1.4","0","102520","0"
"6551","19961208","8","0","13","5.1","4.4","3.7","0","102650","0"
"6552","19961209","8","0","12","4.7","4.1","3.1","0","102160","0"
"6553","19961210","8","0","12","5.2","3.8","2.8","0","101850","0"
"6554","19961211","8","0","12","4.8","4","2.9","0","101700","0"
"6555","19961212","8","0","12","5.3","3.6","2.3","0","101060","0"
"6556","19961213","6","0","12","7.1","3.3","1.3","0.4","100740","0"
"6557","19961214","4","2.8","32","8.6","1.9","-3.3","0","101140","0"
"6558","19961215","7","0","12","7.4","3.1","-2.4","0","101400","0"
"6559","19961216","8","0","12","9","6.7","6","0.3","101340","0"
"6560","19961217","8","0","12","10.9","6.7","4.4","0.9","100910","0"
"6561","19961218","8","0","12","8.6","8.2","5.6","2.9","100300","0"
"6562","19961219","8","0","12","8.6","8.2","7.9","0.6","99760","0"
"6563","19961220","8","0","12","3.9","7.3","6","0.2","100370","0"
"6564","19961221","8","0","12","6.1","3.1","2.3","0","101290","0"
"6565","19961222","6","3.5","35","4.6","4.2","2.3","0","101290","0"
"6566","19961223","2","7.1","50","2.9","3","1.4","0","100880","0"
"6567","19961224","1","6","46","5","1","-0.9","0.1","101090","0"
"6568","19961225","5","1.6","25","2","2.1","-0.8","0","102250","0"
"6569","19961226","6","6","47","4.1","-0.5","-3","0.2","103870","0"
"6570","19961227","7","0.5","18","1.8","0.5","-3.1","0.5","102850","1"
"6571","19961228","3","6.9","50","4.2","0.2","-1.4","0","102620","0"
"6572","19961229","6","0","12","3.1","0.4","-3.4","0.4","102250","0"
"6573","19961230","6","2","28","-0.6","0.6","-2","0.1","101360","0"
"6574","19961231","5","5.7","46","-1.7","-2","-3.4","0","101830","0"
"6575","19970101","6","0.1","14","0.5","-2.8","-4","0","102320","0"
"6576","19970102","3","6.9","52","0.1","-2.5","-5.5","0","102100","0"
"6577","19970103","8","0","13","1.5","-2.4","-5","0","101330","0"
"6578","19970104","8","0","13","2.5","-0.7","-2.9","0","100970","0"
"6579","19970105","7","0.2","16","3.1","0.8","-0.8","0","101500","0"
"6580","19970106","7","0","13","-0.2","1.6","0.2","0","102050","0"
"6581","19970107","8","0","13","0","-0.8","-1.3","0","102120","0"
"6582","19970108","8","0","13","1.4","-1.7","-3.4","0","101140","0"
"6583","19970109","8","0","14","1.5","-0.4","-2.2","1.3","100920","0"
"6584","19970110","8","0","14","7.1","0.4","-0.6","0","101970","0"
"6585","19970111","8","0","14","8.7","3.1","-0.9","0.4","102320","0"
"6586","19970112","8","0","14","11","4.8","0.9","0.1","102510","0"
"6587","19970113","6","4.8","47","7.6","7.4","3.9","0","102400","0"
"6588","19970114","2","7.1","58","2.4","3.5","-0.6","0","102150","0"
"6589","19970115","0","0","15","9","-0.4","-3.2","0.2","102180","0"
"6590","19970116","0","7.5","62","8.1","3.1","-2.8","0","101710","0"
"6591","19970117","6","0","15","8.8","4.8","1.4","1.5","101050","0"
"6592","19970118","7","0.1","18","5.9","7","5.2","2.1","101390","0"
"6593","19970119","8","0","16","7.5","4.8","3.7","0.1","100980","0"
"6594","19970120","7","1.4","31","6.2","5.2","3","0","102460","0"
"6595","19970121","6","5.4","55","8.6","4","1.7","3.4","102670","0"
"6596","19970122","8","0","16","8.7","5.3","2","1.1","101360","0"
"6597","19970123","7","0.9","28","11.1","6.3","3.9","0.1","102010","0"
"6598","19970124","6","5.6","58","11.2","6.4","1.8","0","102740","0"
"6599","19970125","2","7.8","70","8.6","5.8","0.5","0","103280","0"
"6600","19970126","2","7.2","68","7.6","4.8","1","0","103290","0"
"6601","19970127","7","0","18","8.4","4","0.4","0","103480","0"
"6602","19970128","4","4.3","54","5.9","4.4","0.4","0","104160","0"
"6603","19970129","8","0","18","5.2","4.2","2.6","0","104180","0"
"6604","19970130","8","0","19","5.5","4.3","3.4","0","103880","0"
"6605","19970131","8","0","19","6.9","4.4","3.2","0","103570","0"
"6606","19970201","7","0","19","8.2","5.2","3.6","0","102980","0"
"6607","19970202","6","0.3","25","9.1","5.7","3.2","0","102620","0"
"6608","19970203","4","6.5","73","9.6","3","-3","0","102720","0"
"6609","19970204","8","0","20","10.3","4.1","-1.4","5.5","101290","0"
"6610","19970205","5","6.3","74","10.8","6.6","3","0","101940","0"
"6611","19970206","8","0","21","11","7.2","3.7","0.1","102480","0"
"6612","19970207","6","0","21","9.7","9.6","8.1","1","102540","0"
"6613","19970208","6","4.3","64","11.9","3.6","-2.4","0","103090","0"
"6614","19970209","7","0.3","29","11.1","5.9","-0.1","0.3","102370","0"
"6615","19970210","5","0.8","36","12","9.8","8.4","3.8","101160","0"
"6616","19970211","6","0","23","12.1","7.9","3.8","2.9","101390","0"
"6617","19970212","8","0","24","9.1","9.4","6.7","4","100270","0"
"6618","19970213","5","4.5","70","7.3","6.5","3.9","0.1","99910","0"
"6619","19970214","7","0","24","10.1","3.9","0.5","0","100350","0"
"6620","19970215","4","8.8","102","9","5.4","0.7","0","101930","0"
"6621","19970216","7","0","25","10.9","5.9","2.8","2.8","101560","0"
"6622","19970217","7","0","26","9.6","7.7","4.5","9","100980","0"
"6623","19970218","4","4.8","78","10.4","7.9","6.2","0.9","100770","0"
"6624","19970219","6","0","27","12.6","6.4","2.4","8.6","101470","0"
"6625","19970220","5","3.8","72","13.8","9","5.4","0.7","101770","0"
"6626","19970221","6","3.2","68","11.7","10.8","7.9","3.1","102040","0"
"6627","19970222","7","0","28","14","9.8","7.9","0","102340","0"
"6628","19970223","7","2.5","63","11.5","11.1","8.2","4.8","100620","0"
"6629","19970224","7","0.7","43","14.4","8.2","5","5.4","98980","0"
"6630","19970225","6","5.1","89","12.1","10.8","7.3","2","99040","0"
"6631","19970226","4","5","89","10.7","9","5.8","0.1","100660","0"
"6632","19970227","6","0.3","39","13.2","6.4","2.2","0","102890","0"
"6633","19970228","7","0.9","49","12.1","9.8","6.5","0","102250","0"
"6634","19970301","6","2","69","13.6","8.2","4.4","0","102130","0"
"6635","19970302","7","4.2","95","10.2","10.7","7.8","0","101840","0"
"6636","19970303","8","0","36","10.9","6.7","3.2","6.6","103140","0"
"6637","19970304","8","0","36","12.2","7.9","4.9","2.1","102500","0"
"6638","19970305","8","1.9","72","12.1","9.6","7","0.6","102410","0"
"6639","19970306","4","9.7","152","12","8.2","4.2","0","103190","0"
"6640","19970307","7","0","38","12.2","9","5.9","0","102910","0"
"6641","19970308","8","0","39","13.1","10.2","8.2","0.9","103430","0"
"6642","19970309","6","5.5","118","15.4","10.4","7.6","0","103400","0"
"6643","19970310","5","5.5","120","17.6","10","4.7","0","103310","0"
"6644","19970311","0","9.3","158","15.5","10.4","3.3","0","103400","0"
"6645","19970312","2","5.9","127","13.2","9.8","4","0","102930","0"
"6646","19970313","7","4.2","110","14.4","9.4","5.6","0","102870","0"
"6647","19970314","7","1.2","70","17.1","11.6","8.7","0","102200","0"
"6648","19970315","7","2.6","92","16.6","12.6","8","0","102450","0"
"6649","19970316","7","2.8","96","17.4","12.6","8.7","0","102720","0"
"6650","19970317","5","7.8","154","14","11.4","5.3","0","102660","0"
"6651","19970318","6","3.2","104","12.9","11","8","0.3","101300","0"
"6652","19970319","7","5.8","136","14.5","10.4","7.8","0","101180","0"
"6653","19970320","3","9.2","174","12.4","8","1.6","0.1","102030","0"
"6654","19970321","6","9.7","181","12.9","8.6","4.7","0","102510","0"
"6655","19970322","4","9.3","179","12.6","7.4","2","0.6","102530","0"
"6656","19970323","7","1.4","82","10.7","9.3","6","0","101070","0"
"6657","19970324","7","0","49","13.9","7.4","4","0.2","101110","0"
"6658","19970325","6","1","77","13.8","8.6","3.3","0","101740","0"
"6659","19970326","7","0","50","17.7","11","8.2","0","101550","0"
"6660","19970327","5","8","174","12.6","11","4.3","0","101700","0"
"6661","19970328","2","11.3","210","13.3","8.8","5","0","102250","0"
"6662","19970329","4","7.3","169","14.8","7.4","1.5","0","102730","0"
"6663","19970330","2","10.7","208","16.5","8.6","2.4","0","102800","0"
"6664","19970331","1","11.5","218","17.2","9.7","2.9","0","102600","0"
"6665","19970401","0","11.5","220","17.7","10.2","3.2","0","102340","0"
"6666","19970402","3","7.5","178","14.9","11.1","4.5","0","102010","0"
"6667","19970403","6","5","148","13.8","10.8","6.7","0","101740","0"
"6668","19970404","4","9.1","199","17.7","8.6","3.4","0","102650","0"
"6669","19970405","6","4.8","148","14.5","12.4","7","0","101900","0"
"6670","19970406","5","7","178","15","11.3","8.1","0","102750","0"
"6671","19970407","3","11.6","232","17.3","8.8","2.5","0","103230","0"
"6672","19970408","5","9.8","214","20.5","10.1","2.9","0","102860","0"
"6673","19970409","6","10","218","21.3","12.4","4.2","0","102900","0"
"6674","19970410","2","11.4","236","16","13","4.7","0","103200","0"
"6675","19970411","5","4.6","152","13.7","11.2","6.5","0","103010","0"
"6676","19970412","3","11.7","242","17.3","7.4","1.2","0","103170","0"
"6677","19970413","4","8.5","207","15.5","11.8","6.2","0","102790","0"
"6678","19970414","6","0.8","89","13.4","11","6.4","0","102710","0"
"6679","19970415","3","12.3","254","15.1","10","6.7","0","103120","0"
"6680","19970416","3","11.4","246","14.7","8.8","2.4","0","102950","0"
"6681","19970417","5","6.7","189","11.9","11.2","7.6","0","102600","0"
"6682","19970418","5","3.2","138","9.9","7.2","2.4","0.1","102380","0"
"6683","19970419","7","2.1","120","10.4","7.8","5.6","0","101980","0"
"6684","19970420","3","9.5","229","13.9","5.7","1","0","102180","0"
"6685","19970421","3","11.4","254","12.2","6.4","-1","0","101790","0"
"6686","19970422","6","8.5","219","15.8","8.6","5","0","101810","0"
"6687","19970423","7","4","156","16.8","10.6","5.5","0","101860","0"
"6688","19970424","6","4.4","164","11.7","11.4","5.9","0","101680","0"
"6689","19970425","8","0","68","13","9.4","7","8.4","101490","0"
"6690","19970426","8","0","68","18.9","10.6","8.1","1.3","100880","0"
"6691","19970427","7","4.3","165","18.8","14.2","9.6","0","100820","0"
"6692","19970428","7","5.4","183","17.6","15","11.1","0","100620","0"
"6693","19970429","5","8.8","232","20.3","14.4","11.2","0","101440","0"
"6694","19970430","3","13.2","288","22.7","13.6","6.9","0","102600","0"
"6695","19970501","4","13.7","295","25.8","15.4","8","0","102880","0"
"6696","19970502","1","13.8","298","25.7","17.6","9.4","0","102460","0"
"6697","19970503","4","7.3","216","20.1","18.1","10.5","0.6","101510","0"
"6698","19970504","6","3.9","165","18.5","16.4","12.7","0.2","100240","0"
"6699","19970505","7","4.1","169","9.1","15","11.6","6.8","98950","0"
"6700","19970506","5","9.3","247","12.9","6.6","4.2","0","99690","0"
"6701","19970507","4","10.9","269","12.5","6.2","-0.5","1.8","100140","0"
"6702","19970508","7","2.7","146","14","9","5.5","1.4","99550","0"
"6703","19970509","6","7.8","229","15.2","10","6","4.4","99820","0"
"6704","19970510","5","6.4","210","16.2","11.6","7.9","0.2","100200","0"
"6705","19970511","4","10","261","15","12","7.7","0.4","100380","0"
"6706","19970512","3","9","248","17.8","11.6","8.1","3","101480","0"
"6707","19970513","5","10","263","19.6","12.4","7","0.2","101940","0"
"6708","19970514","2","13.6","310","19.2","12.8","6.1","0","102120","0"
"6709","19970515","6","3.4","164","23","13.8","8.3","0","102060","0"
"6710","19970516","7","1","114","26.6","16.8","10.6","2.2","101450","0"
"6711","19970517","6","6.4","215","20.7","19.6","12.6","0","101080","0"
"6712","19970518","6","4.6","187","18.8","17.8","14.9","0","100990","0"
"6713","19970519","6","2.9","157","15.5","15","11.2","1","100670","0"
"6714","19970520","6","1.2","121","13.9","12.2","8.9","5.4","100320","0"
"6715","19970521","8","0","79","14.8","12.4","11","0","100860","0"
"6716","19970522","7","1.2","121","15.5","11.6","8.4","0.6","101700","0"
"6717","19970523","7","5.1","198","16.5","11.8","8.2","0","102240","0"
"6718","19970524","2","14.8","333","19.1","11","5.5","0","102870","0"
"6719","19970525","3","14","324","23.2","12.2","5.3","0","102990","0"
"6720","19970526","3","14","324","20","15","6.8","0","102600","0"
"6721","19970527","3","12","300","17.9","15.5","11","0","102650","0"
"6722","19970528","3","11","287","23.2","12.6","7.4","0","103020","0"
"6723","19970529","2","14.9","337","24.3","15.5","7.8","0","102900","0"
"6724","19970530","1","15.2","342","23.2","17.2","10.1","0","102830","0"
"6725","19970531","1","15","340","19.7","16.7","10.2","0","102550","0"
"6726","19970601","2","15.2","341","22.1","15.4","11.2","0","102250","0"
"6727","19970602","6","9.5","269","22.8","17.4","12.6","0","101740","0"
"6728","19970603","5","8.5","256","22.8","16.4","10.1","0","101810","0"
"6729","19970604","5","10.7","286","26.7","16.2","9.7","0","101640","0"
"6730","19970605","7","4.5","194","25.9","19.6","12.6","0.4","100550","0"
"6731","19970606","7","3.6","178","24","20.2","14.4","11.8","100490","0"
"6732","19970607","5","7","235","22.2","20","15.9","0","100670","0"
"6733","19970608","4","11.7","301","22.8","18.1","14","2.4","101270","0"
"6734","19970609","6","7.6","245","26.3","16.5","10.2","0","102200","0"
"6735","19970610","7","4.7","199","24.5","20.2","14.1","2.8","101710","0"
"6736","19970611","7","2","146","19.6","20.6","16.6","4.6","100700","0"
"6737","19970612","7","3.3","174","22.6","17.4","15.3","0","100640","0"
"6738","19970613","6","7.1","238","18","18.6","14.5","0","100490","0"
"6739","19970614","8","1.2","127","19","15.5","13","0","101010","0"
"6740","19970615","6","6","221","20.3","14.8","10.7","0.2","101850","0"
"6741","19970616","6","5","205","20.4","15.7","11.1","0","101990","0"
"6742","19970617","7","5.1","206","21.4","16.1","11.8","1.8","102160","0"
"6743","19970618","7","7.3","241","16.8","16.6","11.7","0","101760","0"
"6744","19970619","7","0.7","113","16","14.5","12.2","8","100690","0"
"6745","19970620","6","3.2","172","18.9","11.8","7.5","2.8","99850","0"
"6746","19970621","6","9.5","273","18.1","15.4","11.9","7","99200","0"
"6747","19970622","7","3.9","185","19.9","14.8","11.5","7.2","99680","0"
"6748","19970623","6","7.1","238","19","16","12.2","1.6","100930","0"
"6749","19970624","7","6.3","226","16","14.6","10.2","0.4","101510","0"
"6750","19970625","8","0","81","16.1","14","11.9","9.6","100240","0"
"6751","19970626","8","0.1","89","13.5","14.2","12.4","22","99510","0"
"6752","19970627","8","0","81","16.2","12.7","11.9","10","99940","0"
"6753","19970628","8","0.1","89","18.2","13.6","11","0.4","100440","0"
"6754","19970629","7","0.2","94","16.6","14.7","11.2","0","100740","0"
"6755","19970630","8","0.5","106","18.5","14.1","11.6","0","100410","0"
"6756","19970701","7","3.9","184","18.6","15.2","11.8","0","100450","0"
"6757","19970702","6","5.5","212","17.4","14.5","10.4","0.4","100570","0"
"6758","19970703","7","1.6","136","18.3","13.8","10.3","8","100910","0"
"6759","19970704","7","1.7","139","22.4","15","11.7","2.2","101670","0"
"6760","19970705","4","12.2","306","24.8","16.6","10.8","0","102540","0"
"6761","19970706","5","8.2","252","26.7","18.6","12.4","0","102900","0"
"6762","19970707","4","9.8","274","27.6","20.6","14.6","0","102810","0"
"6763","19970708","5","7.4","239","26.3","21.5","15.4","0.8","102500","0"
"6764","19970709","3","14.7","335","22.8","21","15.7","0","102140","0"
"6765","19970710","4","9","261","23.8","18.5","14.2","0","101820","0"
"6766","19970711","5","6.8","229","25","18.4","13.1","0","101600","0"
"6767","19970712","6","8.8","258","24.2","19.1","13.2","0","101580","0"
"6768","19970713","6","7.6","240","24.1","20","15.9","1.8","101610","0"
"6769","19970714","7","5.6","209","25.1","19.4","14.8","0.2","101910","0"
"6770","19970715","7","5.5","207","22.2","20","15","0","102030","0"
"6771","19970716","7","1.9","140","20.4","18.6","15.1","0.4","101800","0"
"6772","19970717","7","1.1","120","20.8","17.7","15","0.4","101470","0"
"6773","19970718","4","5.8","210","24.8","16.4","11.9","1.6","101960","0"
"6774","19970719","3","11.7","292","24.9","19.5","14.2","0","102620","0"
"6775","19970720","2","15.2","333","25.4","18.8","12.7","0","102610","0"
"6776","19970721","1","14.3","322","26.7","19.8","14.3","0","102380","0"
"6777","19970722","3","12.3","297","27.7","20.6","14.4","0","102090","0"
"6778","19970723","6","8.1","241","24.4","21.6","15.6","0","101900","0"
"6779","19970724","7","1.5","127","24","21","17.5","3.8","101330","0"
"6780","19970725","4","12.1","292","21.4","18.8","13.7","0","101250","0"
"6781","19970726","5","1.8","133","25.1","17.2","13.1","7.6","101540","0"
"6782","19970727","6","10.9","275","25.8","20.6","16","0","101890","0"
"6783","19970728","5","12.7","297","27.3","19.4","13","0","102240","0"
"6784","19970729","5","14.1","312","24.4","21","14.8","1.2","102030","0"
"6785","19970730","6","9.3","252","18.2","20","15.5","0.2","101710","0"
"6786","19970731","8","0","73","24.2","16.6","15","6","101680","0"
"6787","19970801","7","2.2","138","23.2","19.2","14.3","0","101390","0"
"6788","19970802","6","9.6","253","21.5","19.2","15.2","0","101860","0"
"6789","19970803","8","0.9","107","21.8","18.2","14.9","2.1","101890","0"
"6790","19970804","7","2.5","143","22.8","18.4","15.1","9.5","101940","0"
"6791","19970805","7","3.2","155","26.7","19.2","15.7","0","101860","0"
"6792","19970806","7","3.4","158","26.8","21.4","16.1","31.6","101510","0"
"6793","19970807","7","6.5","206","30.9","22.4","17.9","0","101560","0"
"6794","19970808","2","12.1","277","28.5","24.2","17.4","0","101710","0"
"6795","19970809","1","13.4","291","31.5","23.5","18.5","0","101930","0"
"6796","19970810","3","11.7","270","29.6","24.8","18.2","0","101650","0"
"6797","19970811","7","3.7","159","29.5","25.4","21.1","0","101540","0"
"6798","19970812","6","5.2","182","27","23.8","18","2.4","102100","0"
"6799","19970813","5","9.1","234","26.3","23.4","19.7","0","102150","0"
"6800","19970814","3","12.9","278","28.4","20.5","14.7","0","102330","0"
"6801","19970815","2","12.8","275","29.4","21.8","15.1","0","102170","0"
"6802","19970816","1","11.3","257","24.8","23.2","16.9","0.2","101940","0"
"6803","19970817","6","1.6","115","29.7","21.8","18.8","0","101860","0"
"6804","19970818","5","10.2","241","31.1","23.8","17.8","0","101860","0"
"6805","19970819","3","10.9","248","29.5","24.8","18.4","0","101810","0"
"6806","19970820","5","3.9","154","26.9","23.8","18","0","101790","0"
"6807","19970821","7","3.2","141","25.1","22.3","17.7","0","101770","0"
"6808","19970822","7","0.6","87","27.1","22.5","19.9","0","101900","0"
"6809","19970823","6","4","152","24.8","23.5","19.9","0","101500","0"
"6810","19970824","7","3.7","147","22.3","22","19.3","7.3","101240","0"
"6811","19970825","7","1.7","110","23.3","20","17.6","1.6","100950","0"
"6812","19970826","5","9.6","222","19.7","17.6","11.8","0.2","101090","0"
"6813","19970827","5","2.5","124","20.3","16.5","13.3","9.4","100050","0"
"6814","19970828","5","6.1","176","20.9","16","11.6","0.4","99710","0"
"6815","19970829","6","7.2","189","21.8","17.6","14.2","5.4","100770","0"
"6816","19970830","7","3.5","137","24.8","18.1","14.4","0.4","100990","0"
"6817","19970831","7","5","158","21.7","19.2","13.5","0","101170","0"
"6818","19970901","6","7.2","178","21.9","18.4","15.1","0","101600","0"
"6819","19970902","3","11.8","225","19.5","16.8","11.6","0","102020","0"
"6820","19970903","7","0","55","21.8","17","14.4","1.8","101730","0"
"6821","19970904","4","10.3","207","19.7","18.6","15.3","0","101760","0"
"6822","19970905","6","1","84","20.9","16.2","12.6","0.4","101990","0"
"6823","19970906","3","10.3","203","22.6","15.4","9.8","0","102350","0"
"6824","19970907","6","5","143","22.5","18.3","14","0","102620","0"
"6825","19970908","1","11.8","215","22","15.8","9.1","0","102680","0"
"6826","19970909","2","11.7","212","21.2","17.2","12.5","0","102600","0"
"6827","19970910","4","11.1","204","20.6","15.5","9.8","0","102500","0"
"6828","19970911","7","2.1","98","20.1","16.2","11.7","0.4","101110","0"
"6829","19970912","4","7.6","166","17.7","16.6","13","4","100570","0"
"6830","19970913","2","11.2","200","19","12.3","6.9","0","101590","0"
"6831","19970914","4","7.7","164","20.3","13","6.9","0","102490","0"
"6832","19970915","6","4","120","22","14.6","9","0","102350","0"
"6833","19970916","6","9.7","180","21.9","17","12","0","101900","0"
"6834","19970917","5","5.9","140","25.1","16.3","10.7","0","102130","0"
"6835","19970918","3","8.5","165","17.8","18","10.9","0.2","102250","0"
"6836","19970919","8","0","46","18.8","16.8","15.8","0","102600","0"
"6837","19970920","7","3.6","109","19.1","16.8","14.7","0","102840","0"
"6838","19970921","4","10.4","177","21.4","14.2","9.3","0","102600","0"
"6839","19970922","1","10.5","176","21.2","15","8.6","0","102550","0"
"6840","19970923","1","10.4","174","20.4","15.6","9.9","0","102690","0"
"6841","19970924","6","3","97","19.8","15.2","10","0","102730","0"
"6842","19970925","6","2.1","84","22.1","17.6","15.4","0","102730","0"
"6843","19970926","5","6.6","134","19.4","17.6","13.2","0","102570","0"
"6844","19970927","7","0.1","46","19.9","16.5","13.6","0","101930","0"
"6845","19970928","6","2.8","90","23.5","15","10.1","0","101710","0"
"6846","19970929","7","3.7","100","21.6","17.8","12.1","0","102070","0"
"6847","19970930","7","0.2","47","25.5","18.4","15.2","0","102380","0"
"6848","19971001","4","7.5","134","19.7","20.8","16","0","101960","0"
"6849","19971002","3","10.2","155","18.8","16.1","12.5","0","101980","0"
"6850","19971003","6","4","98","20.4","15.1","11.4","0","102150","0"
"6851","19971004","3","6.6","122","17.8","15.4","10.4","0","102110","0"
"6852","19971005","4","0.5","50","21.6","13.8","9.8","0","101490","0"
"6853","19971006","6","5","104","17.3","16","10.5","7.8","100230","0"
"6854","19971007","6","5","103","18.5","14.4","11.5","4","99730","0"
"6855","19971008","8","0","35","19.4","15.3","12.1","4.4","99840","0"
"6856","19971009","7","0.9","54","17.7","16.6","13.8","5.6","100020","0"
"6857","19971010","3","8.9","131","11.9","14.1","10.5","0","100450","0"
"6858","19971011","7","0","33","12.6","10.6","9.4","12.8","100320","0"
"6859","19971012","6","7.9","120","12.1","10.9","9.2","0","101210","0"
"6860","19971013","5","4.2","88","13.3","9.2","6.3","0.4","102020","0"
"6861","19971014","6","0.1","35","13.9","8","2.6","9.6","102430","0"
"6862","19971015","8","0","31","17.3","9.6","5.4","0","101180","0"
"6863","19971016","7","0","30","19.5","13.8","10.2","0.2","101220","0"
"6864","19971017","7","5.9","97","22.5","16.2","12.8","0","101160","0"
"6865","19971018","3","9.7","123","22.8","17","11.6","0.1","101710","0"
"6866","19971019","2","7.2","104","13.6","16.4","10","0","101630","0"
"6867","19971020","8","0","28","13","12.5","11.4","0","101770","0"
"6868","19971021","2","9.4","116","13.9","10.8","8.6","0","101850","0"
"6869","19971022","2","9","111","13.8","8.6","3.2","0","101520","0"
"6870","19971023","4","7.6","101","12","9.5","5.2","0","101870","0"
"6871","19971024","5","6.2","90","12.1","9.6","7.1","0","102740","0"
"6872","19971025","3","9.2","108","12.7","6.6","1.2","0","102970","0"
"6873","19971026","5","6.9","92","13.3","6.4","0.1","0","102700","0"
"6874","19971027","5","2.2","55","9.8","8.4","3.6","0","102760","0"
"6875","19971028","0","9.5","105","11.8","5.9","2","0","103430","0"
"6876","19971029","1","9.1","101","10.6","5.2","-1.5","0","103640","0"
"6877","19971030","5","4.6","71","13.3","4","-2.5","0","103310","0"
"6878","19971031","1","8.7","96","12.6","6","-1.4","0","103270","0"
"6879","19971101","0","8.5","94","9.2","5.8","-1","0.2","102710","0"
"6880","19971102","4","2.9","56","11.6","4.6","0","0.2","102190","0"
"6881","19971103","5","1.8","46","14.2","6.6","1.7","0","101610","0"
"6882","19971104","6","3.1","55","15.9","10","5.9","1","100390","0"
"6883","19971105","7","4.7","66","14.5","11.6","7.2","3.7","99350","0"
"6884","19971106","7","0","21","13.8","12.6","10.7","0","98460","0"
"6885","19971107","7","2.6","49","13.9","10.8","7.8","3.6","98730","0"
"6886","19971108","6","4.7","63","10.4","11.6","9.3","1.2","98470","0"
"6887","19971109","5","2.1","44","11.4","8.9","7.4","0.2","98550","0"
"6888","19971110","3","5.4","65","12.5","9.3","7.2","0.6","98950","0"
"6889","19971111","4","4.3","58","11.3","8","3.6","0","99360","0"
"6890","19971112","2","6.4","69","10","5.4","-0.4","0","100190","0"
"6891","19971113","4","1.4","36","13.6","5.1","0.2","0.4","100500","0"
"6892","19971114","5","0.3","24","15.3","6.9","0.2","0.7","100930","0"
"6893","19971115","8","0","18","16.4","9.4","3.4","2.6","101180","0"
"6894","19971116","7","0","18","15.4","15","13.5","0","101290","0"
"6895","19971117","8","0","17","13.6","14","12.6","0","101060","0"
"6896","19971118","7","0","17","13.3","12","10.5","2.7","100200","0"
"6897","19971119","6","0.3","22","12.2","11.6","10","8","99580","0"
"6898","19971120","6","1.3","32","10.9","11.1","10","2.8","99030","0"
"6899","19971121","4","2.5","40","12.7","7.8","4.8","0.8","100400","0"
"6900","19971122","4","4.2","49","11.7","7.8","3","4.2","101250","0"
"6901","19971123","5","4.1","48","9","8.3","4.9","0.2","101650","0"
"6902","19971124","8","0","16","10.1","8","6.9","0.2","101030","0"
"6903","19971125","8","0","15","11.9","7.7","5.3","0","100330","0"
"6904","19971126","8","0","15","11.1","9.2","6.6","4.6","100610","0"
"6905","19971127","8","0","15","14.1","10.1","9.1","7.4","100740","0"
"6906","19971128","7","3","39","12.1","11","8","0.2","100090","0"
"6907","19971129","6","3.7","43","8.9","10.3","8.5","1.6","99980","0"
"6908","19971130","6","0","14","6.4","8.6","8.4","0","101160","0"
"6909","19971201","6","0.2","17","4","3.2","0","6","101470","0"
"6910","19971202","7","0.3","18","4.9","2.4","0.7","0","101040","0"
"6911","19971203","6","0","13","6.9","2.8","0.6","0","101860","0"
"6912","19971204","3","4.2","41","9.1","4.3","1.7","0","102300","0"
"6913","19971205","6","2.1","30","11.2","3.7","-1.7","0","102420","0"
"6914","19971206","7","1.4","25","11.5","5.5","-0.2","0","101940","0"
"6915","19971207","7","0.2","16","13.3","9.2","6.9","1","101020","0"
"6916","19971208","6","3.5","37","14","10.8","8.2","0.2","99930","0"
"6917","19971209","7","0.6","19","15","11","8","5","100420","0"
"6918","19971210","7","2.8","33","14.5","12.3","9.6","0.6","100000","0"
"6919","19971211","7","2.2","29","9.1","13","11.4","0.2","100000","0"
"6920","19971212","4","6.5","49","8.3","7.2","5.3","0","102050","0"
"6921","19971213","4","3.4","35","9.9","4.2","0.2","0","103160","0"
"6922","19971214","4","6.6","49","6.3","6.2","2.4","0","103180","0"
"6923","19971215","7","0.2","15","3.2","5","3.7","0","103220","0"
"6924","19971216","8","0","12","7.8","3.1","3","0.2","102200","0"
"6925","19971217","8","0","12","10.3","3.4","-0.9","6.8","100370","0"
"6926","19971218","8","0","12","8.8","5","-0.2","4.4","99600","0"
"6927","19971219","8","0","12","9.9","8.3","7.8","0","99680","0"
"6928","19971220","8","0","12","6.6","8.4","6.9","0","100290","0"
"6929","19971221","8","0","12","8.4","6.3","6","0","101310","0"
"6930","19971222","8","0","12","13.3","6.2","4.1","5.2","101340","0"
"6931","19971223","8","0.2","15","13.9","9.9","6.5","1.4","101390","0"
"6932","19971224","7","0","12","12.6","11.2","8.4","4","101070","0"
"6933","19971225","5","0.1","14","9.6","10.4","8.3","4.8","100190","0"
"6934","19971226","6","2.1","28","8.4","8.6","7.6","3.2","100000","0"
"6935","19971227","5","2.2","29","7.7","5.9","3.4","0","100880","0"
"6936","19971228","5","0.2","15","9.1","4","0.2","0.2","101100","0"
"6937","19971229","6","0.9","21","12.3","5.7","2.3","1","100820","0"
"6938","19971230","7","2.1","29","9.4","7.9","3.5","3","100170","0"
"6939","19971231","5","6","47","10","8.1","6.8","0","100140","0"
"6940","19980101","6","3.5","36","12.7","6.2","2.3","12.4","100190","0"
"6941","19980102","5","0.9","22","11.5","8.5","4.3","7","98590","0"
"6942","19980103","6","2.3","31","9.3","9","6.4","5.8","99120","0"
"6943","19980104","6","0.1","15","7.6","6.2","3.2","12","99170","0"
"6944","19980105","5","2.6","33","12.3","5","2.3","6.6","99480","0"
"6945","19980106","5","0.5","19","11.3","6.6","1","4.4","100740","0"
"6946","19980107","5","4.2","42","13.4","6.8","2.2","2.2","100490","0"
"6947","19980108","6","0.2","17","15","9.1","4.8","0.8","101370","0"
"6948","19980109","6","4.7","45","13.1","12.8","10.6","0","102210","0"
"6949","19980110","4","6.3","53","11.8","10.1","7.1","0.2","102120","0"
"6950","19980111","6","0.6","21","12","8.1","4.4","0","101460","0"
"6951","19980112","8","0","14","12.6","9.6","7.1","0","101210","0"
"6952","19980113","6","2.4","34","10.8","10.1","7.6","7.2","99880","0"
"6953","19980114","5","4.2","45","11.7","9.2","7.5","1","100340","0"
"6954","19980115","5","2.9","38","9.4","8.5","5.3","0","100750","0"
"6955","19980116","4","3.8","44","10.4","7.9","6.4","0","101060","0"
"6956","19980117","7","2.2","35","9.7","5.9","1.4","2.2","102100","0"
"6957","19980118","8","0.1","18","6.5","8","6.3","6.4","99410","0"
"6958","19980119","6","0.1","18","5.4","6.4","6.2","0","100340","0"
"6959","19980120","4","4.6","50","7.3","3.2","0.9","0","102830","0"
"6960","19980121","7","0.3","21","6.1","2.8","-1.6","0","103540","0"
"6961","19980122","6","0","16","4.9","4","1.8","0","103210","0"
"6962","19980123","6","0.1","19","7.4","1.6","-1.6","0","103180","0"
"6963","19980124","6","5.1","56","4.8","3.4","-0.7","0","103360","0"
"6964","19980125","6","0","17","5.6","3.5","2.2","0","103320","0"
"6965","19980126","5","5.7","61","4.4","3.9","2.2","0","103310","0"
"6966","19980127","7","0","18","5.1","2.5","0.6","0","102580","0"
"6967","19980128","7","3.6","50","8","3.6","2.1","0.2","102270","0"
"6968","19980129","7","0.9","30","7.7","4.4","0.7","0","102380","0"
"6969","19980130","7","3.3","49","6.5","4.6","1.4","0","102100","0"
"6970","19980131","7","0","19","2.6","4.8","3","0.2","102030","0"
"6971","19980201","4","5","62","7.4","0.1","-2.4","0","101910","0"
"6972","19980202","4","6.2","70","6.7","1.8","-3.9","0","101390","0"
"6973","19980203","4","6.2","71","9.5","2.8","-1.2","0","101450","0"
"6974","19980204","3","7.5","80","11","3.3","-2.9","0","101520","0"
"6975","19980205","5","3","52","9.6","5.2","-0.7","0","102030","0"
"6976","19980206","7","0","21","9","7.1","4.6","2.8","101970","0"
"6977","19980207","5","5.9","73","11.8","6","3","0","101900","0"
"6978","19980208","6","4.7","67","10.9","6.3","0.8","0","102570","0"
"6979","19980209","7","2.5","51","12.1","7.2","3.4","0","102360","0"
"6980","19980210","7","1.8","46","15.3","9.4","6.7","0","102590","0"
"6981","19980211","7","2.9","56","15.5","11.5","7.7","0","102580","0"
"6982","19980212","7","1.9","48","18.6","11","6.6","0","102850","0"
"6983","19980213","3","8.5","97","17.7","13.2","7.9","0","103250","0"
"6984","19980214","1","8.5","98","15.9","10.4","3.1","0","103240","0"
"6985","19980215","6","3.6","65","12.5","10","4.1","0","102800","0"
"6986","19980216","6","3.4","65","13.4","9.7","6.9","0","102320","0"
"6987","19980217","2","8","99","11.7","8.8","4.2","0","103580","0"
"6988","19980218","4","5.9","86","13.3","7.6","3.4","0","103130","0"
"6989","19980219","8","0","27","15.6","8.8","4.2","0","102670","0"
"6990","19980220","7","1.1","46","11.5","11.2","6.8","0","101630","0"
"6991","19980221","6","0.9","44","9.9","10","8.6","0.8","100980","0"
"6992","19980222","4","7.8","105","11.6","6.3","2.7","0.2","102190","0"
"6993","19980223","6","0","29","11.7","6.8","2","1","103390","0"
"6994","19980224","7","2","59","12.9","8.2","4.7","0","103810","0"
"6995","19980225","3","8","111","9.6","8.2","3.5","0","103850","0"
"6996","19980226","7","0","30","10.3","7.2","4.7","0","103160","0"
"6997","19980227","7","0.1","34","8","8.8","7.2","1.8","101810","0"
"6998","19980228","5","7.7","114","10.7","5.5","3","0","101300","0"
"6999","19980301","6","4.7","99","12.6","5.7","0.7","0","101370","0"
"7000","19980302","7","0.8","53","15.2","9","5.4","5.2","101350","0"
"7001","19980303","8","0","36","10.7","11.6","8.1","6.2","100040","0"
"7002","19980304","6","4.8","104","11.5","9.5","8.3","0","99690","0"
"7003","19980305","4","6.8","125","12.9","8","4.5","9.4","101450","0"
"7004","19980306","8","0","38","13.1","9.8","6.8","5.2","101130","0"
"7005","19980307","6","5.6","116","10.3","11.5","9.9","5.2","100360","0"
"7006","19980308","6","4.4","105","9.5","8.7","7.1","0","101060","0"
"7007","19980309","4","10.3","163","9","4.8","0.1","0","102830","0"
"7008","19980310","7","0","40","9.6","4.4","-0.1","6.7","102170","0"
"7009","19980311","6","3.4","98","8.5","7.6","5.6","0.6","101390","0"
"7010","19980312","6","3","94","11.3","5.2","2","2","102710","0"
"7011","19980313","8","0","42","10.8","7.6","3.8","0","102730","0"
"7012","19980314","5","2.9","95","11","6.8","2.8","0","103250","0"
"7013","19980315","8","0","43","10.6","8","5","0","103370","0"
"7014","19980316","7","0","44","12.7","9.1","7.6","0","103190","0"
"7015","19980317","7","0.3","55","14.6","10.3","7.9","0","103200","0"
"7016","19980318","5","6.9","147","12.9","9.8","5","0","103700","0"
"7017","19980319","4","9.7","177","13.5","8.6","4.3","0","104200","0"
"7018","19980320","4","6.3","143","10.7","7.9","2.3","0","103940","0"
"7019","19980321","8","0","47","12.5","9.7","8.7","0","103720","0"
"7020","19980322","5","4.9","130","10","9.6","6.8","0","103650","0"
"7021","19980323","7","0.1","53","9.3","7.1","4.2","0","103230","0"
"7022","19980324","7","2.2","96","10.6","5.6","1.8","2.8","103230","0"
"7023","19980325","8","0","49","12.9","7.8","4.9","4","102620","0"
"7024","19980326","8","0","50","14.5","9.6","6.4","2.4","101380","0"
"7025","19980327","8","0","51","16.5","12.4","10.4","0","101520","0"
"7026","19980328","7","2.5","105","17.6","12.6","8.6","0.4","101350","0"
"7027","19980329","8","0","52","15.8","13.6","9.7","0.4","100770","0"
"7028","19980330","7","1.2","85","14","14.4","12.9","0","101150","0"
"7029","19980331","7","4.1","132","12.4","9.2","4.4","0.6","101570","0"
"7030","19980401","7","0","54","13.7","10","7.5","3.5","101010","0"
"7031","19980402","7","3.5","126","14.2","11.3","8.9","2.8","100020","0"
"7032","19980403","6","7","173","14.4","11.8","9.3","6.8","98560","0"
"7033","19980404","7","5.2","152","14.4","10.4","6.4","0.4","98460","0"
"7034","19980405","7","5","150","12.9","11.2","7.9","7","99390","0"
"7035","19980406","6","5.4","157","14.3","10.4","8","3","99920","0"
"7036","19980407","6","4.9","152","12.4","9.8","5.4","0.4","100080","0"
"7037","19980408","5","4.7","150","10.8","7.9","3.4","5.4","100130","0"
"7038","19980409","7","0.7","82","9","8.6","6.3","3.8","99440","0"
"7039","19980410","8","0.1","65","7.8","6.4","3.7","2.8","99380","0"
"7040","19980411","7","0.7","84","9.2","6.3","4.8","0.8","100040","0"
"7041","19980412","4","9.9","222","9.1","4.6","0.1","0","100770","0"
"7042","19980413","5","8.2","203","7.6","4.8","0.6","0.8","100790","0"
"7043","19980414","8","1.7","108","6","4.1","0.6","7","100100","0"
"7044","19980415","8","0","62","9","3.5","1","6.4","99150","0"
"7045","19980416","7","1.5","105","8","4.8","0.6","3.2","99140","0"
"7046","19980417","8","0","64","8.8","6.2","4.3","0","99480","0"
"7047","19980418","7","1.3","103","12.7","6.5","4.2","2.2","100440","0"
"7048","19980419","8","1.3","104","15.1","9.3","5.9","8.4","100610","0"
"7049","19980420","6","7.6","205","13.8","10.9","6.7","0","100790","0"
"7050","19980421","8","0.1","72","22.2","10","6.2","0.8","101410","0"
"7051","19980422","6","5.9","184","14.5","15.9","9.6","1","101010","0"
"7052","19980423","7","1.3","107","16.6","12.8","11.1","1.6","100810","0"
"7053","19980424","7","2.6","133","16.7","12.2","7.8","2.4","101300","0"
"7054","19980425","5","5","174","15.5","13.3","9.9","3.6","100910","0"
"7055","19980426","4","9.8","241","14.1","10.6","5.7","1.8","100430","0"
"7056","19980427","6","6.4","197","14.8","9.6","5.2","4.3","100360","0"
"7057","19980428","4","7.6","214","16.2","9.9","5","2.4","100420","0"
"7058","19980429","6","4.5","170","13.3","11.1","6","0","100420","0"
"7059","19980430","8","3.5","154","10.3","11.4","9.6","0","101310","0"
"7060","19980501","8","0","71","15.7","9.2","8.1","0","101740","0"
"7061","19980502","6","10.1","253","12.4","11.8","7.9","0","101760","0"
"7062","19980503","6","6.5","205","16.7","10","7.7","0","102040","0"
"7063","19980504","5","8.2","230","14.3","9.5","2.3","0","101850","0"
"7064","19980505","7","1.2","113","17.2","10.9","7.5","0","101080","0"
"7065","19980506","7","3.9","167","16.2","13.8","10.3","0.2","100520","0"
"7066","19980507","6","1.8","128","22.6","14","11.8","0","101260","0"
"7067","19980508","6","7.4","222","22.6","15.6","8.5","0","101740","0"
"7068","19980509","5","13.3","301","23","18","13.5","0","101780","0"
"7069","19980510","6","8.8","244","23","17.7","12.4","0.2","101930","0"
"7070","19980511","7","7.5","227","22.1","16.8","10.7","0","101570","0"
"7071","19980512","7","7.9","233","24.9","16.4","10.7","0","101870","0"
"7072","19980513","7","9.2","252","24.5","18","11","1","102060","0"
"7073","19980514","7","1.4","123","25.7","19.5","14.5","6.8","102070","0"
"7074","19980515","3","13.5","309","24.2","18.8","11.8","0","102160","0"
"7075","19980516","4","14.4","321","21.6","17.4","10.7","0","102300","0"
"7076","19980517","3","14.4","322","23.1","15.5","9.4","0","102590","0"
"7077","19980518","2","10.7","276","23.8","15.8","8.6","0","102800","0"
"7078","19980519","1","14.1","320","24.5","17.2","10.5","0","102800","0"
"7079","19980520","2","13.4","313","18","18.2","11.9","0","102400","0"
"7080","19980521","6","5.8","208","18","16.2","14.4","0","102340","0"
"7081","19980522","6","7.3","232","17.2","13.2","8.3","0","102720","0"
"7082","19980523","7","0.7","108","18.1","13.9","10.6","0","102280","0"
"7083","19980524","6","2.7","155","19.6","15","11.8","0","101670","0"
"7084","19980525","7","2.6","154","17","15.4","11.3","4.5","101050","0"
"7085","19980526","7","1.2","123","12.2","14","11.1","10.8","100510","0"
"7086","19980527","8","0.4","100","17.2","10","7.8","0.6","100690","0"
"7087","19980528","7","4.3","186","18.7","12.8","8.3","3.8","100740","0"
"7088","19980529","4","12.7","310","22","15","11.4","0","101110","0"
"7089","19980530","3","14.3","331","20.4","15","8.1","4","101270","0"
"7090","19980531","6","8.5","254","21.4","16.2","12.1","0","100980","0"
"7091","19980601","5","8.5","255","19.5","15.1","8.8","7.8","101100","0"
"7092","19980602","6","6.2","221","18.9","16.5","13.5","3.4","100490","0"
"7093","19980603","5","6.9","232","17.2","15.4","11.9","0.6","100990","0"
"7094","19980604","7","0.5","105","18.4","14","10.9","0","101960","0"
"7095","19980605","7","3.1","168","23.4","14.3","10.2","0","101630","0"
"7096","19980606","7","5.7","214","21.3","18.7","14","1","100920","0"
"7097","19980607","4","10.2","281","17.2","16.2","11.2","1","100900","0"
"7098","19980608","7","2.3","153","19.8","14.2","11.2","3.4","101250","0"
"7099","19980609","6","3.1","169","17.5","17","14.3","3.2","100440","0"
"7100","19980610","6","4.7","199","13","14.6","11.6","5.6","100120","0"
"7101","19980611","7","0.3","99","17.8","11.6","10.1","1.8","100850","0"
"7102","19980612","4","12.6","313","15.5","11.4","5.1","0.2","101940","0"
"7103","19980613","7","0.1","89","18.1","13","10.5","11.6","101000","0"
"7104","19980614","7","2.9","166","18.3","15","12","6","100610","0"
"7105","19980615","7","2.8","164","18.1","14.6","10.9","2.8","101180","0"
"7106","19980616","6","4.3","192","17.9","15.2","12.3","0.6","101960","0"
"7107","19980617","7","3","168","18.6","13.6","9.4","6.6","102460","0"
"7108","19980618","8","0","81","25.2","15.2","11.9","0","102270","0"
"7109","19980619","7","7.2","240","28.4","19.8","14.4","0","102250","0"
"7110","19980620","6","7.3","241","25.2","21.8","15.1","0","101850","0"
"7111","19980621","4","12.6","314","21.8","21.2","17.1","0","101670","0"
"7112","19980622","4","11.4","298","20.5","16.8","11.7","1","102230","0"
"7113","19980623","8","0.3","99","23.8","17","13.4","0.4","101900","0"
"7114","19980624","6","9.2","269","20.2","19.5","15.2","7.4","101300","0"
"7115","19980625","6","6.5","229","18.6","16.6","13","1.4","101090","0"
"7116","19980626","7","0.3","99","20.3","15.4","12.2","5.6","101080","0"
"7117","19980627","6","7","236","22.2","16.8","13.4","8.8","100680","0"
"7118","19980628","4","12.4","311","19","16.6","11.1","0","101440","0"
"7119","19980629","6","1.3","130","19.6","15","10.9","9.4","101740","0"
"7120","19980630","6","5.7","215","19.9","16.6","13.6","0","101280","0"
"7121","19980701","7","9.4","270","17","16.4","12.9","0","101570","0"
"7122","19980702","7","0.1","89","19.6","14","11","0","101940","0"
"7123","19980703","5","3.7","180","19.1","14.8","10.1","0","102220","0"
"7124","19980704","7","0.8","115","23.3","15.2","11.3","0","102350","0"
"7125","19980705","5","9.1","265","19.3","17.7","12.1","0","101830","0"
"7126","19980706","8","0","80","20.5","17.6","15.9","0.6","101370","0"
"7127","19980707","6","5.2","205","22.7","16.6","12.6","0","101450","0"
"7128","19980708","7","5.9","216","21.9","15.8","8.9","0.2","101580","0"
"7129","19980709","7","0.4","101","21","18.2","14.4","0","101200","0"
"7130","19980710","7","2.2","148","18.2","18.4","15.8","0.2","101170","0"
"7131","19980711","8","0.1","87","19.1","16.4","14.6","7.4","100980","0"
"7132","19980712","7","0.4","100","19.8","16.8","14.6","3.9","100270","0"
"7133","19980713","4","12.8","310","20.2","15.7","11.6","0.2","100720","0"
"7134","19980714","5","7.6","240","20","15.6","11.1","0","101280","0"
"7135","19980715","7","3.4","171","22.3","16.2","12.3","2.2","101300","0"
"7136","19980716","6","5.9","213","22.8","17.7","13.1","0.2","101130","0"
"7137","19980717","5","8.1","245","21.9","18.4","14","0","100920","0"
"7138","19980718","5","10.3","275","23.2","17.5","13.1","0","101200","0"
"7139","19980719","6","9.2","259","26.3","17.4","11.6","0","101270","0"
"7140","19980720","5","10.6","277","21.8","20.4","14.4","0.6","100670","0"
"7141","19980721","5","8.5","248","22.5","18.8","15.8","0","100740","0"
"7142","19980722","5","9.3","258","23.5","17.8","13","2.2","101400","0"
"7143","19980723","5","8.6","248","21.9","19.2","14.8","0.2","101270","0"
"7144","19980724","5","11.5","285","22.7","16.6","11.4","0","102220","0"
"7145","19980725","6","10.6","273","21","17.4","12","0","102300","0"
"7146","19980726","6","5.6","202","23.1","16.6","12.1","2","101540","0"
"7147","19980727","6","4.5","184","21.7","18.1","13.1","0","101170","0"
"7148","19980728","7","1.8","132","22.3","17.8","13.9","0.8","101040","0"
"7149","19980729","7","3.1","158","22.5","18.6","15","0.4","100630","0"
"7150","19980730","6","8.5","241","22.6","17.8","13.1","1.6","100640","0"
"7151","19980731","6","7.1","221","21.9","17.7","12.8","4.2","101340","0"
"7152","19980801","5","6.4","210","20.8","16.8","11.8","0","101790","0"
"7153","19980802","5","8.1","233","18.4","16.4","11.9","0","102290","0"
"7154","19980803","7","0","71","23.1","15","11.5","0.8","102020","0"
"7155","19980804","3","14.3","307","26.6","18.5","13.9","0","102530","0"
"7156","19980805","1","14.2","305","27.2","19.4","12.3","0","102910","0"
"7157","19980806","1","13.4","295","29.2","19.2","11.1","0","102530","0"
"7158","19980807","2","13.7","297","29.9","20.8","12.4","0","102240","0"
"7159","19980808","1","13.9","298","26","21.9","13.9","0","101870","0"
"7160","19980809","2","8.1","226","31.2","21.2","16.4","0","101910","0"
"7161","19980810","5","11.9","272","29.7","23.4","15.5","0","101540","0"
"7162","19980811","4","13.6","290","23.8","22.7","15.7","0","101710","0"
"7163","19980812","3","12","271","22","19.4","15","0","101700","0"
"7164","19980813","5","8","220","26.7","16.8","11.7","0","101820","0"
"7165","19980814","6","8","219","22.6","20.9","15.1","7.8","101360","0"
"7166","19980815","5","10.1","244","24.7","18.4","14.2","0","101640","0"
"7167","19980816","6","11.3","257","25.3","18","11.4","0","102120","0"
"7168","19980817","6","6.6","197","22.6","19.8","14.3","0","101680","0"
"7169","19980818","6","7.2","204","25","19","15.4","0","101990","0"
"7170","19980819","5","10.9","248","22.2","18","10.9","0","102050","0"
"7171","19980820","6","5.2","174","22.7","17.4","12.7","0","101470","0"
"7172","19980821","6","8","210","20.4","19.4","16","0","100530","0"
"7173","19980822","5","7.5","202","19.4","16.1","11.8","0.8","101150","0"
"7174","19980823","7","0","62","19","14.2","9","5.2","101100","0"
"7175","19980824","4","3.1","137","22.1","15.3","11.6","0.2","101410","0"
"7176","19980825","5","8.4","210","17.8","16","9.8","0.4","101890","0"
"7177","19980826","7","0.1","67","20.3","16.8","15.7","0.2","101720","0"
"7178","19980827","2","10.9","235","20.1","14.8","9.2","0","102370","0"
"7179","19980828","4","6.8","186","22.7","14.4","8.6","0","102430","0"
"7180","19980829","5","9.9","221","21.7","16.1","9.5","0","102210","0"
"7181","19980830","6","3.3","134","22.7","17.4","13.2","0","102000","0"
"7182","19980831","5","7.7","192","25.9","17","11.2","1.2","101590","0"
"7183","19980901","7","5.6","158","23.3","20.7","15.5","0","101070","0"
"7184","19980902","8","2.1","107","22.4","18.5","13.7","12.8","101250","0"
"7185","19980903","6","6.3","164","20.2","18.8","15.1","0.2","101160","0"
"7186","19980904","6","1","85","20","16.1","12","20.2","100680","0"
"7187","19980905","7","2.8","115","21.7","17.4","14.9","3.3","100270","0"
"7188","19980906","6","3.1","119","23.3","17.4","13","0","100700","0"
"7189","19980907","6","9.6","195","23.3","19.6","15.8","2.2","100160","0"
"7190","19980908","6","5.1","143","21.5","19.4","15.6","0.1","100070","0"
"7191","19980909","6","4.7","137","21","18.8","16","2.8","99610","0"
"7192","19980910","5","7.8","171","18.2","18","15.1","0.4","99960","0"
"7193","19980911","6","6.6","156","14.8","14.7","11.2","0","100140","0"
"7194","19980912","5","5.3","140","15.9","10.8","6.9","10.6","99840","0"
"7195","19980913","6","7.7","165","17.6","11.5","7.1","0","99850","0"
"7196","19980914","5","8.8","175","18.7","12.7","7.8","0.6","100320","0"
"7197","19980915","7","0.9","74","18.6","13.7","8.7","2","100570","0"
"7198","19980916","5","8.6","170","18.4","13.5","8.4","0","100940","0"
"7199","19980917","5","7.9","161","21.6","13.3","8.2","0","101620","0"
"7200","19980918","7","0.9","71","23.6","16.5","11.4","0","102270","0"
"7201","19980919","6","5","127","21.4","19.4","15.1","0","102970","0"
"7202","19980920","3","8.3","160","21.6","17.4","13.3","0","103350","0"
"7203","19980921","4","7.5","150","18.4","17.8","14.1","0","103220","0"
"7204","19980922","7","0.8","66","21.5","16.1","13.8","0","102600","0"
"7205","19980923","3","10","170","22","16.8","12","0","102040","0"
"7206","19980924","5","6.9","140","23","17.5","13","0","101480","0"
"7207","19980925","6","6.8","137","22.2","18.1","13.2","0.4","100880","0"
"7208","19980926","7","0.8","63","19.2","18.4","14.7","21.4","100050","0"
"7209","19980927","8","1.2","69","18.1","16.7","14.2","3.6","99820","0"
"7210","19980928","7","0.2","48","16.8","16.6","15","0","100480","0"
"7211","19980929","7","0","40","18.4","15","13.3","3.6","100460","0"
"7212","19980930","6","6.8","130","17.8","16","13.6","17","99540","0"
"7213","19981001","6","4","100","14.2","15.4","13.1","0","100280","0"
"7214","19981002","5","0.2","46","11.6","12.6","11.1","0","101280","0"
"7215","19981003","5","2.7","83","12.5","8.5","5.4","0","101390","0"
"7216","19981004","7","2.8","84","11.9","10.6","8.8","1.4","100750","0"
"7217","19981005","7","0.8","56","12.1","10","8.2","11.4","101080","0"
"7218","19981006","8","0","36","13.2","10.5","8.9","0","101650","0"
"7219","19981007","7","0.1","40","11.9","11.5","9.8","0.2","102040","0"
"7220","19981008","8","0","35","15.4","10.7","9.5","0","102550","0"
"7221","19981009","7","2.9","79","16.1","12.7","10","2.8","101930","0"
"7222","19981010","6","1.8","66","17.7","12.7","9.3","1.4","101060","0"
"7223","19981011","5","6.4","109","16","13.6","9.5","0","101000","0"
"7224","19981012","4","8.7","126","17.8","12.8","9.5","0.8","101570","0"
"7225","19981013","8","0","32","18.3","13.2","8.6","2.8","101550","0"
"7226","19981014","7","1.9","63","16.1","14.7","11.1","1.2","101530","0"
"7227","19981015","6","8.6","120","17.1","11.6","7.1","0","102200","0"
"7228","19981016","7","0.1","34","14.5","11.6","6.1","11","101090","0"
"7229","19981017","6","5.8","96","12.4","12.2","9.8","0","100210","0"
"7230","19981018","2","9.1","119","13.3","7.6","2.9","0","101870","0"
"7231","19981019","4","7.9","109","15.7","8.4","3.4","0","101770","0"
"7232","19981020","6","1.8","57","19.1","9.9","4.1","3.2","101850","0"
"7233","19981021","6","1.9","57","17.9","13.5","7.9","0","100890","0"
"7234","19981022","8","0.1","31","17.4","16.6","15.2","8.2","101210","0"
"7235","19981023","7","1.9","55","15.1","16.6","15.8","3.4","100720","0"
"7236","19981024","6","0","26","13.4","10.6","6","15.8","99710","0"
"7237","19981025","3","6.4","90","14.4","11.3","9.2","1.8","99710","0"
"7238","19981026","5","4.9","78","16","9.8","5.3","4.8","100970","0"
"7239","19981027","7","0.8","40","14","11.7","7.4","4.8","100430","0"
"7240","19981028","7","2.5","57","12.7","13.2","12.4","1.6","100010","0"
"7241","19981029","4","7.4","91","11.1","10.1","7.5","1.4","101180","0"
"7242","19981030","5","5.2","75","9.5","9.2","7.3","1.4","101590","0"
"7243","19981031","8","0","23","10.5","7.6","5.8","24.4","100460","0"
"7244","19981101","4","7.3","87","10.6","7","3.5","1.2","100590","0"
"7245","19981102","7","0","22","10.3","7.6","4.5","9.8","99790","0"
"7246","19981103","7","1.1","39","8.1","8.5","6.7","3.8","98900","0"
"7247","19981104","5","3.2","56","11.1","5.1","2.1","0","100500","0"
"7248","19981105","6","3.1","55","12.7","5.6","0.1","2","101370","0"
"7249","19981106","5","4.6","64","14.5","9.3","5.9","0","102300","0"
"7250","19981107","6","2.6","49","16.6","10","5.4","4.4","102400","0"
"7251","19981108","8","1.1","36","15.9","13","9.5","5.6","101340","0"
"7252","19981109","6","5.9","69","12","13.8","11.8","5.2","101190","0"
"7253","19981110","3","8.1","80","10.8","10.4","8.9","0","101780","0"
"7254","19981111","5","7","73","10.8","6.2","1.6","2.2","102300","0"
"7255","19981112","7","1.9","40","9.2","7.4","4","0","100600","0"
"7256","19981113","7","0","19","8.9","7.6","6","10.2","100480","0"
"7257","19981114","7","2.5","44","8.8","6","3.2","0.2","100190","0"
"7258","19981115","4","1.2","33","7.1","6.1","3.4","0.2","101650","0"
"7259","19981116","2","6.1","64","7.3","4","1","0","102770","0"
"7260","19981117","6","6.5","65","7.4","3.2","-0.8","0.2","103020","0"
"7261","19981118","7","2.5","41","7.3","3.6","-0.2","0","102780","0"
"7262","19981119","7","0","17","6.4","4.8","2.2","0.2","102710","0"
"7263","19981120","5","0.9","28","6.9","3","-0.3","0","103300","0"
"7264","19981121","4","1.2","30","5.7","3.4","0","0","103360","0"
"7265","19981122","6","1.2","30","6.3","2.6","-0.4","0","102550","0"
"7266","19981123","5","1.9","35","8.6","3.4","0.6","0","102310","0"
"7267","19981124","8","0","16","6","4.9","1.2","7.8","101790","0"
"7268","19981125","8","0","15","10.6","6","5.9","0","101660","0"
"7269","19981126","6","0","15","11.5","6","1.3","0.4","101840","0"
"7270","19981127","7","0","15","12.5","8","4.4","0.1","101950","0"
"7271","19981128","6","0","15","8.3","9.8","7.1","3.5","101310","0"
"7272","19981129","2","7.1","59","6.5","4.5","0.7","0","102020","0"
"7273","19981130","5","1.5","29","5.1","4.6","2.8","0","103030","0"
"7274","19981201","8","0","14","4.3","4","3","0","103580","0"
"7275","19981202","6","3.5","38","4.3","3.6","2.8","0","103040","0"
"7276","19981203","8","0","13","5.5","3","1.7","0.2","102100","0"
"7277","19981204","5","4.8","44","5.7","2.6","-0.4","0","101460","0"
"7278","19981205","4","1","23","4.3","1.4","-2.8","0.2","101640","0"
"7279","19981206","2","6.9","52","9.1","0.2","-3.8","0","102510","0"
"7280","19981207","7","0","13","10.5","3.6","-1.8","0.2","102870","0"
"7281","19981208","8","0","13","12.2","6.4","2.3","2.2","102320","0"
"7282","19981209","7","1.6","26","10.6","10.6","8.9","0","101970","0"
"7283","19981210","7","0.5","18","13.4","8.6","6.7","5.4","101530","0"
"7284","19981211","7","0","12","14.1","9","4.5","0.4","101610","0"
"7285","19981212","7","0.3","16","14.2","10.3","6.5","2","101240","0"
"7286","19981213","6","0.3","16","14.8","10.9","7.6","0","102540","0"
"7287","19981214","8","0.1","14","13.2","11.4","8","0.4","102440","0"
"7288","19981215","7","0","12","12.1","12.8","12.3","2.7","102470","0"
"7289","19981216","6","3.2","34","10.2","8.7","5.3","0","103100","0"
"7290","19981217","7","0","12","10.8","8.3","6.4","1.2","102240","0"
"7291","19981218","6","2.3","29","7.9","9","7.1","3.9","101370","0"
"7292","19981219","4","3.7","36","5.2","6.2","4.5","0","101240","0"
"7293","19981220","4","6","46","5.4","3.9","2.6","0","101620","0"
"7294","19981221","5","0.8","20","9.6","1.2","-3.1","0.4","102410","0"
"7295","19981222","7","0","12","8.9","4.4","-0.8","0.6","102200","0"
"7296","19981223","8","0","12","11.6","6.4","3.8","8","101650","0"
"7297","19981224","4","4.1","38","12.2","5.4","-0.8","3.4","101840","0"
"7298","19981225","7","0","12","13.4","6.8","1.3","4.8","101310","0"
"7299","19981226","6","0","12","10.5","9.6","5.8","6.6","100550","0"
"7300","19981227","7","0","12","8.4","9","7.4","0.4","99890","0"
"7301","19981228","5","3.2","34","11.4","7.2","6.1","0","100560","0"
"7302","19981229","7","0","12","12.2","6.5","1.6","0","100680","0"
"7303","19981230","7","0.1","14","10.1","9.4","6.6","5.2","100240","0"
"7304","19981231","7","0","13","10.5","9.6","9.1","1","100060","0"
"7305","19990101","6","3.6","37","9.7","9.2","8","3.4","100350","0"
"7306","19990102","5","5.9","48","13.6","8.3","6.9","6.6","99620","0"
"7307","19990103","6","2.7","33","14.3","8.8","4","3.6","99960","0"
"7308","19990104","7","0.8","21","14.7","9.9","5.5","0.2","100460","0"
"7309","19990105","6","2.5","32","15.4","12.4","10","0","101020","0"
"7310","19990106","5","3","35","8.9","12.2","8.9","2.6","100790","0"
"7311","19990107","5","1.2","25","7.6","6","3.2","3.8","100650","0"
"7312","19990108","4","1.8","29","4.5","5","2.5","6","100290","0"
"7313","19990109","6","1.4","27","3.7","3","1.6","0","101290","0"
"7314","19990110","6","3.3","38","3.2","2.6","1.5","0","101640","0"
"7315","19990111","4","0.9","24","6.6","1.9","0.6","1.2","101770","0"
"7316","19990112","6","0","14","9.2","1.4","-3.8","7.2","100640","0"
"7317","19990113","4","0.1","16","10","5.4","1.7","0.6","100580","0"
"7318","19990114","5","6","53","11.7","6.7","3.4","0.8","100680","0"
"7319","19990115","7","0","15","7.9","7.9","4.1","13","100140","0"
"7320","19990116","7","1.1","27","8.7","7.2","6.4","0","99570","0"
"7321","19990117","3","6.1","56","11.5","6","3.3","0","100620","0"
"7322","19990118","5","2.9","40","12.5","7.5","3.5","2.9","101340","0"
"7323","19990119","8","0","16","11.7","9.3","6.1","7.2","100720","0"
"7324","19990120","8","0","16","6.1","11.4","11.2","0.4","101050","0"
"7325","19990121","7","0.1","18","4.6","5.2","4.4","0.1","102200","0"
"7326","19990122","5","0","16","9.4","1.2","-2.1","0.1","102670","0"
"7327","19990123","7","0.5","24","12.5","3.8","-1.8","1","101800","0"
"7328","19990124","6","1.1","30","13.4","8.5","4.5","0","101630","0"
"7329","19990125","7","0.7","27","8.9","9.8","6.2","0","101160","0"
"7330","19990126","7","1.3","32","11.7","6","3.2","5","100870","0"
"7331","19990127","5","3.9","51","10.8","6.6","1.6","1.4","101270","0"
"7332","19990128","7","2.8","45","7","6.9","3","0.2","101310","0"
"7333","19990129","7","0","18","4.8","4.3","1.6","0.6","102940","0"
"7334","19990130","8","0","19","7.5","4.2","3.7","0.8","103790","0"
"7335","19990131","8","0","19","9.8","5.4","3.3","0","104140","0"
"7336","19990201","8","0","19","9.8","7.1","4.4","0","104050","0"
"7337","19990202","7","4.4","59","10.7","7.6","5.4","0","104030","0"
"7338","19990203","7","0","20","13.1","7","3.4","0","103600","0"
"7339","19990204","7","2.1","44","9.7","10.2","7.3","0","102680","0"
"7340","19990205","6","0.9","34","9","8.4","7.1","0.2","102040","0"
"7341","19990206","7","0.7","32","5.3","7.7","6.4","4.8","101400","0"
"7342","19990207","3","7.4","83","2.9","3.6","1.9","0","100940","0"
"7343","19990208","7","0","22","3.3","0.8","-1.4","1.2","100490","0"
"7344","19990209","3","8.2","90","4.7","0.8","-1.7","0","100610","0"
"7345","19990210","3","6.6","81","6","1","-2.6","0","101340","0"
"7346","19990211","4","4.5","68","7.7","1.1","-3.8","0.2","102220","0"
"7347","19990212","7","0.3","30","7","3.6","-0.4","0","102710","0"
"7348","19990213","3","8.7","98","7.2","4.4","1.9","0","103470","0"
"7349","19990214","5","0.7","37","9.1","2.2","-2.8","0.9","103020","0"
"7350","19990215","6","5.4","79","9.3","4.8","0.4","0.2","102210","0"
"7351","19990216","6","5.7","82","10","6.4","3.5","0","101540","0"
"7352","19990217","7","2.5","58","11.5","7","4","1","101570","0"
"7353","19990218","7","0.4","35","13.2","8.2","4.8","1.4","101670","0"
"7354","19990219","8","0","27","10.2","11.2","9.1","0.4","101350","0"
"7355","19990220","7","6.6","94","11.4","7.4","4.6","0.4","101630","0"
"7356","19990221","7","2.7","63","8.1","8.7","6","1.6","100540","0"
"7357","19990222","3","7.3","102","7.8","5.4","2.7","0.6","100630","0"
"7358","19990223","5","7.2","103","6.4","5.1","2.4","1.5","101500","0"
"7359","19990224","7","0.1","33","9.9","4.4","2.5","0","101090","0"
"7360","19990225","7","0","30","10.3","4.3","-1.3","0","101910","0"
"7361","19990226","8","0","30","10.6","6.8","3.3","5.3","101150","0"
"7362","19990227","6","4.2","84","12.6","8.9","7.2","0","100870","0"
"7363","19990228","6","3.5","78","13.4","8.3","4","1.4","101510","0"
"7364","19990301","8","0.1","39","15.1","10.2","7.1","0.6","100940","0"
"7365","19990302","8","0.5","48","11.4","13.1","11.1","7.8","100350","0"
"7366","19990303","6","4.3","97","7.8","9.4","7.3","4.8","98620","0"
"7367","19990304","6","0.7","53","5.6","6.4","4.9","0.2","98610","0"
"7368","19990305","8","0.5","50","6.9","3.6","1.5","0","99480","0"
"7369","19990306","7","2.2","77","5.4","4.6","2.3","1.4","99960","0"
"7370","19990307","8","0","38","8.3","4","2.6","3","100100","0"
"7371","19990308","7","3.2","92","9","6.2","4","0","100130","0"
"7372","19990309","5","4.8","111","7.2","6.4","3.9","0.2","100490","0"
"7373","19990310","5","3.4","96","10.3","3.5","-0.2","0","101360","0"
"7374","19990311","6","0.2","48","14","5","-0.3","0","101320","0"
"7375","19990312","7","2.1","82","13.8","8.8","3.5","3.8","100760","0"
"7376","19990313","6","6.1","130","13.6","11.4","9","0","101360","0"
"7377","19990314","5","9.6","166","14.7","8.2","2.7","0","102520","0"
"7378","19990315","5","7.7","150","15.7","9.2","3.8","0","102970","0"
"7379","19990316","5","9.3","167","19.7","9.2","2.8","0","103030","0"
"7380","19990317","5","9.8","174","13.4","12.9","6.1","0","102840","0"
"7381","19990318","5","4.3","117","11.4","9.8","6.3","0","102480","0"
"7382","19990319","6","1.8","85","11.3","8.1","4.8","0","102780","0"
"7383","19990320","6","3.6","111","11.8","7.1","2.9","1","102640","0"
"7384","19990321","7","2.6","99","10.8","9.3","6.8","0.6","100750","0"
"7385","19990322","7","6.4","148","15.1","8.4","5.9","0","101390","0"
"7386","19990323","6","6.3","148","12","10.8","6.4","0","101190","0"
"7387","19990324","7","0","49","12.9","10.3","8.6","0","100880","0"
"7388","19990325","7","0.3","61","11.8","8.5","4.1","1.4","99730","0"
"7389","19990326","7","2.1","97","13.9","8.6","5.5","0","99970","0"
"7390","19990327","2","11.1","206","15.4","7.7","1.5","0","100640","0"
"7391","19990328","3","9.7","194","14.8","8.8","2.2","0","101410","0"
"7392","19990329","7","0.2","61","12.9","12","9.1","0.6","101290","0"
"7393","19990330","8","0","53","19.4","11.4","9.9","0.2","101500","0"
"7394","19990331","5","9.6","198","20.4","14.6","9.9","0","101570","0"
"7395","19990401","6","10.4","208","17.9","14.5","8.6","0","101080","0"
"7396","19990402","6","6","159","13.4","13.8","9.6","0","101380","0"
"7397","19990403","7","0","55","17.4","9.6","5.9","0","101830","0"
"7398","19990404","7","1.6","97","15.3","13","8.5","0.4","102480","0"
"7399","19990405","7","0.2","66","17.3","13.2","11.1","0","102390","0"
"7400","19990406","7","4.2","141","12.6","13.8","10.4","0.4","101800","0"
"7401","19990407","6","1.1","90","16.5","9.6","6.5","0","101950","0"
"7402","19990408","5","6.7","177","16","10.4","4.4","0","102510","0"
"7403","19990409","5","2.8","123","15.9","13","9.9","0","102360","0"
"7404","19990410","6","1.7","104","14.4","12","8","0","101770","0"
"7405","19990411","4","10.2","224","12.4","9","3.7","6.8","101720","0"
"7406","19990412","6","3.1","131","9.3","9.8","7.3","3.4","99570","0"
"7407","19990413","4","7.5","194","8.5","7.2","5.2","1.6","100300","0"
"7408","19990414","5","7.5","195","11.5","3.4","-1.6","0","99750","0"
"7409","19990415","5","9.8","225","11.6","5.9","0.3","1.6","100000","0"
"7410","19990416","5","6.1","180","12.9","6.3","1","1.2","100330","0"
"7411","19990417","4","9.3","222","11.5","7.3","1.7","0.4","100940","0"
"7412","19990418","5","8.6","215","12.6","7.2","2.8","0","101500","0"
"7413","19990419","5","5.3","172","12.6","6.6","0.6","1.4","101660","0"
"7414","19990420","8","0","65","15.1","8.8","5.1","8","100010","0"
"7415","19990421","6","3.9","153","14.1","12","8.9","0.8","99470","0"
"7416","19990422","6","6.2","188","13.1","11.8","9.4","1.8","100330","0"
"7417","19990423","8","0","67","16.7","9.7","6.3","3.6","100730","0"
"7418","19990424","7","4.7","168","16.6","12.7","8.7","0","101290","0"
"7419","19990425","7","2.3","129","17.8","10.7","4.8","3.4","101350","0"
"7420","19990426","7","1.9","122","18.4","14","10.1","0.2","101460","0"
"7421","19990427","5","10.6","252","18.8","14.2","10","0","102370","0"
"7422","19990428","1","13.6","290","16.8","13","7.3","0","102560","0"
"7423","19990429","5","9.8","245","20.8","12","7.3","0","101940","0"
"7424","19990430","2","12.7","282","19.9","13.2","5.7","0","101670","0"
"7425","19990501","4","8.3","228","20.3","13.6","7.4","0","101810","0"
"7426","19990502","5","6.1","198","22.4","15.7","11.1","0","102070","0"
"7427","19990503","3","10","253","18.1","15.8","9.2","0","102030","0"
"7428","19990504","7","4.5","175","18.1","14.4","10.7","0","101560","0"
"7429","19990505","7","3.7","162","17.6","14.1","10.1","1.2","101040","0"
"7430","19990506","5","5.2","188","16.7","13.2","8.8","0.2","101270","0"
"7431","19990507","6","0.6","98","16.5","12.6","8.5","4.4","100850","0"
"7432","19990508","6","2.9","150","20.5","12.6","8.6","0.8","100990","0"
"7433","19990509","7","6.1","204","18.4","16.6","12.7","0","101230","0"
"7434","19990510","5","10.6","268","19","15.4","12.4","1","100900","0"
"7435","19990511","4","10.1","262","17.8","15.2","11.3","0","100910","0"
"7436","19990512","7","4.4","179","19.1","14.1","10.4","3.4","100930","0"
"7437","19990513","7","4.4","180","17.2","14.7","10.3","2.4","100950","0"
"7438","19990514","6","6.9","220","15","14","10.7","2.4","101050","0"
"7439","19990515","6","1.6","128","16.5","12.2","9.3","0","101870","0"
"7440","19990516","5","7.9","236","15.8","11.6","6.6","0","102230","0"
"7441","19990517","5","6.6","218","16.5","11.8","7.7","0.4","101890","0"
"7442","19990518","8","0","78","22.8","13.7","10.9","0.2","101330","0"
"7443","19990519","5","8.2","243","22","16.4","10","0.8","101080","0"
"7444","19990520","6","6.8","223","18.6","16.6","11.3","0.2","101180","0"
"7445","19990521","6","5.2","198","17.6","14","9.5","0","101400","0"
"7446","19990522","5","12.9","308","19.7","12.8","7.9","0","101780","0"
"7447","19990523","7","1.3","124","18.9","15","10.3","0","101960","0"
"7448","19990524","7","0.3","96","18.4","15.4","11.9","0","101870","0"
"7449","19990525","5","14.2","326","21.7","12.8","7.3","0","102020","0"
"7450","19990526","6","6.9","228","26.4","15","8.3","0","101830","0"
"7451","19990527","5","10.8","284","22.5","18.8","11.2","0.2","101460","0"
"7452","19990528","5","8.4","251","25","19","15.6","0","101720","0"
"7453","19990529","5","8.9","259","15.4","18.6","12.1","10","101620","0"
"7454","19990530","8","0","82","17.7","14.4","13.5","8.2","101780","0"
"7455","19990531","7","1.1","122","22.7","13.8","9.9","0","102310","0"
"7456","19990601","3","13.2","317","20.7","16.5","10.3","43.8","101940","0"
"7457","19990602","7","1.9","142","17.7","16.8","13","3.8","100530","0"
"7458","19990603","6","3.4","174","17.9","15","12.2","4","100550","0"
"7459","19990604","7","3.8","181","18","14.6","11.2","1","100430","0"
"7460","19990605","6","8.7","259","19.7","13.4","8.7","4","100060","0"
"7461","19990606","6","7.8","247","17.6","14.6","9.6","1.8","100320","0"
"7462","19990607","6","4.7","198","18.3","13.7","9.8","6","100990","0"
"7463","19990608","4","11.6","299","19.1","12","5.7","0","101950","0"
"7464","19990609","3","14.2","332","18","12.9","6.7","0","102470","0"
"7465","19990610","6","4.2","190","17.3","13.4","8.7","0","102660","0"
"7466","19990611","7","1.5","135","16.5","14.8","12.3","1.4","102570","0"
"7467","19990612","8","0.1","89","20.9","14.4","12.3","0.2","102180","0"
"7468","19990613","6","10.8","290","23","15.2","9.6","0","102310","0"
"7469","19990614","5","7.7","247","24.9","17.1","11.2","0.2","102520","0"
"7470","19990615","4","13.7","327","25.5","18.6","12.4","0","102610","0"
"7471","19990616","4","14.4","336","21.4","19.2","13","0","102340","0"
"7472","19990617","6","9","266","23.2","17","12.6","0","102320","0"
"7473","19990618","3","15.3","347","21","17","10.9","0","102540","0"
"7474","19990619","5","6.2","224","18.9","16.3","11.6","1","102110","0"
"7475","19990620","6","9.2","269","17","16.7","14.5","0.8","101320","0"
"7476","19990621","4","9.6","274","18.4","13.2","9.4","0","101940","0"
"7477","19990622","5","7.8","249","21.7","13","7.5","0","102290","0"
"7478","19990623","6","5.9","219","23","16.9","12.1","0","102270","0"
"7479","19990624","4","7.4","243","22.3","17.2","11.4","0","102520","0"
"7480","19990625","1","15.5","349","26.7","17","11.8","0","102130","0"
"7481","19990626","5","11","293","18.9","19.3","11.9","0.2","100800","0"
"7482","19990627","6","4","187","19.5","17.2","15.5","0.6","100060","0"
"7483","19990628","5","8.5","258","17.5","15","10.6","15","100770","0"
"7484","19990629","8","0","81","20.5","15.4","13.4","14.2","100980","0"
"7485","19990630","6","8","251","21.5","15.9","11.3","0.2","101790","0"
"7486","19990701","7","2.2","151","26","17.4","13.3","0.2","101580","0"
"7487","19990702","5","10.8","289","23.9","20","14","5.4","101370","0"
"7488","19990703","7","5","203","21","21","18.2","0","100750","0"
"7489","19990704","7","1.6","136","23.2","17.6","14.3","0.2","100930","0"
"7490","19990705","6","7.9","248","25.5","18.7","14.2","0.2","100960","0"
"7491","19990706","5","8.7","259","24.7","19.6","13.8","0","101540","0"
"7492","19990707","7","7.5","241","27.6","20.2","15.7","0","102380","0"
"7493","19990708","5","11.8","300","25.2","21.8","16.1","0","102950","0"
"7494","19990709","5","5.5","210","26.6","21.6","18","0","102830","0"
"7495","19990710","3","14","326","27.2","19.9","13.2","0","102400","0"
"7496","19990711","2","14.4","330","24.4","20.9","14.6","0","102160","0"
"7497","19990712","3","12.3","304","26.1","19.5","14.6","0","101740","0"
"7498","19990713","4","8.5","253","19.9","19.2","12.4","0","100960","0"
"7499","19990714","5","6.9","229","21.6","16.4","13","0","100990","0"
"7500","19990715","4","7.6","239","22.1","16.3","11","0","101380","0"
"7501","19990716","6","3.7","176","25.9","17","11.9","0","101840","0"
"7502","19990717","6","8.6","252","28","21","16.1","0","101760","0"
"7503","19990718","3","14.9","331","26","20.8","13.5","0","101450","0"
"7504","19990719","6","7.4","234","24.7","21.4","16.7","2.6","101030","0"
"7505","19990720","6","7.6","236","20.8","20.6","16.4","0","100760","0"
"7506","19990721","6","5.9","210","16.8","17.2","13.6","0","101350","0"
"7507","19990722","6","0.5","100","25.5","14","11.2","0","102020","0"
"7508","19990723","2","13.4","310","29.8","17.4","9.2","0","102530","0"
"7509","19990724","1","14.1","317","27.8","22.2","14.5","0","102290","0"
"7510","19990725","4","7.4","230","23","22.2","16.7","0","102050","0"
"7511","19990726","4","8.7","247","21.7","18.8","14.6","0","102400","0"
"7512","19990727","4","14.6","320","25.3","17.2","12.6","0","102360","0"
"7513","19990728","7","9.6","258","28.6","19.8","14.4","0","102210","0"
"7514","19990729","5","10.6","270","29.4","21.2","13.9","0","102030","0"
"7515","19990730","6","12.5","292","31.3","22","14.6","0","101600","0"
"7516","19990731","6","11.7","281","32.7","24.2","17.1","0","101380","0"
"7517","19990801","4","13.1","297","31.9","24.6","16.5","0","101420","0"
"7518","19990802","6","9.3","249","23.9","25.4","18.8","1","101220","0"
"7519","19990803","7","2.3","139","27.6","21.2","18.6","1.2","101050","0"
"7520","19990804","7","6","201","26.2","21.4","15.3","14.4","100980","0"
"7521","19990805","5","10.5","261","26.9","21.8","17.5","0","100920","0"
"7522","19990806","6","5.3","189","24.4","21","15.1","6","100900","0"
"7523","19990807","6","6","199","22.7","20.6","16.7","3","100390","0"
"7524","19990808","7","2.5","140","21.3","19.8","16.9","27.4","99790","0"
"7525","19990809","7","3.7","161","17.2","18.6","15.9","38.4","100140","0"
"7526","19990810","8","0.1","76","20.5","15.8","14.4","0","101210","0"
"7527","19990811","6","6.7","205","21.7","16.4","12.2","0","102120","0"
"7528","19990812","7","2","127","22.4","18","14.2","0.4","102040","0"
"7529","19990813","7","1.4","113","22.4","18.2","13.9","0.6","101300","0"
"7530","19990814","5","8.8","229","21.4","18.8","15.2","2.8","100240","0"
"7531","19990815","5","7.3","208","19.1","16.4","11.5","0.2","100690","0"
"7532","19990816","5","5.3","179","17","14.8","10.4","4.2","100750","0"
"7533","19990817","7","0.2","77","19.9","13.2","9.5","4.6","100310","0"
"7534","19990818","5","6.2","190","19.9","16.5","13.1","19","99620","0"
"7535","19990819","5","9.2","228","21.2","16.2","12.5","0","100920","0"
"7536","19990820","2","11.5","253","19.1","15.4","9.7","0","102110","0"
"7537","19990821","1","13.5","274","19.3","14.4","9.7","0","102530","0"
"7538","19990822","6","5.7","178","21.2","14.8","10.4","0","102290","0"
"7539","19990823","7","9.2","222","20.4","17.4","13.5","0","101880","0"
"7540","19990824","8","0","61","25","17.2","14","0","101670","0"
"7541","19990825","7","2.2","120","24","19.9","14.8","1.6","101090","0"
"7542","19990826","6","6.9","189","22.3","20.8","17.5","0","101130","0"
"7543","19990827","5","9.3","217","24.8","17.5","12.7","0","101890","0"
"7544","19990828","4","11.5","240","24","18.4","12","0","102360","0"
"7545","19990829","5","8","199","23","18.6","13.3","0","102100","0"
"7546","19990830","5","10","221","23","18.8","14.7","0","101950","0"
"7547","19990831","6","6.1","172","24.5","18.4","13.7","0","101960","0"
"7548","19990901","5","8.3","190","26.3","18.8","13","0","102180","0"
"7549","19990902","5","12","227","26.7","20.2","14.2","0","102200","0"
"7550","19990903","2","11.4","220","27","21.4","16","0","101910","0"
"7551","19990904","2","9.8","202","27.4","20.2","13.5","0","101920","0"
"7552","19990905","2","9","192","26.7","21.3","15.2","3.6","101420","0"
"7553","19990906","2","10.3","203","23.9","20.4","14.1","0","101010","0"
"7554","19990907","6","6.4","160","24.3","19.8","15.7","0","101250","0"
"7555","19990908","5","3","115","21.6","17.6","10.9","0.8","101640","0"
"7556","19990909","5","8.3","178","24.8","17.3","13","0","102360","0"
"7557","19990910","2","9.5","189","28.5","18.2","11.5","0","102480","0"
"7558","19990911","6","6.5","155","21.7","22.5","16.5","0","101520","0"
"7559","19990912","7","4.4","129","19.7","19.2","16.7","0","101340","0"
"7560","19990913","6","5.2","138","13.7","15","10.2","1.2","101290","0"
"7561","19990914","8","0","49","17.2","12.8","11.9","4.2","101420","0"
"7562","19990915","7","0","48","18.9","14.8","12.3","1.8","101280","0"
"7563","19990916","6","2.4","98","20.1","14.6","10.4","6.1","100740","0"
"7564","19990917","4","8.8","170","19","14.8","9.6","0","100610","0"
"7565","19990918","6","3.5","111","18.8","15.2","11.3","0.8","100220","0"
"7566","19990919","7","0","46","16.7","16.8","14.9","14.8","99410","0"
"7567","19990920","7","0.1","50","20.5","15.6","14.6","8.6","98900","0"
"7568","19990921","6","7.6","151","21","16.4","12.3","0.6","99540","0"
"7569","19990922","6","2.4","92","20","17.2","13.4","17.8","100000","0"
"7570","19990923","5","5.4","126","20","17","13.9","7.6","100330","0"
"7571","19990924","5","4","109","19.9","17.5","15","5","100840","0"
"7572","19990925","6","4.9","118","17.9","16.8","13.8","1.6","100590","0"
"7573","19990926","6","4.8","116","18.8","14.8","11.6","2.6","100300","0"
"7574","19990927","7","2.8","91","18","15.9","13","0.4","99710","0"
"7575","19990928","5","5.5","120","18.5","14.6","11.3","0.6","100140","0"
"7576","19990929","4","4.4","107","18.1","16.2","13.8","8.6","99640","0"
"7577","19990930","6","4.3","105","17","15.4","12.7","0","99540","0"
"7578","19991001","6","0.8","59","15.8","13.4","9.9","7.2","100110","0"
"7579","19991002","4","8.3","140","16.1","12","8.3","0","99460","0"
"7580","19991003","3","6","118","13.7","11.7","7.3","0.8","100230","0"
"7581","19991004","3","8.4","137","14.1","10.2","6.6","0","101620","0"
"7582","19991005","1","10","148","14.7","8.8","3.5","0","102650","0"
"7583","19991006","2","9.9","145","15.3","9","3.2","0","102950","0"
"7584","19991007","6","0.1","40","17","10.8","6.2","0.8","102590","0"
"7585","19991008","7","0.8","53","17.8","13.6","10.2","0","102180","0"
"7586","19991009","7","1.7","65","19.1","15","12.1","0","102230","0"
"7587","19991010","7","1.8","66","15.1","16.6","14.2","0","102210","0"
"7588","19991011","7","8.3","124","15.9","13.4","11.6","0","102690","0"
"7589","19991012","2","9","128","16.2","9.8","3.6","0","103060","0"
"7590","19991013","1","9.6","131","16.5","10.2","4.3","0","103020","0"
"7591","19991014","2","9.4","127","15.9","10.3","4.1","0","102760","0"
"7592","19991015","6","5.3","95","16.8","13","10","0","102250","0"
"7593","19991016","2","7.7","112","14.8","12.3","7.8","0","102140","0"
"7594","19991017","4","9.4","122","13.5","11.2","7.5","0","101950","0"
"7595","19991018","4","9.1","119","12.6","10.2","6.9","0","101860","0"
"7596","19991019","4","8.8","115","10.7","9.5","6.4","0","101310","0"
"7597","19991020","7","0","28","14.5","8.8","6.8","6.4","100580","0"
"7598","19991021","8","0","28","16.6","11.5","8.5","5.2","99620","0"
"7599","19991022","7","0.3","35","16","12.6","8.6","5","99330","0"
"7600","19991023","6","0.6","40","12.8","13.1","10.2","17.8","99010","0"
"7601","19991024","7","0.2","32","15.7","11.4","10","4.6","98120","0"
"7602","19991025","5","5.5","83","16.4","12.1","8.5","0.2","99370","0"
"7603","19991026","5","4.8","77","16.1","11.1","5.8","0","101410","0"
"7604","19991027","3","7.6","95","16.9","11.2","6.2","0","102350","0"
"7605","19991028","6","7","90","15.8","13.1","9.3","0.2","102350","0"
"7606","19991029","7","0.7","37","17.6","11.6","7.5","0.2","102250","0"
"7607","19991030","6","1.4","44","16.2","13.2","8.7","0.4","100540","0"
"7608","19991031","3","8","92","17.3","13.2","10.2","0.4","101530","0"
"7609","19991101","7","0","23","13.8","14.8","12.2","1","100770","0"
"7610","19991102","4","7","83","14.6","11.8","9.9","0","101890","0"
"7611","19991103","5","2.7","53","14.2","10","5.4","0","102920","0"
"7612","19991104","7","2.7","52","13.3","11.4","8.7","0","102210","0"
"7613","19991105","6","0.1","24","11.6","10.8","8.3","6.6","100000","0"
"7614","19991106","4","6.8","78","11.3","9.2","6.9","0","101070","0"
"7615","19991107","5","3.4","55","12.9","6.8","2.2","0","102690","0"
"7616","19991108","7","0","20","12.8","9.1","5.3","0.2","103170","0"
"7617","19991109","6","4","58","11.6","10.9","9","0","103820","0"
"7618","19991110","6","1.1","35","11","9.5","7.4","0","103890","0"
"7619","19991111","6","0.1","22","9.4","9","6.9","0.4","103640","0"
"7620","19991112","5","3.6","53","11.1","7.8","6.1","0","103100","0"
"7621","19991113","5","5.2","61","10.9","7.6","4","0","102630","0"
"7622","19991114","8","0.3","24","10.2","8.5","6.1","0","102240","0"
"7623","19991115","6","3","46","9.5","7.8","5.5","1.6","102300","0"
"7624","19991116","4","5.4","60","6.8","7.2","5","2.2","101650","0"
"7625","19991117","4","7.9","72","6.3","4.6","2.3","2.6","101710","0"
"7626","19991118","4","6.5","64","7.4","3.7","1.1","0.4","101210","0"
"7627","19991119","3","4.1","51","6.8","5.2","2.9","0.4","101890","0"
"7628","19991120","5","1.7","35","8","5.2","3.6","0","102260","0"
"7629","19991121","7","0.8","27","8.4","5.5","3","0.8","101970","0"
"7630","19991122","7","0","16","12.1","5.6","2.9","0.2","101600","0"
"7631","19991123","6","0.1","18","13.5","7.4","2.7","0","102120","0"
"7632","19991124","7","0.2","20","13.4","9.8","6.1","0.6","102300","0"
"7633","19991125","7","5.4","54","11","12.3","11.2","0","102510","0"
"7634","19991126","7","0.1","18","13","10.4","9.7","4.4","101850","0"
"7635","19991127","6","4.7","49","13.5","9.2","5.3","0","101980","0"
"7636","19991128","7","2","33","9.6","10","6.4","3.4","101450","0"
"7637","19991129","7","0","15","12.5","9.2","8.7","6.2","102060","0"
"7638","19991130","5","0.1","17","12.7","6.6","0.7","0.2","102440","0"
"7639","19991201","7","2.2","32","11.5","8.8","4.9","0.2","102040","0"
"7640","19991202","5","4.8","45","13.2","7.5","3.5","0","102320","0"
"7641","19991203","6","0.9","23","7.4","9.3","5.4","1.6","100920","0"
"7642","19991204","3","6.6","52","10.3","5.2","3.1","0.2","101190","0"
"7643","19991205","5","5.3","46","12.2","5.2","0.1","0","102430","0"
"7644","19991206","8","0","13","11.4","6.8","1.3","0.2","101630","0"
"7645","19991207","5","2.5","32","11.4","10.2","9.1","1.4","100960","0"
"7646","19991208","5","0","13","9.1","8.3","5.2","3.6","100310","0"
"7647","19991209","2","6.7","50","11.9","7.5","5.9","0","99280","0"
"7648","19991210","5","3","34","12.9","7.6","3.3","2.8","99980","0"
"7649","19991211","7","0","12","8","8.8","4.7","2.1","98920","0"
"7650","19991212","7","0.1","14","8.3","7.5","7","5.8","99040","0"
"7651","19991213","4","0.9","21","4.3","5.4","2.6","2.8","100100","0"
"7652","19991214","4","4.4","40","4","2","-0.4","0.2","99960","0"
"7653","19991215","4","5.3","43","9.8","2.2","0.3","0","101610","0"
"7654","19991216","6","5.2","43","11.3","4.4","-1","0.2","102480","0"
"7655","19991217","7","0","12","4.3","7.1","2.9","1.8","101130","0"
"7656","19991218","7","0","12","1.8","3.4","2.4","3.9","101480","0"
"7657","19991219","1","7.4","51","4.1","0.2","-1.3","0","102140","0"
"7658","19991220","5","4.1","38","6.3","-0.7","-5.5","1.6","102810","0"
"7659","19991221","8","0","12","12","1.2","-4","0.2","102330","0"
"7660","19991222","8","0","12","11.2","7.1","2.2","7.4","101460","0"
"7661","19991223","5","5.4","44","12.9","8","4.9","10.6","101400","0"
"7662","19991224","8","0","12","6.8","9.7","6.5","11.2","99480","0"
"7663","19991225","6","1.5","25","8.2","5.6","4.3","6.4","98820","0"
"7664","19991226","6","3.7","36","5.2","5.4","2.6","2.8","98530","0"
"7665","19991227","5","0.4","17","4.4","3.2","1.3","0","99090","0"
"7666","19991228","6","0","12","6.1","3.4","2.4","0","100190","0"
"7667","19991229","2","4.9","42","7.8","2","-2.2","1.4","101660","0"
"7668","19991230","7","0","12","8.8","3.4","-0.9","7.8","101790","0"
"7669","19991231","8","0","13","9.1","6","3.2","1","101930","0"
"7670","20000101","7","0.4","18","10.8","7","4.9","0","102450","0"
"7671","20000102","7","0.7","20","11.5","7.9","5","0.2","102530","0"
"7672","20000103","8","0","13","9.5","9.4","7.2","6","101860","0"
"7673","20000104","5","2.9","34","11","7","4.4","0.2","101480","0"
"7674","20000105","5","1.3","25","10.8","6.4","1.9","0.8","101420","0"
"7675","20000106","6","0.6","20","11","8.9","7","0","101270","0"
"7676","20000107","6","2.2","31","9.2","7.2","3.4","2","101720","0"
"7677","20000108","4","6.4","52","7.2","7.4","5.7","0","101650","0"
"7678","20000109","0","7.1","55","7.8","3.2","-0.7","0.2","102760","0"
"7679","20000110","5","3.7","40","10.2","2.2","-3.3","0","103470","0"
"7680","20000111","7","0.1","16","8.2","5.4","0.6","0","103240","0"
"7681","20000112","7","0","14","5","8","7.8","2.8","102340","0"
"7682","20000113","7","0","14","6.3","3.8","2.7","0.2","101540","0"
"7683","20000114","6","4.2","45","6.7","2.9","-0.5","0.3","102330","0"
"7684","20000115","6","0.9","25","7.2","4.6","2.6","0","103640","0"
"7685","20000116","6","3.9","44","8.6","4.7","2.2","0","104050","0"
"7686","20000117","5","3.8","44","8.4","4.4","0.3","0","103790","0"
"7687","20000118","6","0","15","7.3","4.8","1.2","0.2","103540","0"
"7688","20000119","6","0.6","24","5.3","5.4","3.6","0","103700","0"
"7689","20000120","6","0","16","9.2","1.6","-2.2","0","103490","0"
"7690","20000121","5","6.2","59","7.8","5","0.7","0.2","103280","0"
"7691","20000122","5","2.1","36","7.3","5.2","2.6","1.2","102070","0"
"7692","20000123","5","5.4","57","5.8","4","0.8","0","102420","0"
"7693","20000124","5","6","61","3.7","3.1","0.4","0","102540","0"
"7694","20000125","6","0.8","28","6.1","0.5","-2.7","0","102940","0"
"7695","20000126","3","7.2","68","5.2","3.2","0.2","0","103270","0"
"7696","20000127","0","8.1","74","10.8","0.8","-3.5","0","102970","0"
"7697","20000128","7","0.1","20","13.5","4.5","-1.8","2.2","101480","0"
"7698","20000129","7","3.3","49","12.9","8.4","3.4","0","100030","0"
"7699","20000130","7","0.3","24","12.7","11.6","10.4","0","101290","0"
"7700","20000131","7","0.3","25","10.7","11.5","10.3","0","102010","0"
"7701","20000201","8","0","19","10.6","9.9","9.1","9.8","101520","0"
"7702","20000202","4","6.9","74","9.3","8.2","5.8","0","102110","0"
"7703","20000203","7","0.5","28","11","6","2.7","0","103320","0"
"7704","20000204","7","0","20","11.6","7.8","4.7","0","103190","0"
"7705","20000205","7","1.8","42","12.1","9.4","7.3","0","102630","0"
"7706","20000206","8","0.1","24","11","9.6","7.2","1.8","101590","0"
"7707","20000207","6","0","21","13.8","8","5","3.8","101040","0"
"7708","20000208","5","3.6","59","10.6","10.4","7","2.2","100610","0"
"7709","20000209","5","2.6","52","10.1","6.8","2.9","0.6","102220","0"
"7710","20000210","5","2","48","10.4","8","5.9","3","101550","0"
"7711","20000211","3","6.2","80","9.6","5.2","-0.1","3.8","102720","0"
"7712","20000212","6","3.4","61","9.9","6.4","3.2","0.8","101780","0"
"7713","20000213","3","8.5","97","10.2","7.4","4.8","0","102020","0"
"7714","20000214","5","1.2","43","8.6","4.6","-1.1","1.8","101950","0"
"7715","20000215","6","2.2","53","8","5.4","2.3","1.2","101320","0"
"7716","20000216","3","7.8","97","9.6","4.7","1.4","0","100430","0"
"7717","20000217","6","7.2","94","11","6","2.3","2.2","101050","0"
"7718","20000218","6","3.5","68","9.1","7","3.1","0.2","100280","0"
"7719","20000219","5","5.2","82","8.7","7.6","6.1","0.2","101530","0"
"7720","20000220","4","8.2","105","10","3.8","-1","0.6","102960","0"
"7721","20000221","6","5.9","90","9.5","5.8","1.5","0","102660","0"
"7722","20000222","6","3.7","73","11.7","4.6","-0.3","0","102380","0"
"7723","20000223","8","0.1","32","11.2","7.8","3.9","0","102050","0"
"7724","20000224","8","1.5","54","10","9.4","7.6","16.8","102040","0"
"7725","20000225","2","9.3","121","10.6","6.1","2.2","0","102750","0"
"7726","20000226","6","6.4","101","13","5.2","-0.3","0","102870","0"
"7727","20000227","8","0","31","10.4","8.6","4.2","5.2","101560","0"
"7728","20000228","5","4.6","88","10.1","8.6","6.8","2.6","100980","0"
"7729","20000229","7","0.1","35","9.3","7.8","5.5","5.6","100080","0"
"7730","20000301","3","6.9","121","11.2","5.4","1.6","0.2","100990","0"
"7731","20000302","7","0.1","40","10.8","5.8","0.3","7.2","101640","0"
"7732","20000303","6","5.9","115","7.8","8","5.2","0.2","100740","0"
"7733","20000304","3","9.1","145","10.4","4.3","0.8","0","102710","0"
"7734","20000305","6","6","119","11.5","5","-0.3","0","103220","0"
"7735","20000306","8","0","38","13.8","8.2","4.9","0","102670","0"
"7736","20000307","7","2","76","14.6","11","8.2","0","102360","0"
"7737","20000308","7","0","39","16.6","12.4","10.3","0","102250","0"
"7738","20000309","7","3.1","93","14.2","13.9","11.2","0","102540","0"
"7739","20000310","7","2.7","89","13.6","12.5","10.8","0","102650","0"
"7740","20000311","7","5.7","125","14.5","10.5","7.4","0","102240","0"
"7741","20000312","5","8.9","158","15","8.7","2.9","0","102640","0"
"7742","20000313","6","1","67","13","10","4.9","0","102630","0"
"7743","20000314","7","2.2","87","12.7","10.8","8.5","0","102480","0"
"7744","20000315","2","9.9","173","12.2","7.6","2.6","0","103400","0"
"7745","20000316","6","0.1","49","10.6","8","3.9","0","103440","0"
"7746","20000317","8","0","45","10.8","9.4","8.3","0","103420","0"
"7747","20000318","5","6.8","147","12.5","9.2","7.5","0","103590","0"
"7748","20000319","4","8.8","170","13.9","7.5","2.5","0","103620","0"
"7749","20000320","6","2.3","94","14.3","7.8","1.7","0","103020","0"
"7750","20000321","5","7.5","160","15.5","9","3.7","0","102220","0"
"7751","20000322","6","4.4","125","14.8","9.5","3.5","0","101640","0"
"7752","20000323","8","0","49","14.1","10","5.3","1.6","101030","0"
"7753","20000324","6","5","136","12.3","10.9","7.7","0.2","100640","0"
"7754","20000325","4","6.7","157","11.2","9.1","5.9","2.6","100960","0"
"7755","20000326","4","6.5","157","10.2","6.4","1.6","0.8","100760","0"
"7756","20000327","6","6.1","153","8.2","7.1","4","2","101450","0"
"7757","20000328","7","0.3","64","7.1","6.2","4.3","1.2","102100","0"
"7758","20000329","8","0","53","8.2","5.4","3.7","0","101770","0"
"7759","20000330","8","0","53","10","6.6","5","0","101470","0"
"7760","20000331","7","2.4","108","11.8","7.5","5","0","100740","0"
"7761","20000401","7","2.8","115","13.7","6.8","1.7","0.6","100090","0"
"7762","20000402","8","0.6","75","9.1","10.4","7.1","16","99700","0"
"7763","20000403","8","0","56","6","8.6","8.2","17.2","98940","0"
"7764","20000404","8","0","56","10.1","4","1.9","1.2","99880","0"
"7765","20000405","6","5.9","164","10.9","6.4","2.7","0","101690","0"
"7766","20000406","1","12","237","14.9","5.8","0.7","0","103040","0"
"7767","20000407","2","10.9","226","17.3","8.6","2.3","0","103260","0"
"7768","20000408","4","11.2","232","14.7","9.6","2","3.6","102330","0"
"7769","20000409","5","9.6","215","12.4","10.6","6.4","0","101420","0"
"7770","20000410","2","10.6","228","7.1","8","3.6","0.6","101410","0"
"7771","20000411","7","0","61","6.6","5.2","3.4","6","99310","0"
"7772","20000412","8","0","61","9.2","4.2","1.8","6.4","98410","0"
"7773","20000413","7","2.2","117","10.2","6.4","3.6","1.8","99090","0"
"7774","20000414","7","1","94","8.4","7.1","4","11.8","99930","0"
"7775","20000415","8","0","63","12.8","5.8","3.2","1.8","99450","0"
"7776","20000416","5","7.7","202","11.9","6.6","0.3","2.6","99560","0"
"7777","20000417","5","4.9","165","12.2","9.1","6.3","5.6","99330","0"
"7778","20000418","7","0.6","87","16.1","9","5.8","5.2","100160","0"
"7779","20000419","6","9.2","225","14","11.4","6.7","2.4","100640","0"
"7780","20000420","8","0.3","80","15.5","12.1","10.2","2","100570","0"
"7781","20000421","6","5.1","172","15.8","11.8","8.2","0.8","100960","0"
"7782","20000422","6","6.9","199","14.3","11.5","7.2","0","100780","0"
"7783","20000423","6","1.6","114","15.3","10.2","6.1","0.2","101050","0"
"7784","20000424","6","5.9","187","16.1","10.6","5.8","5","101060","0"
"7785","20000425","7","1.1","104","15.2","13","10","3.8","100520","0"
"7786","20000426","7","4.8","173","16","12.3","9.4","0.2","100520","0"
"7787","20000427","6","3.3","149","13.3","11.4","6.8","0","100930","0"
"7788","20000428","8","0","70","18.7","11.6","10","4.8","100780","0"
"7789","20000429","3","13.3","289","16.6","13.9","9.1","0","101480","0"
"7790","20000430","6","4.3","168","16.6","11.6","6.5","0","102230","0"
"7791","20000501","5","5","181","14.6","12","7.5","0","102420","0"
"7792","20000502","6","4","166","11.2","11.6","8.6","0.2","102570","0"
"7793","20000503","8","0","72","12.6","9.7","8.2","0","102430","0"
"7794","20000504","7","0.1","80","20.5","10.4","8.2","0","102250","0"
"7795","20000505","6","10","256","24.1","14","7.4","0","101640","0"
"7796","20000506","5","11.1","271","23.3","16.4","8.6","0","101250","0"
"7797","20000507","6","7.6","225","19.4","18","12.7","0","101450","0"
"7798","20000508","6","3.9","169","23.4","15","10.5","0.2","101740","0"
"7799","20000509","5","7.3","223","17.9","17.8","12.3","0","101780","0"
"7800","20000510","7","0.8","106","17.8","15.4","13","4.6","101780","0"
"7801","20000511","7","3.7","167","19.5","14.4","10.9","2.6","101840","0"
"7802","20000512","7","4.1","175","24.9","14","8.5","0","102070","0"
"7803","20000513","5","9.3","254","25.3","19","13","0","102150","0"
"7804","20000514","5","13.4","308","26.6","18.9","12.5","2.4","102240","0"
"7805","20000515","6","12.6","299","22.5","21","15.4","0","101730","0"
"7806","20000516","4","11.5","286","15.9","18.8","15.2","0","101040","0"
"7807","20000517","7","4","176","15.5","13.5","11.1","4.2","100910","0"
"7808","20000518","5","8.2","243","14.3","11.4","7.2","4.4","100690","0"
"7809","20000519","6","7.1","227","15.8","11.8","9.2","2","100850","0"
"7810","20000520","5","6.4","217","16","10.4","5.1","11.6","101220","0"
"7811","20000521","7","4.8","192","18.6","12.2","8.3","1.8","100780","0"
"7812","20000522","5","12.1","298","14.3","13.2","7.8","0","101490","0"
"7813","20000523","8","0","80","16.2","13","11.6","2.2","101310","0"
"7814","20000524","7","3.8","176","16.8","12.9","9.6","8.6","101190","0"
"7815","20000525","4","12.2","302","12.8","13","9.2","0.2","101090","0"
"7816","20000526","8","0","81","14.8","11.6","10.4","18.8","100810","0"
"7817","20000527","6","10.2","276","15.6","10.9","7","19","100570","0"
"7818","20000528","7","6.4","221","17.4","10.8","5.9","3","100180","0"
"7819","20000529","4","12.5","308","15.7","11.8","6.2","0","101320","0"
"7820","20000530","6","2.3","149","19","12.5","9.3","0","101330","0"
"7821","20000531","6","8.5","254","16.8","12.6","6.3","1.4","101830","0"
"7822","20000601","8","3.3","171","18.8","14.6","12.3","0","101630","0"
"7823","20000602","7","0.4","101","22.9","15.8","12.9","0","101770","0"
"7824","20000603","7","8.9","262","18.1","17.5","12.1","0","101660","0"
"7825","20000604","5","7.4","241","16.1","14.7","11.3","0","101690","0"
"7826","20000605","7","0.1","88","18.9","13.4","10.6","0","101910","0"
"7827","20000606","4","7.4","241","20.6","14.4","9.8","0","102020","0"
"7828","20000607","5","11.4","297","22.4","14.6","8.7","0","102370","0"
"7829","20000608","5","11","292","17.8","17.4","12.5","0.2","101430","0"
"7830","20000609","5","4.1","188","20.3","16.1","14.4","4.2","100890","0"
"7831","20000610","5","13","318","19.3","14.4","8.6","0","101690","0"
"7832","20000611","6","8.9","264","25.1","15.3","11.3","0","101840","0"
"7833","20000612","5","12.1","307","22.6","18.6","12.1","0","102370","0"
"7834","20000613","7","5.8","218","22.5","18.5","14.4","0","102450","0"
"7835","20000614","8","1.3","130","20.1","18.8","15.2","0","102340","0"
"7836","20000615","7","0.8","116","22.3","17.6","15","0","102550","0"
"7837","20000616","6","1","122","25.9","18.3","14.3","0","102690","0"
"7838","20000617","2","13.2","321","30.8","19.5","13.1","0","102630","0"
"7839","20000618","1","15.1","345","31.4","23.2","15.6","0","102170","0"
"7840","20000619","3","12.8","317","21.6","25.4","19.4","0","101460","0"
"7841","20000620","7","0.2","95","19.5","18.5","15.4","3.8","101240","0"
"7842","20000621","6","5.2","208","19","17.5","15.5","0","100940","0"
"7843","20000622","7","4.4","194","19.7","16.2","13.4","2.4","101070","0"
"7844","20000623","6","3.2","172","16.1","16.2","12.7","0","101610","0"
"7845","20000624","6","0.1","89","18","12.3","8.5","0","101830","0"
"7846","20000625","7","3.2","172","19.9","14","10.1","0","102190","0"
"7847","20000626","6","3.9","185","21.9","16.2","12.5","0","102490","0"
"7848","20000627","6","8.7","261","20.9","16.6","11.2","0","102310","0"
"7849","20000628","7","1.4","132","20.3","17","13.2","0","102080","0"
"7850","20000629","7","0.1","89","20.8","17.4","14.5","8.2","102010","0"
"7851","20000630","7","1.1","124","20.9","17.2","13.6","0.4","101470","0"
"7852","20000701","6","3","167","22.3","17.6","14.4","0.2","100930","0"
"7853","20000702","6","3","167","23.3","17.6","13","0.2","101010","0"
"7854","20000703","7","5.8","216","18.3","18.8","14.2","0","100940","0"
"7855","20000704","8","0","80","17.1","16.8","15.4","17","100740","0"
"7856","20000705","8","0","80","22.7","15.4","13.7","0","101330","0"
"7857","20000706","7","3.7","179","17.9","17.6","12.6","0.4","101810","0"
"7858","20000707","6","4","184","17.9","15.7","13.5","0","101870","0"
"7859","20000708","7","1.4","130","19.1","14.7","11.5","0.6","101670","0"
"7860","20000709","8","1.1","122","16.1","16.4","13.8","9","99820","0"
"7861","20000710","7","1.3","127","16.3","14","11.8","10.4","99340","0"
"7862","20000711","5","5","200","18.7","13","9.6","0","100670","0"
"7863","20000712","7","3","164","20.9","13.1","7.5","4.2","101470","0"
"7864","20000713","7","2.7","158","16.9","17.2","13.6","4.8","101130","0"
"7865","20000714","6","0.7","109","18.1","14.9","12.9","0","101190","0"
"7866","20000715","4","7.4","236","18.2","13.6","9.1","0","101610","0"
"7867","20000716","6","7.6","238","22.6","14","9.8","0","101950","0"
"7868","20000717","5","11.7","293","24.7","16.2","9.8","0","102000","0"
"7869","20000718","4","10.7","279","25.2","17.8","10.9","0","102060","0"
"7870","20000719","2","14.6","326","25.3","19.1","13","0","102100","0"
"7871","20000720","3","11.7","290","25.9","20.1","14.9","0","102290","0"
"7872","20000721","1","14.4","322","21.6","20.2","14.4","0","102510","0"
"7873","20000722","5","9.5","260","19","17.2","12.9","0","102200","0"
"7874","20000723","8","0.8","109","17.2","15.9","12.8","0","101590","0"
"7875","20000724","8","0.1","83","19","15","12.9","0","101020","0"
"7876","20000725","7","0.7","105","23.4","15.9","12.8","0","100820","0"
"7877","20000726","6","8.6","245","25","18.6","13.9","0","101010","0"
"7878","20000727","6","7.5","229","20.9","20","15.1","0","101290","0"
"7879","20000728","6","4.5","182","24.9","17.7","14.5","5.8","101400","0"
"7880","20000729","5","9","248","24.8","19.2","13.4","0.2","101700","0"
"7881","20000730","4","9.5","254","25.3","19.2","13.7","0","102190","0"
"7882","20000731","5","11.7","280","24.5","20.7","16.1","0","102150","0"
"7883","20000801","4","8.8","242","23.5","19.6","14.8","0","101700","0"
"7884","20000802","4","7.8","228","19.7","18.2","13","4.2","101390","0"
"7885","20000803","7","3.1","154","22.4","17.4","15","5.8","101440","0"
"7886","20000804","6","8","229","24.2","18.5","14.6","0","102290","0"
"7887","20000805","5","8.5","234","24.7","18.2","12.2","0","102490","0"
"7888","20000806","5","4.1","169","23","20.4","16","0","102460","0"
"7889","20000807","7","2","130","22.6","20.2","17.4","0","102420","0"
"7890","20000808","6","2.8","145","23.9","19.4","16.2","5.6","102130","0"
"7891","20000809","6","3.9","163","25.4","19.2","14.5","0","101870","0"
"7892","20000810","6","6.1","196","24.9","21","16.5","0","101600","0"
"7893","20000811","5","7.4","213","27.4","20.1","15.3","0","101560","0"
"7894","20000812","2","12.8","278","23.6","20.4","13.4","0","101390","0"
"7895","20000813","7","0.9","100","23.7","19.4","15.1","1","101530","0"
"7896","20000814","7","1.4","112","24.4","20.8","17.9","0","101550","0"
"7897","20000815","5","8.2","219","23.1","19.4","14.3","0","101860","0"
"7898","20000816","6","7.9","214","23.1","18.9","14.7","0.1","101360","0"
"7899","20000817","5","8.1","215","19.9","18.9","14.7","2.4","101160","0"
"7900","20000818","6","0.1","71","23.2","16.6","13.2","0.6","101150","0"
"7901","20000819","6","10.7","244","21.7","18.7","14.2","0","101030","0"
"7902","20000820","5","6.4","189","22.2","17","12.4","0","101300","0"
"7903","20000821","2","11.6","251","22.7","16.2","10.3","0","101440","0"
"7904","20000822","5","8","207","23.9","16.6","10.6","0","101930","0"
"7905","20000823","1","13.1","264","27","18.6","13.3","0","102320","0"
"7906","20000824","1","12.4","255","26.2","19.9","12.8","0","102340","0"
"7907","20000825","3","10.9","237","19.7","20.4","14.7","2.2","101870","0"
"7908","20000826","6","0","60","21.8","19","18.3","3.8","100990","0"
"7909","20000827","5","4.5","154","20.1","17.5","13.2","3.8","101460","0"
"7910","20000828","6","7.7","195","21.8","15.8","11.6","1.2","101770","0"
"7911","20000829","5","8.4","202","22.2","16","10.3","0","101970","0"
"7912","20000830","4","9.5","213","22.6","17.6","13","0","101900","0"
"7913","20000831","6","6.3","174","18.9","16.6","10.5","1.6","101070","0"
"7914","20000901","6","2.7","117","19.9","16","13","4.6","100140","0"
"7915","20000902","6","4.2","137","18.6","15.8","11.7","0.8","100770","0"
"7916","20000903","4","9.8","202","20.5","14","9.4","0","101970","0"
"7917","20000904","4","11","212","20.4","13.7","6.9","0","102380","0"
"7918","20000905","7","1.6","95","20.7","15.6","10.9","0.4","102030","0"
"7919","20000906","6","4.8","141","20.3","17.4","14.1","0.8","101140","0"
"7920","20000907","7","0.7","75","20.2","14.4","8.6","0","101520","0"
"7921","20000908","8","0","52","22.3","17.6","15","4.4","101800","0"
"7922","20000909","7","2.2","101","25.6","19","15.6","0.2","102290","0"
"7923","20000910","3","11","202","27.5","20.2","14.8","0","102190","0"
"7924","20000911","4","9.7","187","24","21.6","15.6","0","101440","0"
"7925","20000912","5","6.7","155","21","20","16","0","101100","0"
"7926","20000913","7","2.9","107","21.6","17.4","13.9","0","101340","0"
"7927","20000914","7","3","107","18.5","17","12.4","11","101370","0"
"7928","20000915","7","1.3","80","18.2","17.2","16","19.6","100680","0"
"7929","20000916","7","0.9","72","20.6","15.8","13.4","0","101130","0"
"7930","20000917","6","0.9","71","16.8","16.2","11.7","0","101120","0"
"7931","20000918","8","0","46","15.6","15.2","13.6","13.8","100150","0"
"7932","20000919","8","0","45","16.9","13.8","11.9","16.4","99640","0"
"7933","20000920","4","3.5","107","18.6","13.6","10.4","0.4","100250","0"
"7934","20000921","4","2.9","98","21.5","12.9","7.2","1","101260","0"
"7935","20000922","7","8.5","157","24.8","17.9","14.3","0","101750","0"
"7936","20000923","4","10.6","174","16.8","19.4","14.1","0","101760","0"
"7937","20000924","5","1.3","72","18.5","15.2","13.6","11","101420","0"
"7938","20000925","5","4.7","114","20.7","14.6","10.7","6.8","101870","0"
"7939","20000926","5","4.3","109","18.2","16.4","12.1","0.4","101380","0"
"7940","20000927","5","3.3","96","18.4","15","11.7","5.4","100970","0"
"7941","20000928","6","5.8","122","18.9","15.8","13.2","3.4","99850","0"
"7942","20000929","7","7.1","132","17.9","15.2","11.5","0","99860","0"
"7943","20000930","4","6.7","127","18.6","15.1","12.3","5.4","100400","0"
"7944","20001001","5","6.7","126","15.3","13.2","7.7","10","100430","0"
"7945","20001002","6","0.3","47","16.4","12.6","9.9","0.2","100690","0"
"7946","20001003","8","0","37","16.3","12.4","8.5","0.8","101670","0"
"7947","20001004","7","4","95","15.7","14.5","12.7","0.2","101790","0"
"7948","20001005","4","7.3","125","15.1","13.4","11.1","0.8","101720","0"
"7949","20001006","4","8.6","134","13.2","10.2","5.4","5","102570","0"
"7950","20001007","8","0","35","15.6","11.2","9.1","8.6","102070","0"
"7951","20001008","6","6.1","110","12.4","12.6","9.5","0","101430","0"
"7952","20001009","6","0.5","47","13.3","9","5.6","24","100110","0"
"7953","20001010","6","3.5","83","14.3","9.8","6.3","8.8","98310","0"
"7954","20001011","6","5.1","97","13.5","10.5","6.7","3.8","97230","0"
"7955","20001012","6","1.1","54","16","10.8","8","4.2","98830","0"
"7956","20001013","5","4.2","86","13.9","11.2","6.4","0","100780","0"
"7957","20001014","7","0","31","15.6","11","8.2","0","101530","0"
"7958","20001015","7","4.7","88","13.9","11.7","7.8","2.8","101280","0"
"7959","20001016","7","0.1","34","14.9","12.4","10.8","1.6","100670","0"
"7960","20001017","4","7.2","105","16.3","10","5.1","5","102080","0"
"7961","20001018","8","0.1","33","15.2","12.8","9.4","1","101470","0"
"7962","20001019","2","9.2","116","14.1","11.4","7.6","0","101780","0"
"7963","20001020","6","0.1","32","11.5","10.6","7","20.2","101340","0"
"7964","20001021","8","0","27","14.3","11","10.4","0.2","101730","0"
"7965","20001022","6","0.3","35","16","12","9.6","0","102240","0"
"7966","20001023","5","4","73","14.2","12.7","9.4","0.2","101530","0"
"7967","20001024","7","0","26","15.3","12","9.7","0.2","101690","0"
"7968","20001025","7","2.2","55","14.5","13.2","11","0","100740","0"
"7969","20001026","4","6.3","86","15.4","10.8","7.1","3","101430","0"
"7970","20001027","8","0","25","16","12.4","9.5","9","101170","0"
"7971","20001028","7","0","24","13.4","13.9","11.8","7.2","100370","0"
"7972","20001029","5","5.4","77","11.3","10.6","7.8","36.6","99920","0"
"7973","20001030","6","4.4","69","13.3","10","8.6","1.6","98130","0"
"7974","20001031","6","6.6","82","11.6","9.8","6.3","0.4","98970","0"
"7975","20001101","4","6.9","83","10.9","9.3","7","6","99440","0"
"7976","20001102","5","3.2","57","11.4","7.2","3.6","5.2","98750","0"
"7977","20001103","3","6.2","76","11.4","8.6","5.7","0","99350","0"
"7978","20001104","3","6.8","79","10.9","7.2","2.9","0","100630","0"
"7979","20001105","7","1","36","11","6.7","2.5","24.8","99760","0"
"7980","20001106","7","0.2","25","10.7","9","7","5.4","97150","0"
"7981","20001107","7","1","35","9.2","9.2","7.7","1","97680","0"
"7982","20001108","7","0.1","23","10.2","7.8","6.4","0","98850","0"
"7983","20001109","6","0.2","24","12.1","8.2","6.1","0","100290","0"
"7984","20001110","5","5.9","67","12.8","7.9","3.7","0.8","101370","0"
"7985","20001111","8","0","19","11.1","9","5.3","8.8","100640","0"
"7986","20001112","4","5","60","10.8","9.7","8.3","0.2","99560","0"
"7987","20001113","1","7.6","73","8.7","6.6","2.4","0.2","99740","0"
"7988","20001114","4","5.4","61","10.2","5","1.2","0.4","100260","0"
"7989","20001115","6","0.5","26","10.4","4.5","-1.2","5.6","100770","0"
"7990","20001116","4","4.5","54","9.4","5.7","1","0.1","100290","0"
"7991","20001117","4","2.5","41","11.9","4.9","0.4","0","101100","0"
"7992","20001118","7","1","29","10.9","7","2.2","3.2","100640","0"
"7993","20001119","7","1.1","30","7","9","7.2","0.8","99530","0"
"7994","20001120","5","2.5","40","10.1","4.5","2","0.2","99570","0"
"7995","20001121","7","0.4","23","10.9","7","3.8","4.6","99360","0"
"7996","20001122","3","3.4","44","8.4","7.4","4","0.2","99420","0"
"7997","20001123","6","0","16","11","5.8","3.3","5.4","99820","0"
"7998","20001124","5","3.3","43","11.6","6.8","2.7","1.4","100410","0"
"7999","20001125","6","0","15","10.5","8.3","5","6.8","99460","0"
"8000","20001126","5","4.9","50","14","8.9","7.3","0","99550","0"
"8001","20001127","6","0","15","15.6","8.8","3.7","9","100820","0"
"8002","20001128","7","0","15","14.2","11.5","7.4","1.2","100620","0"
"8003","20001129","6","0.2","18","12.2","12.1","10","0.8","100240","0"
"8004","20001130","5","1.1","26","13.7","9.2","6.3","7.4","100900","0"
"8005","20001201","7","0","13","12.9","11.3","8.9","1.6","100190","0"
"8006","20001202","4","3.8","39","11.3","11.2","9.6","0.2","100870","0"
"8007","20001203","4","5.2","46","13.8","7.5","3.7","7.2","101300","0"
"8008","20001204","7","0.8","21","13.4","10.2","6.7","4.6","100360","0"
"8009","20001205","7","0","13","12.7","12.4","11.3","3","100210","0"
"8010","20001206","7","0","13","14.3","11.9","11.1","0.4","100320","0"
"8011","20001207","7","0","13","12.4","10.7","7.1","13.6","99690","0"
"8012","20001208","6","3.7","37","11.5","10.4","8.4","2.2","99090","0"
"8013","20001209","4","2.9","33","13.4","9.6","7.6","2.4","100310","0"
"8014","20001210","7","0.9","21","14.2","11.2","9","6","100370","0"
"8015","20001211","7","0","12","13.7","11.8","9.3","2.4","101150","0"
"8016","20001212","8","0","12","12.2","13.2","12.7","10","100610","0"
"8017","20001213","4","3.3","35","9.5","10.8","9.4","0","100400","0"
"8018","20001214","4","5","42","7.1","7.4","5.3","0.6","100420","0"
"8019","20001215","2","7","50","4.4","4.6","2.2","0","100930","0"
"8020","20001216","6","0.3","16","6.3","1.6","-1.1","0.2","101320","0"
"8021","20001217","8","0.1","14","8.2","3.6","1","0.4","101350","0"
"8022","20001218","8","0","12","10","5.6","3.1","2.8","101370","0"
"8023","20001219","8","0","12","9.8","7.9","5.8","0","101620","0"
"8024","20001220","8","0","12","6.7","8.4","7","0","101350","0"
"8025","20001221","7","0","12","5.9","6.4","6.2","0","101630","0"
"8026","20001222","5","0","12","6.6","4.5","3.1","0","101480","0"
"8027","20001223","8","0","12","6.5","4.7","2.8","2","100980","0"
"8028","20001224","8","0","12","4.3","5.2","4","6.2","100110","0"
"8029","20001225","8","0","12","2.5","4.1","3.9","0","99930","0"
"8030","20001226","7","0","12","3","1.8","1","0","99410","0"
"8031","20001227","7","0.1","14","2.9","2.2","1.5","1.8","99350","0"
"8032","20001228","2","4.1","39","1.2","-0.3","-3.5","0","99500","2"
"8033","20001229","2","5.6","45","3.1","-2.2","-5.5","0","99950","1"
"8034","20001230","2","7.2","52","10.1","-1.1","-5.3","0","100850","0"
"8035","20001231","6","0","13","11.1","2.8","-4.6","6.3","100770","0"
"8036","20010101","7","2","29","10.8","5.3","-0.5","3.2","98810","0"
"8037","20010102","7","0.3","17","10.5","9.9","9","3.4","98370","0"
"8038","20010103","6","2.9","34","9.4","7","3.5","8","99680","0"
"8039","20010104","7","0.1","15","7.6","6.6","3.7","4.6","98950","0"
"8040","20010105","8","0","13","8.5","7.2","6.7","0","98520","0"
"8041","20010106","4","4.5","43","7.4","5.8","3.1","0.4","99820","0"
"8042","20010107","2","7.4","56","7.8","4.8","2.3","0","100770","0"
"8043","20010108","6","3.3","37","5.6","4.8","1.7","0.6","101340","0"
"8044","20010109","7","2.6","34","6.4","2.8","0","0","101330","0"
"8045","20010110","7","0","14","5.5","3.8","1.3","0","100980","0"
"8046","20010111","7","0","14","7.4","4.9","4.3","0","101940","0"
"8047","20010112","7","3.7","41","7.6","5.8","4.2","0","102640","0"
"8048","20010113","1","7.4","59","7.5","4.6","1.5","0","103230","0"
"8049","20010114","2","7.6","61","4.9","4.5","1.5","0","103370","0"
"8050","20010115","4","5.1","50","3.5","3.6","2.2","0","102490","0"
"8051","20010116","4","4.3","46","4.8","0.6","-2.2","0","102210","0"
"8052","20010117","1","4.8","49","3.3","1","-2.9","0","101970","0"
"8053","20010118","4","2","34","2.1","0.4","-2.5","0","101930","0"
"8054","20010119","6","0","16","2.4","-0.9","-3.9","0","102210","0"
"8055","20010120","6","0.9","27","7.9","-0.1","-2.6","3.4","102490","0"
"8056","20010121","8","0","16","9.9","2.6","-2.6","4.4","101400","0"
"8057","20010122","8","0","16","12.3","5.9","1.9","4.2","99960","0"
"8058","20010123","6","0","17","10","8.8","5.4","18","98870","0"
"8059","20010124","4","7.4","68","8.8","8.4","6.8","2.2","99030","0"
"8060","20010125","4","3.9","50","8.6","6.8","4.8","1.2","99680","0"
"8061","20010126","5","3.6","49","7.2","6.2","3.8","17.8","99440","0"
"8062","20010127","3","6.7","67","6.6","4","0.9","0","99800","0"
"8063","20010128","5","5.8","63","4.4","2.8","-1.1","0","100550","0"
"8064","20010129","6","0.7","28","5.2","2.1","-0.2","1.2","101970","0"
"8065","20010130","8","0","19","5.6","2.8","0.4","1.6","101970","0"
"8066","20010131","7","0","19","6.1","4.7","3.8","1","102310","0"
"8067","20010201","4","0.1","22","8.8","2.5","-1.1","5.5","102920","0"
"8068","20010202","8","0","20","11","4.4","-0.1","3.6","101560","0"
"8069","20010203","7","3.2","52","11","8.2","5.3","6","100520","0"
"8070","20010204","8","0","20","11.7","7.6","4.2","10.4","99580","0"
"8071","20010205","7","0.1","23","12.5","9.4","7.2","4.4","99160","0"
"8072","20010206","6","2.6","50","12.2","10.3","8.1","1.8","99200","0"
"8073","20010207","5","3.1","54","5.5","10","7.9","15.8","99600","0"
"8074","20010208","8","0","22","7.5","5.5","5.5","2.4","99710","0"
"8075","20010209","5","5.8","75","12.1","4.4","1.2","0","101910","0"
"8076","20010210","8","0","23","13.7","6.6","1.2","1","102470","0"
"8077","20010211","8","0","23","11.6","10","6.3","0.6","102510","0"
"8078","20010212","6","0","24","10.6","11.6","11.5","8.8","102190","0"
"8079","20010213","2","9","100","10.7","6.8","2.9","0","103680","0"
"8080","20010214","2","9","101","9","6","1.2","0","103420","0"
"8081","20010215","4","5.8","82","10.1","5.7","2.4","0.2","103160","0"
"8082","20010216","4","3.2","63","9.1","5","0","0","103440","0"
"8083","20010217","5","7.8","98","8.1","4.6","0.2","0","104240","0"
"8084","20010218","7","3.6","68","7.6","4.6","1","0","104230","0"
"8085","20010219","7","2.4","59","8.5","3.5","-0.6","0","103990","0"
"8086","20010220","5","5.1","83","12.1","4","-0.5","0","103620","0"
"8087","20010221","7","0.5","38","10.6","6.8","1.5","0","102970","0"
"8088","20010222","6","3.2","69","7.4","7.8","4.9","0.4","102040","0"
"8089","20010223","5","5.6","90","5.3","6","4.7","0.4","101040","0"
"8090","20010224","5","8.1","111","5.5","3.4","1.6","0.3","101300","0"
"8091","20010225","5","9.7","123","7.5","1.9","-1.7","0","101450","0"
"8092","20010226","7","2.5","66","6.6","3.8","0.2","4.8","100130","0"
"8093","20010227","6","1.9","61","4.7","3.9","1.2","0.2","98970","0"
"8094","20010228","8","0","31","4.3","3.4","2.2","3","99440","0"
"8095","20010301","7","0.7","51","3.5","2.6","1","0","99870","0"
"8096","20010302","5","2.2","73","3.8","0.4","-2.6","0.2","99980","0"
"8097","20010303","8","3.6","90","5","1.6","-0.5","0","99710","0"
"8098","20010304","6","0.1","41","8.1","2.8","0.7","0","99850","0"
"8099","20010305","3","8.4","139","13.1","1.9","-4.3","0","101600","0"
"8100","20010306","5","7.1","129","15.1","6.8","0.6","6.2","101240","0"
"8101","20010307","6","3.7","96","10.5","9.8","4.4","0.3","100420","0"
"8102","20010308","6","0","39","13.3","8.8","7","7","99960","0"
"8103","20010309","7","1.6","72","14.9","9.8","6.3","0.8","99800","0"
"8104","20010310","7","1.9","77","13.8","12.1","9.3","0.4","99900","0"
"8105","20010311","7","0.3","51","11.4","11.8","9.8","7.4","100160","0"
"8106","20010312","4","5.6","124","10","7.6","3.9","4.2","100170","0"
"8107","20010313","5","2.7","91","11.4","7.4","4.7","0.6","99900","0"
"8108","20010314","6","5","120","9.8","6.4","1.3","0.4","100730","0"
"8109","20010315","7","2.9","96","9.1","7.5","5.2","1","100820","0"
"8110","20010316","8","0","44","4.1","8","6.9","11","100740","0"
"8111","20010317","8","0","44","6.5","3.9","3.7","9.6","100250","0"
"8112","20010318","7","0.7","65","6.8","4","1.6","0.6","100300","0"
"8113","20010319","7","6.3","142","4.3","4.2","1.5","0","101600","0"
"8114","20010320","8","0","46","6.8","3.4","2.6","11.2","101110","0"
"8115","20010321","8","0","47","14.1","4.6","2.3","2.6","99770","0"
"8116","20010322","7","1.6","85","10.8","8.8","3.5","6.8","99880","0"
"8117","20010323","8","0","48","9.6","8.7","6.6","4.4","99870","0"
"8118","20010324","8","0.1","54","6.6","8.6","7.5","0","100140","0"
"8119","20010325","8","0.3","61","7","5.8","4.9","0","100420","0"
"8120","20010326","8","0","50","9.3","5.4","3.7","0","101040","0"
"8121","20010327","7","0.2","59","10.8","6.4","3.5","12.8","100500","0"
"8122","20010328","7","1.9","95","11.6","8.8","6.8","6.8","99300","0"
"8123","20010329","6","7.3","169","13.1","8","4.3","0.6","99640","0"
"8124","20010330","4","10.8","209","15.5","8","2.8","0.4","101250","0"
"8125","20010331","7","3.2","119","15.3","11.4","7.4","0","101610","0"
"8126","20010401","6","2.1","103","19.5","12.5","9.7","0","102050","0"
"8127","20010402","6","6.5","166","14.4","13.6","7.8","2","101010","0"
"8128","20010403","5","6.9","172","11.5","10.3","6.2","6.2","101030","0"
"8129","20010404","5","5.2","152","12.2","9.2","6.9","1.8","100330","0"
"8130","20010405","6","0.7","79","14","8.2","4.3","5.8","100760","0"
"8131","20010406","6","0.5","75","12.1","10.7","7.4","0.4","100100","0"
"8132","20010407","5","5.7","162","12.7","8.5","4.9","1.2","99880","0"
"8133","20010408","6","6.9","179","17.5","8.4","4.2","10.2","101790","0"
"8134","20010409","6","5.8","166","12.9","12","6.5","0.2","101340","0"
"8135","20010410","6","3.5","135","11.7","10.6","8.4","0.5","101430","0"
"8136","20010411","7","1.8","107","13.5","9","6.2","0","102780","0"
"8137","20010412","7","3.5","137","10.8","9.9","6.3","0","103050","0"
"8138","20010413","6","8.3","204","11.3","7.9","5","0","103230","0"
"8139","20010414","7","0","62","12.8","7","2.8","3","102590","0"
"8140","20010415","7","3.6","142","9.6","9.6","6.4","0.6","101280","0"
"8141","20010416","7","1.6","107","11.2","7.4","5.2","0","102040","0"
"8142","20010417","6","7.2","196","9","6","0.9","1.2","101860","0"
"8143","20010418","6","7.4","200","10.1","6.2","3.5","0.2","101160","0"
"8144","20010419","3","10.2","236","9.1","5.4","0.6","1.4","101290","0"
"8145","20010420","5","3.5","145","10.9","5.6","2.2","0.2","101410","0"
"8146","20010421","5","7.3","202","11.7","6.8","2.6","0","101500","0"
"8147","20010422","8","4.2","158","14","8","4.3","7.6","100460","0"
"8148","20010423","5","5.3","176","12.7","10.3","6.6","1.2","100290","0"
"8149","20010424","5","3.1","142","12.9","8.8","5","4","100180","0"
"8150","20010425","6","4.3","163","15.2","9.2","5.5","2.4","100340","0"
"8151","20010426","6","6","190","15","10.1","5","0","101190","0"
"8152","20010427","7","3.2","146","14.3","10.7","6.4","3.6","101230","0"
"8153","20010428","5","8.5","227","12.5","11.2","8.1","10.8","100520","0"
"8154","20010429","6","3.5","153","13.5","9.3","6.1","2","100350","0"
"8155","20010430","7","2.2","130","10.8","9.6","5.8","0","101200","0"
"8156","20010501","7","0","71","15","8.8","6.8","3.2","102090","0"
"8157","20010502","6","3.2","151","17.2","10.9","6.8","6.2","101990","0"
"8158","20010503","6","4.3","171","13.4","11.8","6.5","0","101020","0"
"8159","20010504","4","10.6","261","13.4","9.6","5.7","0","101430","0"
"8160","20010505","3","9.9","253","12.8","8.4","3.5","0","102170","0"
"8161","20010506","6","3.4","158","15.4","8.4","4.1","0","102580","0"
"8162","20010507","6","5.7","196","17.3","10.3","5.2","0","102830","0"
"8163","20010508","1","13.8","305","17.6","11","4.8","0","102850","0"
"8164","20010509","6","1.3","118","23","11.5","5.4","0.2","102200","0"
"8165","20010510","6","8","233","26.1","16","9.1","0","101730","0"
"8166","20010511","3","12.2","289","24.9","19.4","12.8","0","102010","0"
"8167","20010512","1","14.5","318","24.9","18","11.1","0","101940","0"
"8168","20010513","6","6.7","216","15.1","18.4","11.8","0.2","100980","0"
"8169","20010514","8","0","77","19","13.4","11.6","0","100680","0"
"8170","20010515","7","5.6","201","15.7","14.5","10","5.8","100370","0"
"8171","20010516","6","4.7","187","11.3","13.3","10.9","4.8","99940","0"
"8172","20010517","6","0.2","89","16.5","9.4","7.4","5.6","100260","0"
"8173","20010518","5","4.4","183","16.1","11.8","7","0","101840","0"
"8174","20010519","6","0.2","90","18.2","11.6","7.1","0","102490","0"
"8175","20010520","6","2.1","141","18.1","14.6","11","0","102670","0"
"8176","20010521","5","14.7","329","19.3","13.2","8.3","0","102580","0"
"8177","20010522","5","13.1","310","22.6","13.8","8.4","0","102380","0"
"8178","20010523","2","13.5","316","23.3","15.6","8.7","0","102390","0"
"8179","20010524","2","13.4","316","20.7","16.9","10.5","0","102380","0"
"8180","20010525","7","7.4","235","23.2","15.6","10.4","0","102200","0"
"8181","20010526","7","9.5","265","21.2","17.7","12.2","0","101980","0"
"8182","20010527","7","1.3","126","24.6","17.6","13.9","0","102120","0"
"8183","20010528","7","7.8","242","22.5","20","15.5","0","102100","0"
"8184","20010529","6","14","326","23.2","16.8","11.2","0","102150","0"
"8185","20010530","2","14.6","334","19.1","17.4","11.6","0","101770","0"
"8186","20010531","4","7.9","245","19.1","15.3","11.5","0","101990","0"
"8187","20010601","7","1.7","137","16.6","14.2","9.2","0","102120","0"
"8188","20010602","6","4.7","197","16.8","14.6","12.5","0.6","101490","0"
"8189","20010603","3","15.2","342","20.3","11.6","6.4","0","102420","0"
"8190","20010604","5","7.3","239","20.6","14","7.6","0","102430","0"
"8191","20010605","6","6.5","227","19.4","15","9.3","0.2","101730","0"
"8192","20010606","7","1.9","143","18","15.2","11.1","1.4","101140","0"
"8193","20010607","5","12.4","309","16.8","13.2","8.3","0","101090","0"
"8194","20010608","3","12.4","310","17.7","11.9","7","0","101400","0"
"8195","20010609","5","8.4","256","15.1","11.6","5.6","5.4","101480","0"
"8196","20010610","5","6.4","227","18","12.1","9.1","0.6","101660","0"
"8197","20010611","4","8.5","258","18.5","12","5.9","0","102200","0"
"8198","20010612","7","1.9","144","21.6","15.2","11.9","0","101970","0"
"8199","20010613","5","7.6","245","21.5","16.6","11.7","0","101530","0"
"8200","20010614","6","9.6","274","20.5","15.8","10.1","1.2","101330","0"
"8201","20010615","6","6.2","224","16.5","16.6","12.8","15.9","100670","0"
"8202","20010616","7","0.2","95","15.6","14.8","13.2","12.8","100300","0"
"8203","20010617","7","0.5","106","17.9","14","12.3","0","101540","0"
"8204","20010618","6","6.7","232","21.8","13.6","9.2","0","102720","0"
"8205","20010619","4","12.4","311","24.6","16.6","11.5","0","102650","0"
"8206","20010620","4","12.5","313","21.5","18.2","11.9","0","101910","0"
"8207","20010621","3","15.1","345","22.4","16.9","12.3","0","101750","0"
"8208","20010622","3","14.1","333","23.7","16.4","10.5","0","101790","0"
"8209","20010623","4","11","293","27.4","17.4","11.2","0","101840","0"
"8210","20010624","3","13.1","320","29.1","20.3","13.2","0","102080","0"
"8211","20010625","5","14","331","31.9","22.5","15.9","0","102250","0"
"8212","20010626","6","12.1","307","25.1","24.6","17.3","0","101420","0"
"8213","20010627","6","7.2","239","22.7","21","16.8","0","101110","0"
"8214","20010628","6","5.6","214","21.3","18.8","14.8","1","101620","0"
"8215","20010629","7","1.9","144","23.3","18.8","16.2","0","101930","0"
"8216","20010630","6","10.9","291","26.2","19.4","15.5","0","102040","0"
"8217","20010701","4","9.6","273","27.1","19.6","13","0","102690","0"
"8218","20010702","5","4.7","198","29.5","21.6","16.2","0","102660","0"
"8219","20010703","3","12.4","309","29.2","23.6","17.8","0","101710","0"
"8220","20010704","4","11.1","292","30.5","24","18.9","0","100830","0"
"8221","20010705","7","4.3","191","26.2","24.8","19","2.6","100930","0"
"8222","20010706","7","6.1","220","21.5","22.2","18.3","0","100920","0"
"8223","20010707","8","0","80","20.8","19","16.5","2.8","100580","0"
"8224","20010708","7","0.9","117","21","18.6","16.4","0.2","100940","0"
"8225","20010709","6","2.3","151","20.2","16.4","11.9","2.2","101380","0"
"8226","20010710","6","2.6","157","21.4","17.8","15.4","1.8","100570","0"
"8227","20010711","5","8.9","260","21","17.4","13.5","0","100790","0"
"8228","20010712","4","10.2","277","22.2","16.2","11.5","0.4","100960","0"
"8229","20010713","6","5.2","203","19.2","17.4","12.6","10","100690","0"
"8230","20010714","6","6","215","19.8","15.4","11.6","0.6","100650","0"
"8231","20010715","5","8.3","249","22.3","15.1","10.4","0","101490","0"
"8232","20010716","5","12.8","308","21.8","16.4","10.5","0","101560","0"
"8233","20010717","7","2.5","152","20.8","16.7","11.6","8","100250","0"
"8234","20010718","7","5.7","209","17.5","17.3","13.8","4.2","99530","0"
"8235","20010719","8","0.2","90","21.6","15.1","12.7","0","100560","0"
"8236","20010720","6","9.4","261","22.4","15.8","10","2.2","101530","0"
"8237","20010721","7","5.7","207","20.5","17.7","13","0","101370","0"
"8238","20010722","7","0.2","89","25.3","17.6","14.6","0.2","101710","0"
"8239","20010723","3","13.5","311","23.2","19.2","13","0","101800","0"
"8240","20010724","5","12.6","299","26.3","17.9","12.6","0","101870","0"
"8241","20010725","6","7.6","233","28.7","20.2","14.2","0","101910","0"
"8242","20010726","1","12.8","300","29.3","21.2","13.8","0","101780","0"
"8243","20010727","5","12.7","297","31.6","22.9","16.5","0","101760","0"
"8244","20010728","4","10.5","269","31.9","24.6","17.5","0","102150","0"
"8245","20010729","5","8.8","246","28.9","25.5","19.1","0","102260","0"
"8246","20010730","4","12","286","26.6","23.5","18.1","0","102280","0"
"8247","20010731","5","9.5","254","26.7","21.6","16.6","0","102340","0"
"8248","20010801","6","8.9","245","21.2","21.8","16.9","0","102410","0"
"8249","20010802","7","0","72","23.9","17.8","14.5","11.8","101170","0"
"8250","20010803","7","5.3","192","22.8","19.4","14.9","1.4","101020","0"
"8251","20010804","5","7.3","220","23.2","17.1","11.4","13.2","101450","0"
"8252","20010805","4","12.7","288","24.7","17.7","12.2","0","101510","0"
"8253","20010806","7","3.9","166","20.6","20.2","15.7","0.2","101020","0"
"8254","20010807","7","1.3","115","21.5","17.3","14","0","100480","0"
"8255","20010808","5","9.5","245","17.5","17.8","14.2","0","100340","0"
"8256","20010809","6","2.9","146","20.5","14.8","12","12","101160","0"
"8257","20010810","3","11","261","21.9","15","9.4","0","102380","0"
"8258","20010811","6","3.4","154","20.1","16.2","10.4","0.8","102500","0"
"8259","20010812","7","0.1","75","26.3","17.9","15.7","1","101700","0"
"8260","20010813","6","4.1","164","27.4","21.6","17","0","101330","0"
"8261","20010814","6","10.4","249","30.1","22.2","17","0","101330","0"
"8262","20010815","4","9.1","232","23.9","24.4","18.7","0.2","101040","0"
"8263","20010816","5","9.5","235","23.4","20.4","16.8","0.4","101330","0"
"8264","20010817","4","12","263","25.4","18.1","12.8","0","101700","0"
"8265","20010818","7","0.6","90","22.7","20.4","15.5","11.8","100970","0"
"8266","20010819","7","3.5","148","22.7","19.4","16.2","10","100220","0"
"8267","20010820","4","10.8","245","24.2","18.3","13.9","0","101360","0"
"8268","20010821","5","12.3","261","25.8","18","11.7","0","101800","0"
"8269","20010822","5","12","256","24.1","20.5","15.2","0","102160","0"
"8270","20010823","7","0.3","77","28.4","20.4","16.7","0","101930","0"
"8271","20010824","4","11.4","246","31.5","23.6","18.9","0","101630","0"
"8272","20010825","2","11.3","243","20","23.4","15.3","0","101480","0"
"8273","20010826","8","0","60","22","19.3","18.6","6.2","101700","0"
"8274","20010827","5","12.9","257","22.1","17.3","12.6","0","102240","0"
"8275","20010828","4","11.7","243","23.4","17.2","12.2","0","102080","0"
"8276","20010829","6","7.4","192","20","17","10.6","0.4","101470","0"
"8277","20010830","7","0.1","65","19","17.9","15.8","4.8","101040","0"
"8278","20010831","6","5.2","161","20.8","15.1","11.2","4.8","101230","0"
"8279","20010901","6","10.1","210","22.2","15.8","10.8","0","101910","0"
"8280","20010902","7","0.8","82","19.9","18.9","15.6","16","101480","0"
"8281","20010903","7","5.8","158","17.8","16.4","13","1.8","101290","0"
"8282","20010904","6","10.3","207","20.2","14.3","10.8","0","101690","0"
"8283","20010905","6","2.4","109","19.4","14","7.8","2.4","102060","0"
"8284","20010906","6","8.3","183","20.9","16.2","13","0","101740","0"
"8285","20010907","7","2.4","107","18.3","16","11.2","0.8","101710","0"
"8286","20010908","6","6.9","164","15.8","16","13.8","0","101470","0"
"8287","20010909","4","8","175","17.1","12.3","8.8","0","101880","0"
"8288","20010910","5","9.9","193","17.9","12.8","8.6","0","101990","0"
"8289","20010911","7","0.3","63","18.9","14","10","0","101900","0"
"8290","20010912","7","2","96","16.9","15.2","11.4","1.4","101440","0"
"8291","20010913","5","5.1","136","19","13.7","10.5","6.8","100290","0"
"8292","20010914","5","9.6","183","18.7","15","10.9","0","101050","0"
"8293","20010915","6","8.3","168","17.4","14.8","11","0","101250","0"
"8294","20010916","3","9.4","177","13.6","13.6","9.9","0.2","101850","0"
"8295","20010917","5","3.1","106","14.7","11","8.5","0.8","102070","0"
"8296","20010918","8","0","46","14.2","12.9","11.1","5.6","101520","0"
"8297","20010919","8","0","46","17.9","13.1","12","0.8","100800","0"
"8298","20010920","7","5","126","16.3","14.8","11.8","1.2","101380","0"
"8299","20010921","5","3.4","106","18","13.2","10.1","0","101840","0"
"8300","20010922","3","8.2","156","15.7","12.6","7.2","0","101720","0"
"8301","20010923","6","0.3","54","17.7","12","8.4","0.2","101380","0"
"8302","20010924","6","4.3","113","17.3","14.2","10.8","0","101320","0"
"8303","20010925","5","5","119","17.4","12.4","7.6","0.2","101650","0"
"8304","20010926","6","0.5","57","20.2","13.2","8.9","3.4","101470","0"
"8305","20010927","7","2.7","90","23.6","16.6","13.1","0","101300","0"
"8306","20010928","5","8.6","149","19.2","17.6","11.6","11.8","101060","0"
"8307","20010929","6","2.6","87","17.3","17.2","15.2","2.2","100780","0"
"8308","20010930","7","0","39","19.1","14.6","11.8","4","100540","0"
"8309","20011001","7","0.9","61","18.6","16.8","14.5","15.8","99960","0"
"8310","20011002","7","3.4","93","19.5","15.6","12.5","0.4","100280","0"
"8311","20011003","3","8.2","137","19.1","15.5","11.5","0","100930","0"
"8312","20011004","6","5.2","109","20","15.2","11.2","2.4","101190","0"
"8313","20011005","6","6.8","122","18","16.8","13.7","3","100480","0"
"8314","20011006","3","4.8","102","15.7","15.8","13.5","9.4","100170","0"
"8315","20011007","6","0.9","56","15.4","13.8","11.9","13","99440","0"
"8316","20011008","4","2.9","80","16.9","13.4","11.5","2.6","99580","0"
"8317","20011009","5","4.8","98","16.8","13.8","10.7","0.4","100900","0"
"8318","20011010","6","0.8","52","18.2","12.4","8","0","102190","0"
"8319","20011011","7","0","33","22.3","15.3","12.4","0","102540","0"
"8320","20011012","4","8.1","121","23.1","16.6","10.8","0","102180","0"
"8321","20011013","6","4.6","91","19.4","18.1","13.1","0","101870","0"
"8322","20011014","7","0.2","38","18.9","16.4","13.4","4","101230","0"
"8323","20011015","6","2.3","67","16.8","16.8","14.8","3.8","100980","0"
"8324","20011016","7","3.5","78","19.6","12.4","8.1","0","102290","0"
"8325","20011017","7","3.5","76","18.5","15","10.3","3","101530","0"
"8326","20011018","5","4.3","82","17.4","16.3","14.1","0","100910","0"
"8327","20011019","6","0.5","41","17.2","13.7","10","8.8","100720","0"
"8328","20011020","7","0.2","34","12.1","15.4","13.6","4.6","100050","0"
"8329","20011021","7","0","28","16.4","11.7","11.3","14.8","100160","0"
"8330","20011022","6","4.6","80","17.6","11.6","6.9","5.4","100930","0"
"8331","20011023","5","5.1","83","16.7","12.8","7.9","3.2","101040","0"
"8332","20011024","5","4.8","79","16.4","14","11.4","2.8","101510","0"
"8333","20011025","6","1.6","50","16.4","13.4","10.3","1.4","101950","0"
"8334","20011026","7","0.3","33","16.9","15.2","13.9","5.2","101130","0"
"8335","20011027","7","7.8","96","15.7","13.6","10.2","3.4","101590","0"
"8336","20011028","5","3.3","63","15.2","13.2","10.7","0","102520","0"
"8337","20011029","6","1.4","45","19.1","11.2","7.2","0","102470","0"
"8338","20011030","2","6.8","86","13.9","15.3","11.5","0.8","101500","0"
"8339","20011031","3","8.3","94","13.8","11.6","9.2","0","102150","0"
"8340","20011101","2","8.6","94","14.4","9","4.3","0","103840","0"
"8341","20011102","4","6.6","81","13","9.2","4.1","0","104020","0"
"8342","20011103","5","6.4","79","12.3","8","3","0","103340","0"
"8343","20011104","6","3.8","61","11.8","8.4","4.5","0","102540","0"
"8344","20011105","4","8.5","88","14.4","8.2","4.5","0","102500","0"
"8345","20011106","6","4.2","61","14.1","10.1","5.8","0.6","101440","0"
"8346","20011107","8","0","21","6.7","11.8","9.6","12.2","100930","0"
"8347","20011108","6","1.1","36","6.8","6.6","6.6","1.8","100380","0"
"8348","20011109","4","6.4","72","9.4","3.9","1","0","102460","0"
"8349","20011110","5","6.5","72","12.8","4.6","-0.3","0","103090","0"
"8350","20011111","7","0.3","25","11.3","7.6","2.4","0","102570","0"
"8351","20011112","7","0","19","7.4","9.4","7.4","1.4","101650","0"
"8352","20011113","6","2.8","46","8.5","6.5","5.6","0","102520","0"
"8353","20011114","1","7","70","9.1","4","-0.4","0","103500","0"
"8354","20011115","4","6.9","69","11.3","4.8","0.5","0","103960","0"
"8355","20011116","8","0","18","10.1","6.2","1.2","0.2","104000","0"
"8356","20011117","7","0","17","9.4","9.3","8.5","0.2","103400","0"
"8357","20011118","8","0","17","9.3","8.4","7.3","0.6","102570","0"
"8358","20011119","7","0.8","28","10.4","8","6.7","0","102660","0"
"8359","20011120","7","0.2","21","12.6","7","3.6","0","103080","0"
"8360","20011121","7","0.1","19","11.1","9.2","5.7","2.2","102710","0"
"8361","20011122","6","3.9","48","9.2","10.2","9.4","0","102260","0"
"8362","20011123","6","1","28","14.8","4.4","-0.4","0","102740","0"
"8363","20011124","6","3.9","46","14.3","8","1.3","0","102300","0"
"8364","20011125","7","0","15","8.5","11.8","9.2","4.2","101700","0"
"8365","20011126","1","7.2","61","10.8","5","1.6","0","101600","0"
"8366","20011127","6","0.1","17","12.1","5.4","0","0.2","100860","0"
"8367","20011128","6","2","33","13.9","7.2","2.3","3","101650","0"
"8368","20011129","8","0","15","14.9","9","4.2","4.8","101140","0"
"8369","20011130","8","0","14","12.2","13.4","11.8","2.4","100840","0"
"8370","20011201","6","2.3","32","7.2","11.2","10.1","0.8","101330","0"
"8371","20011202","7","0","13","10.9","4.4","1.6","0.4","102530","0"
"8372","20011203","7","0","13","11.3","6.6","2.3","3.8","101930","0"
"8373","20011204","6","4.4","42","14.5","8.4","5.4","5.2","101200","0"
"8374","20011205","6","4.1","40","8.2","10.2","6","1.2","101490","0"
"8375","20011206","6","1.4","25","11","5.8","3.5","0","103200","0"
"8376","20011207","6","2.8","33","7.2","7.9","4.8","0","103650","0"
"8377","20011208","4","6.5","50","7","4.3","1.4","0","103930","0"
"8378","20011209","4","5.5","45","8.4","4.4","1.8","0","103970","0"
"8379","20011210","2","6.2","48","6.7","5.2","1.9","0","104010","0"
"8380","20011211","3","2","28","7.5","3.8","0.9","0","103990","0"
"8381","20011212","5","0","12","7.1","4.4","1.4","0","103440","0"
"8382","20011213","8","0","12","4.4","5.6","4","0","103420","0"
"8383","20011214","2","6.9","50","5.8","2.2","0","0","103970","0"
"8384","20011215","3","4.2","39","4.9","2.7","-0.4","0","103860","0"
"8385","20011216","7","0","12","5.9","2.4","-0.1","0","103870","0"
"8386","20011217","5","0","12","8.4","3.2","0.5","0.2","103980","0"
"8387","20011218","3","3.7","36","6.7","5.2","2.1","0","103910","0"
"8388","20011219","6","2.7","31","4.9","2.6","-1.5","0.4","103210","0"
"8389","20011220","4","4.5","40","8.2","2.9","0.9","0","103060","0"
"8390","20011221","6","0","12","2.8","3.7","-0.8","0.8","101520","0"
"8391","20011222","1","7.3","51","5.3","0.4","-1.9","0","101490","0"
"8392","20011223","3","6.3","47","9.1","0.9","-3.5","0.2","102060","0"
"8393","20011224","8","0.3","16","5.7","3.4","-2.4","0.8","100920","0"
"8394","20011225","6","0.1","14","6.3","5.1","4.5","3.2","100060","0"
"8395","20011226","3","5.4","44","9.4","2","-2.2","0.6","100990","0"
"8396","20011227","6","0.5","18","8.5","4.2","-1","0","100560","0"
"8397","20011228","7","4","38","3.1","7.4","6.2","0","100370","0"
"8398","20011229","5","0.2","15","4.8","2.1","1.1","0.2","100220","0"
"8399","20011230","3","4.8","42","3.9","1.4","-2","0","101190","0"
"8400","20011231","1","7.2","52","3.8","1","-1.9","0","103150","0"
"8401","20020101","0","6","48","4.2","-0.8","-5.3","0","103780","0"
"8402","20020102","4","5","44","3.9","0","-4.2","0","103070","0"
"8403","20020103","6","6.2","49","7","1.2","-1.6","0","102700","0"
"8404","20020104","4","5.1","45","8.9","1.8","-3.5","0.2","102810","0"
"8405","20020105","8","0","13","8.3","2.8","-3.4","0","103360","0"
"8406","20020106","8","0","13","5.9","7.4","6.5","0","103560","0"
"8407","20020107","8","0","13","4.7","5.4","4.9","0.6","103400","0"
"8408","20020108","8","0","13","5.8","4.2","3.6","0","103210","0"
"8409","20020109","6","1.2","25","7.9","3.4","0.9","0.6","103280","0"
"8410","20020110","6","2.9","36","5.7","4.9","1.9","2.4","102880","0"
"8411","20020111","6","0.7","22","9","2.8","0","0","102900","0"
"8412","20020112","7","0","14","11.1","4.5","0","0.4","102870","0"
"8413","20020113","8","0","14","10.8","7.2","3.3","0","102330","0"
"8414","20020114","8","0.2","18","9.4","9.8","8.8","3.8","102190","0"
"8415","20020115","5","1.8","31","9.3","8.4","7.5","0","101610","0"
"8416","20020116","6","0.4","21","10.1","4.4","-0.5","0.2","102060","0"
"8417","20020117","6","0","15","8.9","6.4","2.8","2.8","101620","0"
"8418","20020118","5","2.8","39","11.1","4.8","0.6","0.8","101670","0"
"8419","20020119","3","5.9","56","12.8","6.4","1.7","0","101230","0"
"8420","20020120","7","0","16","12.6","9.3","5.8","2.2","101110","0"
"8421","20020121","6","0.8","26","10.7","11.6","10.6","1","100800","0"
"8422","20020122","6","5.1","54","12.1","9.3","7.9","1.2","100280","0"
"8423","20020123","8","0.2","20","10.6","9.8","7.6","4.8","99070","0"
"8424","20020124","7","1.2","31","11.9","9.3","8","0","99680","0"
"8425","20020125","7","0","17","12.1","6.4","1","6","101180","0"
"8426","20020126","8","0.1","20","13.9","8.4","4.8","13","100100","0"
"8427","20020127","8","0","18","12.7","10.7","7.5","5.6","100390","0"
"8428","20020128","4","5.5","61","14","10.6","8.6","0.8","101300","0"
"8429","20020129","6","0.9","30","13.3","10.6","7.1","0","101980","0"
"8430","20020130","7","0","19","12.4","11.4","9.6","1","101280","0"
"8431","20020131","5","1.4","36","13.6","9.1","5.8","3.6","101180","0"
"8432","20020201","7","0","19","13.5","10","6.5","0.2","100860","0"
"8433","20020202","7","0.8","31","11.6","12.9","12.3","0.2","101040","0"
"8434","20020203","8","0","20","12.9","10.4","9.3","18.2","100550","0"
"8435","20020204","6","0","20","12.8","9","5.1","8.4","100650","0"
"8436","20020205","6","4.3","61","9.7","10.1","7.4","1.6","99580","0"
"8437","20020206","3","5.1","67","12","6.9","4.1","0","100510","0"
"8438","20020207","6","0","21","13.2","6.2","0.5","1","101690","0"
"8439","20020208","8","0.2","27","12.1","8.6","3.9","0.2","101530","0"
"8440","20020209","6","3.2","57","12.9","11.1","10.1","1.2","100530","0"
"8441","20020210","6","2.4","51","13.8","9.6","6.4","0.2","100760","0"
"8442","20020211","8","0.1","26","13.6","10.8","7.8","1.6","100220","0"
"8443","20020212","6","2.4","53","10.4","11.8","10.1","0","101040","0"
"8444","20020213","7","0.6","35","8.9","8.6","6.7","0.4","101820","0"
"8445","20020214","4","7.4","91","9","6","3.2","0","103010","0"
"8446","20020215","3","8.5","100","10","4.2","-0.7","0","103430","0"
"8447","20020216","1","9.1","105","7.7","5.6","1.1","0","103110","0"
"8448","20020217","7","2.4","57","9.3","3.4","-0.9","0.4","102280","0"
"8449","20020218","6","8.4","104","11.7","4.6","0","0","102260","0"
"8450","20020219","7","1.3","47","10.7","8.4","5.1","8","101730","0"
"8451","20020220","5","5.3","84","11.3","9.8","8.9","1.6","99960","0"
"8452","20020221","6","0.2","33","13.8","6.2","1.2","1","101800","0"
"8453","20020222","6","5.5","88","7.7","8.2","2.5","0.2","100250","0"
"8454","20020223","3","6.7","99","10.5","6","4.3","0.2","100390","0"
"8455","20020224","7","0","29","12.9","5.6","0.7","8.6","100980","0"
"8456","20020225","8","0","30","12","8.4","3.8","8","99920","0"
"8457","20020226","6","4.8","88","9.6","10","8.1","2.8","99020","0"
"8458","20020227","4","6.8","105","9.9","5.9","2.2","0","99640","0"
"8459","20020228","4","5.9","99","7.8","6.7","3.5","0","99740","0"
"8460","20020301","4","2.3","73","8.8","3.6","-0.7","0.4","101060","0"
"8461","20020302","3","7.7","128","10.5","4.2","-0.3","0.2","101820","0"
"8462","20020303","7","1.4","63","9","6.5","2.5","0","102000","0"
"8463","20020304","8","0","36","11.9","7.6","6.2","0","101940","0"
"8464","20020305","7","3.5","91","12.2","8","4","0","101480","0"
"8465","20020306","7","0","38","14.7","8.6","5.1","0","100820","0"
"8466","20020307","4","6.3","123","14.2","11.8","8.9","0","101760","0"
"8467","20020308","7","0.9","60","12","9.6","5","0.2","102260","0"
"8468","20020309","3","9.5","156","11.5","7.8","3.5","0","101280","0"
"8469","20020310","6","0.1","45","13.4","6.8","2","0.6","101130","0"
"8470","20020311","7","2.6","88","12.5","10.6","7.7","0.6","101070","0"
"8471","20020312","7","1.5","73","7.2","8.6","4.8","4","101420","0"
"8472","20020313","8","0","42","6.5","6","4.8","0.2","101680","0"
"8473","20020314","7","0","43","9.8","5.7","4.9","4","101010","0"
"8474","20020315","7","0","43","14.8","6.8","3.7","5.2","100620","0"
"8475","20020316","7","2.3","89","14.1","10.4","5.9","9.2","100960","0"
"8476","20020317","7","3.1","101","11.8","11.2","8.4","1","100540","0"
"8477","20020318","7","0.2","53","12","9.7","7.6","7.6","99480","0"
"8478","20020319","8","1","71","13.4","9.4","6.9","3.4","100310","0"
"8479","20020320","7","0.1","51","15.9","11.2","8.9","1","101190","0"
"8480","20020321","7","2.1","91","15.1","13.2","10.5","0","101900","0"
"8481","20020322","7","0.8","70","12.7","11.4","7.7","0","102630","0"
"8482","20020323","7","5.3","136","11.9","9.8","6.9","0","103270","0"
"8483","20020324","7","6.8","155","14.5","7.5","3.1","0","103360","0"
"8484","20020325","6","6.4","152","12.1","9","3.5","0","102960","0"
"8485","20020326","4","7.1","162","12","9.6","7.2","0","103110","0"
"8486","20020327","3","11.1","206","13.9","7.2","2.4","0","103220","0"
"8487","20020328","1","11","207","16.8","8.6","3.2","0","102700","0"
"8488","20020329","0","10.8","207","17.4","9.8","2.9","0","102110","0"
"8489","20020330","2","7.3","171","12.3","10.8","4.3","0","101960","0"
"8490","20020331","7","0.1","59","15.2","9.4","6.5","0","101560","0"
"8491","20020401","7","1.7","96","18.9","12.4","9.6","0","101370","0"
"8492","20020402","7","3.1","120","20.6","13","7.1","0","101010","0"
"8493","20020403","4","9.8","206","19.3","15.2","9.9","0","100600","0"
"8494","20020404","1","9.6","205","17.1","13.3","7.3","0","100840","0"
"8495","20020405","2","10.1","212","11.9","11.5","5.9","0","100740","0"
"8496","20020406","0","11.4","228","12.9","9.5","7.1","0","101650","0"
"8497","20020407","1","11.8","235","14.1","8.6","4.3","0","102210","0"
"8498","20020408","3","10.7","224","10.7","9.2","4.4","0","102380","0"
"8499","20020409","5","3.1","127","12.9","6.9","3.1","0","102460","0"
"8500","20020410","3","10.8","229","12.9","8.9","4.9","0","101980","0"
"8501","20020411","4","5.8","169","13.3","8.4","4","0","101180","0"
"8502","20020412","4","9.8","221","11.3","8.4","3.4","0","100950","0"
"8503","20020413","5","6.3","178","12.1","7.4","3.5","0","101180","0"
"8504","20020414","6","2.4","121","12.3","6.5","0.9","0","101340","0"
"8505","20020415","6","0.3","76","15.9","9.4","6.6","0","101650","0"
"8506","20020416","2","10.4","234","15.9","9.2","2.6","0","101710","0"
"8507","20020417","6","8","206","14.1","10.2","4.4","0.4","101500","0"
"8508","20020418","4","7.9","206","14.5","9.5","4.9","1.4","101580","0"
"8509","20020419","5","6.8","193","17.8","10.1","5.7","0","102150","0"
"8510","20020420","6","7.7","206","20.2","10.8","3.9","0","102940","0"
"8511","20020421","6","11.6","256","20.8","13.4","6.7","0","103300","0"
"8512","20020422","7","6.5","192","22.6","15","9.2","0","103070","0"
"8513","20020423","5","11.9","263","22.1","15.7","8.8","0","103150","0"
"8514","20020424","4","7.9","214","17.9","15.8","9.6","0","102720","0"
"8515","20020425","6","9.4","235","15","13.7","9.5","4","102230","0"
"8516","20020426","6","4.6","169","14.7","11.6","8.2","4.2","100700","0"
"8517","20020427","6","5.4","182","15.5","10.2","5.6","8","100900","0"
"8518","20020428","5","5.6","186","15.3","12","8.5","2","99470","0"
"8519","20020429","4","10.1","249","12","10.4","5.5","4.6","100000","0"
"8520","20020430","7","0","70","15.3","10.1","8.2","13.8","99880","0"
"8521","20020501","4","11.4","268","15.5","11","6.6","0","100180","0"
"8522","20020502","6","6.9","210","16.9","10","4.5","3.6","100890","0"
"8523","20020503","3","10.5","259","13.8","11.2","5.5","0","101760","0"
"8524","20020504","5","8.6","235","12.2","9.4","4.9","0","102220","0"
"8525","20020505","5","5.1","185","16.1","8.2","4.1","0.6","102390","0"
"8526","20020506","6","7.8","226","16.6","11.4","6.6","5.6","102240","0"
"8527","20020507","6","2.7","146","16.7","12.8","9.1","0","102140","0"
"8528","20020508","6","3","152","13.3","12","7.2","0","101830","0"
"8529","20020509","8","0","75","16.7","11.2","9.1","0","101250","0"
"8530","20020510","8","0","75","17.5","13.3","9.9","0","100840","0"
"8531","20020511","7","0.8","106","16.9","14.4","11.4","0","101070","0"
"8532","20020512","6","3.3","160","14.7","13.1","9.3","0.4","101330","0"
"8533","20020513","8","0","76","16.8","12.6","10.4","10.6","100740","0"
"8534","20020514","6","8.2","239","19.7","13.8","10.7","0.4","101080","0"
"8535","20020515","6","10.4","270","25.1","15.1","10.5","0","102230","0"
"8536","20020516","4","13.5","310","23.5","16.6","8.1","0","101890","0"
"8537","20020517","7","6.1","210","18.9","18.8","14.2","4.2","101070","0"
"8538","20020518","7","2.8","154","19.8","16","13.2","0","101260","0"
"8539","20020519","7","7.8","237","19","15.6","11.5","0","101640","0"
"8540","20020520","7","1.4","125","18.3","15.8","12.7","12","101000","0"
"8541","20020521","7","3.7","173","18.6","15.6","12.9","7","99910","0"
"8542","20020522","5","9.7","266","18.3","15.9","13.2","0.2","99460","0"
"8543","20020523","5","10.3","275","17.9","15.1","11.9","3.8","100410","0"
"8544","20020524","7","5.7","208","16.8","14.4","10.8","3","100250","0"
"8545","20020525","6","9.4","263","13.5","13.3","9.8","4.8","100640","0"
"8546","20020526","6","3.4","169","18","11.4","9.2","7.8","99920","0"
"8547","20020527","4","9.5","266","16.2","11.8","5.6","0.6","100330","0"
"8548","20020528","6","3.5","172","17.6","12.8","9.4","0.6","100430","0"
"8549","20020529","5","9.2","263","17.3","13.8","10","0.4","101240","0"
"8550","20020530","6","4.9","198","19.8","13.6","9.9","0.8","102100","0"
"8551","20020531","5","12.6","310","22.8","14.2","8.6","0","102540","0"
"8552","20020601","1","14.3","330","26.8","16.3","9.8","0","102430","0"
"8553","20020602","6","9.9","275","17.7","19.4","11.9","0","101610","0"
"8554","20020603","7","2.5","156","16.6","15.6","13.6","0.6","100890","0"
"8555","20020604","7","0.6","108","15.4","13","9.4","0","100580","0"
"8556","20020605","7","0","80","17.4","13.4","11.3","29.2","99790","0"
"8557","20020606","8","0","80","15.5","14.8","12.1","1.2","99920","0"
"8558","20020607","8","0","80","17.8","14.9","14.3","0.4","100220","0"
"8559","20020608","6","1.7","139","15.3","14","10.1","0.4","100560","0"
"8560","20020609","7","2.1","148","17.2","13.8","12.2","6","100540","0"
"8561","20020610","6","4.7","199","18.2","13.8","10.5","12.8","100780","0"
"8562","20020611","6","9.7","275","17.6","13.8","9.3","11.6","101260","0"
"8563","20020612","8","1.8","142","20.7","14.4","11.1","1.6","101280","0"
"8564","20020613","8","2.3","153","21.6","15.8","10.8","0","101450","0"
"8565","20020614","7","1.6","137","21.1","18","14.4","0.2","101270","0"
"8566","20020615","6","7.9","250","22.1","17.1","13.1","0.6","101400","0"
"8567","20020616","8","1.5","135","26.6","18.3","14.5","0","101510","0"
"8568","20020617","2","15.5","349","22.6","20.6","14.6","4.8","101440","0"
"8569","20020618","6","8.3","256","21.5","19.2","15.7","0","101700","0"
"8570","20020619","6","13.1","320","22.3","16.2","10.9","0","102250","0"
"8571","20020620","6","4.3","193","21.9","18.2","14","0.6","102030","0"
"8572","20020621","7","6.7","232","19.5","17.2","12.4","2.8","102000","0"
"8573","20020622","7","1.8","142","20.4","16.2","12.8","0","101820","0"
"8574","20020623","5","11.2","296","22.2","15.7","11","0","102120","0"
"8575","20020624","2","14.8","341","20","15.7","9.2","0","102650","0"
"8576","20020625","4","7.6","245","24","14.8","9.7","0","102770","0"
"8577","20020626","2","15.1","344","18.8","17.2","10.3","0","102230","0"
"8578","20020627","4","10.1","281","18.5","15.2","11.7","0","101920","0"
"8579","20020628","4","9.9","278","19.5","13.9","9.3","0","102230","0"
"8580","20020629","5","10.6","287","20.3","14","8.5","0","102190","0"
"8581","20020630","7","1.9","144","18.4","15.6","10.8","1.4","101490","0"
"8582","20020701","7","4.4","193","19","15","11.7","2.4","100140","0"
"8583","20020702","7","2","146","17.9","14.8","10.7","12","99980","0"
"8584","20020703","7","2","146","19.9","14.5","11.1","5.8","99810","0"
"8585","20020704","5","7.2","238","19.8","14.9","9.9","2.8","101520","0"
"8586","20020705","8","0.9","118","20.9","16","12.3","7.8","100900","0"
"8587","20020706","7","3.3","172","20.8","17","13","0.4","101490","0"
"8588","20020707","8","2.9","164","19","17.2","13.6","0.6","101450","0"
"8589","20020708","8","0","79","21.4","17","15.1","11.6","100820","0"
"8590","20020709","6","4.7","196","19.1","18.4","15.5","1.4","100430","0"
"8591","20020710","4","10.7","284","20.1","14.9","10.7","4.6","100940","0"
"8592","20020711","4","9.8","272","17.3","15.3","10.5","2.4","101640","0"
"8593","20020712","6","0.1","87","22.7","13.8","10.4","0","101930","0"
"8594","20020713","2","14.7","333","25","16.8","10.9","0","102110","0"
"8595","20020714","3","15.2","338","25.9","18.2","11.4","0","102670","0"
"8596","20020715","3","10.8","283","25.6","19.5","13.1","0","102470","0"
"8597","20020716","5","10.8","282","21.9","20.8","15.9","0","102100","0"
"8598","20020717","5","7.9","242","23.4","17.5","13.1","0","102090","0"
"8599","20020718","6","6.3","218","24.2","19.1","14.8","0","102060","0"
"8600","20020719","5","12.6","303","23.2","18.6","12.9","0","101930","0"
"8601","20020720","6","7.5","235","19.8","18.8","14.4","0","101490","0"
"8602","20020721","4","4.5","187","22.3","15.7","11.6","0","101840","0"
"8603","20020722","6","6.3","216","20.4","16.4","10.5","0","101960","0"
"8604","20020723","7","0.5","100","20.3","17.4","14.3","0","101250","0"
"8605","20020724","7","5.1","196","21.7","17.6","14.9","0","101620","0"
"8606","20020725","6","3.6","169","27.6","17","12.2","0","101650","0"
"8607","20020726","4","10.6","272","24.9","21.8","16.1","0","101660","0"
"8608","20020727","6","5.5","200","29.7","20.2","15.6","0","101760","0"
"8609","20020728","2","13.6","307","32.5","23.4","17","0","101760","0"
"8610","20020729","3","7.6","230","25.4","25.2","18","0","101730","0"
"8611","20020730","6","2.1","138","21.8","22.1","18.8","4.2","101160","0"
"8612","20020731","7","0.7","103","21.1","19.7","17.6","11.2","100790","0"
"8613","20020801","6","2.7","148","23.6","16.9","12.7","0","101180","0"
"8614","20020802","4","11.5","277","19.3","17.8","12.1","0.4","101080","0"
"8615","20020803","7","2.1","135","21.8","17.3","15.3","17.6","101140","0"
"8616","20020804","6","4.9","184","21.3","17.3","12.8","4.5","101210","0"
"8617","20020805","6","3.1","153","24","16.8","12.3","1.4","101450","0"
"8618","20020806","6","5.1","186","26.7","19.6","15.1","0","101670","0"
"8619","20020807","6","9","240","20.4","21.4","16.1","3.2","101700","0"
"8620","20020808","7","0.7","99","19.7","17.9","15.4","5.8","101100","0"
"8621","20020809","6","2.6","141","22.1","16.8","13.9","2.4","100240","0"
"8622","20020810","6","4.5","173","21.9","18.1","14.1","0.6","100490","0"
"8623","20020811","6","4","164","22.6","17.8","13.8","0.2","100730","0"
"8624","20020812","5","6.2","197","25.6","18.8","14.9","0","101390","0"
"8625","20020813","3","9.4","238","25.4","19.4","13.2","0","102020","0"
"8626","20020814","2","13.2","281","28.4","20.2","15.1","0","101920","0"
"8627","20020815","5","7.3","208","27.1","22.6","16.7","0","101600","0"
"8628","20020816","4","12.1","266","30","21.6","16.1","0","101790","0"
"8629","20020817","5","9.9","239","25.8","22.8","15.7","0","101370","0"
"8630","20020818","7","4.9","171","25.5","21.4","17.1","0","101090","0"
"8631","20020819","6","7.4","205","23.2","21.6","17.7","0","101250","0"
"8632","20020820","7","2.6","132","23.2","20","16.9","0","101460","0"
"8633","20020821","6","11.4","251","23.5","18.8","14.3","0","101870","0"
"8634","20020822","7","7.6","204","23.5","19.2","15","0","101930","0"
"8635","20020823","7","5.3","172","23.6","19","14.6","0","101900","0"
"8636","20020824","6","7.1","195","21.7","19.4","15.1","0","102080","0"
"8637","20020825","6","6.1","180","17.6","18.4","15","0","102470","0"
"8638","20020826","7","0","60","22.1","15.2","12.7","0","102360","0"
"8639","20020827","5","4.4","154","24","18.4","14.7","0","102030","0"
"8640","20020828","5","11.2","237","24.5","19.2","14.4","0","102030","0"
"8641","20020829","6","2.1","115","22.6","19.2","14","0","101900","0"
"8642","20020830","6","1.8","108","20.9","19.4","16.1","0.2","101710","0"
"8643","20020831","5","10.2","221","21.1","17.2","13.5","0","102410","0"
"8644","20020901","2","10.9","218","22.9","15.2","9.3","0","103080","0"
"8645","20020902","4","10.2","209","24","16.6","10.2","0","102740","0"
"8646","20020903","5","3.1","122","23.4","19.4","14.7","0","101700","0"
"8647","20020904","4","8.3","186","23.4","17.4","11.3","0","101160","0"
"8648","20020905","6","7.6","176","22.7","18","12.7","2","101320","0"
"8649","20020906","7","5","144","21","19.2","15.6","1.2","101180","0"
"8650","20020907","6","7.3","170","20.6","17.4","13.7","0.2","100750","0"
"8651","20020908","5","6.7","162","15.6","15.4","10.1","0.2","100730","0"
"8652","20020909","6","0","52","21.1","13.6","11.7","15.8","100680","0"
"8653","20020910","2","11.5","208","22.4","15.6","10","0","101980","0"
"8654","20020911","4","9.6","188","23.5","16.2","9.9","0","102610","0"
"8655","20020912","3","9.2","182","24.6","18.9","14.3","0","102520","0"
"8656","20020913","1","11.3","201","19.3","19","13.3","0","102550","0"
"8657","20020914","7","2","94","18.3","17.2","15","0","102730","0"
"8658","20020915","7","2.8","105","19.5","16.3","14.3","0","102590","0"
"8659","20020916","5","8.1","165","19.2","14.8","10.1","0","102220","0"
"8660","20020917","7","2.7","101","18.7","15.5","11.8","0","101960","0"
"8661","20020918","6","0","46","19.7","15.2","11.6","0","101740","0"
"8662","20020919","7","1.8","86","18.9","16.2","12.8","0","101710","0"
"8663","20020920","7","0.3","57","19.1","16.6","14.2","0","102120","0"
"8664","20020921","7","3.9","112","17.9","16.1","13.1","0","101980","0"
"8665","20020922","5","4.6","119","19.2","15.2","12.6","0.2","101820","0"
"8666","20020923","2","8.5","157","18.1","14.8","10.5","0","102210","0"
"8667","20020924","3","6.9","140","19","13.5","8.9","0","102510","0"
"8668","20020925","5","5.2","121","18.2","13","7","0.4","102210","0"
"8669","20020926","5","8.7","153","17.2","14.6","11","0","102000","0"
"8670","20020927","6","0","41","19.2","12.4","7.7","0","102580","0"
"8671","20020928","4","5.3","118","20.7","13.9","8.6","0","102800","0"
"8672","20020929","6","9.1","152","21.4","15","9.2","0","102600","0"
"8673","20020930","6","7.6","137","21.8","15.4","9.4","0","102230","0"
"8674","20021001","7","2","77","19.9","16","10.3","0","102050","0"
"8675","20021002","7","2.8","86","20.3","16.9","13.9","0.6","101890","0"
"8676","20021003","6","6.6","123","18.8","17.1","13.9","0","102320","0"
"8677","20021004","3","7.4","129","18.8","12.8","6.8","0","102880","0"
"8678","20021005","5","2.4","78","18.7","13.3","7.8","0","102520","0"
"8679","20021006","6","7.9","130","17.5","15","11.3","0","102110","0"
"8680","20021007","7","1.5","64","16.4","14.4","11.4","0","101890","0"
"8681","20021008","7","1.5","64","15.6","13.8","11.2","0","101160","0"
"8682","20021009","5","7.8","124","16.7","12","8.4","0.2","100600","0"
"8683","20021010","7","4.9","98","13.7","13.8","10.8","0","100880","0"
"8684","20021011","7","0","33","16.2","12.2","10.8","3.6","101220","0"
"8685","20021012","5","5.6","101","11.9","12.6","9.1","0","101090","0"
"8686","20021013","8","0","32","12.2","8.6","5.4","11.8","100570","0"
"8687","20021014","8","0.1","35","14.4","10.2","8.3","3.2","100450","0"
"8688","20021015","8","0","31","11.7","11.7","9","10.8","99970","0"
"8689","20021016","7","0","30","11.9","10.5","9.3","0","100020","0"
"8690","20021017","4","6.9","104","10.7","7.9","3.9","1.8","100490","0"
"8691","20021018","4","4.2","82","11.9","6.8","2.8","1.6","100960","0"
"8692","20021019","4","7.8","108","14.1","6.4","0.9","0","101920","0"
"8693","20021020","8","0","28","17.6","9.2","4.3","1.6","101250","0"
"8694","20021021","7","2.3","61","16.4","12.6","7.6","7","99420","0"
"8695","20021022","7","1.2","48","12.1","14.6","12.9","3.8","98320","0"
"8696","20021023","4","8.8","109","14.4","9.6","7.2","0","99970","0"
"8697","20021024","4","5.5","85","16.3","8.4","2.4","3","100610","0"
"8698","20021025","6","3.1","65","16.1","11.6","6.9","4.4","99310","0"
"8699","20021026","4","7.3","94","14.1","12.7","9.3","2","100860","0"
"8700","20021027","5","5.3","80","13.7","12.6","11.2","0.2","100540","0"
"8701","20021028","5","5.9","83","14.2","9.3","4.9","0","102790","0"
"8702","20021029","7","0.2","30","11.5","11.2","8.1","0.2","101540","0"
"8703","20021030","8","0","24","13.9","10.7","9.9","5.6","101460","0"
"8704","20021031","8","0.2","29","15.2","12","10.1","0.2","101840","0"
"8705","20021101","7","0","23","15.9","13.4","11.5","4.8","101210","0"
"8706","20021102","7","0.2","28","14.8","13","10.1","16","100720","0"
"8707","20021103","4","4.7","68","14.2","12.6","10.3","1.2","100460","0"
"8708","20021104","4","6.7","79","14.3","10.4","6.7","0","101700","0"
"8709","20021105","8","0.1","24","13.8","11","7.7","5.2","102200","0"
"8710","20021106","7","0","21","10.9","12.8","11.9","13.2","101390","0"
"8711","20021107","1","7.4","80","13.9","7.8","4.7","1","101790","0"
"8712","20021108","8","0","20","11.5","9.4","5","7.6","100770","0"
"8713","20021109","7","2.2","45","15.4","9.7","7.9","8.6","100640","0"
"8714","20021110","7","0","19","14.1","11.5","7.6","1.4","100270","0"
"8715","20021111","4","6.7","72","12.7","10.7","7.3","8.8","100380","0"
"8716","20021112","6","1.6","38","12.2","11.1","9.5","13.8","99970","0"
"8717","20021113","7","2.6","45","13.2","9.9","7.6","8.6","98870","0"
"8718","20021114","6","4.9","59","13.2","11.2","9.3","10","97730","0"
"8719","20021115","6","1.7","37","10.4","10","6.7","1.4","98950","0"
"8720","20021116","6","0.4","25","9","8.5","6.6","0.8","99960","0"
"8721","20021117","7","0","17","9.9","8.2","7.3","2.8","100790","0"
"8722","20021118","4","5.1","57","10.3","5.2","0.6","0","101310","0"
"8723","20021119","6","4","50","11.7","5.8","1.4","0","101070","0"
"8724","20021120","7","0","17","12","9.4","7.2","3.8","100270","0"
"8725","20021121","6","0.1","19","11.2","10.2","8.4","12.4","98740","0"
"8726","20021122","6","2.2","37","12.3","9.6","8.1","12.2","99110","0"
"8727","20021123","4","3.9","47","10.3","9","5.7","3.2","99850","0"
"8728","20021124","5","0.8","26","8.7","7.4","4.6","7.2","100320","0"
"8729","20021125","7","0.2","19","12.8","6.8","4.8","0","100540","0"
"8730","20021126","5","5.5","53","11.8","8.2","3.5","0","101100","0"
"8731","20021127","6","2","34","13.3","8.3","4.8","1.2","100660","0"
"8732","20021128","4","2.6","37","9.4","10.8","8.3","1.4","100440","0"
"8733","20021129","7","0.5","22","12.2","8","6.5","0","101110","0"
"8734","20021130","8","0","14","12.4","9.6","7.1","4.4","101910","0"
"8735","20021201","6","1.6","28","10.9","10","7.6","2.6","100170","0"
"8736","20021202","7","1.4","26","10.5","9.3","7.7","0.8","99820","0"
"8737","20021203","7","1","23","10.2","8.6","6.8","0.8","100870","0"
"8738","20021204","5","0.9","22","8.8","8","5.7","3.6","101240","0"
"8739","20021205","3","6.5","51","8.5","6.6","4.3","0","102460","0"
"8740","20021206","7","0","13","5.9","6.7","4.9","0.2","103070","0"
"8741","20021207","8","0","13","4","5.1","4.3","0.2","102610","0"
"8742","20021208","8","0","13","5.4","3.7","3.4","0.4","102410","0"
"8743","20021209","5","6","48","3.8","4","2.5","0","102430","0"
"8744","20021210","8","0","12","3.8","2.4","1","0","102070","0"
"8745","20021211","7","0","12","5.7","2.3","0.8","0","101880","0"
"8746","20021212","8","0","12","7.3","4.1","2.5","2","101740","0"
"8747","20021213","8","0","12","7.6","4.9","2.5","0.2","101980","0"
"8748","20021214","8","0","12","7.7","6.6","5.7","8.8","101540","0"
"8749","20021215","8","0","12","7","6.8","6","6.6","100510","0"
"8750","20021216","8","0","12","5.6","6.2","5.4","0.4","101470","0"
"8751","20021217","6","0","12","7","5.1","4.6","0","102510","0"
"8752","20021218","3","6.9","50","6.4","3.6","0.2","0","103130","0"
"8753","20021219","4","4.8","41","7.3","4","1.5","0","102680","0"
"8754","20021220","8","0","12","12","4.2","1.1","4","101760","0"
"8755","20021221","8","0","12","12.8","7.6","3.1","18","101550","0"
"8756","20021222","7","0.4","17","12.4","9.4","6.1","0","100620","0"
"8757","20021223","8","0","12","13.8","10.6","8.8","2.2","100660","0"
"8758","20021224","7","1.8","27","12.1","12","10.3","0.4","100400","0"
"8759","20021225","7","1.6","25","12.6","10.8","9.6","4.6","100850","0"
"8760","20021226","7","0.1","14","12.4","10.8","9.1","11.2","99590","0"
"8761","20021227","7","0","12","11.2","11.2","10.1","0","98940","0"
"8762","20021228","6","1.1","23","13.4","8.3","5.4","10.2","100070","0"
"8763","20021229","8","0","12","11.5","9.6","5.8","5.6","99940","0"
"8764","20021230","8","0","12","9.9","9.8","8.2","24.4","99900","0"
"8765","20021231","8","0","13","12.9","7.3","4.7","11.8","101180","0"
"8766","20030101","8","0","13","11.3","8.3","3.7","16","99560","0"
"8767","20030102","7","0.1","15","7.5","10","8.6","1.8","98630","0"
"8768","20030103","6","1.6","27","4.1","6.4","5.3","0.8","99760","0"
"8769","20030104","5","5.1","45","4.9","2.4","0.6","0","101290","0"
"8770","20030105","2","3.9","39","3.9","1.2","-2.4","0","101580","0"
"8771","20030106","3","7.2","54","1.7","1.2","-1.6","0.3","101810","0"
"8772","20030107","4","3.2","37","1","0","-1.7","0","101930","1"
"8773","20030108","5","0","13","3.1","-1.4","-3.8","2.1","101690","0"
"8774","20030109","5","6.8","54","5.1","1","-1.1","0.2","102200","2"
"8775","20030110","6","1.1","25","3.9","2.8","0.4","0.2","102730","1"
"8776","20030111","2","7.2","57","7.9","0.9","-2.1","0","103580","0"
"8777","20030112","4","6","52","11.7","1.4","-5.1","0","103490","0"
"8778","20030113","7","3.2","39","10.5","4.2","-3.2","0","102910","0"
"8779","20030114","8","0","14","10.4","8.8","7.2","0","102820","0"
"8780","20030115","6","0.5","21","10.1","9.6","8.7","0.2","102130","0"
"8781","20030116","5","4.8","49","7.2","6.4","2.7","0","102590","0"
"8782","20030117","6","0","15","9.7","5.6","4.1","0.6","101430","0"
"8783","20030118","6","1.1","27","10.1","5.8","1.9","11.8","101190","0"
"8784","20030119","6","2.8","39","9.7","7.3","4.5","5.6","99800","0"
"8785","20030120","7","0","16","9.4","7.6","5.5","5.4","99020","0"
"8786","20030121","7","0.1","18","9.5","8.7","8","11.2","98140","0"
"8787","20030122","7","1.8","34","8.7","7.2","4.8","0.2","99310","0"
"8788","20030123","4","5.6","58","10.3","7","5.4","0.2","102430","0"
"8789","20030124","5","4.5","52","12.9","5","-0.2","1","103640","0"
"8790","20030125","6","3.1","45","12.7","7.8","2.7","0.8","102990","0"
"8791","20030126","7","0.1","20","15.1","8.6","4.4","0.4","102940","0"
"8792","20030127","5","7.6","71","9.4","10.6","6","0.8","102760","0"
"8793","20030128","4","5","58","6.8","7","4.6","1.6","101700","0"
"8794","20030129","4","3.5","50","2.6","5.8","4.7","0","101130","0"
"8795","20030130","6","1.7","38","3.5","1.8","0.9","4.8","101100","0"
"8796","20030131","5","6","67","8.1","0.6","-2.2","7.6","102200","4"
"8797","20030201","5","3.5","52","8.8","3.2","-1.6","0.8","101460","1"
"8798","20030202","6","2.8","48","7.1","5.2","1.5","0.6","100460","0"
"8799","20030203","4","6.3","72","6.2","5.3","3.5","0","99440","0"
"8800","20030204","3","3.8","57","5","2.6","-1.1","0.2","100010","0"
"8801","20030205","3","6.9","77","8.1","2.4","-0.3","0","101320","0"
"8802","20030206","6","0","21","10.8","2.2","-3.6","0.8","101780","0"
"8803","20030207","7","0.5","30","10.9","5.6","0.4","0","101910","0"
"8804","20030208","8","0","22","8.3","9.5","8.1","5.2","101930","0"
"8805","20030209","8","0","22","6.8","7.8","7.3","1.6","101510","0"
"8806","20030210","7","0","23","6.9","5.2","3.5","3.6","102080","0"
"8807","20030211","8","0","23","7.5","6","5","2.8","102430","0"
"8808","20030212","8","0","24","2.7","6.5","5.5","0.2","102790","0"
"8809","20030213","7","3.5","63","4.7","2","1.4","0","102760","0"
"8810","20030214","3","7","89","4.8","1.6","-1.6","0","103030","0"
"8811","20030215","4","4","69","4","1.5","-1.8","0","103600","0"
"8812","20030216","5","3.2","63","4.4","2.5","1","0","103730","0"
"8813","20030217","3","7.9","99","5.4","2","-0.3","0","103710","0"
"8814","20030218","0","9.5","111","5.1","1.2","-2.9","0","102750","0"
"8815","20030219","4","6.1","89","8.8","1.2","-2.8","0","101420","0"
"8816","20030220","5","3.8","72","12.9","4.6","0.3","0.2","101210","0"
"8817","20030221","2","9.3","114","9.5","6.2","-0.4","0","102080","0"
"8818","20030222","2","8","107","13.3","5.4","1.2","0","102160","0"
"8819","20030223","6","2","58","14","7.9","2.5","0.2","102250","0"
"8820","20030224","7","2.1","60","12.7","9.1","4.2","0","102290","0"
"8821","20030225","6","6.4","99","14.5","8.2","3.7","0","101600","0"
"8822","20030226","7","2.7","68","13.8","9.8","5.1","0","101020","0"
"8823","20030227","7","1.8","59","10.6","9.6","5.3","0.2","101130","0"
"8824","20030228","7","0.1","35","14.3","9.2","7.9","4.4","101440","0"
"8825","20030301","5","1","56","11.6","9","3.7","1.6","101210","0"
"8826","20030302","4","7.6","127","9.8","8.5","5.4","0","101200","0"
"8827","20030303","6","0.2","43","14.2","5.4","1","0.8","101770","0"
"8828","20030304","8","0.5","50","12.9","9.4","4.6","0","101420","0"
"8829","20030305","8","0","37","12.1","11.2","9.5","7.4","101180","0"
"8830","20030306","5","9","146","11.3","7.3","2.5","0","101690","0"
"8831","20030307","6","1.4","67","11.3","8.2","5","5","101350","0"
"8832","20030308","7","0","39","13.2","8.4","5.6","0.2","101580","0"
"8833","20030309","7","3.5","96","13.2","10.6","8.1","0","101650","0"
"8834","20030310","5","0.8","60","12","10.6","7.9","0","101910","0"
"8835","20030311","6","0.1","45","9.1","10.2","8.5","0","101420","0"
"8836","20030312","6","1.7","76","9.4","7.4","5.6","1","102940","0"
"8837","20030313","5","5.9","128","10.9","7.1","4.8","0","103790","0"
"8838","20030314","1","10.1","171","10.6","6.4","1.8","0","103460","0"
"8839","20030315","1","10.3","175","13.7","6.5","2.4","0.2","103780","0"
"8840","20030316","2","10.4","178","16.6","8","2.4","0","104020","0"
"8841","20030317","2","10","176","12","8.6","0.6","0","103720","0"
"8842","20030318","6","8.2","160","14.8","7.8","3.6","0","103480","0"
"8843","20030319","3","9.4","174","15.4","7.6","0.4","0","103140","0"
"8844","20030320","5","8.4","166","9.8","8","0.7","0","102850","0"
"8845","20030321","5","1.9","88","13.5","7.4","5","0.2","102640","0"
"8846","20030322","2","9.8","184","18.9","7.1","0.7","0","102360","0"
"8847","20030323","0","10.6","193","17","10.1","1.3","0","102270","0"
"8848","20030324","3","7.8","166","16.9","11.4","5.9","0","102350","0"
"8849","20030325","4","7.3","163","16.8","11.5","6.1","0","102340","0"
"8850","20030326","5","8.4","176","17.1","11.4","5.9","0","102020","0"
"8851","20030327","5","8.5","179","15.3","11.3","5.5","0","101780","0"
"8852","20030328","6","2","97","16","9.8","4.3","0","101370","0"
"8853","20030329","7","0.6","71","16.6","11","5.9","0","101380","0"
"8854","20030330","4","10.1","202","14.2","12.2","7.7","0","101950","0"
"8855","20030331","2","11.4","217","11.8","9.2","4.2","0","102570","0"
"8856","20030401","6","1.8","98","11.5","7.8","3.7","3.4","101300","0"
"8857","20030402","3","7.4","176","13.5","8.2","4.8","0.2","101590","0"
"8858","20030403","5","8.6","192","19.7","8.4","3.3","0","102720","0"
"8859","20030404","3","8.7","195","16.1","12.8","5.9","0","103110","0"
"8860","20030405","4","11.9","232","9.7","12","7.9","0","103310","0"
"8861","20030406","7","0","57","9.5","9.4","9","0","103040","0"
"8862","20030407","2","11.2","228","9.3","5.5","1.5","0","102770","0"
"8863","20030408","1","10.7","224","8.1","4.4","-0.5","0","102470","0"
"8864","20030409","5","5","156","8.9","4","-0.2","0","101800","0"
"8865","20030410","6","3.6","136","9.8","5","1.2","0.4","101090","0"
"8866","20030411","5","4.1","145","14.6","4.6","-0.7","0","101040","0"
"8867","20030412","4","7.1","188","18.6","7.6","0.5","0","101390","0"
"8868","20030413","6","8.3","204","18.2","12","5.5","0","101640","0"
"8869","20030414","7","0","62","23.5","14.8","11.3","0","101230","0"
"8870","20030415","6","7.9","202","26","17","10.5","0","101740","0"
"8871","20030416","0","12.9","263","22.4","17.4","8.7","0","102290","0"
"8872","20030417","0","12.8","263","21.4","16.6","10.7","0","102720","0"
"8873","20030418","0","12.6","263","11","15.6","9.7","0","102870","0"
"8874","20030419","7","1.4","106","15.2","8.4","5.7","0","102010","0"
"8875","20030420","7","5.4","174","15.7","10.8","6.4","2.8","100940","0"
"8876","20030421","5","8.3","215","17.7","12.4","9.2","0","101030","0"
"8877","20030422","2","9.1","227","18.7","11.6","5.5","0","101640","0"
"8878","20030423","4","11.7","260","16.5","12.6","6.5","0","101810","0"
"8879","20030424","7","2.2","126","18.9","11.4","6.4","0.2","101540","0"
"8880","20030425","7","0.3","82","16.7","14.3","9.7","5","101020","0"
"8881","20030426","6","4","159","17.4","12.3","7.9","0.4","100480","0"
"8882","20030427","6","5.6","185","14.9","13.6","9.7","8","100520","0"
"8883","20030428","8","0.1","76","17.7","12.5","10.1","1.2","99690","0"
"8884","20030429","4","9.5","241","17.7","13.2","8.7","0.6","100560","0"
"8885","20030430","6","5.8","191","17","13.8","9.9","7.8","100600","0"
"8886","20030501","6","5.7","191","14.6","12.8","8.6","3.2","101120","0"
"8887","20030502","7","1.5","118","16.9","12","9.5","4","100370","0"
"8888","20030503","5","6.1","199","22","12.2","7.6","0","101650","0"
"8889","20030504","5","10.9","265","17.3","14.7","7.4","0","101040","0"
"8890","20030505","6","9.7","251","17.6","14.4","11.6","0","101080","0"
"8891","20030506","2","12.9","292","19.7","11.4","5.3","0","102240","0"
"8892","20030507","5","12.2","285","15.9","12.9","6.1","0","102390","0"
"8893","20030508","7","2.4","141","18.1","11.7","7.5","0","101930","0"
"8894","20030509","4","11.8","282","15.3","13.2","8.2","0","101820","0"
"8895","20030510","4","4.9","186","17.2","10.8","6.3","0","101940","0"
"8896","20030511","4","6.7","215","14.6","11.4","5.7","0","101780","0"
"8897","20030512","4","4.8","186","13","10.9","7.2","6.2","101380","0"
"8898","20030513","4","7.2","224","15.9","8.4","3.8","4.8","101650","0"
"8899","20030514","4","7.7","232","16.8","10.2","4.4","0","102140","0"
"8900","20030515","4","12","291","12.9","10.6","4.4","2.8","102210","0"
"8901","20030516","8","0","77","16","10.7","8.5","2","101330","0"
"8902","20030517","7","2.1","140","16.7","13.3","10.6","3.4","100510","0"
"8903","20030518","7","1.6","129","16.5","13.8","11","0","100730","0"
"8904","20030519","6","4.6","187","15","13.7","10.9","8.7","100760","0"
"8905","20030520","5","2.2","143","16.6","11.5","8","1.4","101390","0"
"8906","20030521","7","4.8","192","19","13.3","10","1.8","102120","0"
"8907","20030522","8","0.4","99","18","16","13","0.2","101960","0"
"8908","20030523","6","3.4","168","17.8","15.2","12.5","0","101000","0"
"8909","20030524","7","5.5","205","18.3","13.6","9.4","0.6","100640","0"
"8910","20030525","5","6.3","218","19.9","13.4","8.4","0","101480","0"
"8911","20030526","5","12.4","304","19.3","14.1","8.3","0","102310","0"
"8912","20030527","8","0.1","88","23.7","15.2","11.2","0","102560","0"
"8913","20030528","5","8.8","257","25.8","17.7","11.7","0","102340","0"
"8914","20030529","5","12.4","306","27.2","18.8","11.9","0","101860","0"
"8915","20030530","4","10.4","280","28.9","19.8","12.5","0","101540","0"
"8916","20030531","5","14","327","24","22.4","15.8","0","101240","0"
"8917","20030601","7","1.5","133","22.7","19.2","14.4","1","100940","0"
"8918","20030602","6","5.7","213","22.5","18.7","14.7","0","100890","0"
"8919","20030603","7","3.3","172","21.5","17","11.5","0.4","101010","0"
"8920","20030604","6","4.1","187","21.8","17.4","13.4","2","101080","0"
"8921","20030605","4","13.7","325","19.1","16.2","10.5","0","101870","0"
"8922","20030606","7","0.1","88","23.2","15.6","12.1","3.6","101840","0"
"8923","20030607","7","7.2","238","21.9","19.2","15.1","7","101540","0"
"8924","20030608","6","7","235","21","16.9","11.9","2.8","101190","0"
"8925","20030609","6","12.4","310","22.7","15.4","9.9","1","101740","0"
"8926","20030610","6","6.2","223","21.6","18.8","14.9","0","101120","0"
"8927","20030611","5","10","279","23.5","17.6","13.6","0","101790","0"
"8928","20030612","4","11.2","295","23.6","18.1","12.7","0","102010","0"
"8929","20030613","3","14.2","333","24.8","17.1","10.6","0","102360","0"
"8930","20030614","5","12.7","315","26.5","20.4","16","0","102150","0"
"8931","20030615","4","15","343","27.5","19.3","12.1","0","102110","0"
"8932","20030616","4","13","319","26.1","21.2","14.8","0","101580","0"
"8933","20030617","6","3.9","185","21.1","20.9","15.7","1","101190","0"
"8934","20030618","6","3.7","182","24.7","17.2","13.3","0","101880","0"
"8935","20030619","6","4.4","194","22.4","20.6","16.6","0","102110","0"
"8936","20030620","1","15.4","348","25.3","17.2","12","0","102230","0"
"8937","20030621","5","12.3","310","25.7","18.4","11.6","1.4","101900","0"
"8938","20030622","7","1.4","133","23.4","20.3","14.9","18.4","100860","0"
"8939","20030623","5","8.4","257","23.6","19.6","15.8","0","100920","0"
"8940","20030624","1","15.4","348","22.8","17.4","11.1","0","102010","0"
"8941","20030625","5","10.4","285","24.4","18.1","13.4","0","102130","0"
"8942","20030626","5","7.7","247","22.3","19.6","14.9","0","101650","0"
"8943","20030627","6","0.1","89","22.5","19","15.8","0","101570","0"
"8944","20030628","4","10.5","286","26.3","16.6","10.7","0","101520","0"
"8945","20030629","4","11.8","303","21.2","18.6","10.9","2.2","100870","0"
"8946","20030630","7","2.8","163","20.3","18.3","15.4","6.8","100250","0"
"8947","20030701","7","1.2","127","20.4","17","13.8","1.2","99940","0"
"8948","20030702","7","1.5","134","19.8","17.4","14.4","5.6","100530","0"
"8949","20030703","7","0.2","94","22.1","16.7","13.6","0.4","101170","0"
"8950","20030704","6","3.1","169","19.4","16.8","11.5","0","101630","0"
"8951","20030705","5","4.7","197","23.2","15.6","11.9","0","101920","0"
"8952","20030706","5","7.7","244","22","19.1","15","0","102100","0"
"8953","20030707","5","9.6","271","25","17","12.1","0","102270","0"
"8954","20030708","7","1.4","130","28.3","19.4","13.8","0","102180","0"
"8955","20030709","5","8.4","253","29.3","22.2","16.1","0","102070","0"
"8956","20030710","3","11.5","295","23.9","22.8","16.2","0","101820","0"
"8957","20030711","5","12.9","312","26.7","19.2","14.4","0","102020","0"
"8958","20030712","4","15.1","338","28.5","19.5","12.3","0","102240","0"
"8959","20030713","1","15.4","341","29.6","21.6","14.8","0","101930","0"
"8960","20030714","0","15.3","339","32.8","22.6","15.6","0","101420","0"
"8961","20030715","3","14.8","332","24.4","24.9","17","0","100930","0"
"8962","20030716","6","3.3","168","21","21.6","18.7","3.8","100620","0"
"8963","20030717","7","0.1","86","25.1","19.2","17.3","2.2","101170","0"
"8964","20030718","5","8.3","247","28.5","20.4","15.7","0","101880","0"
"8965","20030719","5","10.7","279","24.4","22","15.4","0","101670","0"
"8966","20030720","5","12.5","301","25.1","20.2","16.1","0","101400","0"
"8967","20030721","4","10.6","276","24.2","19.9","14.7","0","101370","0"
"8968","20030722","5","6.9","225","24.6","19.4","14.6","0","101790","0"
"8969","20030723","7","3.4","167","24.2","19.9","15.2","0.4","101610","0"
"8970","20030724","7","5.2","197","21.4","19.7","15.2","1.6","101300","0"
"8971","20030725","6","1.8","134","20.7","18.4","15.5","4","100700","0"
"8972","20030726","6","1.4","124","23.5","16.6","12.5","5.4","100700","0"
"8973","20030727","5","9.4","256","23.1","19","14.5","0","101070","0"
"8974","20030728","6","7.4","228","21.4","17.4","11.8","0.4","101960","0"
"8975","20030729","8","0.2","86","24.8","18.8","16.1","2.8","101860","0"
"8976","20030730","6","7.9","233","23.1","20.4","15.9","0","101480","0"
"8977","20030731","6","2","135","19.5","19","15","1","101700","0"
"8978","20030801","8","0","72","25.1","17.4","15.2","0.2","101800","0"
"8979","20030802","3","14.5","312","29.5","18.7","12.3","0","102180","0"
"8980","20030803","2","13.9","304","31.8","21.3","13.1","0","102220","0"
"8981","20030804","3","12","281","32.2","24.2","16.7","0","102350","0"
"8982","20030805","5","10","255","35.2","25.4","18.7","0","102350","0"
"8983","20030806","2","12.7","286","29.7","27.8","20.3","0","101990","0"
"8984","20030807","3","12.9","288","30.7","23.8","18","0","102110","0"
"8985","20030808","0","12.3","279","35","24.8","18.8","0","102000","0"
"8986","20030809","0","13","286","37.9","26.6","18.3","0","101870","0"
"8987","20030810","1","12.5","279","33.7","29","20.1","0","101640","0"
"8988","20030811","5","10.4","253","30.1","26.8","20","0","101750","0"
"8989","20030812","6","8.6","229","28.5","24.4","18.7","0","102010","0"
"8990","20030813","5","10.5","251","25.1","23","17.5","0","102070","0"
"8991","20030814","2","13.5","285","24.5","20.3","15.5","0","101960","0"
"8992","20030815","3","12.6","273","24","19","13.4","0.6","101950","0"
"8993","20030816","5","3.7","154","27","19.4","14.8","0","101970","0"
"8994","20030817","6","7.1","203","25.3","21","15","0","101470","0"
"8995","20030818","6","5.7","183","23.2","21.1","16.9","0.4","101420","0"
"8996","20030819","5","7.3","204","23.4","17.3","11.4","0","102090","0"
"8997","20030820","3","13","270","23.7","17","10.6","0","102130","0"
"8998","20030821","6","4.4","161","26.3","18.8","14","0","101730","0"
"8999","20030822","5","4.6","163","27.1","22","17.6","0","101660","0"
"9000","20030823","6","4.2","155","25.4","22.2","17.4","0","102030","0"
"9001","20030824","5","8.1","207","21.3","22.6","19.7","0","102150","0"
"9002","20030825","7","0.1","68","23.1","18.2","15","0","101970","0"
"9003","20030826","6","1.8","112","23.2","18.8","14.6","0","101730","0"
"9004","20030827","6","2.2","118","18.8","20","16.8","0","101470","0"
"9005","20030828","7","0.3","74","19.2","17.2","15.5","8.2","100880","0"
"9006","20030829","6","1","92","19.5","16","12.8","1","100760","0"
"9007","20030830","2","12.5","247","20.5","14.3","9.1","0","101720","0"
"9008","20030831","5","9.9","218","19.4","14.4","8.4","0","102110","0"
"9009","20030901","6","6.8","173","21","16.2","13","0","102360","0"
"9010","20030902","7","2.3","110","22.4","16.2","11.5","0","102780","0"
"9011","20030903","6","0.5","74","24.5","18.6","14.9","0","103010","0"
"9012","20030904","0","11.8","222","26.9","17.8","11.2","0","102770","0"
"9013","20030905","5","5.6","153","21.8","20","13.1","0.2","101810","0"
"9014","20030906","4","6.8","166","19.3","18","14.2","0.4","101480","0"
"9015","20030907","5","2.8","113","22.1","14.4","9.5","0","101510","0"
"9016","20030908","6","5.4","147","20.8","16.2","10.3","0","100860","0"
"9017","20030909","6","6.9","163","21.9","17","13.1","2","101440","0"
"9018","20030910","7","4","127","18.5","17","12.1","0.2","101340","0"
"9019","20030911","7","1.1","81","20.9","14.5","10.5","0.2","102140","0"
"9020","20030912","6","8.7","177","23.9","16.8","12.8","0","102940","0"
"9021","20030913","5","11.4","202","26","17.2","10.5","0","103130","0"
"9022","20030914","2","11.1","197","26.1","18.6","11.3","0","102990","0"
"9023","20030915","5","9.8","183","27","18.6","11.1","0","102600","0"
"9024","20030916","3","10.8","190","27.9","19.4","11.9","0","102430","0"
"9025","20030917","2","11.3","193","21.7","19.8","11.8","0","102030","0"
"9026","20030918","5","3.2","107","23.5","17","12.2","0","101620","0"
"9027","20030919","2","7.1","150","27","17.8","12.1","0","101690","0"
"9028","20030920","2","9.6","172","26.8","19","11.1","0","101860","0"
"9029","20030921","5","7.8","153","21.9","20","13.1","0","101710","0"
"9030","20030922","5","3.5","106","14.9","19","16.1","4.2","100680","0"
"9031","20030923","2","9.9","169","17.3","10.8","6.7","0","102030","0"
"9032","20030924","2","10.7","174","19.7","10.6","4","0","103170","0"
"9033","20030925","3","10.7","173","20.4","12.7","5.7","0","102620","0"
"9034","20030926","6","5.7","125","17.6","13.8","7.3","1.2","101960","0"
"9035","20030927","7","2.6","89","16.1","14","10.5","0","101930","0"
"9036","20030928","5","4.4","109","18.8","12.5","8.9","0","101400","0"
"9037","20030929","2","10.1","160","20.8","12.1","5.4","0","101390","0"
"9038","20030930","7","4.3","105","18.6","14.9","9","0","101060","0"
"9039","20031001","7","0.4","51","18.4","15","11.3","3.8","100840","0"
"9040","20031002","7","0.1","43","18","14.6","10.7","2","101050","0"
"9041","20031003","7","0.1","42","13.2","15.4","12.9","0","100930","0"
"9042","20031004","5","2.4","79","13.3","10.6","7.9","0","101190","0"
"9043","20031005","3","9.8","146","15.3","8.6","3.8","1.2","101700","0"
"9044","20031006","7","3.5","89","14.4","11.1","6.9","0","100820","0"
"9045","20031007","5","6.1","113","20.4","12.8","11.2","0.2","100870","0"
"9046","20031008","6","2.5","76","18.7","12.6","4.8","0","101530","0"
"9047","20031009","5","7.5","121","19.3","15","11.2","0","101830","0"
"9048","20031010","6","2","68","18.3","16.2","13","1.4","101800","0"
"9049","20031011","1","9.5","133","17","13","7.7","0","102420","0"
"9050","20031012","6","5.1","97","17.1","12.7","8.4","0","102330","0"
"9051","20031013","7","2.9","75","16.5","13.6","10","0","102100","0"
"9052","20031014","6","6.3","104","15.8","13.5","10.5","0","102440","0"
"9053","20031015","4","9.3","125","15.7","12","8.2","0","102810","0"
"9054","20031016","1","9.4","124","15","11.6","7.5","0","102910","0"
"9055","20031017","1","9.4","122","16","11","6.9","0","102370","0"
"9056","20031018","4","6.8","102","13.2","10.2","4.4","0","101740","0"
"9057","20031019","6","3.7","76","12.2","9.8","6.3","0","101110","0"
"9058","20031020","5","5.9","93","11.3","9.2","6.1","0","100890","0"
"9059","20031021","4","6.4","95","9.2","6.3","1.3","4.6","101080","0"
"9060","20031022","8","0","27","11.1","6.3","3.4","0.6","100810","0"
"9061","20031023","4","8.2","105","10.3","8.8","6.5","0","101730","0"
"9062","20031024","5","5.8","87","11.3","5.2","0.1","0","102270","0"
"9063","20031025","4","4.3","74","11.8","5.8","0.3","0.2","102100","0"
"9064","20031026","3","7.6","96","12","8","4.1","0","101610","0"
"9065","20031027","2","8.8","103","12.2","6.4","0.8","0","102170","0"
"9066","20031028","4","7.4","92","10.3","6.3","0.4","3","101430","0"
"9067","20031029","7","1","41","10.4","7.3","4.3","6","99530","0"
"9068","20031030","7","4.7","72","12.6","6.8","3.3","11.6","98530","0"
"9069","20031031","7","3.8","64","12.1","9","5.4","0.6","97770","0"
"9070","20031101","6","6.5","82","14.6","9.4","6.6","4.4","99450","0"
"9071","20031102","6","1.1","39","15.4","10.8","6.9","6.2","99290","0"
"9072","20031103","4","7","82","15.4","11.9","8.4","0.2","100420","0"
"9073","20031104","5","6.3","77","15.7","9.9","4.4","0.2","102520","0"
"9074","20031105","4","7.2","81","18.4","12.7","9.7","0","102430","0"
"9075","20031106","6","4.7","65","13.9","12.9","7.4","0","102640","0"
"9076","20031107","3","8.3","85","10.5","11","8.2","0","102800","0"
"9077","20031108","8","1.1","36","11.1","9.4","8.2","0","102080","0"
"9078","20031109","7","0.5","29","14","7.8","4.4","1.2","101670","0"
"9079","20031110","5","2","42","12.6","10.6","7.2","0","102190","0"
"9080","20031111","8","0","19","14.7","10.1","7.6","4.4","101970","0"
"9081","20031112","5","4.2","56","14.3","11.3","7.9","0.2","101650","0"
"9082","20031113","4","3.2","49","14.1","10","5.7","0.8","102220","0"
"9083","20031114","6","5.1","60","13.3","12","9.8","0","100960","0"
"9084","20031115","7","3.9","52","10.5","11.1","8.9","0","101230","0"
"9085","20031116","4","7.1","69","13.9","7.9","5.3","0","101700","0"
"9086","20031117","6","0","17","15","8.3","2.7","2.8","102030","0"
"9087","20031118","8","0","17","14.7","11.5","8","0","102110","0"
"9088","20031119","8","0","17","13.1","13.4","12.2","0.2","102080","0"
"9089","20031120","8","0","17","9.9","12","10.9","5.8","101220","0"
"9090","20031121","8","0","16","8.8","9.5","9.1","12.4","100820","0"
"9091","20031122","8","0","16","7.5","8.4","8.1","27","100180","0"
"9092","20031123","8","0","16","9.7","7","6.6","18.2","100320","0"
"9093","20031124","5","1.6","32","12.5","8","6.2","0.2","100820","0"
"9094","20031125","8","0.4","22","9.8","7.5","2.5","16.4","100430","0"
"9095","20031126","5","3.1","41","9.1","9.1","8.4","2.6","99010","0"
"9096","20031127","3","4.2","46","11","5.5","1.9","0.2","100110","0"
"9097","20031128","4","6.5","57","12.2","5.3","-0.4","0","101020","0"
"9098","20031129","7","0","15","10.4","7.4","2.7","3","100390","0"
"9099","20031130","6","4.2","45","10.7","8","5.5","7.4","100150","0"
"9100","20031201","7","0.1","16","10.4","8.9","7.1","5","99890","0"
"9101","20031202","7","0.8","22","9.5","8.4","6.3","1.2","101250","0"
"9102","20031203","8","0","13","9.1","8.4","7.3","0","102320","0"
"9103","20031204","8","0","13","8.9","8.2","7.2","0","102900","0"
"9104","20031205","6","0","13","9","8.6","8.2","0.2","103030","0"
"9105","20031206","7","0","13","6","5.6","2.2","0.2","102920","0"
"9106","20031207","1","7.4","54","8","3.4","0.9","0","103010","0"
"9107","20031208","4","2.9","34","9.1","3.4","-1.2","0","102160","0"
"9108","20031209","5","6.3","49","9.8","4.6","0.2","0","101790","0"
"9109","20031210","8","0","12","11.7","6.2","2.5","5.2","101570","0"
"9110","20031211","8","0","12","13.4","6.6","1.4","1.2","100950","0"
"9111","20031212","7","0","12","14.1","8.2","3.1","8.2","101730","0"
"9112","20031213","7","0","12","9.9","10","6","1.4","100800","0"
"9113","20031214","4","3.7","36","6.1","8","6.1","0","101640","0"
"9114","20031215","3","7.1","51","6.1","4.3","2.5","0","102880","0"
"9115","20031216","5","2.1","28","8.4","1.5","-3.1","0","102980","0"
"9116","20031217","1","7.1","50","8.4","4","-0.5","0","102410","0"
"9117","20031218","1","6.9","50","9.6","4.4","0.3","0","101760","0"
"9118","20031219","7","0.1","14","12.8","5.4","1.1","1.8","101710","0"
"9119","20031220","6","0.3","16","7.3","8.9","5","3.4","100530","0"
"9120","20031221","4","5.2","43","5.3","5.4","3.6","0","100890","0"
"9121","20031222","4","2.8","32","9.8","2.8","0.3","1.2","102850","0"
"9122","20031223","8","0","12","10","5.2","0.6","1.6","102460","0"
"9123","20031224","8","0","12","11.4","7.6","5.2","0","102610","0"
"9124","20031225","7","0","12","10.7","10.3","9.2","0.2","102020","0"
"9125","20031226","8","0","12","8.1","10","9.2","1.6","100290","0"
"9126","20031227","5","2.7","32","5.8","5.8","3.4","2.2","99490","0"
"9127","20031228","5","2.5","31","3.7","4.2","2.6","2.6","99770","0"
"9128","20031229","7","0","12","5","2.4","1","8.8","100670","0"
"9129","20031230","8","0","12","5.7","3.4","1.8","1.2","101700","0"
"9130","20031231","8","0","13","8","3.3","0.9","4.6","102570","0"
"9131","20040101","8","0","13","4.7","4.3","0.6","1.2","100770","0"
"9132","20040102","6","0","13","5.7","4.6","4.4","0","101860","0"
"9133","20040103","7","0","13","8","1.6","-2.4","1","102270","0"
"9134","20040104","7","0","13","11.2","3.6","-0.7","0.4","101990","0"
"9135","20040105","8","0","13","11.7","7.1","3","1.8","101750","0"
"9136","20040106","7","3.1","36","10.4","9.3","6.9","0","101420","0"
"9137","20040107","7","0.9","23","11.9","8.5","6.6","7.4","101220","0"
"9138","20040108","6","2.1","31","9.5","9.9","7.9","2.8","99470","0"
"9139","20040109","4","3.1","37","12.1","7.1","4.7","0.4","100260","0"
"9140","20040110","8","0","14","11.5","7.9","3.7","7.6","100980","0"
"9141","20040111","6","2.8","36","10.5","10.1","8.7","5.8","100070","0"
"9142","20040112","6","1.7","30","9.2","7.4","4.2","7.6","99710","0"
"9143","20040113","5","3.2","39","7.1","7.6","6.1","1.8","98850","0"
"9144","20040114","6","0.4","20","9.3","5.6","4.1","2","99680","0"
"9145","20040115","5","3","39","8.4","5.2","1.1","6.6","100110","0"
"9146","20040116","5","3.6","42","6.5","5.8","3.2","0","99170","0"
"9147","20040117","4","5.3","52","7.9","3.2","-0.1","0.2","100330","0"
"9148","20040118","5","6.6","59","11.1","3.8","-0.2","0","102550","0"
"9149","20040119","7","0.1","18","10.1","5.6","0.1","0.2","101710","0"
"9150","20040120","8","0","16","9.9","9","7.9","0.8","101500","0"
"9151","20040121","8","0.4","22","8.5","8.8","7.7","0","101930","0"
"9152","20040122","8","0","16","8.9","7.5","6.5","5.4","101480","0"
"9153","20040123","8","0","17","10","7.4","5.8","3.8","101320","0"
"9154","20040124","3","7.3","67","7.3","7","4","0.2","101550","0"
"9155","20040125","4","5.4","58","5.4","3.4","-0.4","0","101410","0"
"9156","20040126","7","0","17","5.3","3.4","1.3","0","100460","0"
"9157","20040127","7","2.8","44","5.4","3.8","2.4","0.7","100830","0"
"9158","20040128","5","3.8","51","4.4","2.3","-0.8","4","100380","0"
"9159","20040129","1","8.3","77","10.6","0.9","-2.6","0","101080","2"
"9160","20040130","6","0.1","21","12.4","4.8","-1","4.8","100750","0"
"9161","20040131","8","0","19","12.9","8.2","4","5.4","99340","0"
"9162","20040201","7","2","41","14.3","11.1","9.3","7.6","100910","0"
"9163","20040202","8","0.1","22","15.3","12","9.6","0","101630","0"
"9164","20040203","8","0","20","16.6","13.4","11.6","1.4","101910","0"
"9165","20040204","7","1.5","39","13.5","14.4","12.1","0.2","102050","0"
"9166","20040205","7","0","21","11.3","12.8","12.1","1.6","102120","0"
"9167","20040206","7","0.4","29","10.2","10.8","10.2","5","101250","0"
"9168","20040207","3","6.1","75","8.8","8","5.7","1","101400","0"
"9169","20040208","3","5.8","74","6.2","6.6","4.3","0","102050","0"
"9170","20040209","5","5.9","76","9.4","1.9","-2.4","0","103570","0"
"9171","20040210","7","2.4","51","12.6","4.7","0","0","103180","0"
"9172","20040211","7","0","23","11.1","7.8","2.9","0","102980","0"
"9173","20040212","7","0","24","9.6","9.5","7.9","0","103400","0"
"9174","20040213","8","0","24","10","8.5","7.4","0.8","103400","0"
"9175","20040214","7","2.9","59","9","8.4","6.7","1.4","102800","0"
"9176","20040215","7","0.1","28","7.8","7.2","5.3","0.4","102750","0"
"9177","20040216","7","0","25","7.3","6.7","5.6","0","103070","0"
"9178","20040217","8","0","26","8","6.1","4.9","3.4","103020","0"
"9179","20040218","6","2.3","57","7.5","6","3.9","0.8","103100","0"
"9180","20040219","4","7","96","3.3","5.3","3.1","0","102750","0"
"9181","20040220","6","0.2","33","7.4","2.2","1.1","0","102170","0"
"9182","20040221","6","2","56","6.3","3.6","-0.2","0","101510","0"
"9183","20040222","6","1.4","51","5.9","4.4","2.4","0","101650","0"
"9184","20040223","3","7","101","6.3","3","0.1","0","102330","0"
"9185","20040224","6","0","29","3.9","1.6","-3.1","2.2","101670","0"
"9186","20040225","4","5","88","5.1","2","0.2","0","101160","0"
"9187","20040226","3","8.2","114","4.8","0.8","-3.6","0","100450","0"
"9188","20040227","5","1","50","3.2","0","-4.8","0.1","100090","0"
"9189","20040228","6","0.4","41","5.7","0.4","-2.4","0","100780","0"
"9190","20040229","4","3.6","80","6.6","2.4","-0.8","0.4","102210","0"
"9191","20040301","1","8.7","136","8.8","2.4","-1.9","0","103530","0"
"9192","20040302","2","8.9","140","10.9","2.5","-3.8","0","103540","0"
"9193","20040303","7","2.7","81","10.1","4.7","-1.5","2.4","102790","0"
"9194","20040304","8","0","37","10.1","6.8","3.4","0","102010","0"
"9195","20040305","6","1.3","65","9.6","7.5","4.9","0","101840","0"
"9196","20040306","6","0.2","45","7.8","6.9","4.2","1.2","102170","0"
"9197","20040307","6","1.5","69","9.5","5.8","3.7","0.8","102490","0"
"9198","20040308","6","3.3","94","8.1","5.9","2.3","0","103470","0"
"9199","20040309","6","5.2","116","5.2","5.4","2.7","0","103440","0"
"9200","20040310","6","3.9","103","6.5","3.2","1.1","0","102880","0"
"9201","20040311","8","1.9","79","7","4.2","1.9","4.5","101780","0"
"9202","20040312","8","0","42","12.5","3.6","0.3","5.6","100480","0"
"9203","20040313","6","6.4","135","11.2","7.4","2.4","2.4","100940","0"
"9204","20040314","7","0","43","13.3","8.9","6.6","2","101470","0"
"9205","20040315","7","0.1","49","17.4","11","8.8","0.2","102350","0"
"9206","20040316","7","5.8","133","14.7","14.1","10.8","0","102600","0"
"9207","20040317","5","0.4","58","13.9","10.8","6.9","0","102550","0"
"9208","20040318","7","1.9","86","12.8","10.7","7.5","1.8","102010","0"
"9209","20040319","7","0","46","14.3","10.2","7.5","3","101090","0"
"9210","20040320","6","0.6","65","12.5","11","7.8","0.2","100500","0"
"9211","20040321","4","8","165","10","9.5","6.5","0.4","100400","0"
"9212","20040322","3","6.7","153","8.7","6.4","2.7","1.6","101120","0"
"9213","20040323","6","3.1","109","9.3","5.6","2.5","1.2","101670","0"
"9214","20040324","5","3.1","111","9","6.5","3.7","1.4","102370","0"
"9215","20040325","5","3.7","120","9.4","4.5","0","0","102230","0"
"9216","20040326","6","5.8","148","8.4","5.5","1.6","0.8","102370","0"
"9217","20040327","8","0","51","10","6.7","5","0","101770","0"
"9218","20040328","8","0","52","13.8","8","5.9","0","101830","0"
"9219","20040329","6","1.2","85","15.3","10.4","6.9","0","102180","0"
"9220","20040330","0","10.8","211","19.4","10","4.8","0","101600","0"
"9221","20040331","3","7.5","176","16.4","12.6","5.7","0","100750","0"
"9222","20040401","7","3.4","124","15.4","13","9.6","3.4","100490","0"
"9223","20040402","6","6.8","171","14.4","12.6","9.8","0","100680","0"
"9224","20040403","6","1.2","89","13.5","10.5","6.6","4.6","100980","0"
"9225","20040404","5","6.6","171","13","10","6.4","4.8","101260","0"
"9226","20040405","5","3.1","124","10.5","9.3","5.6","0.2","101160","0"
"9227","20040406","4","6","166","11","7.4","4.3","7.2","100820","0"
"9228","20040407","5","5.4","160","10.6","7.6","4.2","1.2","101410","0"
"9229","20040408","5","4.1","143","12.8","6.4","2.2","0.4","101920","0"
"9230","20040409","4","8.5","202","11.4","7.8","2.9","1.4","101940","0"
"9231","20040410","7","0.3","73","12.4","8.6","5.9","0","101880","0"
"9232","20040411","5","0.9","89","16.2","7.5","2.6","0","102410","0"
"9233","20040412","6","0.5","80","14.9","10.2","4.1","0","102610","0"
"9234","20040413","5","3.2","134","16.6","11","7.1","0","102480","0"
"9235","20040414","2","10.4","232","15.1","10.9","5.2","0","102050","0"
"9236","20040415","6","0.3","76","19.1","9.6","4.1","0","101530","0"
"9237","20040416","5","11","243","15.9","13.2","7.2","0","101040","0"
"9238","20040417","6","9.5","226","11.3","11.2","6.5","4.4","100150","0"
"9239","20040418","8","0.1","71","12.3","8.9","6.5","13.4","98110","0"
"9240","20040419","4","9.1","224","13.9","7.8","3.3","5.3","99130","0"
"9241","20040420","5","5.8","181","15.7","8.2","2.5","1","100310","0"
"9242","20040421","7","0.9","97","16.9","12.5","9.3","2.2","100670","0"
"9243","20040422","3","11.2","254","19.3","11","5.1","0","101670","0"
"9244","20040423","4","13.2","279","21.5","12.3","5.3","0","102500","0"
"9245","20040424","4","13.3","282","20.2","15","8.6","0","102690","0"
"9246","20040425","6","5","175","20.8","14.8","9.5","0","102600","0"
"9247","20040426","4","10.3","249","18.5","14.8","8.8","0","102000","0"
"9248","20040427","7","4.9","175","13.8","14.9","11.3","13.4","101280","0"
"9249","20040428","8","0","70","9.5","12","10.1","0.4","100790","0"
"9250","20040429","8","0","70","12.6","8.4","7.3","3","100340","0"
"9251","20040430","8","0","71","13.3","10","7.5","3.4","100230","0"
"9252","20040501","7","0","71","19","11.2","9.1","0","100650","0"
"9253","20040502","6","9.6","247","13.5","12.8","6.6","0.8","100880","0"
"9254","20040503","6","3","149","11.6","11.4","9.3","10","100340","0"
"9255","20040504","6","1.9","128","13.5","9.3","7","8.6","98470","0"
"9256","20040505","5","6.8","212","14.8","9.5","5.5","1","98090","0"
"9257","20040506","6","4.5","177","16.9","10.8","6.8","0","99420","0"
"9258","20040507","7","6.1","203","12.7","12.2","7.4","3.4","100240","0"
"9259","20040508","8","0","75","15.6","11.1","9.5","1.4","100310","0"
"9260","20040509","8","0.9","108","19.5","12.8","10.1","2.2","100800","0"
"9261","20040510","6","7.7","229","15.7","16","12.6","0","101330","0"
"9262","20040511","7","4.2","176","13.6","13","10.3","0","102070","0"
"9263","20040512","7","0","76","18","11.1","8.6","0","102390","0"
"9264","20040513","7","5.2","194","20.3","13.2","8.5","0","102300","0"
"9265","20040514","5","9.9","263","21.9","14.4","8.4","0","102500","0"
"9266","20040515","4","11.1","280","22.6","16.5","11.1","0","102950","0"
"9267","20040516","4","7.3","228","24.5","17.4","12.3","0","102970","0"
"9268","20040517","2","12.5","300","23.3","17.6","10.6","0","102560","0"
"9269","20040518","4","13.5","313","23.9","18.3","13.3","0","102520","0"
"9270","20040519","1","14.2","322","21.7","17.6","11.2","0","102380","0"
"9271","20040520","6","6.4","217","15.3","18.2","14.7","5.2","102060","0"
"9272","20040521","5","5.5","204","15.8","12.2","9.2","0","102280","0"
"9273","20040522","2","14.7","331","18.9","10.6","5.3","0","102950","0"
"9274","20040523","3","12.6","305","20.4","12.4","6","0","102960","0"
"9275","20040524","3","11.6","293","19.6","14.4","8.3","0","102630","0"
"9276","20040525","6","6.8","226","18.4","15.2","10.7","0","102260","0"
"9277","20040526","7","3.7","175","17.7","14.8","11.1","1.6","102120","0"
"9278","20040527","6","5.8","211","20.1","13.6","9.4","0","102430","0"
"9279","20040528","7","6.4","221","20.5","13.7","7.3","0","102430","0"
"9280","20040529","7","0.1","89","18.7","17.5","14.5","0.4","102090","0"
"9281","20040530","6","5.5","208","21.6","15.2","11.7","0.4","101940","0"
"9282","20040531","5","10.7","285","17","15.3","9","10","101780","0"
"9283","20040601","8","0","79","20.5","14.5","12","0.2","101510","0"
"9284","20040602","6","11.5","296","20.6","15.9","11.3","0","102530","0"
"9285","20040603","6","5.1","204","23.3","16","11.4","0.2","102820","0"
"9286","20040604","7","6","219","20.3","19.2","15.2","0","102150","0"
"9287","20040605","6","1.1","124","24.4","18.1","15.9","0","102040","0"
"9288","20040606","6","3.9","184","27.7","19.4","14.3","0","101910","0"
"9289","20040607","4","13.6","325","30.5","21","14.3","0","101840","0"
"9290","20040608","6","11.4","297","24","23.2","16","0","101690","0"
"9291","20040609","7","5.4","210","24.6","19.4","14.8","0","101930","0"
"9292","20040610","6","6.6","230","22.1","19.6","14.7","0","101840","0"
"9293","20040611","5","10.8","290","21.7","17.8","13.5","0","101890","0"
"9294","20040612","5","7.7","247","25.3","16.6","11.5","0","102390","0"
"9295","20040613","3","15.2","346","29","18.6","12","0","103170","0"
"9296","20040614","6","11.6","301","27","21.8","14.6","0","102950","0"
"9297","20040615","3","12.7","315","26.8","20.9","14.8","0","102370","0"
"9298","20040616","3","13.8","329","19.3","20","13.1","0","102010","0"
"9299","20040617","5","4.7","199","18.4","17","14.8","0","101230","0"
"9300","20040618","6","2.1","149","19.3","16.2","14","0","100870","0"
"9301","20040619","5","9.9","278","16.9","13.3","7.3","0","100920","0"
"9302","20040620","6","6.2","224","19.4","12.2","7.4","8.2","100680","0"
"9303","20040621","5","8.3","256","20.3","13.6","7.8","13.8","100910","0"
"9304","20040622","7","6.6","230","16.6","15","9.8","10","100870","0"
"9305","20040623","7","0.2","95","19.7","15.2","13.9","1","99540","0"
"9306","20040624","4","14","331","21.5","15.8","11.9","0.2","100750","0"
"9307","20040625","4","13.7","327","19.5","15.5","9.5","0","101760","0"
"9308","20040626","7","0","81","23.6","14.8","10","1.2","101710","0"
"9309","20040627","5","9.8","276","20.6","19.2","14.8","5.6","101700","0"
"9310","20040628","3","11.5","299","22.8","15.4","10.2","0","102560","0"
"9311","20040629","6","8","251","21.2","17.4","12.1","0","102430","0"
"9312","20040630","6","4.6","197","20.1","17.8","14.4","0","101490","0"
"9313","20040701","5","9","264","19.2","15.6","11.2","4.4","101190","0"
"9314","20040702","6","6.3","224","20","15.6","11.9","3.2","100920","0"
"9315","20040703","4","11","291","18.1","15.8","11.7","0.4","101220","0"
"9316","20040704","5","4.6","196","21.3","14.9","11.7","0","101390","0"
"9317","20040705","3","13.6","323","23.7","15.3","9.3","0","101900","0"
"9318","20040706","2","10.4","282","22.1","17.4","11.1","0","102130","0"
"9319","20040707","6","2.7","160","18.9","17.6","13.2","12.6","101210","0"
"9320","20040708","6","2.8","161","19.2","15.6","12.2","2.2","100520","0"
"9321","20040709","7","3.9","182","18.4","15.2","11.2","0","101240","0"
"9322","20040710","6","8.5","254","18.4","14.2","10","3.6","101480","0"
"9323","20040711","7","2.5","154","18.7","14.8","11.2","0","101300","0"
"9324","20040712","7","1.8","139","21.1","15.5","12.3","0","101540","0"
"9325","20040713","5","8.9","258","22.1","15.6","10","1.2","101820","0"
"9326","20040714","7","2.3","149","24","17.6","13.1","0","101650","0"
"9327","20040715","7","2.4","151","24","19.5","15","1","101540","0"
"9328","20040716","7","4.9","196","24.6","20.5","17","0","101410","0"
"9329","20040717","6","4.5","189","22.6","20.3","16","0.4","101150","0"
"9330","20040718","6","3","161","22.8","19.4","16.2","0","101420","0"
"9331","20040719","5","9.5","263","24.7","16.8","10.8","0","101710","0"
"9332","20040720","6","6.9","225","22.7","18.8","13","8.6","101290","0"
"9333","20040721","7","1.2","121","26.7","19.6","16.5","0","101440","0"
"9334","20040722","7","2.9","157","25.5","20.8","15","0","101680","0"
"9335","20040723","3","14.2","318","24.5","20.2","14.9","0","102120","0"
"9336","20040724","5","11.4","283","23.7","18.8","13.2","0","102540","0"
"9337","20040725","6","4.7","188","22.9","18.2","12.7","0","102020","0"
"9338","20040726","6","4.7","187","24.3","19.3","15.7","0","101770","0"
"9339","20040727","6","8.2","239","27.3","19.1","13.9","0","102010","0"
"9340","20040728","4","7.7","231","29.9","20.4","13.5","0","101880","0"
"9341","20040729","6","6.9","219","25.5","23","16","0","101510","0"
"9342","20040730","6","11","273","28","21.4","17.4","0","101880","0"
"9343","20040731","5","9.1","247","26.7","21.6","15.2","0","102050","0"
"9344","20040801","5","10.2","261","28.1","21.6","16.6","0","101990","0"
"9345","20040802","5","8.6","239","27.9","21.6","15.2","0","101560","0"
"9346","20040803","6","2.3","139","28.1","23.2","18.5","16.8","101120","0"
"9347","20040804","5","13","291","27.3","21.6","15.2","0","101170","0"
"9348","20040805","6","1.9","129","27.6","23","18.8","15.8","101260","0"
"9349","20040806","3","13.1","290","29.2","21.6","15.6","0","101450","0"
"9350","20040807","1","14.2","301","30.5","22.3","15.4","0","101310","0"
"9351","20040808","4","8.7","234","22.9","24.5","18.5","0","100500","0"
"9352","20040809","8","0","68","25.4","21.8","20.6","7.4","100610","0"
"9353","20040810","6","7.9","221","24.9","21.6","17.7","0.2","100810","0"
"9354","20040811","6","7.1","209","24.2","20.6","16.4","1.2","100890","0"
"9355","20040812","6","8.6","228","22.9","20.9","17.6","5","100330","0"
"9356","20040813","6","2.9","142","24.2","18.8","14.7","4.4","100680","0"
"9357","20040814","6","3.9","159","24.2","20.3","16.4","0","101750","0"
"9358","20040815","7","3.3","148","21.7","19.8","15.3","0","101630","0"
"9359","20040816","6","3.5","150","23.5","18.8","15.9","2.2","100700","0"
"9360","20040817","5","8.9","225","23.8","19.2","15","7.2","100190","0"
"9361","20040818","6","6.7","196","22.6","20.2","16.6","6.2","99770","0"
"9362","20040819","4","7.9","210","21.5","18.8","14.9","1.8","100020","0"
"9363","20040820","6","8","210","20.5","18","14.5","2.4","100460","0"
"9364","20040821","5","10.8","242","22","15.7","10.9","0","101680","0"
"9365","20040822","7","6","181","21.3","17.4","12.7","8.4","101850","0"
"9366","20040823","7","5.6","175","22.6","17.8","14.3","5.4","101020","0"
"9367","20040824","7","6.6","187","21.1","19","15.3","9","100660","0"
"9368","20040825","6","6.9","189","21.6","17.4","13.8","10","100780","0"
"9369","20040826","5","8.5","208","21.1","17","12.5","3.4","101690","0"
"9370","20040827","7","1.4","102","20","17.7","14.3","0.8","101020","0"
"9371","20040828","5","6.8","184","19","15.8","11.5","0","101270","0"
"9372","20040829","6","1.3","98","20.2","15.4","11.9","0.2","101090","0"
"9373","20040830","3","10.7","227","20.3","16.2","12.1","0","101350","0"
"9374","20040831","3","8","194","21.6","14.8","9.4","0","101870","0"
"9375","20040901","1","11.9","226","24.4","15.6","9.7","0","101670","0"
"9376","20040902","6","10","205","26.1","18.4","12.3","0","101650","0"
"9377","20040903","4","10.7","211","26.2","19.8","13.4","0","102150","0"
"9378","20040904","2","11.8","220","27.7","20","13.7","0","102780","0"
"9379","20040905","3","11.5","215","25.7","21.4","15.1","0","102740","0"
"9380","20040906","5","8.9","187","24.7","20.4","15.1","0","102820","0"
"9381","20040907","5","7.2","168","23.7","20.8","16.9","0","103200","0"
"9382","20040908","2","11.7","212","25.1","18.6","13.4","0","103230","0"
"9383","20040909","4","9.5","189","21.3","20.2","15.4","1.6","102420","0"
"9384","20040910","6","1.1","81","22.2","18","14.8","0","101290","0"
"9385","20040911","6","8","170","19.4","19.2","16.1","0","101050","0"
"9386","20040912","5","4.6","130","19.3","15.2","11","4.6","101300","0"
"9387","20040913","6","5.6","141","19.2","16.7","14.1","3.4","100300","0"
"9388","20040914","4","7.2","157","18.5","15.4","11.5","0.2","100290","0"
"9389","20040915","2","10.3","186","19.5","13.6","8.8","0","101900","0"
"9390","20040916","5","9.8","179","20.1","13.3","7.1","0","102390","0"
"9391","20040917","7","0","46","20.8","16.6","13.2","0.4","101760","0"
"9392","20040918","5","4.1","117","17.3","18.2","15.5","1.2","101060","0"
"9393","20040919","5","4.4","119","19.5","13","8.7","0","101630","0"
"9394","20040920","7","2","87","16.7","16.6","13.8","1.8","100910","0"
"9395","20040921","5","8.7","160","18.6","13.3","9.9","0","101780","0"
"9396","20040922","7","0.5","59","20.7","15","11.3","0.4","101680","0"
"9397","20040923","4","6.4","135","15.4","18.2","15.8","1","101220","0"
"9398","20040924","4","7.4","143","15.3","12","8.5","0","102100","0"
"9399","20040925","6","0.2","50","20.7","10.3","5.3","0.7","102290","0"
"9400","20040926","5","3.9","104","20.7","15.4","10","0","102260","0"
"9401","20040927","7","0.7","59","19.1","16.8","12.8","0","102180","0"
"9402","20040928","7","1.7","75","16.2","16.5","13.9","0","101840","0"
"9403","20040929","8","0","39","19.5","14.6","13.1","1.4","101810","0"
"9404","20040930","6","2.9","88","16.7","16.6","13.8","2.2","101700","0"
"9405","20041001","5","0.1","43","18.4","13.4","10","1.4","101640","0"
"9406","20041002","5","4","98","16.7","13.8","9.3","3.6","101570","0"
"9407","20041003","7","0.2","44","17","13.4","10.1","13.6","101530","0"
"9408","20041004","5","6.2","116","17.8","14.8","12.7","0","100700","0"
"9409","20041005","4","3.3","87","15.5","12.7","7.6","0.2","100880","0"
"9410","20041006","3","8.2","130","15.6","12.2","8.9","2","101250","0"
"9411","20041007","4","7.5","123","15.6","11.6","7.5","0","101660","0"
"9412","20041008","6","4.2","92","14.9","11.5","7.4","0","101930","0"
"9413","20041009","6","3.6","85","16.1","11.6","8.3","0","101870","0"
"9414","20041010","7","3.6","84","13.9","13","9.8","0","101490","0"
"9415","20041011","5","6.3","107","14","11.4","9","0.8","101490","0"
"9416","20041012","8","0","32","15.9","12.3","10.6","1.6","100880","0"
"9417","20041013","7","2.5","70","13.9","12.8","9.6","34.4","100530","0"
"9418","20041014","7","3","74","10.9","11.6","9.3","2.6","99500","0"
"9419","20041015","7","0.2","37","11.5","9.4","7.9","2.2","99490","0"
"9420","20041016","7","0.1","34","13","9.8","8","0.6","99640","0"
"9421","20041017","7","2.1","62","13.7","9.6","6.3","0.2","100200","0"
"9422","20041018","4","7","102","15.5","10.6","7.5","0","100770","0"
"9423","20041019","6","0.3","36","17.3","9.8","4.1","5.6","100310","0"
"9424","20041020","8","0.1","32","16.1","13.3","9.3","8.6","99160","0"
"9425","20041021","2","9","111","16.2","12.2","8.3","0","100230","0"
"9426","20041022","6","1.1","46","16.6","13.8","11.4","0","100750","0"
"9427","20041023","8","0.1","30","17.9","15.3","14","10.8","100310","0"
"9428","20041024","6","2.1","55","14.4","16","14","2.8","100080","0"
"9429","20041025","3","7.3","94","14.4","13","11.7","0","100330","0"
"9430","20041026","4","5.8","83","14","10","5.6","0","101160","0"
"9431","20041027","6","0","25","16.6","9.8","5.5","3.2","99860","0"
"9432","20041028","6","5","75","14.9","13","9.5","2.4","99090","0"
"9433","20041029","7","0.3","31","16.7","12.6","10.2","0","99290","0"
"9434","20041030","5","3.4","61","13.9","13.2","9.7","0","100710","0"
"9435","20041031","6","4.6","69","12.8","12","10.1","0","102160","0"
"9436","20041101","7","0.1","26","11.9","10.4","8","2.6","102230","0"
"9437","20041102","8","0","22","15","10.7","9.5","0.8","101770","0"
"9438","20041103","6","3.2","56","13.6","12.4","9.9","0.2","101580","0"
"9439","20041104","4","5","68","11.9","11.3","9","0","102030","0"
"9440","20041105","6","0.4","29","12.5","8.1","4.3","0","103020","0"
"9441","20041106","7","0.1","24","11.8","10","7.4","0.4","102710","0"
"9442","20041107","8","0","20","12.7","10.6","9.4","1.6","102430","0"
"9443","20041108","7","0.1","23","10.4","10.9","9.1","1","101780","0"
"9444","20041109","7","0.1","22","10.6","9.2","8.1","4.4","101470","0"
"9445","20041110","4","6.9","73","11.2","8","5.3","0","101550","0"
"9446","20041111","5","6","67","14.4","8","4.8","0.2","102320","0"
"9447","20041112","6","2.9","47","7.9","10.4","6.3","0.4","102280","0"
"9448","20041113","1","8.4","77","10.2","5.2","2.4","0.2","103430","0"
"9449","20041114","2","8.1","75","10.2","4.8","-0.5","0","103600","0"
"9450","20041115","7","0","18","12.9","6.1","2","0","102910","0"
"9451","20041116","7","0.6","26","13.9","9.8","6.8","0","102670","0"
"9452","20041117","7","1.5","34","11","11.7","9.5","3.4","102190","0"
"9453","20041118","8","0","17","5.7","10","8.9","6.2","101260","0"
"9454","20041119","5","5.3","56","5.2","3.4","1","0","102120","0"
"9455","20041120","7","0","16","12.6","2.5","-0.2","2.2","102500","0"
"9456","20041121","8","0","16","13.9","7.4","2.2","0.6","102110","0"
"9457","20041122","7","2.8","41","12.2","9.6","5.2","0","101820","0"
"9458","20041123","8","0","16","11.3","11","9.9","0","102740","0"
"9459","20041124","8","0","15","11.4","10.3","9.3","0","103050","0"
"9460","20041125","6","1","27","13.2","9.8","8.3","0.2","102470","0"
"9461","20041126","6","2.1","34","9.8","10.3","7.4","1.2","102090","0"
"9462","20041127","7","0","15","7.3","8.6","7.4","2.4","102270","0"
"9463","20041128","7","0.5","22","8.9","6.8","6.2","1.6","101330","0"
"9464","20041129","5","5.6","52","9.4","7.4","5.8","0","101920","0"
"9465","20041130","5","0.1","17","7","5.8","2.1","0","101410","0"
"9466","20041201","5","0.1","15","6.8","4.2","1.3","0","100990","0"
"9467","20041202","5","1.3","25","6","4","1.2","0","101420","0"
"9468","20041203","7","0","13","10.1","4.2","2.3","0","102280","0"
"9469","20041204","7","0.7","21","10.7","6.1","2.1","0","102930","0"
"9470","20041205","7","0","13","11.7","8.2","5.8","0","103020","0"
"9471","20041206","5","1.2","24","9.3","10","8.4","0","102880","0"
"9472","20041207","6","0","13","9.5","6.2","3.2","0","102980","0"
"9473","20041208","7","0","13","7.5","8","6.4","0","103110","0"
"9474","20041209","5","3.4","36","6.7","5.7","3.9","0","102570","0"
"9475","20041210","6","0","12","8.3","5.4","4.2","0","102410","0"
"9476","20041211","4","4","38","6.1","3.8","-0.7","0","102880","0"
"9477","20041212","8","0","12","7.1","3.4","0.7","0","102840","0"
"9478","20041213","8","0","12","10.5","4.2","1.2","0.2","102840","0"
"9479","20041214","8","0","12","12.3","5.9","1.3","0","102440","0"
"9480","20041215","7","0.6","19","11.5","9.6","6.8","0.6","101820","0"
"9481","20041216","5","1.9","27","7.1","10.4","9.2","3.4","100490","0"
"9482","20041217","5","1.1","22","7.7","6.6","6.2","13","99930","0"
"9483","20041218","5","0","12","6.3","4.3","0.9","12","100890","0"
"9484","20041219","4","5.6","44","6.2","4.9","3.5","0","101150","0"
"9485","20041220","6","1","22","7.8","1.8","-2.7","0.2","101990","0"
"9486","20041221","6","0","12","12.1","4","0.2","6.6","102360","0"
"9487","20041222","8","0.2","15","12.7","6.7","1.3","0.4","101520","0"
"9488","20041223","6","2.5","30","11.1","10.2","7.8","0","100980","0"
"9489","20041224","7","0.3","16","4.8","9.4","7.6","0.2","100060","0"
"9490","20041225","3","2.4","30","4.6","3","1.3","0","99650","0"
"9491","20041226","1","5.7","45","8.2","0.9","-2.8","0","101040","0"
"9492","20041227","4","4","38","6.9","2.8","-2.5","9.8","101740","0"
"9493","20041228","2","7","51","11.3","2.8","-1.3","0","100890","0"
"9494","20041229","5","2.6","32","13","6.4","1.6","0","102560","0"
"9495","20041230","6","1","22","12.6","7.6","2.2","0","102660","0"
"9496","20041231","6","1.6","26","12.6","10.6","8.5","0","102340","0"
"9497","20050101","6","0.1","14","12","8.6","5.1","1","101890","0"
"9498","20050102","2","7","52","7.9","5.6","3.3","0","102490","0"
"9499","20050103","6","1.8","28","10.3","7","3.8","0","103170","0"
"9500","20050104","7","0","13","11.5","8.7","5.9","1.4","102390","0"
"9501","20050105","4","0","13","9.1","5.5","1.9","0.2","102270","0"
"9502","20050106","6","1.7","28","12.8","8.4","3.9","0","102700","0"
"9503","20050107","7","2.4","32","14.4","10.2","5.9","3","101910","0"
"9504","20050108","5","5.9","50","8.9","8.4","8","0.2","101210","0"
"9505","20050109","6","0","14","13.3","8.8","6","0.2","101860","0"
"9506","20050110","7","0","14","12.3","9.9","7.5","2.6","101460","0"
"9507","20050111","6","0","14","12.9","10.2","7.4","1","101600","0"
"9508","20050112","3","6.4","54","9.4","7.8","6.2","0","102010","0"
"9509","20050113","4","5.8","52","8.3","5","1.7","0","102890","0"
"9510","20050114","6","5.2","50","9","5","1","0","102750","0"
"9511","20050115","7","0.7","23","9.8","6.8","3.7","0","102330","0"
"9512","20050116","5","1.9","32","12.5","7.9","3.3","0","102090","0"
"9513","20050117","7","0","15","10.5","7.6","4.7","3.2","101150","0"
"9514","20050118","5","4.2","47","7.2","4.6","2.1","0.2","99940","0"
"9515","20050119","4","2.8","39","11.7","6.9","2.1","0","101140","0"
"9516","20050120","6","0","16","12.8","8.8","4.9","0.8","100920","0"
"9517","20050121","6","1.2","29","8.8","6.7","4.6","0","101540","0"
"9518","20050122","6","2.7","40","6.7","3.8","0.8","0.6","101950","0"
"9519","20050123","3","8.1","70","6.2","3.6","0.9","0","102740","0"
"9520","20050124","5","4.5","52","4.9","3.2","1.6","0.2","103010","0"
"9521","20050125","6","2","37","5.5","3.9","2.3","0","102980","0"
"9522","20050126","5","5.1","57","5.4","2.6","-0.1","0.2","103270","0"
"9523","20050127","7","0","18","7.4","4.4","1.5","3.6","102540","0"
"9524","20050128","8","0","18","7.8","6.5","5.2","2.6","101990","0"
"9525","20050129","6","0.4","25","7.5","6","4.5","0","102710","0"
"9526","20050130","7","0.2","23","8.3","6.9","5.5","0","103310","0"
"9527","20050131","5","2","41","10.4","6.4","2.3","0.6","103160","0"
"9528","20050201","8","0.2","24","9.2","8.1","7","0.2","103390","0"
"9529","20050202","7","0.1","22","8.4","7.2","5.9","0","103630","0"
"9530","20050203","7","0","20","10.7","7","3.2","0","103610","0"
"9531","20050204","7","0","20","9.8","8.2","6.7","0","102980","0"
"9532","20050205","7","0.6","31","7.1","6","4.8","0.4","101760","0"
"9533","20050206","6","0.7","32","9.5","7.3","4.9","0","102050","0"
"9534","20050207","3","3.4","57","7.9","4.8","1.6","0.8","102370","0"
"9535","20050208","5","1.4","41","9.2","6.2","3.1","0","102520","0"
"9536","20050209","7","0.1","25","10.6","7.2","3.9","0.2","102580","0"
"9537","20050210","8","0","23","11.6","10","8.4","3.6","102140","0"
"9538","20050211","8","0","23","12.3","8.9","5.5","1.8","101830","0"
"9539","20050212","5","4.6","70","13.5","9.8","6.1","2.4","100640","0"
"9540","20050213","5","4.7","72","6.8","4.6","2.3","0.2","100870","0"
"9541","20050214","5","2.8","58","6.9","4.8","2.7","0","101880","0"
"9542","20050215","4","6.5","87","7.2","4.6","2.1","0","102330","0"
"9543","20050216","7","0","25","4.6","3.5","2.4","0","102880","0"
"9544","20050217","8","0","26","6.5","3.2","-0.2","3","102660","0"
"9545","20050218","6","1.5","49","9","5.9","2.8","0.4","102080","0"
"9546","20050219","4","8","102","6.2","4.5","2.8","0","101800","0"
"9547","20050220","4","3.9","73","4.9","2.1","-0.7","0.4","101620","0"
"9548","20050221","6","3.8","73","5.7","3.3","0.9","2","101190","0"
"9549","20050222","6","3.9","75","4.9","2.7","0.5","0.4","101510","1"
"9550","20050223","6","2","58","3.6","1.4","-0.8","0.2","101490","0"
"9551","20050224","7","0","29","2.7","1.7","0.7","1.5","101300","0"
"9552","20050225","6","0.9","47","3.3","1.3","-0.7","1","101870","1"
"9553","20050226","7","0.6","43","5.4","2.6","-0.2","0.8","101940","0"
"9554","20050227","4","6.7","104","3.9","1.8","-0.4","0","102670","0"
"9555","20050228","4","6","100","3.8","-0.4","-4.7","0.4","102450","0"
"9556","20050301","8","0.2","41","5.9","2.4","-1","3.8","100550","0"
"9557","20050302","8","0","35","4","2.7","1.4","1.6","100090","0"
"9558","20050303","3","8.5","136","4.7","1.8","-1","0.4","101570","0"
"9559","20050304","6","1.7","68","8","1.6","-4.8","2.4","101370","1"
"9560","20050305","6","5.6","113","6.5","3","-0.6","0.8","101120","0"
"9561","20050306","5","5.1","110","4.3","1.3","-1.7","0","102780","0"
"9562","20050307","6","0.3","48","7.5","3","-1.6","0","102940","0"
"9563","20050308","8","0","39","8.1","5.2","2.3","0","103050","0"
"9564","20050309","7","0","39","8.3","6.6","4.9","0","103330","0"
"9565","20050310","7","1.2","67","9.3","6.6","3.9","0","102960","0"
"9566","20050311","7","1.3","69","9.9","6.7","3.5","4","101530","0"
"9567","20050312","3","7.5","143","8.5","5.2","1.9","0","100930","0"
"9568","20050313","5","2.8","92","7.5","3","-1.4","0","101210","0"
"9569","20050314","6","1.4","74","10.2","5.6","0.9","0","101270","0"
"9570","20050315","7","0.3","54","12.4","8","3.6","0","101610","0"
"9571","20050316","7","3.9","110","18.6","15","8.1","0.2","101760","0"
"9572","20050317","5","9.3","169","18.9","15.1","11.3","0","102390","0"
"9573","20050318","4","8.2","160","19","13.9","8.8","0","102780","0"
"9574","20050319","4","9.6","176","20.1","13.1","6.1","0","102490","0"
"9575","20050320","6","0.1","51","12.8","11","9.3","0","102000","0"
"9576","20050321","7","2.1","91","16","11.2","6.3","1.8","100900","0"
"9577","20050322","7","0.3","59","14.7","12.4","10.1","2.8","100520","0"
"9578","20050323","6","5.3","136","17.1","12.6","8","3.2","101410","0"
"9579","20050324","6","3.3","112","16.3","13","9.7","0","101250","0"
"9580","20050325","5","4.6","131","15.9","12.2","8.5","0","101580","0"
"9581","20050326","4","7.1","162","16","11","6.1","0.6","100820","0"
"9582","20050327","7","0","51","10.6","9.3","8","0","100680","0"
"9583","20050328","5","7","164","14.9","10.4","6","0","101150","0"
"9584","20050329","8","0","52","9.5","8","6.6","21","101130","0"
"9585","20050330","8","0","53","11.2","9.3","7.4","1","101320","0"
"9586","20050331","8","0","53","11.1","9.9","8.7","0","102230","0"
"9587","20050401","7","5.5","152","15.7","12","8.3","0","102380","0"
"9588","20050402","5","7.2","174","18.3","13.4","8.5","0","101930","0"
"9589","20050403","5","8.5","191","19.4","13.2","7.1","0","101810","0"
"9590","20050404","7","0.2","65","12.1","11.2","10.2","0.6","102020","0"
"9591","20050405","7","4.3","141","12.4","8.1","3.8","0.4","102410","0"
"9592","20050406","6","4.2","141","13.9","10.7","7.5","3.6","101030","0"
"9593","20050407","5","7.7","188","13.6","10.2","6.7","1.2","100010","0"
"9594","20050408","6","2.8","122","8.6","6.3","4","0.2","101130","0"
"9595","20050409","4","7.3","186","11.3","5","-1.2","0","102420","0"
"9596","20050410","5","7.6","191","16.3","10.8","5.2","0","102630","0"
"9597","20050411","3","11.1","234","17.2","11.4","5.5","0","102930","0"
"9598","20050412","5","2.1","113","15","10.2","5.4","2.6","102190","0"
"9599","20050413","7","1.2","97","12.8","9.9","7","0.2","100820","0"
"9600","20050414","7","2.5","122","11.8","9.2","6.7","0","100110","0"
"9601","20050415","7","0","62","9.8","6.4","2.9","1.8","100480","0"
"9602","20050416","5","2.7","128","10.3","6.1","1.9","0","100940","0"
"9603","20050417","5","9.8","228","15.3","8.2","1.2","4.8","100360","0"
"9604","20050418","4","8.2","210","15.3","11.5","7.7","2.6","99640","0"
"9605","20050419","5","6.4","187","14.8","9.5","4.2","0","100470","0"
"9606","20050420","5","1.6","111","11.2","7.9","4.6","0","101340","0"
"9607","20050421","3","10.1","238","15.3","10.5","5.7","0","101920","0"
"9608","20050422","5","10.5","244","17.7","11.3","4.9","0","101350","0"
"9609","20050423","7","0","67","14.4","11.3","8.2","0.2","100970","0"
"9610","20050424","5","4.4","164","16.1","11.2","6.2","4.2","100850","0"
"9611","20050425","8","0.2","78","12.6","10.4","8.2","2.8","100880","0"
"9612","20050426","6","4.6","169","15.5","11.4","7.3","2","100970","0"
"9613","20050427","5","9.3","236","15.6","11.2","6.9","2.6","101460","0"
"9614","20050428","8","0.2","80","14.9","11.6","8.3","0.2","101560","0"
"9615","20050429","7","9.4","240","19","14.2","9.3","0","101850","0"
"9616","20050430","7","3.4","152","21.5","17.2","12.8","0","101390","0"
"9617","20050501","6","8.2","227","23.4","18.8","14.1","0.6","100760","0"
"9618","20050502","5","9.3","242","21.3","17.3","13.3","0.4","101140","0"
"9619","20050503","6","5.3","187","18.1","14.7","11.3","3.2","101100","0"
"9620","20050504","7","0.4","91","11.8","11.4","11.1","0","101900","0"
"9621","20050505","5","4.8","181","18.5","10.9","3.3","0","102190","0"
"9622","20050506","6","10.2","258","17.2","13.4","9.5","1.6","101740","0"
"9623","20050507","5","10.4","262","14.9","12.2","9.5","0.2","101260","0"
"9624","20050508","2","11.6","278","15.2","9.8","4.5","1.6","101410","0"
"9625","20050509","4","7.4","223","13.1","8.8","4.4","0","101650","0"
"9626","20050510","4","7.9","231","12.9","8.4","3.8","0.4","102280","0"
"9627","20050511","4","7.9","232","13.1","7.8","2.5","0","102620","0"
"9628","20050512","5","12.8","298","15.3","9.6","3.9","0","102250","0"
"9629","20050513","7","6.9","219","16.9","12.2","7.6","0","101930","0"
"9630","20050514","7","1.5","125","15.2","10.9","6.6","0","101820","0"
"9631","20050515","4","12.1","292","18.4","10.6","2.7","0","101830","0"
"9632","20050516","7","1.5","126","16.7","12.3","7.9","2.8","101660","0"
"9633","20050517","6","9.4","258","12.9","8.7","4.5","0","102080","0"
"9634","20050518","6","4.1","178","15.6","10.2","4.9","0.4","102130","0"
"9635","20050519","8","0.1","86","14.6","12","9.5","5.2","101540","0"
"9636","20050520","6","5.6","204","19.1","15.9","12.4","0.4","101060","0"
"9637","20050521","5","6.1","213","16.8","13","9.1","2.4","100820","0"
"9638","20050522","5","7.5","235","16.5","13.2","9.8","0","100620","0"
"9639","20050523","4","11.5","291","17.8","12.6","7.3","0.2","101470","0"
"9640","20050524","6","5.1","198","18.7","14.4","10.1","0.2","101690","0"
"9641","20050525","7","3.1","163","22.2","16.4","10.7","0","102080","0"
"9642","20050526","7","6","214","24.4","19.2","14.1","0","101600","0"
"9643","20050527","2","13.7","321","30.7","22.2","13.6","0","101120","0"
"9644","20050528","3","11.9","299","20.9","17.9","14.9","0","101460","0"
"9645","20050529","7","2.2","147","17.2","13","8.7","0","102030","0"
"9646","20050530","4","10.9","287","18.6","14.2","9.9","0.2","102200","0"
"9647","20050531","5","12.9","313","20.3","14.3","8.3","0","102550","0"
"9648","20050601","7","0.1","87","16.7","13.6","10.6","1.4","102130","0"
"9649","20050602","7","0.4","101","19.5","16.6","13.6","0","101500","0"
"9650","20050603","6","6.7","229","22.3","17.3","12.3","11.2","100860","0"
"9651","20050604","7","6.8","231","20.1","15.9","11.7","0","101230","0"
"9652","20050605","7","1.4","131","18.7","15.2","11.7","0","101730","0"
"9653","20050606","6","1","121","16.9","15","13","0","102400","0"
"9654","20050607","4","14.6","337","18.2","12","5.8","0","103600","0"
"9655","20050608","5","15.3","345","21.4","14.3","7.2","0","103680","0"
"9656","20050609","4","8.8","262","22.9","16.1","9.3","0","103130","0"
"9657","20050610","6","4","186","19.7","17.2","14.6","0","102450","0"
"9658","20050611","6","6.6","230","17.7","12.4","7","0.2","101890","0"
"9659","20050612","6","3.8","183","19.7","15.4","11.1","0","101020","0"
"9660","20050613","2","13","318","19.9","12.9","5.9","0","100780","0"
"9661","20050614","4","6.8","233","20.7","14.5","8.3","2","101050","0"
"9662","20050615","6","5.6","214","21.5","16.5","11.5","0.8","101340","0"
"9663","20050616","7","1.3","130","20.5","16.9","13.3","0.4","102000","0"
"9664","20050617","5","6.9","235","26.4","21.9","15.1","0","102650","0"
"9665","20050618","1","14.4","336","29.9","23.2","16.4","0","102470","0"
"9666","20050619","3","15","344","32.6","25.2","17.9","0","101690","0"
"9667","20050620","6","5.7","216","27.7","23.6","19.6","0","101540","0"
"9668","20050621","6","13.1","320","26.1","20.8","15.4","0","102000","0"
"9669","20050622","3","15.1","345","28.7","21.6","14.6","0","102180","0"
"9670","20050623","4","12.7","315","31.1","23.5","15.9","0","101790","0"
"9671","20050624","6","5.2","208","25.3","21.6","18","7.8","101440","0"
"9672","20050625","7","0","81","18.8","17.8","16.8","0","102010","0"
"9673","20050626","7","5.7","216","21.1","17","12.9","0","102600","0"
"9674","20050627","3","14.8","340","26.2","19.2","12.1","0","102260","0"
"9675","20050628","5","6.5","228","27.3","20.8","14.4","5","101550","0"
"9676","20050629","6","7.9","249","25.9","20.6","15.3","1","100800","0"
"9677","20050630","7","0.1","89","19.6","17.4","15.1","2.8","100710","0"
"9678","20050701","6","5.5","212","22.3","17.4","12.4","0.4","101370","0"
"9679","20050702","7","0.5","106","22.2","19.2","16.3","0","101780","0"
"9680","20050703","6","2.9","165","20.1","16.6","13.2","0","101580","0"
"9681","20050704","7","3.3","172","18.3","15.3","12.3","2.2","100900","0"
"9682","20050705","6","3.4","174","17.6","13.8","10.1","1.6","100980","0"
"9683","20050706","6","5.5","211","19.9","16.5","13.1","0.6","100810","0"
"9684","20050707","7","1.1","123","20.2","16.3","12.4","0.4","101390","0"
"9685","20050708","6","3.8","181","20.3","16.5","12.7","0","101910","0"
"9686","20050709","6","5.5","210","22.8","18.5","14.2","0","102390","0"
"9687","20050710","4","14.6","333","29.3","21.8","14.4","0","102860","0"
"9688","20050711","5","11.2","290","27.7","23","18.4","0","103130","0"
"9689","20050712","3","13.2","315","27.3","20.8","14.3","0","102990","0"
"9690","20050713","3","11.6","295","30","22.1","14.2","0","102460","0"
"9691","20050714","3","14.4","328","30.9","24.5","18.1","0","101870","0"
"9692","20050715","5","10.3","276","28.2","22.4","16.6","0","101460","0"
"9693","20050716","4","13.5","316","24.3","19.4","14.5","0","101720","0"
"9694","20050717","1","14.7","330","29","21.8","14.6","0","101520","0"
"9695","20050718","4","8.3","247","26.4","21","15.6","0.4","100880","0"
"9696","20050719","4","8.4","248","23.8","18.5","13.2","0","101570","0"
"9697","20050720","3","11.5","289","25.1","20","14.8","0","102010","0"
"9698","20050721","2","12.5","300","23.2","17.4","11.6","0","102070","0"
"9699","20050722","5","4.1","180","22","17.2","12.5","0","101650","0"
"9700","20050723","7","0.7","106","22.4","19.3","16.2","3.8","100930","0"
"9701","20050724","7","2.9","157","21.8","18.4","14.9","10.8","100310","0"
"9702","20050725","8","0.2","88","18.1","16.8","15.5","0.4","100390","0"
"9703","20050726","7","0.3","92","20.2","17","13.9","3.8","101130","0"
"9704","20050727","8","0","74","17.5","15.1","12.7","3","100900","0"
"9705","20050728","6","5.7","202","25.3","20.3","13.3","0.2","100770","0"
"9706","20050729","5","10.6","270","23.4","19","14.7","0","101070","0"
"9707","20050730","6","2.1","138","21.5","17.2","12.9","9.2","101150","0"
"9708","20050731","7","0.2","85","19.6","16.9","14.2","9","101390","0"
"9709","20050801","6","2.2","138","21.8","17.8","13.9","0","101820","0"
"9710","20050802","2","11.3","274","24.9","18.6","12.3","0.2","102100","0"
"9711","20050803","5","11","270","23.8","19.2","14.5","0","102190","0"
"9712","20050804","6","9.4","248","22.9","17.6","12.4","6.8","102510","0"
"9713","20050805","7","6.2","203","22.4","18","13.6","0.2","101860","0"
"9714","20050806","6","2.4","139","20.6","15.8","10.9","0","102080","0"
"9715","20050807","3","12.7","285","21.6","16","10.5","0","101900","0"
"9716","20050808","2","14.1","300","23.2","16.8","10.3","0","102020","0"
"9717","20050809","5","12.8","284","25.7","18.7","11.7","0","101660","0"
"9718","20050810","3","10.7","258","25.1","19.4","13.8","0","101620","0"
"9719","20050811","5","8.6","230","26.4","20.2","14","0","101520","0"
"9720","20050812","6","3.2","149","22.5","18.5","14.5","0","101520","0"
"9721","20050813","6","3.2","149","22.2","17.2","12.3","6.8","101560","0"
"9722","20050814","5","6.1","193","20.2","16.2","12.1","0.4","101740","0"
"9723","20050815","4","10.7","251","23.8","17.6","11.3","0","102470","0"
"9724","20050816","2","10.3","245","25.6","18.6","11.7","0","102240","0"
"9725","20050817","1","12.7","271","26.8","20.4","14","0","101890","0"
"9726","20050818","3","9.6","234","29","22","15.1","6","101340","0"
"9727","20050819","7","0","64","18.5","16.8","15.1","3","101540","0"
"9728","20050820","6","6.6","193","20.5","17.1","13.7","0","102190","0"
"9729","20050821","4","9.7","231","24.8","19.7","14.6","0.6","102260","0"
"9730","20050822","7","0","62","19.1","16.4","13.7","9.2","101700","0"
"9731","20050823","6","10.2","234","22.2","17","11.7","0","101850","0"
"9732","20050824","7","0.5","83","16.9","15.2","13.4","8.4","100830","0"
"9733","20050825","3","10","228","19.1","15.4","11.7","0.8","100460","0"
"9734","20050826","5","7.6","198","19.6","14.8","10.1","0","101460","0"
"9735","20050827","7","1.9","113","21.3","17.2","13.1","0","101740","0"
"9736","20050828","3","12.5","251","24.4","18","11.5","0","102110","0"
"9737","20050829","1","12.7","251","26.1","19.3","12.5","0","102290","0"
"9738","20050830","2","12.3","245","27.6","21.7","15.8","0","102320","0"
"9739","20050831","4","9.2","210","31.8","24.6","17.4","0","101150","0"
"9740","20050901","6","6.7","172","24.5","20.6","16.7","0","101400","0"
"9741","20050902","3","8.3","189","24","19","14","0","102510","0"
"9742","20050903","6","7.3","176","26.3","20.6","15","0","102720","0"
"9743","20050904","6","7.8","180","29.4","23","16.5","12","102000","0"
"9744","20050905","7","1.7","97","22","20.2","18.5","0","101300","0"
"9745","20050906","5","2.1","103","21.8","19","16.1","0.2","100990","0"
"9746","20050907","4","8.9","187","26.1","19.8","13.6","0","101130","0"
"9747","20050908","1","12.1","217","25","19.8","14.5","0","101210","0"
"9748","20050909","5","6.6","159","26.8","19.9","13","7.9","100950","0"
"9749","20050910","7","0.6","71","23.4","20.2","17","0.2","100980","0"
"9750","20050911","8","0","50","17.1","16.1","15.1","0","101460","0"
"9751","20050912","7","6.4","153","22.2","","14.3","0","102140","0"
"9752","20050913","4","9.2","181","22.9","17.4","12","0","102450","0"
"9753","20050914","5","2.6","103","24.9","20.4","15.8","2.6","102130","0"
"9754","20050915","7","1.2","79","22","18.4","14.9","9.2","101440","0"
"9755","20050916","4","6.3","146","16.2","13.6","10.9","0","101790","0"
"9756","20050917","2","10.3","184","16.9","11.3","5.7","0","102610","0"
"9757","20050918","7","0.5","63","16.5","12.2","7.8","0","102770","0"
"9758","20050919","7","1.3","78","19.2","16.2","13.1","0","102580","0"
"9759","20050920","6","3.6","109","21.8","16.2","10.7","0","102460","0"
"9760","20050921","7","0.9","69","21.1","17.6","14","0","102260","0"
"9761","20050922","5","7","144","21.3","16.1","10.9","0","101880","0"
"9762","20050923","4","2.2","88","19.2","14.8","10.5","1.8","101300","0"
"9763","20050924","5","7.1","142","18.1","12.4","6.8","0.4","101730","0"
"9764","20050925","4","6.4","133","21.7","16.8","11.9","0.2","101040","0"
"9765","20050926","5","2.2","85","18.3","14.2","10.2","2.8","101530","0"
"9766","20050927","6","4.6","112","20.4","17.2","13.9","0","101410","0"
"9767","20050928","5","3.2","95","16.3","12.2","8.1","7.4","101790","0"
"9768","20050929","5","6.8","131","16.9","12.8","8.6","2","101950","0"
"9769","20050930","8","0","39","20.1","15.9","11.7","0.8","101680","0"
"9770","20051001","4","7.8","137","16.4","13.4","10.4","0.4","101470","0"
"9771","20051002","4","7.9","136","15.8","12","8.2","0","102480","0"
"9772","20051003","6","2.6","82","16.4","11.1","5.8","0","103110","0"
"9773","20051004","5","3.4","90","17.6","13.4","9.3","0","103050","0"
"9774","20051005","5","0","36","16.7","13.4","10","0","102740","0"
"9775","20051006","8","0","36","16","14.3","12.6","0","102400","0"
"9776","20051007","8","0","35","17.8","16","14.3","0","101940","0"
"9777","20051008","7","0.2","42","19.9","16.6","13.3","1.6","101470","0"
"9778","20051009","6","7.3","120","16.9","12.2","7.5","0","102050","0"
"9779","20051010","4","8.3","126","22.9","16","9.2","0","101480","0"
"9780","20051011","6","3.5","83","22.9","18.6","14.4","0.2","101000","0"
"9781","20051012","7","0.1","37","19.9","18.4","16.8","11","100960","0"
"9782","20051013","8","0.1","36","15.4","13.8","12.2","1.2","101820","0"
"9783","20051014","7","0","31","16.7","14.4","12.1","0","102680","0"
"9784","20051015","4","6.3","103","20.7","","13.2","0","102570","0"
"9785","20051016","3","5.4","94","18.5","14.8","11.2","1","102150","0"
"9786","20051017","6","2.9","71","18","14.4","10.8","0","102080","0"
"9787","20051018","7","0","29","14.1","11.8","9.6","4.4","101400","0"
"9788","20051019","7","1.7","56","16.3","13.3","10.3","15.2","100700","0"
"9789","20051020","6","6.8","99","16.6","13.4","10.1","4.2","100640","0"
"9790","20051021","6","4.2","78","17.3","13.8","10.3","2.2","99590","0"
"9791","20051022","6","0.7","42","16.1","13.7","11.3","0","100000","0"
"9792","20051023","6","2.9","65","16.6","11.6","6.5","9.6","101210","0"
"9793","20051024","8","0","26","17.3","13.3","9.3","13.4","100740","0"
"9794","20051025","5","4.5","76","17.5","15.8","14.1","0.2","100270","0"
"9795","20051026","6","0.1","29","18.4","15.4","12.3","0","101290","0"
"9796","20051027","4","8.3","99","21","17.2","13.5","2.6","100920","0"
"9797","20051028","7","0.7","38","17.9","15.8","13.7","1.4","100890","0"
"9798","20051029","5","1.9","50","18.8","14.4","10.1","0","100940","0"
"9799","20051030","6","1.6","47","19.4","16.3","13.2","0.8","100550","0"
"9800","20051031","7","0.7","36","15.5","14.3","13.1","4","100540","0"
"9801","20051101","4","7.1","85","17","13.2","9.3","5.4","100930","0"
"9802","20051102","7","0","22","17.5","13.8","10","6.2","100300","0"
"9803","20051103","5","0.3","29","16.2","15.4","14.5","0.2","100160","0"
"9804","20051104","2","6.2","76","13.8","11.4","8.9","0","101190","0"
"9805","20051105","4","3","54","14.5","9.2","3.9","0.2","101930","0"
"9806","20051106","7","0","21","14.6","10.8","7","6.2","101490","0"
"9807","20051107","2","5.6","69","14.5","11.5","8.5","0.4","101700","0"
"9808","20051108","6","1.7","41","16.6","13.6","10.6","1.8","101090",""
"9809","20051109","3","6.8","74","12.5","9","5.4","0.2","102270","0"
"9810","20051110","6","0","19","14.9","10","5.1","0.2","102910","0"
"9811","20051111","8","0.1","22","14.7","13.5","12.3","2","101990","0"
"9812","20051112","4","2.9","48","11.5","8.8","6.2","0","101370","0"
"9813","20051113","4","2.2","42","10.7","6.5","2.3","0.2","102520","0"
"9814","20051114","0","6.8","69","10","5.2","0.5","1","102630","0"
"9815","20051115","5","1.7","37","12.2","7.3","2.4","0.4","101200","0"
"9816","20051116","4","3.9","51","8.3","6.8","5.2","0","100980","0"
"9817","20051117","1","7.6","70","7.2","3.1","-1","0","101740","0"
"9818","20051118","0","7.4","69","8","2.6","-2.8","0.2","102480","0"
"9819","20051119","0","6.6","64","8.7","3.4","-2","0.2","103140","0"
"9820","20051120","3","6.4","62","6.3","1.6","-3","0.2","103320","0"
"9821","20051121","0","5.7","58","8.1","2.6","-2.8","0.2","103460","0"
"9822","20051122","4","2.2","37","9.5","4.4","-0.6","0.2","103760","0"
"9823","20051123","5","1.9","35","7.3","4.6","2","0","103700",""
"9824","20051124","5","0.1","18","10","6","1.9","2","101560","0"
"9825","20051125","4","2.7","39","3.9","1.8","-0.4","0","99340","0"
"9826","20051126","4","0.2","19","6.4","3.3","0.2","0.6","99230","0"
"9827","20051127","6","0.4","21","4.8","3","1.1","0","99770","0"
"9828","20051128","7","0.4","21","5","3.5","2","0.4","99970","0"
"9829","20051129","6","3.4","41","6.1","3.2","0.3","0","100760","0"
"9830","20051130","6","0","14","9.4","4","-1.4","0.8","100880","0"
"9831","20051201","8","0","14","9.8","5.6","1.5","13","99670","0"
"9832","20051202","7","2.1","31","11","8.9","6.8","6.8","97970","0"
"9833","20051203","6","2.1","30","10.5","8.5","6.5","0.8","98430","0"
"9834","20051204","4","1.7","28","9.8","7.2","4.7","0","99110","0"
"9835","20051205","8","0","13","8.5","6.6","4.7","0","99770","0"
"9836","20051206","4","0.1","15","6.9","3.6","0.3","0.2","100610","0"
"9837","20051207","3","4.4","41","7.6","3.8","0","6","101370","0"
"9838","20051208","5","0.3","17","8.4","4.8","1.2","0.4","101510","0"
"9839","20051209","6","1.8","27","4.9","3.2","1.6","0","103640","0"
"9840","20051210","1","3.9","38","7.6","4.2","0.7","0.2","104050","0"
"9841","20051211","2","1.9","28","7.6","2.8","-2.1","0.2","103920","0"
"9842","20051212","5","1.9","28","8.8","3.8","-1.2","0","103870","0"
"9843","20051213","7","0.8","20","8.4","6.6","4.7","0","103930","0"
"9844","20051214","8","0.3","16","9","6.2","3.3","0","103240","0"
"9845","20051215","5","3.4","35","11.4","8.8","6.1","0.2","102460","0"
"9846","20051216","5","3.4","35","12.6","10","7.5","0","101380","0"
"9847","20051217","0","6.3","47","4.2","2.6","0.9","0","102150","0"
"9848","20051218","3","5.3","43","8.3","2.4","-3.5","0.4","102270","0"
"9849","20051219","1","6.1","46","9.3","3.8","-1.8","0","102320","0"
"9850","20051220","6","0.6","19","8","2.8","-2.3","0.2","103020","0"
"9851","20051221","8","0.4","17","10.1","5.6","1.1","0","103110","0"
"9852","20051222","7","0.3","16","10.1","8","6","0","103050","0"
"9853","20051223","8","0","12","9.7","8","6.2","0","102700","0"
"9854","20051224","5","4.7","41","11.1","8.3","5.5","0.2","102570","0"
"9855","20051225","4","3.4","35","6.9","4","1","0","102670","0"
"9856","20051226","6","0.8","20","5.8","3.6","1.5","0.8","102040","0"
"9857","20051227","3","2.2","29","2.6","1.3","0","0.2","101510","0"
"9858","20051228","3","5.3","44","2.1","0.3","-1.5","0","101710","0"
"9859","20051229","8","0.1","14","3.4","1.3","-0.8","2.8","101620","0"
"9860","20051230","7","0","12","9.6","","-1.4","11.8","99950","0"
"9861","20051231","5","2.1","29","8.8","5.4","1.9","0.2","99380","0"
"9862","20060101","7","0.6","19","8.3","6.1","3.9","0","100280","0"
"9863","20060102","8","0.3","17","7.6","6.4","5.3","0","102360","0"
"9864","20060103","8","0","13","9.5","7.5","5.5","1","102780",""
"9865","20060104","5","0","13","6.8","6.4","5.9","0","102910","0"
"9866","20060105","7","1.1","24","3.8","3.1","2.4","0","102140","0"
"9867","20060106","8","0.2","16","4.5","3.3","2.1","1.2","102130","0"
"9868","20060107","7","0","13","4.2","2.5","0.8","0.6","102420","0"
"9869","20060108","8","0","13","5","3","0.9","5","102390","0"
"9870","20060109","8","0","14","7.1","","4.1","0","102540","0"
"9871","20060110","8","0","14","9.7","7","4.2","1.6","102230","0"
"9872","20060111","4","3.4","39","10.3","8.6","7","0","102160","0"
"9873","20060112","4","1.3","27","7.2","2.4","-2.5","0.2","102880","0"
"9874","20060113","7","0","14","8.5","5.3","2.1","0","102190","0"
"9875","20060114","8","0","14","9.3","8.1","6.9","1","102000","0"
"9876","20060115","7","0.4","20","10.1","8.3","6.5","0.2","101560","0"
"9877","20060116","8","0","15","9.5","7.6","5.6","4.2","100900","0"
"9878","20060117","6","0.1","17","10","7.9","5.8","0.4","100440","0"
"9879","20060118","8","0","15","12.8","9.1","5.4","0.2","101400","0"
"9880","20060119","8","0","16","11.2","9.4","7.7","0.6","101890","0"
"9881","20060120","4","4.2","48","9.3","8.6","8","0.2","101660","0"
"9882","20060121","0","5.2","54","9.9","6","2.2","0","102790","0"
"9883","20060122","3","4.2","49","7.1","3.1","-0.9","0.2","103670","0"
"9884","20060123","7","0","17","3.5","2","0.6","0","103600","0"
"9885","20060124","0","5.2","56","5","1.6","-1.8","0","103100","0"
"9886","20060125","6","1.4","33","6.9","2.4","-2.2","0","102660","0"
"9887","20060126","4","4.1","52","6.1","3","-0.1","0","102660","0"
"9888","20060127","7","3.6","49","5.5","3.1","0.7","0","102530","0"
"9889","20060128","2","5.5","61","7","3.1","-0.8","0.2","102590","0"
"9890","20060129","2","7.9","75","7.3","3.8","0.2","0","103140","0"
"9891","20060130","8","0","19","6.4","3.8","1.3","0","103190","0"
"9892","20060131","6","2.7","46","6.5","5.1","3.7","0","102740","0"
"9893","20060201","8","0","19","2","1.5","1","0","102350","0"
"9894","20060202","8","0","20","0.2","-0.6","-1.3","0","102310","0"
"9895","20060203","8","0","20","3.6","","-2.1","0","102480","0"
"9896","20060204","6","0","20","5.7","2","-1.6","0","102960","0"
"9897","20060205","6","2.6","49","8.9","4.6","0.2","0","103280","0"
"9898","20060206","8","0","21","8.2","4.2","0.3","0","103000","0"
"9899","20060207","8","0.2","26","9","7","5.1","2","102140","0"
"9900","20060208","3","4.5","65","9.2","6.3","3.4","0","101030","0"
"9901","20060209","2","8.1","89","6.3","3.2","0.1","0","101770","0"
"9902","20060210","2","6.1","78","7.3","2.4","-2.6","0","102470","0"
"9903","20060211","4","1.5","44","7.1","2.3","-2.5","6","102720","0"
"9904","20060212","8","0","24","9.1","4.8","0.5","4.4","102250","0"
"9905","20060213","7","0.8","37","11.9","8.3","4.7","0.2","101850","0"
"9906","20060214","5","2.4","54","11.5","8.8","6.1","10.4","101260","0"
"9907","20060215","6","4","69","11.9","9","6","1.8","99360","0"
"9908","20060216","5","4.1","70","9","7.2","5.4","1","98540","0"
"9909","20060217","5","3.8","69","11","8.1","5.2","0","98560","0"
"9910","20060218","5","1","43","8.9","4.8","0.6","0.2","99180","0"
"9911","20060219","8","0","27","7","4.4","1.9","8.6","99770","0"
"9912","20060220","5","0.4","36","7.3","6","4.6","0.2","101130","0"
"9913","20060221","6","2.9","65","6.5","4.2","1.9","1.6","101980","0"
"9914","20060222","8","0","28","3.7","3.2","2.8","0","102530","0"
"9915","20060223","8","0","29","3.1","2.2","1.4","4.8","102440","0"
"9916","20060224","7","2.6","65","4.7","2.8","0.8","0","101900","0"
"9917","20060225","3","9.1","119","7.4","4","0.6","0","101890","0"
"9918","20060226","7","2","61","7","4.5","2","0","102400","0"
"9919","20060227","8","0","31","6.5","4.3","2.1","0","102010","0"
"9920","20060228","3","6.8","107","6.3","4","1.6","0","100800","0"
"9921","20060301","1","6.1","112","5.6","1.4","-2.9","0","100650","0"
"9922","20060302","2","7.7","128","6.8","1.3","-4.2","0","100180","0"
"9923","20060303","5","4.8","102","6.1","2.5","-1.1","0","99820","0"
"9924","20060304","1","8.5","138","5.2","0.4","-4.4","0","99970","0"
"9925","20060305","3","7.2","128","7.9","2.7","-2.5","0","100980","0"
"9926","20060306","5","4.7","106","8.3","3.4","-1.4","0","101920","0"
"9927","20060307","8","0","38","10.5","6.4","2.3","8.6","101470","0"
"9928","20060308","8","0.1","43","13.1","8.9","4.7","7.2","99910","0"
"9929","20060309","7","0.8","59","11.6","9.8","8.1","3.8","99810","0"
"9930","20060310","7","0.4","52","8.8","6.4","4","0.6","100060","0"
"9931","20060311","7","1.1","66","5.9","4.7","3.5","0","101780","0"
"9932","20060312","8","0.8","62","5.3","1.8","-1.8","0","103000","0"
"9933","20060313","7","1.7","77","5.1","2","-1.1","0","102800","0"
"9934","20060314","8","0.1","47","6.8","3.8","0.8","0.2","102160","0"
"9935","20060315","5","5.5","127","10.1","6.8","3.6","0","102290","0"
"9936","20060316","8","0","44","3.7","2.3","0.9","0","102680","0"
"9937","20060317","8","0.3","55","6.4","","1.4","0","102590","0"
"9938","20060318","6","3.8","111","7.5","4.6","1.6","0","102110","0"
"9939","20060319","5","7.8","158","10.7","6.2","1.8","0","101600","0"
"9940","20060320","7","0","46","6.3","4.3","2.3","0","101280","0"
"9941","20060321","8","0","47","5.5","4","2.6","0","101280","0"
"9942","20060322","6","6.6","150","7.7","3.5","-0.7","0","101320","0"
"9943","20060323","4","7.8","165","11.5","5.4","-0.7","2.4","100770","0"
"9944","20060324","8","0.5","65","14.3","9.4","4.6","2.8","99310","0"
"9945","20060325","7","3.1","111","14.2","11.6","9","1.6","100080","0"
"9946","20060326","7","0.1","55","14.6","12.7","10.8","2.2","100320","0"
"9947","20060327","7","0.4","65","12.9","12.2","11.4","0.2","99720","0"
"9948","20060328","4","5.1","141","14.4","11.1","7.8","4.8","99860",""
"9949","20060329","7","2","98","14.1","10.2","6.3","5.8","100470","0"
"9950","20060330","8","1.2","85","15.2","12","8.7","0","99740","0"
"9951","20060331","7","3","116","15.3","12.9","10.5","4.4","100430","0"
"9952","20060401","5","6.6","165","15.5","11.8","8.2","3.8","100540","0"
"9953","20060402","5","7.1","173","13.7","9.6","5.6","1.6","100610","0"
"9954","20060403","4","5.8","158","12.7","9.2","5.7","0","101820","0"
"9955","20060404","2","6.9","173","9.4","5.7","2","0","102080","0"
"9956","20060405","0","12.2","235","11.5","5.8","0.1","0","101810","0"
"9957","20060406","2","11.8","233","13.2","7","0.8","0","101530",""
"9958","20060407","5","2.7","119","12.3","8.2","4.1","0.4","101270","0"
"9959","20060408","4","9.6","212","12.4","9.2","6","0","100760","0"
"9960","20060409","5","3","126","11.1","6.3","1.5","5","101400","0"
"9961","20060410","4","8.5","202","10.7","6.2","1.6","0","102190","0"
"9962","20060411","6","0.2","70","9.7","5.4","1.2","4.6","101600","0"
"9963","20060412","4","5.5","166","13.9","8.6","3.3","0","101360","0"
"9964","20060413","7","2.2","116","15.8","12.6","9.3","0.6","101000","0"
"9965","20060414","4","5","162","15.5","10.8","6.1","2.8","101250","0"
"9966","20060415","6","0","62","14.4","11.1","7.8","0","100710","0"
"9967","20060416","7","1","95","16.1","11.4","6.8","0.2","101070","0"
"9968","20060417","3","6.4","185","15.8","10.4","4.9","0","101370","0"
"9969","20060418","6","6.9","193","15.3","10.3","5.3","0.2","101390","0"
"9970","20060419","7","0.6","87","14.2","11","7.9","0","101270","0"
"9971","20060420","8","0","65","14.2","12.2","10.3","0.4","101240","0"
"9972","20060421","7","0.1","72","17.8","13.6","9.3","0","101630","0"
"9973","20060422","4","9.4","231","18.6","13","7.5","0.8","101990","0"
"9974","20060423","8","0","67","13.6","11.2","8.7","1.6","101650","0"
"9975","20060424","6","0.2","78","14.6","12.1","9.6","0","101740","0"
"9976","20060425","5","0.2","78","14.9","11","7.1","0.4","101660","0"
"9977","20060426","5","6","190","16.5","12.1","7.7","0","102040","0"
"9978","20060427","8","1","103","16.2","13.6","11","0","102500","0"
"9979","20060428","5","5.6","186","14.8","11.1","7.4","0","102610","0"
"9980","20060429","6","5.1","179","13.9","10.8","7.7","0.8","102120","0"
"9981","20060430","7","2.7","140","13.2","9.8","6.3","10.2","101150","0"
"9982","20060501","6","3.8","161","15.1","10.8","6.4","0","100290","0"
"9983","20060502","4","4.8","178","16.5","10.1","3.7","0","100830","0"
"9984","20060503","4","6.9","211","19.3","13.5","7.7","0","101350","0"
"9985","20060504","2","10.6","261","27.5","","12.5","0","101390","0"
"9986","20060505","1","11.9","279","21.5","16.3","11.1","0","102000","0"
"9987","20060506","5","1.7","125","17","11.8","6.6","1.8","102060","0"
"9988","20060507","7","1.5","121","18.5","14.9","11.3","11.2","101650","0"
"9989","20060508","7","0.4","93","15.2","13.2","11.2","2.6","101140","0"
"9990","20060509","6","2","133","19.2","14","8.9","0.4","101720","0"
"9991","20060510","3","5.4","194","22.5","16","9.6","0","101890",""
"9992","20060511","0","13.4","304","23.8","16.6","9.3","0","101860",""
"9993","20060512","1","8.9","247","24.2","17.1","10","9.4","101550",""
"9994","20060513","6","2.3","142","18.2","14.8","11.3","0.8","101630",""
"9995","20060514","8","0.1","84","16.3","13.6","11","0.2","102150",""
"9996","20060515","7","0.1","84","18.2","14.4","10.5","0","101340",""
"9997","20060516","6","1.9","135","17.3","14.6","11.9","1.6","101540",""
"9998","20060517","7","0.5","100","17.2","13.7","10.2","7","101440",""
"9999","20060518","6","3.6","169","18.4","15.1","11.8","0.4","100670",""