serieID,serie,season,episodeID,episodeNum,episode,year,genre,runtime,votes,rating
tt1837492,13 Reasons Why,1,tt5174246,1,"Tape 1, Side A",2017,"Drama,Mystery,Thriller",54.0,8097,8.2
tt1837492,13 Reasons Why,1,tt5174248,2,"Tape 1, Side B",2017,"Drama,Mystery,Thriller",52.0,6777,7.9
tt1837492,13 Reasons Why,1,tt5174250,3,"Tape 2, Side A",2017,"Drama,Mystery,Thriller",57.0,6385,7.8
tt1837492,13 Reasons Why,1,tt5174252,4,"Tape 2, Side B",2017,"Drama,Mystery,Thriller",57.0,6155,8.0
tt1837492,13 Reasons Why,1,tt5174254,5,"Tape 3, Side A",2017,"Drama,Mystery,Thriller",59.0,6088,8.1
tt1837492,13 Reasons Why,1,tt5174260,6,"Tape 3, Side B",2017,"Drama,Mystery,Thriller",52.0,5872,7.9
tt1837492,13 Reasons Why,1,tt5174262,7,"Tape 4, Side A",2017,"Drama,Mystery,Thriller",54.0,5982,8.3
tt1837492,13 Reasons Why,1,tt5174264,8,"Tape 4, Side B",2017,"Drama,Mystery,Thriller",54.0,5795,8.0
tt1837492,13 Reasons Why,1,tt5174266,9,"Tape 5, Side A",2017,"Drama,Mystery,Thriller",59.0,5940,8.6
tt1837492,13 Reasons Why,1,tt5174270,10,"Tape 5, Side B",2017,"Drama,Mystery,Thriller",50.0,5940,8.5
tt1837492,13 Reasons Why,1,tt5174272,11,"Tape 6, Side A",2017,"Drama,Mystery,Thriller",54.0,7847,9.1
tt1837492,13 Reasons Why,1,tt5174274,12,"Tape 6, Side B",2017,"Drama,Mystery,Thriller",62.0,6829,9.0
tt1837492,13 Reasons Why,1,tt5174280,13,"Tape 7, Side A",2017,"Drama,Mystery,Thriller",60.0,9042,9.2
tt1837492,13 Reasons Why,2,tt6861936,1,The First Polaroid,2018,"Drama,Mystery,Thriller",60.0,4152,7.0
tt1837492,13 Reasons Why,2,tt7013298,2,Two Girls Kissing,2018,"Drama,Mystery,Thriller",60.0,3589,7.1
tt1837492,13 Reasons Why,2,tt7050070,3,The Drunk Slut,2018,"Drama,Mystery,Thriller",57.0,3426,7.3
tt1837492,13 Reasons Why,2,tt7136932,4,The Second Polaroid,2018,"Drama,Mystery,Thriller",57.0,3252,7.1
tt1837492,13 Reasons Why,2,tt7136936,5,The Chalk Machine,2018,"Drama,Mystery,Thriller",57.0,3180,7.0
tt1837492,13 Reasons Why,2,tt7136940,6,The Smile at the End of the Dock,2018,"Drama,Mystery,Thriller",58.0,3504,7.7
tt1837492,13 Reasons Why,2,tt7289308,7,The Third Polaroid,2018,"Drama,Mystery,Thriller",56.0,3132,7.3
tt1837492,13 Reasons Why,2,tt7289314,8,The Little Girl,2018,"Drama,Mystery,Thriller",57.0,3125,7.6
tt1837492,13 Reasons Why,2,tt7339172,9,The Missing Page,2018,"Drama,Mystery,Thriller",57.0,3225,8.0
tt1837492,13 Reasons Why,2,tt7407784,10,"Smile, Bitches",2018,"Drama,Mystery,Thriller",55.0,3080,7.5
tt1837492,13 Reasons Why,2,tt7414986,11,Bryce and Chloe,2018,"Drama,Mystery,Thriller",58.0,3437,8.2
tt1837492,13 Reasons Why,2,tt7414988,12,The Box of Polaroids,2018,"Drama,Mystery,Thriller",56.0,3283,8.0
tt1837492,13 Reasons Why,2,tt7414990,13,Bye,2018,"Drama,Mystery,Thriller",70.0,5532,6.5
tt1837492,13 Reasons Why,3,tt8519402,1,Yeah. I'm the New Girl,2019,"Drama,Mystery,Thriller",56.0,2839,6.3
tt1837492,13 Reasons Why,3,tt8519634,2,"If You're Breathing, You're a Liar",2019,"Drama,Mystery,Thriller",57.0,2474,6.5
tt1837492,13 Reasons Why,3,tt8519636,3,The Good Person Is Indistinguishable from the Bad,2019,"Drama,Mystery,Thriller",59.0,2326,6.5
tt1837492,13 Reasons Why,3,tt8519638,4,"Angry, Young and Man",2019,"Drama,Mystery,Thriller",58.0,2241,6.8
tt1837492,13 Reasons Why,3,tt8519642,5,Nobody's Clean,2019,"Drama,Mystery,Thriller",59.0,2168,6.5
tt1837492,13 Reasons Why,3,tt8519668,6,You Can Tell the Heart of a Man by How He Grieves,2019,"Drama,Mystery,Thriller",56.0,2150,6.8
tt1837492,13 Reasons Why,3,tt8519670,7,There Are a Number of Problems with Clay Jensen,2019,"Drama,Mystery,Thriller",49.0,2154,6.4
tt1837492,13 Reasons Why,3,tt8519674,8,"In High School, Even on a Good Day, It's Hard to Tell Who's on Your Side",2019,"Drama,Mystery,Thriller",51.0,2230,7.4
tt1837492,13 Reasons Why,3,tt8519676,9,Always Waiting for the Next Bad News,2019,"Drama,Mystery,Thriller",54.0,2039,6.6
tt1837492,13 Reasons Why,3,tt8519680,10,The World Closing In,2019,"Drama,Mystery,Thriller",53.0,2070,7.0
tt1837492,13 Reasons Why,3,tt8519682,11,There Are a Few Things I Haven't Told You,2019,"Drama,Mystery,Thriller",54.0,2118,7.2
tt1837492,13 Reasons Why,3,tt8519684,12,And Then the Hurricane Hit,2019,"Drama,Mystery,Thriller",59.0,2251,7.6
tt1837492,13 Reasons Why,3,tt8519694,13,Let the Dead Bury the Dead,2019,"Drama,Mystery,Thriller",71.0,2787,6.4
tt1837492,13 Reasons Why,4,tt10741308,1,Winter Break,2020,"Drama,Mystery,Thriller",59.0,2182,5.7
tt1837492,13 Reasons Why,4,tt10787150,2,College Tour,2020,"Drama,Mystery,Thriller",58.0,1958,5.7
tt1837492,13 Reasons Why,4,tt11872112,3,Valentine's Day,2020,"Drama,Mystery,Thriller",59,2009,5.5
tt1837492,13 Reasons Why,4,tt11187066,4,Senior Camping Trip,2020,"Drama,Mystery,Thriller",59.0,2090,5.1
tt1837492,13 Reasons Why,4,tt11700056,5,House Party,2020,"Drama,Mystery,Thriller",57.0,1849,6.2
tt1837492,13 Reasons Why,4,tt11700060,6,Thursday,2020,"Drama,Mystery,Thriller",61.0,2055,6.6
tt1837492,13 Reasons Why,4,tt11872120,7,College Interview,2020,"Drama,Mystery,Thriller",60,1762,5.9
tt1837492,13 Reasons Why,4,tt11625470,8,Acceptance/Rejection,2020,"Drama,Mystery,Thriller",57,1979,6.2
tt1837492,13 Reasons Why,4,tt11898302,9,Prom,2020,"Drama,Mystery,Thriller",60,2015,6.7
tt1837492,13 Reasons Why,4,tt11898306,10,Graduation,2020,"Drama,Mystery,Thriller",98,2811,7.7
tt0285331,24,1,tt0502165,1,12:00 a.m.-1:00 a.m.,2001,"Action,Crime,Drama",60.0,3349,8.2
tt0285331,24,1,tt0502167,2,1:00 a.m.-2:00 a.m.,2001,"Action,Crime,Drama",43.0,2521,8.2
tt0285331,24,1,tt0502169,3,2:00 a.m.-3:00 a.m.,2001,"Action,Crime,Drama",41.0,2348,8.1
tt0285331,24,1,tt0502171,4,3:00 a.m.-4:00 a.m.,2001,"Action,Crime,Drama",40.0,2220,8.1
tt0285331,24,1,tt0502173,5,4:00 a.m.-5:00 a.m.,2001,"Action,Crime,Drama",41.0,2115,8.1
tt0285331,24,1,tt0502175,6,5:00 a.m.-6:00 a.m.,2001,"Action,Crime,Drama",42.0,2141,8.4
tt0285331,24,1,tt0502177,7,6:00 a.m.-7:00 a.m.,2002,"Action,Crime,Drama",41.0,2119,8.4
tt0285331,24,1,tt0502179,8,7:00 a.m.-8:00 a.m.,2002,"Action,Crime,Drama",40.0,2074,8.6
tt0285331,24,1,tt0502181,9,8:00 a.m.-9:00 a.m.,2002,"Action,Crime,Drama",43.0,2008,8.2
tt0285331,24,1,tt0502183,10,9:00 a.m.-10:00 a.m.,2002,"Action,Crime,Drama",42.0,2099,8.1
tt0285331,24,1,tt0502161,11,10:00 a.m.-11:00 a.m.,2002,"Action,Crime,Drama",44.0,1972,8.4
tt0285331,24,1,tt0502163,12,11:00 a.m.-12:00 p.m.,2002,"Action,Crime,Drama",40.0,1979,8.6
tt0285331,24,1,tt0502166,13,12:00 p.m.-1:00 p.m.,2002,"Action,Crime,Drama",43.0,1927,8.4
tt0285331,24,1,tt0502168,14,1:00 p.m.-2:00 p.m.,2002,"Action,Crime,Drama",43.0,1874,8.0
tt0285331,24,1,tt0502170,15,2:00 p.m.-3:00 p.m.,2002,"Action,Crime,Drama",42.0,1888,8.0
tt0285331,24,1,tt0502172,16,3:00 p.m.-4:00 p.m.,2002,"Action,Crime,Drama",41.0,1880,7.9
tt0285331,24,1,tt0502174,17,4:00 p.m.-5:00 p.m.,2002,"Action,Crime,Drama",41.0,1853,8.0
tt0285331,24,1,tt0502176,18,5:00 p.m.-6:00 p.m.,2002,"Action,Crime,Drama",41.0,1805,7.9
tt0285331,24,1,tt0502178,19,6:00 p.m.-7:00 p.m.,2002,"Action,Crime,Drama",41.0,1824,8.2
tt0285331,24,1,tt0502180,20,7:00 p.m.-8:00 p.m.,2002,"Action,Crime,Drama",42.0,1837,8.5
tt0285331,24,1,tt0502182,21,8:00 p.m.-9:00 p.m.,2002,"Action,Crime,Drama",42.0,1789,8.1
tt0285331,24,1,tt0502184,22,9:00 p.m.-10:00 p.m.,2002,"Action,Crime,Drama",44.0,1790,8.2
tt0285331,24,1,tt0502162,23,10:00 p.m.-11:00 p.m.,2002,"Action,Crime,Drama",42.0,1953,8.8
tt0285331,24,1,tt0502164,24,11:00 p.m.-12:00 a.m.,2002,"Action,Crime,Drama",42.0,2718,9.3
tt0285331,24,2,tt0502205,1,Day 2: 8:00 a.m.-9:00 a.m.,2002,"Action,Crime,Drama",52.0,1919,8.2
tt0285331,24,2,tt0502207,2,Day 2: 9:00 a.m.-10:00 a.m.,2002,"Action,Crime,Drama",44.0,1668,8.0
tt0285331,24,2,tt0502185,3,Day 2: 10:00 a.m.-11:00 a.m.,2002,"Action,Crime,Drama",44.0,1675,8.6
tt0285331,24,2,tt0502187,4,Day 2: 11:00 a.m.-12:00 p.m.,2002,"Action,Crime,Drama",45.0,1625,8.5
tt0285331,24,2,tt0502190,5,Day 2: 12:00 p.m.-1:00 p.m.,2002,"Action,Crime,Drama",45.0,1589,8.1
tt0285331,24,2,tt0502192,6,Day 2: 1:00 p.m.-2:00 p.m.,2002,"Action,Crime,Drama",45.0,1582,8.3
tt0285331,24,2,tt0502194,7,Day 2: 2:00 p.m.-3:00 p.m.,2002,"Action,Crime,Drama",45.0,1600,8.5
tt0285331,24,2,tt0502196,8,Day 2: 3:00 p.m.-4:00 p.m.,2002,"Action,Crime,Drama",44.0,1568,8.3
tt0285331,24,2,tt0502198,9,Day 2: 4:00 p.m.-5:00 p.m.,2003,"Action,Crime,Drama",44.0,1613,8.7
tt0285331,24,2,tt0502200,10,Day 2: 5:00 p.m.-6:00 p.m.,2003,"Action,Crime,Drama",44.0,1590,8.7
tt0285331,24,2,tt0502202,11,Day 2: 6:00 p.m.-7:00 p.m.,2003,"Action,Crime,Drama",43.0,1557,8.3
tt0285331,24,2,tt0502204,12,Day 2: 7:00 p.m.-8:00 p.m.,2003,"Action,Crime,Drama",43.0,1596,8.6
tt0285331,24,2,tt0502206,13,Day 2: 8:00 p.m.-9:00 p.m.,2003,"Action,Crime,Drama",43.0,1551,8.3
tt0285331,24,2,tt0502208,14,Day 2: 9:00 p.m.-10:00 p.m.,2003,"Action,Crime,Drama",45.0,1552,8.4
tt0285331,24,2,tt0502186,15,Day 2: 10:00 p.m.-11:00 p.m.,2003,"Action,Crime,Drama",45.0,2019,9.1
tt0285331,24,2,tt0502188,16,Day 2: 11:00 p.m.-12:00 a.m.,2003,"Action,Crime,Drama",44.0,1543,8.3
tt0285331,24,2,tt0502189,17,Day 2: 12:00 a.m.-1:00 a.m.,2003,"Action,Crime,Drama",45.0,1504,8.0
tt0285331,24,2,tt0502191,18,Day 2: 1:00 a.m.-2:00 a.m.,2003,"Action,Crime,Drama",45.0,1532,8.4
tt0285331,24,2,tt0502193,19,Day 2: 2:00 a.m.-3:00 a.m.,2003,"Action,Crime,Drama",44.0,1549,8.3
tt0285331,24,2,tt0502195,20,Day 2: 3:00 a.m.-4:00 a.m.,2003,"Action,Crime,Drama",44.0,1552,8.5
tt0285331,24,2,tt0502197,21,Day 2: 4:00 a.m.-5:00 a.m.,2003,"Action,Crime,Drama",45.0,1550,8.6
tt0285331,24,2,tt0502199,22,Day 2: 5:00 a.m.-6:00 a.m.,2003,"Action,Crime,Drama",45.0,1530,8.6
tt0285331,24,2,tt0502201,23,Day 2: 6:00 a.m.-7:00 a.m.,2003,"Action,Crime,Drama",44.0,1551,8.6
tt0285331,24,2,tt0502203,24,Day 2: 7:00 a.m.-8:00 a.m.,2003,"Action,Crime,Drama",44.0,1864,9.0
tt0285331,24,3,tt0502216,1,Day 3: 1:00 p.m.-2:00 p.m.,2003,"Action,Crime,Drama",60.0,1667,7.9
tt0285331,24,3,tt0502218,2,Day 3: 2:00 p.m.-3:00 p.m.,2003,"Action,Crime,Drama",45.0,1462,7.9
tt0285331,24,3,tt0502220,3,Day 3: 3:00 p.m.-4:00 p.m.,2003,"Action,Crime,Drama",44.0,1450,8.3
tt0285331,24,3,tt0502222,4,Day 3: 4:00 p.m.-5:00 p.m.,2003,"Action,Crime,Drama",44.0,1452,8.3
tt0285331,24,3,tt0502224,5,Day 3: 5:00 p.m.-6:00 p.m.,2003,"Action,Crime,Drama",44.0,1426,8.4
tt0285331,24,3,tt0502226,6,Day 3: 6:00 p.m.-7:00 p.m.,2003,"Action,Crime,Drama",44.0,1415,8.2
tt0285331,24,3,tt0502228,7,Day 3: 7:00 p.m.-8:00 p.m.,2003,"Action,Crime,Drama",43.0,1443,8.6
tt0285331,24,3,tt0502230,8,Day 3: 8:00 p.m.-9:00 p.m.,2003,"Action,Crime,Drama",44.0,1397,8.3
tt0285331,24,3,tt0502232,9,Day 3: 9:00 p.m.-10:00 p.m.,2004,"Action,Crime,Drama",45.0,1387,8.1
tt0285331,24,3,tt0502210,10,Day 3: 10:00 p.m.-11:00 p.m.,2004,"Action,Crime,Drama",45.0,1386,8.3
tt0285331,24,3,tt0502212,11,Day 3: 11:00 p.m.-12:00 a.m.,2004,"Action,Crime,Drama",44.0,1369,8.2
tt0285331,24,3,tt0502213,12,Day 3: 12:00 a.m.-1:00 a.m.,2004,"Action,Crime,Drama",45.0,1385,8.5
tt0285331,24,3,tt0502215,13,Day 3: 1:00 a.m.-2:00 a.m.,2004,"Action,Crime,Drama",45.0,1382,8.4
tt0285331,24,3,tt0502217,14,Day 3: 2:00 a.m.-3:00 a.m.,2004,"Action,Crime,Drama",44.0,1441,8.7
tt0285331,24,3,tt0502219,15,Day 3: 3:00 a.m.-4:00 a.m.,2004,"Action,Crime,Drama",44.0,1369,8.4
tt0285331,24,3,tt0502221,16,Day 3: 4:00 a.m.-5:00 a.m.,2004,"Action,Crime,Drama",44.0,1395,8.6
tt0285331,24,3,tt0502223,17,Day 3: 5:00 a.m.-6:00 a.m.,2004,"Action,Crime,Drama",45.0,1385,8.6
tt0285331,24,3,tt0502225,18,Day 3: 6:00 a.m.-7:00 a.m.,2004,"Action,Crime,Drama",44.0,1747,9.1
tt0285331,24,3,tt0502227,19,Day 3: 7:00 a.m.-8:00 a.m.,2004,"Action,Crime,Drama",45.0,1364,8.4
tt0285331,24,3,tt0502229,20,Day 3: 8:00 a.m.-9:00 a.m.,2004,"Action,Crime,Drama",45.0,1335,8.4
tt0285331,24,3,tt0502231,21,Day 3: 9:00 a.m.-10:00 a.m.,2004,"Action,Crime,Drama",44.0,1358,8.4
tt0285331,24,3,tt0502209,22,Day 3: 10:00 a.m.-11:00 a.m.,2004,"Action,Crime,Drama",42.0,1414,8.8
tt0285331,24,3,tt0502211,23,Day 3: 11:00 a.m.-12:00 p.m.,2004,"Action,Crime,Drama",43.0,1398,8.7
tt0285331,24,3,tt0502214,24,Day 3: 12:00 p.m.-1:00 p.m.,2004,"Action,Crime,Drama",42.0,1565,8.9
tt0285331,24,4,tt0502251,1,Day 4: 7:00 a.m.-8:00 a.m.,2005,"Action,Crime,Drama",42.0,1522,8.3
tt0285331,24,4,tt0502253,2,Day 4: 8:00 a.m.-9:00 a.m.,2005,"Action,Crime,Drama",60.0,1357,8.0
tt0285331,24,4,tt0502255,3,Day 4: 9:00 a.m.-10:00 a.m.,2005,"Action,Crime,Drama",60.0,1316,8.0
tt0285331,24,4,tt0502233,4,Day 4: 10:00 a.m.-11:00 a.m.,2005,"Action,Crime,Drama",42.0,1323,8.1
tt0285331,24,4,tt0502235,5,Day 4: 11:00 a.m.-12:00 p.m.,2005,"Action,Crime,Drama",44.0,1308,8.1
tt0285331,24,4,tt0502238,6,Day 4: 12:00 p.m.-1:00 p.m.,2005,"Action,Crime,Drama",42.0,1332,8.6
tt0285331,24,4,tt0502240,7,Day 4: 1:00 p.m.-2:00 p.m.,2005,"Action,Crime,Drama",42.0,1289,8.4
tt0285331,24,4,tt0502242,8,Day 4: 2:00 p.m.-3:00 p.m.,2005,"Action,Crime,Drama",42.0,1292,8.4
tt0285331,24,4,tt0502244,9,Day 4: 3:00 p.m.-4:00 p.m.,2005,"Action,Crime,Drama",42.0,1257,8.3
tt0285331,24,4,tt0502246,10,Day 4: 4:00 p.m.-5:00 p.m.,2005,"Action,Crime,Drama",42.0,1263,8.0
tt0285331,24,4,tt0502248,11,Day 4: 5:00 p.m.-6:00 p.m.,2005,"Action,Crime,Drama",42.0,1265,8.4
tt0285331,24,4,tt0502250,12,Day 4: 6:00 p.m.-7:00 p.m.,2005,"Action,Crime,Drama",42.0,1277,8.2
tt0285331,24,4,tt0502252,13,Day 4: 7:00 p.m.-8:00 p.m.,2005,"Action,Crime,Drama",42.0,1268,8.3
tt0285331,24,4,tt0502254,14,Day 4: 8:00 p.m.-9:00 p.m.,2005,"Action,Crime,Drama",42.0,1265,8.1
tt0285331,24,4,tt0502256,15,Day 4: 9:00 p.m.-10:00 p.m.,2005,"Action,Crime,Drama",41.0,1258,7.9
tt0285331,24,4,tt0502234,16,Day 4: 10:00 p.m.-11:00 p.m.,2005,"Action,Crime,Drama",42.0,1323,8.7
tt0285331,24,4,tt0502236,17,Day 4: 11:00 p.m.-12:00 a.m.,2005,"Action,Crime,Drama",42.0,1290,8.4
tt0285331,24,4,tt0502237,18,Day 4: 12:00 a.m.-1:00 a.m.,2005,"Action,Crime,Drama",42.0,1259,8.1
tt0285331,24,4,tt0502239,19,Day 4: 1:00 a.m.-2:00 a.m.,2005,"Action,Crime,Drama",42.0,1316,8.6
tt0285331,24,4,tt0502241,20,Day 4: 2:00 a.m.-3:00 a.m.,2005,"Action,Crime,Drama",42.0,1385,8.8
tt0285331,24,4,tt0502243,21,Day 4: 3:00 a.m.-4:00 a.m.,2005,"Action,Crime,Drama",42.0,1263,8.3
tt0285331,24,4,tt0502245,22,Day 4: 4:00 a.m.-5:00 a.m.,2005,"Action,Crime,Drama",42.0,1287,8.4
tt0285331,24,4,tt0502247,23,Day 4: 5:00 a.m.-6:00 a.m.,2005,"Action,Crime,Drama",42.0,1360,8.8
tt0285331,24,4,tt0502249,24,Day 4: 6:00 a.m.-7:00 a.m.,2005,"Action,Crime,Drama",42.0,1511,9.0
tt0285331,24,5,tt0502266,1,Day 5: 7:00 a.m.-8:00 a.m.,2006,"Action,Crime,Drama",42.0,1819,9.1
tt0285331,24,5,tt0502268,2,Day 5: 8:00 a.m.-9:00 a.m.,2006,"Action,Crime,Drama",43.0,1401,8.7
tt0285331,24,5,tt0502270,3,Day 5: 9:00 a.m.-10:00 a.m.,2006,"Action,Crime,Drama",42.0,1353,8.6
tt0285331,24,5,tt0502257,4,Day 5: 10:00 a.m.-11:00 a.m.,2006,"Action,Crime,Drama",42.0,1366,8.6
tt0285331,24,5,tt0502258,5,Day 5: 11:00 a.m.-12:00 p.m.,2006,"Action,Crime,Drama",45.0,1338,8.6
tt0285331,24,5,tt0502259,6,Day 5: 12:00 p.m.-1:00 p.m.,2006,"Action,Crime,Drama",45.0,1341,8.6
tt0285331,24,5,tt0502260,7,Day 5: 1:00 p.m.-2:00 p.m.,2006,"Action,Crime,Drama",44.0,1320,8.1
tt0285331,24,5,tt0502261,8,Day 5: 2:00 p.m.-3:00 p.m.,2006,"Action,Crime,Drama",45.0,1307,8.3
tt0285331,24,5,tt0502262,9,Day 5: 3:00 p.m.-4:00 p.m.,2006,"Action,Crime,Drama",44.0,1297,8.2
tt0285331,24,5,tt0502263,10,Day 5: 4:00 p.m.-5:00 p.m.,2006,"Action,Crime,Drama",45.0,1313,8.7
tt0285331,24,5,tt0502264,11,Day 5: 5:00 p.m.-6:00 p.m.,2006,"Action,Crime,Drama",44.0,1313,8.4
tt0285331,24,5,tt0502265,12,Day 5: 6:00 p.m.-7:00 p.m.,2006,"Action,Crime,Drama",44.0,1533,9.1
tt0285331,24,5,tt0502267,13,Day 5: 7:00 p.m.-8:00 p.m.,2006,"Action,Crime,Drama",45.0,1433,8.8
tt0285331,24,5,tt0502269,14,Day 5: 8:00 p.m.-9:00 p.m.,2006,"Action,Crime,Drama",45.0,1302,8.3
tt0285331,24,5,tt0763117,15,Day 5: 9:00 p.m.-10:00 p.m.,2006,"Action,Crime,Drama",42.0,1322,8.7
tt0285331,24,5,tt0760415,16,Day 5: 10:00 p.m.-11:00 p.m.,2006,"Action,Crime,Drama",41.0,1296,8.6
tt0285331,24,5,tt0782170,17,Day 5: 11:00 p.m.-12:00 a.m.,2006,"Action,Crime,Drama",42.0,1287,8.5
tt0285331,24,5,tt0782171,18,Day 5: 12:00 a.m.-1:00 a.m.,2006,"Action,Crime,Drama",42.0,1272,8.5
tt0285331,24,5,tt0769779,19,Day 5: 1:00 a.m.-2:00 a.m.,2006,"Action,Crime,Drama",42.0,1256,8.4
tt0285331,24,5,tt0769780,20,Day 5: 2:00 a.m.-3:00 a.m.,2006,"Action,Crime,Drama",42.0,1272,8.5
tt0285331,24,5,tt0784081,21,Day 5: 3:00 a.m.-4:00 a.m.,2006,"Action,Crime,Drama",42.0,1279,8.5
tt0285331,24,5,tt0796377,22,Day 5: 4:00 a.m.-5:00 a.m.,2006,"Action,Crime,Drama",42.0,1272,8.2
tt0285331,24,5,tt0801845,23,Day 5: 5:00 a.m.-6:00 a.m.,2006,"Action,Crime,Drama",42.0,1317,8.7
tt0285331,24,5,tt0807484,24,Day 5: 6:00 a.m.-7:00 a.m.,2006,"Action,Crime,Drama",42.0,1630,9.1
tt0285331,24,6,tt0865980,1,Day 6: 6:00 a.m.-7:00 a.m.,2007,"Action,Crime,Drama",43.0,1549,8.3
tt0285331,24,6,tt0925315,2,Day 6: 7:00 a.m.-8:00 a.m.,2007,"Action,Crime,Drama",44.0,1360,8.3
tt0285331,24,6,tt0933400,3,Day 6: 8:00 a.m.-9:00 a.m.,2007,"Action,Crime,Drama",44.0,1302,8.0
tt0285331,24,6,tt0933401,4,Day 6: 9:00 a.m.-10:00 a.m.,2007,"Action,Crime,Drama",44.0,1549,8.9
tt0285331,24,6,tt0933901,5,Day 6: 10:00 a.m.-11:00 a.m.,2007,"Action,Crime,Drama",44.0,1312,8.0
tt0285331,24,6,tt0933903,6,Day 6: 11:00 a.m.-12:00 p.m.,2007,"Action,Crime,Drama",44.0,1259,7.8
tt0285331,24,6,tt0933906,7,Day 6: 12:00 p.m.-1:00 p.m.,2007,"Action,Crime,Drama",45.0,1244,8.0
tt0285331,24,6,tt0933908,8,Day 6: 1:00 p.m.-2:00 p.m.,2007,"Action,Crime,Drama",45.0,1219,8.0
tt0285331,24,6,tt0933910,9,Day 6: 2:00 p.m.-3:00 p.m.,2007,"Action,Crime,Drama",41.0,1211,8.0
tt0285331,24,6,tt0933912,10,Day 6: 3:00 p.m.-4:00 p.m.,2007,"Action,Crime,Drama",44.0,1225,8.0
tt0285331,24,6,tt0933914,11,Day 6: 4:00 p.m.-5:00 p.m.,2007,"Action,Crime,Drama",43.0,1231,7.9
tt0285331,24,6,tt0933916,12,Day 6: 5:00 p.m.-6:00 p.m.,2007,"Action,Crime,Drama",44.0,1222,8.0
tt0285331,24,6,tt0933917,13,Day 6: 6:00 p.m.-7:00 p.m.,2007,"Action,Crime,Drama",43.0,1227,8.1
tt0285331,24,6,tt0933918,14,Day 6: 7:00 p.m.-8:00 p.m.,2007,"Action,Crime,Drama",43.0,1213,7.9
tt0285331,24,6,tt0933919,15,Day 6: 8:00 p.m.-9:00 p.m.,2007,"Action,Crime,Drama",43.0,1219,7.9
tt0285331,24,6,tt0933920,16,Day 6: 9:00 p.m.-10:00 p.m.,2007,"Action,Crime,Drama",43.0,1224,8.0
tt0285331,24,6,tt0933902,17,Day 6: 10:00 p.m.-11:00 p.m.,2007,"Action,Crime,Drama",43.0,1370,8.7
tt0285331,24,6,tt0933904,18,Day 6: 11:00 p.m.-12:00 a.m.,2007,"Action,Crime,Drama",43.0,1202,7.8
tt0285331,24,6,tt0933905,19,Day 6: 12:00 a.m.-1:00 a.m.,2007,"Action,Crime,Drama",43.0,1191,7.7
tt0285331,24,6,tt0933907,20,Day 6: 1:00 a.m.-2:00 a.m.,2007,"Action,Crime,Drama",43.0,1215,7.7
tt0285331,24,6,tt0933909,21,Day 6: 2:00 a.m.-3:00 a.m.,2007,"Action,Crime,Drama",43.0,1233,8.1
tt0285331,24,6,tt0933911,22,Day 6: 3:00 a.m.-4:00 a.m.,2007,"Action,Crime,Drama",43.0,1198,7.9
tt0285331,24,6,tt0933913,23,Day 6: 4:00 a.m.-5:00 a.m.,2007,"Action,Crime,Drama",43.0,1242,7.9
tt0285331,24,6,tt0933915,24,Day 6: 5:00 a.m.-6:00 a.m.,2007,"Action,Crime,Drama",43.0,1426,8.2
tt0285331,24,7,tt1091235,1,Day 7: 8:00 a.m.-9:00 a.m.,2009,"Action,Crime,Drama",46,1516,8.2
tt0285331,24,7,tt1091246,2,Day 7: 9:00 a.m.-10:00 a.m.,2009,"Action,Crime,Drama",42,1272,8.1
tt0285331,24,7,tt1091252,3,Day 7: 10:00 a.m.-11:00 a.m.,2009,"Action,Crime,Drama",44,1304,8.7
tt0285331,24,7,tt1091253,4,Day 7: 11:00 a.m.-12:00 p.m.,2009,"Action,Crime,Drama",44,1237,8.1
tt0285331,24,7,tt1091254,5,Day 7: 12:00 p.m.-1:00 p.m.,2009,"Action,Crime,Drama",44,1217,8.2
tt0285331,24,7,tt1334623,6,Day 7: 1:00 p.m.-2:00 p.m.,2009,"Action,Crime,Drama",43.0,1175,8.1
tt0285331,24,7,tt1091255,7,Day 7: 2:00 p.m.-3:00 p.m.,2009,"Action,Crime,Drama",42,1175,8.1
tt0285331,24,7,tt1091256,8,Day 7: 3:00 p.m.-4:00 p.m.,2009,"Action,Crime,Drama",42,1153,8.2
tt0285331,24,7,tt1091257,9,Day 7: 4:00 p.m.-5:00 p.m.,2009,"Action,Crime,Drama",43,1161,8.1
tt0285331,24,7,tt1091258,10,Day 7: 5:00 p.m.-6:00 p.m.,2009,"Action,Crime,Drama",43,1184,8.4
tt0285331,24,7,tt1091236,11,Day 7: 6:00 p.m.-7:00 p.m.,2009,"Action,Crime,Drama",42,1181,8.1
tt0285331,24,7,tt1091237,12,Day 7: 7:00 p.m.-8:00 p.m.,2009,"Action,Crime,Drama",43,1318,8.8
tt0285331,24,7,tt1091238,13,Day 7: 8:00 p.m.-9:00 p.m.,2009,"Action,Crime,Drama",43,1211,8.6
tt0285331,24,7,tt1091239,14,Day 7: 9:00 p.m.-10:00 p.m.,2009,"Action,Crime,Drama",43,1165,8.4
tt0285331,24,7,tt1091241,15,Day 7: 10:00 p.m.-11:00 p.m.,2009,"Action,Crime,Drama",42,1135,8.1
tt0285331,24,7,tt1091242,16,Day 7: 11:00 p.m.-12:00 a.m.,2009,"Action,Crime,Drama",42,1140,8.1
tt0285331,24,7,tt1091243,17,Day 7: 12:00 a.m.-1:00 a.m.,2009,"Action,Crime,Drama",43,1127,8.0
tt0285331,24,7,tt1091244,18,Day 7: 1:00 a.m.-2:00 a.m.,2009,"Action,Crime,Drama",42,1200,8.4
tt0285331,24,7,tt1091245,19,Day 7: 2:00 a.m.-3:00 a.m.,2009,"Action,Crime,Drama",42,1131,8.1
tt0285331,24,7,tt1091247,20,Day 7: 3:00 a.m.-4:00 a.m.,2009,"Action,Crime,Drama",43,1148,7.9
tt0285331,24,7,tt1091248,21,Day 7: 4:00 a.m.-5:00 a.m.,2009,"Action,Crime,Drama",44,1128,7.7
tt0285331,24,7,tt1091249,22,Day 7: 5:00 a.m.-6:00 a.m.,2009,"Action,Crime,Drama",43,1141,8.0
tt0285331,24,7,tt1091250,23,Day 7: 6:00 a.m.-7:00 a.m.,2009,"Action,Crime,Drama",44,1171,8.3
tt0285331,24,7,tt1091251,24,Day 7: 7:00 a.m.-8:00 a.m.,2009,"Action,Crime,Drama",45,1345,8.6
tt0285331,24,8,tt1448781,1,Day 8: 4:00 p.m.-5:00 p.m.,2010,"Action,Crime,Drama",42.0,1478,8.0
tt0285331,24,8,tt1452307,2,Day 8: 5:00 p.m.-6:00 p.m.,2010,"Action,Crime,Drama",44.0,1222,7.8
tt0285331,24,8,tt1452308,3,Day 8: 6:00 p.m.-7:00 p.m.,2010,"Action,Crime,Drama",41.0,1176,8.0
tt0285331,24,8,tt1452309,4,Day 8: 7:00 p.m.-8:00 p.m.,2010,"Action,Crime,Drama",45.0,1180,8.0
tt0285331,24,8,tt1455275,5,Day 8: 8:00 p.m.-9:00 p.m.,2010,"Action,Crime,Drama",44.0,1166,7.7
tt0285331,24,8,tt1456663,6,Day 8: 9:00 p.m.-10:00 p.m.,2010,"Action,Crime,Drama",44.0,1142,7.7
tt0285331,24,8,tt1461703,7,Day 8: 10:00 p.m.-11:00 p.m.,2010,"Action,Crime,Drama",44.0,1117,7.8
tt0285331,24,8,tt1463805,8,Day 8: 11:00 p.m.-12:00 a.m.,2010,"Action,Crime,Drama",44.0,1102,7.9
tt0285331,24,8,tt1463806,9,Day 8: 12:00 a.m.-1:00 a.m.,2010,"Action,Crime,Drama",43.0,1126,7.6
tt0285331,24,8,tt1463808,10,Day 8: 1:00 a.m.-2:00 a.m.,2010,"Action,Crime,Drama",44.0,1104,7.7
tt0285331,24,8,tt1463810,11,Day 8: 2:00 a.m.-3:00 a.m.,2010,"Action,Crime,Drama",43.0,1118,8.0
tt0285331,24,8,tt1463812,12,Day 8: 3:00 a.m.-4:00 a.m.,2010,"Action,Crime,Drama",43.0,1156,8.4
tt0285331,24,8,tt1463814,13,Day 8: 4:00 a.m.-5:00 a.m.,2010,"Action,Crime,Drama",43.0,1112,8.0
tt0285331,24,8,tt1463815,14,Day 8: 5:00 a.m.-6:00 a.m.,2010,"Action,Crime,Drama",42.0,1097,8.1
tt0285331,24,8,tt1463816,15,Day 8: 6:00 a.m.-7:00 a.m.,2010,"Action,Crime,Drama",42.0,1101,8.3
tt0285331,24,8,tt1463817,16,Day 8: 7:00 a.m.-8:00 a.m.,2010,"Action,Crime,Drama",44.0,1234,8.8
tt0285331,24,8,tt1463818,17,Day 8: 8:00 a.m.-9:00 a.m.,2010,"Action,Crime,Drama",44.0,1201,8.5
tt0285331,24,8,tt1463819,18,Day 8: 9:00 a.m.-10:00 a.m.,2010,"Action,Crime,Drama",43.0,1126,8.2
tt0285331,24,8,tt1463803,19,Day 8: 10:00 a.m.-11:00 a.m.,2010,"Action,Crime,Drama",43.0,1125,7.9
tt0285331,24,8,tt1463804,20,Day 8: 11:00 a.m.-12:00 p.m.,2010,"Action,Crime,Drama",43.0,1159,8.5
tt0285331,24,8,tt1463807,21,Day 8: 12:00 p.m.-1:00 p.m.,2010,"Action,Crime,Drama",44.0,1204,8.7
tt0285331,24,8,tt1463809,22,Day 8: 1:00 p.m.-2:00 p.m.,2010,"Action,Crime,Drama",43.0,1367,9.0
tt0285331,24,8,tt1463811,23,Day 8: 2:00 p.m.-3:00 p.m.,2010,"Action,Crime,Drama",43.0,1267,8.8
tt0285331,24,8,tt1463813,24,Day 8: 3:00 p.m.-4:00 p.m.,2010,"Action,Crime,Drama",46.0,1796,9.0
tt2364582,Agents of S.H.I.E.L.D.,1,tt2912308,1,Pilot,2013,"Action,Adventure,Drama",44,7881,7.5
tt2364582,Agents of S.H.I.E.L.D.,1,tt3130816,2,0-8-4,2013,"Action,Adventure,Drama",42.0,5939,7.1
tt2364582,Agents of S.H.I.E.L.D.,1,tt3130186,3,The Asset,2013,"Action,Adventure,Drama",43.0,5282,7.3
tt2364582,Agents of S.H.I.E.L.D.,1,tt3218318,4,Eye-Spy,2013,"Action,Adventure,Drama",43,4930,7.5
tt2364582,Agents of S.H.I.E.L.D.,1,tt3229400,5,Girl in the Flower Dress,2013,"Action,Adventure,Drama",43,4814,7.4
tt2364582,Agents of S.H.I.E.L.D.,1,tt3229404,6,FZZT,2013,"Action,Adventure,Drama",43,5085,8.0
tt2364582,Agents of S.H.I.E.L.D.,1,tt3229406,7,The Hub,2013,"Action,Adventure,Drama",43,4535,7.5
tt2364582,Agents of S.H.I.E.L.D.,1,tt3252298,8,The Well,2013,"Action,Adventure,Drama",43,4538,7.7
tt2364582,Agents of S.H.I.E.L.D.,1,tt3252332,9,Repairs,2013,"Action,Adventure,Drama",43,4350,7.3
tt2364582,Agents of S.H.I.E.L.D.,1,tt3252318,10,The Bridge,2013,"Action,Adventure,Drama",42,4357,7.9
tt2364582,Agents of S.H.I.E.L.D.,1,tt3307564,11,The Magical Place,2014,"Action,Adventure,Drama",43.0,4386,8.1
tt2364582,Agents of S.H.I.E.L.D.,1,tt3307568,12,Seeds,2014,"Action,Adventure,Drama",43.0,4351,7.8
tt2364582,Agents of S.H.I.E.L.D.,1,tt3307566,13,T.R.A.C.K.S.,2014,"Action,Adventure,Drama",43.0,4559,8.5
tt2364582,Agents of S.H.I.E.L.D.,1,tt3476430,14,T.A.H.I.T.I.,2014,"Action,Adventure,Drama",45.0,4310,8.4
tt2364582,Agents of S.H.I.E.L.D.,1,tt3473818,15,Yes Men,2014,"Action,Adventure,Drama",45.0,4364,8.0
tt2364582,Agents of S.H.I.E.L.D.,1,tt3539224,16,End of the Beginning,2014,"Action,Adventure,Drama",45,4397,8.5
tt2364582,Agents of S.H.I.E.L.D.,1,tt3539406,17,"Turn, Turn, Turn",2014,"Action,Adventure,Drama",44,6013,9.2
tt2364582,Agents of S.H.I.E.L.D.,1,tt3609126,18,Providence,2014,"Action,Adventure,Drama",45.0,4029,8.2
tt2364582,Agents of S.H.I.E.L.D.,1,tt3609154,19,The Only Light in the Darkness,2014,"Action,Adventure,Drama",41.0,4065,8.2
tt2364582,Agents of S.H.I.E.L.D.,1,tt3609164,20,Nothing Personal,2014,"Action,Adventure,Drama",41.0,4133,8.6
tt2364582,Agents of S.H.I.E.L.D.,1,tt3609168,21,Ragtag,2014,"Action,Adventure,Drama",42.0,3910,8.3
tt2364582,Agents of S.H.I.E.L.D.,1,tt3609170,22,Beginning of the End,2014,"Action,Adventure,Drama",44.0,4995,9.0
tt2364582,Agents of S.H.I.E.L.D.,2,tt3721000,1,Shadows,2014,"Action,Adventure,Drama",43.0,4355,8.1
tt2364582,Agents of S.H.I.E.L.D.,2,tt3997450,2,Heavy Is the Head,2014,"Action,Adventure,Drama",42,3760,7.9
tt2364582,Agents of S.H.I.E.L.D.,2,tt3997456,3,Making Friends and Influencing People,2014,"Action,Adventure,Drama",43,3655,8.0
tt2364582,Agents of S.H.I.E.L.D.,2,tt3997452,4,Face My Enemy,2014,"Action,Adventure,Drama",42,3623,8.1
tt2364582,Agents of S.H.I.E.L.D.,2,tt3970174,5,A Hen in the Wolf House,2014,"Action,Adventure,Drama",44,3841,8.6
tt2364582,Agents of S.H.I.E.L.D.,2,tt4078580,6,A Fractured House,2014,"Action,Adventure,Drama",41.0,3549,8.1
tt2364582,Agents of S.H.I.E.L.D.,2,tt4082652,7,The Writing on the Wall,2014,"Action,Adventure,Drama",42.0,3571,8.3
tt2364582,Agents of S.H.I.E.L.D.,2,tt4082656,8,The Things We Bury,2014,"Action,Adventure,Drama",44.0,3659,8.5
tt2364582,Agents of S.H.I.E.L.D.,2,tt4120698,9,...Ye Who Enter Here,2014,"Action,Adventure,Drama",43.0,3523,8.4
tt2364582,Agents of S.H.I.E.L.D.,2,tt4120702,10,What They Become,2014,"Action,Adventure,Drama",43.0,4996,9.1
tt2364582,Agents of S.H.I.E.L.D.,2,tt4120704,11,Aftershocks,2015,"Action,Adventure,Drama",43.0,3531,8.3
tt2364582,Agents of S.H.I.E.L.D.,2,tt4120714,12,Who You Really Are,2015,"Action,Adventure,Drama",42.0,3342,8.0
tt2364582,Agents of S.H.I.E.L.D.,2,tt4120718,13,One of Us,2015,"Action,Adventure,Drama",43.0,3236,7.8
tt2364582,Agents of S.H.I.E.L.D.,2,tt4120720,14,Love in the Time of HYDRA,2015,"Action,Adventure,Drama",44.0,3277,7.6
tt2364582,Agents of S.H.I.E.L.D.,2,tt4120722,15,One Door Closes,2015,"Action,Adventure,Drama",42.0,3447,8.5
tt2364582,Agents of S.H.I.E.L.D.,2,tt4120726,16,Afterlife,2015,"Action,Adventure,Drama",44.0,3392,8.1
tt2364582,Agents of S.H.I.E.L.D.,2,tt4120730,17,Melinda,2015,"Action,Adventure,Drama",42.0,3585,8.4
tt2364582,Agents of S.H.I.E.L.D.,2,tt4120738,18,Frenemy of My Enemy,2015,"Action,Adventure,Drama",43.0,3311,8.4
tt2364582,Agents of S.H.I.E.L.D.,2,tt4120734,19,The Dirty Half Dozen,2015,"Action,Adventure,Drama",42.0,3652,8.7
tt2364582,Agents of S.H.I.E.L.D.,2,tt4122454,20,Scars,2015,"Action,Adventure,Drama",44.0,3283,8.4
tt2364582,Agents of S.H.I.E.L.D.,2,tt4122456,21,S.O.S. Part One,2015,"Action,Adventure,Drama",43.0,4114,8.9
tt2364582,Agents of S.H.I.E.L.D.,2,tt4110822,22,S.O.S. Part Two,2015,"Action,Adventure,Drama",43.0,4909,9.3
tt2364582,Agents of S.H.I.E.L.D.,3,tt4667540,1,Laws of Nature,2015,"Action,Adventure,Drama",44.0,3762,8.5
tt2364582,Agents of S.H.I.E.L.D.,3,tt4706470,2,Purpose in the Machine,2015,"Action,Adventure,Drama",43.0,3423,8.5
tt2364582,Agents of S.H.I.E.L.D.,3,tt4727950,3,A Wanted (Inhu)Man,2015,"Action,Adventure,Drama",42.0,3073,7.9
tt2364582,Agents of S.H.I.E.L.D.,3,tt4732884,4,Devils You Know,2015,"Action,Adventure,Drama",43.0,3022,8.1
tt2364582,Agents of S.H.I.E.L.D.,3,tt4742110,5,"4,722 Hours",2015,"Action,Adventure,Drama",43.0,5512,9.2
tt2364582,Agents of S.H.I.E.L.D.,3,tt4760490,6,Among Us Hide...,2015,"Action,Adventure,Drama",42.0,3030,8.2
tt2364582,Agents of S.H.I.E.L.D.,3,tt4765060,7,Chaos Theory,2015,"Action,Adventure,Drama",43.0,2987,8.3
tt2364582,Agents of S.H.I.E.L.D.,3,tt4769592,8,"Many Heads, One Tale",2015,"Action,Adventure,Drama",43.0,3280,8.8
tt2364582,Agents of S.H.I.E.L.D.,3,tt4778366,9,Closure,2015,"Action,Adventure,Drama",43.0,3323,8.9
tt2364582,Agents of S.H.I.E.L.D.,3,tt4786258,10,Maveth,2015,"Action,Adventure,Drama",42.0,3556,9.0
tt2364582,Agents of S.H.I.E.L.D.,3,tt4794580,11,Bouncing Back,2016,"Action,Adventure,Drama",43.0,2769,8.0
tt2364582,Agents of S.H.I.E.L.D.,3,tt4800060,12,The Inside Man,2016,"Action,Adventure,Drama",43.0,2710,7.9
tt2364582,Agents of S.H.I.E.L.D.,3,tt4809604,13,Parting Shot,2016,"Action,Adventure,Drama",42.0,3447,8.6
tt2364582,Agents of S.H.I.E.L.D.,3,tt4819384,14,Watchdogs,2016,"Action,Adventure,Drama",42.0,2765,7.5
tt2364582,Agents of S.H.I.E.L.D.,3,tt4829172,15,Spacetime,2016,"Action,Adventure,Drama",43.0,2969,8.5
tt2364582,Agents of S.H.I.E.L.D.,3,tt4838204,16,Paradise Lost,2016,"Action,Adventure,Drama",43.0,2674,8.0
tt2364582,Agents of S.H.I.E.L.D.,3,tt4842854,17,The Team,2016,"Action,Adventure,Drama",43.0,3110,8.8
tt2364582,Agents of S.H.I.E.L.D.,3,tt4857186,18,The Singularity,2016,"Action,Adventure,Drama",42.0,2713,8.1
tt2364582,Agents of S.H.I.E.L.D.,3,tt4871764,19,Failed Experiments,2016,"Action,Adventure,Drama",41.0,2637,8.1
tt2364582,Agents of S.H.I.E.L.D.,3,tt4877412,20,Emancipation,2016,"Action,Adventure,Drama",43.0,2724,8.4
tt2364582,Agents of S.H.I.E.L.D.,3,tt4883818,21,Absolution,2016,"Action,Adventure,Drama",43.0,2796,8.5
tt2364582,Agents of S.H.I.E.L.D.,3,tt4899794,22,Ascension,2016,"Action,Adventure,Drama",43.0,3294,8.9
tt2364582,Agents of S.H.I.E.L.D.,4,tt5518974,1,The Ghost,2016,"Action,Adventure,Drama",43.0,3364,8.1
tt2364582,Agents of S.H.I.E.L.D.,4,tt5916264,2,Meet the New Boss,2016,"Action,Adventure,Drama",43.0,2872,7.9
tt2364582,Agents of S.H.I.E.L.D.,4,tt5916458,3,Uprising,2016,"Action,Adventure,Drama",42.0,2780,8.1
tt2364582,Agents of S.H.I.E.L.D.,4,tt5916482,4,Let Me Stand Next to Your Fire,2016,"Action,Adventure,Drama",43.0,2777,8.4
tt2364582,Agents of S.H.I.E.L.D.,4,tt5916512,5,Lockup,2016,"Action,Adventure,Drama",42.0,2644,8.1
tt2364582,Agents of S.H.I.E.L.D.,4,tt5916528,6,The Good Samaritan,2016,"Action,Adventure,Drama",41.0,2969,8.7
tt2364582,Agents of S.H.I.E.L.D.,4,tt5916746,7,Deals with Our Devils,2016,"Action,Adventure,Drama",43.0,2823,8.7
tt2364582,Agents of S.H.I.E.L.D.,4,tt5916754,8,The Laws of Inferno Dynamics,2016,"Action,Adventure,Drama",42.0,2694,8.6
tt2364582,Agents of S.H.I.E.L.D.,4,tt5916768,9,Broken Promises,2017,"Action,Adventure,Drama",43.0,2542,8.2
tt2364582,Agents of S.H.I.E.L.D.,4,tt5916774,10,The Patriot,2017,"Action,Adventure,Drama",42.0,2489,8.0
tt2364582,Agents of S.H.I.E.L.D.,4,tt5916778,11,Wake Up,2017,"Action,Adventure,Drama",42.0,2492,8.3
tt2364582,Agents of S.H.I.E.L.D.,4,tt5916782,12,Hot Potato Soup,2017,"Action,Adventure,Drama",42.0,2494,8.0
tt2364582,Agents of S.H.I.E.L.D.,4,tt5916792,13,BOOM,2017,"Action,Adventure,Drama",43.0,2465,7.9
tt2364582,Agents of S.H.I.E.L.D.,4,tt5916818,14,The Man Behind the Shield,2017,"Action,Adventure,Drama",42.0,2515,8.1
tt2364582,Agents of S.H.I.E.L.D.,4,tt5916824,15,Self Control,2017,"Action,Adventure,Drama",43.0,5073,9.4
tt2364582,Agents of S.H.I.E.L.D.,4,tt5916832,16,What If...,2017,"Action,Adventure,Drama",42.0,3345,9.0
tt2364582,Agents of S.H.I.E.L.D.,4,tt5916836,17,Identity and Change,2017,"Action,Adventure,Drama",43.0,2891,8.8
tt2364582,Agents of S.H.I.E.L.D.,4,tt5916840,18,No Regrets,2017,"Action,Adventure,Drama",43.0,2994,8.9
tt2364582,Agents of S.H.I.E.L.D.,4,tt5916846,19,All the Madame's Men,2017,"Action,Adventure,Drama",43.0,2722,8.6
tt2364582,Agents of S.H.I.E.L.D.,4,tt5916856,20,"Farewell, Cruel World!",2017,"Action,Adventure,Drama",41.0,2923,9.0
tt2364582,Agents of S.H.I.E.L.D.,4,tt5916876,21,The Return,2017,"Action,Adventure,Drama",43.0,2969,9.0
tt2364582,Agents of S.H.I.E.L.D.,4,tt5916882,22,World's End,2017,"Action,Adventure,Drama",43.0,3230,9.0
tt2364582,Agents of S.H.I.E.L.D.,5,tt6878538,1,Orientation: Part 1,2017,"Action,Adventure,Drama",42.0,3416,8.8
tt2364582,Agents of S.H.I.E.L.D.,5,tt7178426,2,Orientation: Part 2,2017,"Action,Adventure,Drama",43.0,3065,8.5
tt2364582,Agents of S.H.I.E.L.D.,5,tt7183060,3,A Life Spent,2017,"Action,Adventure,Drama",42.0,2688,8.0
tt2364582,Agents of S.H.I.E.L.D.,5,tt7183068,4,A Life Earned,2017,"Action,Adventure,Drama",43.0,2620,8.1
tt2364582,Agents of S.H.I.E.L.D.,5,tt7183072,5,Rewind,2017,"Action,Adventure,Drama",42.0,3445,9.0
tt2364582,Agents of S.H.I.E.L.D.,5,tt7183078,6,Fun & Games,2018,"Action,Adventure,Drama",42.0,2886,8.8
tt2364582,Agents of S.H.I.E.L.D.,5,tt7183084,7,Together or Not at All,2018,"Action,Adventure,Drama",40.0,2489,8.2
tt2364582,Agents of S.H.I.E.L.D.,5,tt7183086,8,The Last Day,2018,"Action,Adventure,Drama",42.0,2540,8.2
tt2364582,Agents of S.H.I.E.L.D.,5,tt7183090,9,Best Laid Plans,2018,"Action,Adventure,Drama",41.0,2379,8.2
tt2364582,Agents of S.H.I.E.L.D.,5,tt7183092,10,Past Life,2018,"Action,Adventure,Drama",42.0,2558,8.5
tt2364582,Agents of S.H.I.E.L.D.,5,tt7183100,11,All the Comforts of Home,2018,"Action,Adventure,Drama",42.0,2450,8.3
tt2364582,Agents of S.H.I.E.L.D.,5,tt7183104,12,The Real Deal,2018,"Action,Adventure,Drama",43.0,3334,9.1
tt2364582,Agents of S.H.I.E.L.D.,5,tt7183106,13,Principia,2018,"Action,Adventure,Drama",42.0,2314,8.0
tt2364582,Agents of S.H.I.E.L.D.,5,tt7183112,14,The Devil Complex,2018,"Action,Adventure,Drama",42.0,3039,9.0
tt2364582,Agents of S.H.I.E.L.D.,5,tt7183116,15,Rise and Shine,2018,"Action,Adventure,Drama",43.0,2346,8.4
tt2364582,Agents of S.H.I.E.L.D.,5,tt7183120,16,Inside Voices,2018,"Action,Adventure,Drama",42.0,2217,8.1
tt2364582,Agents of S.H.I.E.L.D.,5,tt7183126,17,The Honeymoon,2018,"Action,Adventure,Drama",42.0,2185,8.0
tt2364582,Agents of S.H.I.E.L.D.,5,tt7183130,18,All Roads Lead...,2018,"Action,Adventure,Drama",41.0,2185,8.2
tt2364582,Agents of S.H.I.E.L.D.,5,tt7183140,19,Option Two,2018,"Action,Adventure,Drama",42.0,2257,8.5
tt2364582,Agents of S.H.I.E.L.D.,5,tt7183150,20,The One Who Will Save Us All,2018,"Action,Adventure,Drama",42.0,2195,8.1
tt2364582,Agents of S.H.I.E.L.D.,5,tt7183156,21,The Force of Gravity,2018,"Action,Adventure,Drama",43.0,2225,8.4
tt2364582,Agents of S.H.I.E.L.D.,5,tt7183160,22,The End,2018,"Action,Adventure,Drama",43.0,3360,9.1
tt2364582,Agents of S.H.I.E.L.D.,6,tt8416608,1,Missing Pieces,2019,"Action,Adventure,Drama",42.0,2485,7.9
tt2364582,Agents of S.H.I.E.L.D.,6,tt8416896,2,Window of Opportunity,2019,"Action,Adventure,Drama",43.0,2126,7.9
tt2364582,Agents of S.H.I.E.L.D.,6,tt8416904,3,Fear and Loathing on the Planet of Kitson,2019,"Action,Adventure,Drama",43.0,2514,8.3
tt2364582,Agents of S.H.I.E.L.D.,6,tt8416910,4,Code Yellow,2019,"Action,Adventure,Drama",41.0,2157,7.7
tt2364582,Agents of S.H.I.E.L.D.,6,tt8416912,5,The Other Thing,2019,"Action,Adventure,Drama",42.0,1964,7.9
tt2364582,Agents of S.H.I.E.L.D.,6,tt8416914,6,Inescapable,2019,"Action,Adventure,Drama",42.0,2922,8.8
tt2364582,Agents of S.H.I.E.L.D.,6,tt8416916,7,Toldja,2019,"Action,Adventure,Drama",42.0,1898,7.8
tt2364582,Agents of S.H.I.E.L.D.,6,tt8422650,8,Collision Course (Part I),2019,"Action,Adventure,Drama",42.0,1885,8.3
tt2364582,Agents of S.H.I.E.L.D.,6,tt8422652,9,Collision Course (Part II),2019,"Action,Adventure,Drama",42.0,1916,8.4
tt2364582,Agents of S.H.I.E.L.D.,6,tt8422656,10,Leap,2019,"Action,Adventure,Drama",42.0,1928,8.4
tt2364582,Agents of S.H.I.E.L.D.,6,tt8422660,11,From the Ashes,2019,"Action,Adventure,Drama",42.0,1774,8.0
tt2364582,Agents of S.H.I.E.L.D.,6,tt8422664,12,The Sign,2019,"Action,Adventure,Drama",41.0,1808,8.3
tt2364582,Agents of S.H.I.E.L.D.,6,tt8422666,13,New Life,2019,"Action,Adventure,Drama",43.0,2066,8.5
tt2364582,Agents of S.H.I.E.L.D.,7,tt9292314,1,The New Deal,2020,"Action,Adventure,Drama",43.0,2326,8.2
tt2364582,Agents of S.H.I.E.L.D.,7,tt9307248,2,Know Your Onions,2020,"Action,Adventure,Drama",42.0,2078,8.0
tt2364582,Agents of S.H.I.E.L.D.,7,tt9307250,3,Alien Commies from the Future!,2020,"Action,Adventure,Drama",42.0,2138,8.4
tt2364582,Agents of S.H.I.E.L.D.,7,tt9307252,4,Out of the Past,2020,"Action,Adventure,Drama",43.0,2251,8.6
tt2364582,Agents of S.H.I.E.L.D.,7,tt9307254,5,A Trout in the Milk,2020,"Action,Adventure,Drama",42.0,2004,8.3
tt2364582,Agents of S.H.I.E.L.D.,7,tt9307256,6,Adapt or Die,2020,"Action,Adventure,Drama",43.0,1935,8.3
tt2364582,Agents of S.H.I.E.L.D.,7,tt9307258,7,The Totally Excellent Adventures of Mack and the D,2020,"Action,Adventure,Drama",43.0,2312,7.8
tt2364582,Agents of S.H.I.E.L.D.,7,tt9307260,8,"After, Before",2020,"Action,Adventure,Drama",42.0,1910,7.8
tt2364582,Agents of S.H.I.E.L.D.,7,tt9307262,9,As I Have Always Been,2020,"Action,Adventure,Drama",43.0,4021,9.5
tt2364582,Agents of S.H.I.E.L.D.,7,tt9307264,10,Stolen,2020,"Action,Adventure,Drama",41.0,1817,8.0
tt2364582,Agents of S.H.I.E.L.D.,7,tt9307266,11,Brand New Day,2020,"Action,Adventure,Drama",43.0,1781,8.2
tt2364582,Agents of S.H.I.E.L.D.,7,tt9307268,12,The End Is at Hand,2020,"Action,Adventure,Drama",43.0,2175,8.9
tt2364582,Agents of S.H.I.E.L.D.,7,tt9535202,13,What We're Fighting For,2020,"Action,Adventure,Drama",43.0,3314,9.3
tt1844624,American Horror Story,1,tt2030547,1,Pilot,2011,"Drama,Horror,Sci-Fi",51.0,9175,7.9
tt1844624,American Horror Story,1,tt2065065,2,Home Invasion,2011,"Drama,Horror,Sci-Fi",43.0,7017,7.9
tt1844624,American Horror Story,1,tt2063035,3,Murder House,2011,"Drama,Horror,Sci-Fi",42.0,6906,8.0
tt1844624,American Horror Story,1,tt2040655,4,Halloween: Part 1,2011,"Drama,Horror,Sci-Fi",39.0,6463,8.1
tt1844624,American Horror Story,1,tt2074512,5,Halloween: Part 2,2011,"Drama,Horror,Sci-Fi",41.0,6282,8.1
tt1844624,American Horror Story,1,tt2074513,6,Piggy Piggy,2011,"Drama,Horror,Sci-Fi",44.0,6110,7.9
tt1844624,American Horror Story,1,tt2074514,7,Open House,2011,"Drama,Horror,Sci-Fi",41.0,6057,7.8
tt1844624,American Horror Story,1,tt2074515,8,Rubber Man,2011,"Drama,Horror,Sci-Fi",43.0,5757,7.9
tt1844624,American Horror Story,1,tt2074516,9,Spooky Little Girl,2011,"Drama,Horror,Sci-Fi",40.0,5679,7.8
tt1844624,American Horror Story,1,tt2074508,10,Smoldering Children,2011,"Drama,Horror,Sci-Fi",42.0,6053,8.4
tt1844624,American Horror Story,1,tt2074509,11,Birth,2011,"Drama,Horror,Sci-Fi",42.0,5905,8.3
tt1844624,American Horror Story,1,tt2074510,12,Afterbirth,2011,"Drama,Horror,Sci-Fi",52.0,6096,7.9
tt1844624,American Horror Story,2,tt2106795,1,Welcome to Briarcliff,2012,"Drama,Horror,Sci-Fi",44.0,6829,8.2
tt1844624,American Horror Story,2,tt2378292,2,Tricks and Treats,2012,"Drama,Horror,Sci-Fi",44.0,5729,8.3
tt1844624,American Horror Story,2,tt2378294,3,Nor'easter,2012,"Drama,Horror,Sci-Fi",41.0,5422,8.2
tt1844624,American Horror Story,2,tt2378296,4,I Am Anne Frank: Part 1,2012,"Drama,Horror,Sci-Fi",42.0,5314,8.2
tt1844624,American Horror Story,2,tt2378304,5,I Am Anne Frank: Part 2,2012,"Drama,Horror,Sci-Fi",42.0,5923,8.7
tt1844624,American Horror Story,2,tt2383792,6,The Origins of Monstrosity,2012,"Drama,Horror,Sci-Fi",41.0,5018,8.1
tt1844624,American Horror Story,2,tt2436548,7,Dark Cousin,2012,"Drama,Horror,Sci-Fi",42.0,4992,8.2
tt1844624,American Horror Story,2,tt2471092,8,Unholy Night,2012,"Drama,Horror,Sci-Fi",40.0,5354,8.5
tt1844624,American Horror Story,2,tt2471094,9,The Coat Hanger,2012,"Drama,Horror,Sci-Fi",40.0,4942,8.2
tt1844624,American Horror Story,2,tt2471102,10,The Name Game,2013,"Drama,Horror,Sci-Fi",40.0,6667,8.8
tt1844624,American Horror Story,2,tt2471106,11,Spilt Milk,2013,"Drama,Horror,Sci-Fi",45.0,5096,8.3
tt1844624,American Horror Story,2,tt2471112,12,Continuum,2013,"Drama,Horror,Sci-Fi",43.0,5055,7.8
tt1844624,American Horror Story,2,tt2471114,13,Madness Ends,2013,"Drama,Horror,Sci-Fi",46.0,6301,8.7
tt1844624,American Horror Story,3,tt2516452,1,Bitchcraft,2013,"Drama,Horror,Sci-Fi",49.0,6969,8.3
tt1844624,American Horror Story,3,tt3175800,2,Boy Parts,2013,"Drama,Horror,Sci-Fi",41,5167,7.9
tt1844624,American Horror Story,3,tt3175804,3,The Replacements,2013,"Drama,Horror,Sci-Fi",51,5037,8.1
tt1844624,American Horror Story,3,tt3213080,4,Fearful Pranks Ensue,2013,"Drama,Horror,Sci-Fi",43,4883,8.2
tt1844624,American Horror Story,3,tt3213082,5,"Burn, Witch. Burn!",2013,"Drama,Horror,Sci-Fi",40,4873,8.2
tt1844624,American Horror Story,3,tt3223256,6,The Axeman Cometh,2013,"Drama,Horror,Sci-Fi",41,4562,7.8
tt1844624,American Horror Story,3,tt3223258,7,The Dead,2013,"Drama,Horror,Sci-Fi",48,4474,7.8
tt1844624,American Horror Story,3,tt3223262,8,The Sacred Taking,2013,"Drama,Horror,Sci-Fi",44,4382,7.8
tt1844624,American Horror Story,3,tt3223260,9,Head,2013,"Drama,Horror,Sci-Fi",43,4936,8.3
tt1844624,American Horror Story,3,tt3223264,10,The Magical Delights of Stevie Nicks,2014,"Drama,Horror,Sci-Fi",45,4533,7.7
tt1844624,American Horror Story,3,tt3223266,11,Protect the Coven,2014,"Drama,Horror,Sci-Fi",45,4345,7.7
tt1844624,American Horror Story,3,tt3223270,12,Go to Hell,2014,"Drama,Horror,Sci-Fi",45,4451,8.1
tt1844624,American Horror Story,3,tt3223272,13,The Seven Wonders,2014,"Drama,Horror,Sci-Fi",48,5295,7.7
tt1844624,American Horror Story,4,tt3317604,1,Monsters Among Us,2014,"Drama,Horror,Sci-Fi",61.0,6601,8.1
tt1844624,American Horror Story,4,tt3687726,2,Massacres and Matinees,2014,"Drama,Horror,Sci-Fi",53.0,4582,7.8
tt1844624,American Horror Story,4,tt3687728,3,Edward Mordrake: Part 1,2014,"Drama,Horror,Sci-Fi",57.0,4432,8.0
tt1844624,American Horror Story,4,tt3687724,4,Edward Mordrake: Part 2,2014,"Drama,Horror,Sci-Fi",45.0,4892,8.6
tt1844624,American Horror Story,4,tt3687734,5,Pink Cupcakes,2014,"Drama,Horror,Sci-Fi",47.0,4011,7.7
tt1844624,American Horror Story,4,tt3687742,6,Bullseye,2014,"Drama,Horror,Sci-Fi",48.0,3935,7.4
tt1844624,American Horror Story,4,tt3687732,7,Test of Strength,2014,"Drama,Horror,Sci-Fi",47.0,3851,7.6
tt1844624,American Horror Story,4,tt3687730,8,Blood Bath,2014,"Drama,Horror,Sci-Fi",46.0,3813,7.8
tt1844624,American Horror Story,4,tt3687740,9,Tupperware Party Massacre,2014,"Drama,Horror,Sci-Fi",44.0,3683,7.7
tt1844624,American Horror Story,4,tt3687744,10,Orphans,2014,"Drama,Horror,Sci-Fi",53.0,5073,8.7
tt1844624,American Horror Story,4,tt3781960,11,Magical Thinking,2015,"Drama,Horror,Sci-Fi",46.0,3686,7.8
tt1844624,American Horror Story,4,tt3781962,12,Show Stoppers,2015,"Drama,Horror,Sci-Fi",44.0,3876,8.1
tt1844624,American Horror Story,4,tt3781964,13,Curtain Call,2015,"Drama,Horror,Sci-Fi",53.0,4304,8.0
tt1844624,American Horror Story,5,tt4217832,1,Checking In,2015,"Drama,Horror,Sci-Fi",62.0,6626,7.9
tt1844624,American Horror Story,5,tt4480742,2,Chutes and Ladders,2015,"Drama,Horror,Sci-Fi",74.0,4462,7.8
tt1844624,American Horror Story,5,tt4480746,3,Mommy,2015,"Drama,Horror,Sci-Fi",56.0,3803,7.5
tt1844624,American Horror Story,5,tt4480760,4,Devil's Night,2015,"Drama,Horror,Sci-Fi",50.0,4052,8.0
tt1844624,American Horror Story,5,tt4480766,5,Room Service,2015,"Drama,Horror,Sci-Fi",50.0,3690,7.8
tt1844624,American Horror Story,5,tt4480768,6,Room 33,2015,"Drama,Horror,Sci-Fi",54.0,3454,7.6
tt1844624,American Horror Story,5,tt4480776,7,Flicker,2015,"Drama,Horror,Sci-Fi",45.0,3535,7.9
tt1844624,American Horror Story,5,tt4480780,8,The Ten Commandments Killer,2015,"Drama,Horror,Sci-Fi",48.0,3356,7.8
tt1844624,American Horror Story,5,tt4480778,9,She Wants Revenge,2015,"Drama,Horror,Sci-Fi",47.0,3120,7.5
tt1844624,American Horror Story,5,tt4480784,10,She Gets Revenge,2015,"Drama,Horror,Sci-Fi",52.0,3266,7.9
tt1844624,American Horror Story,5,tt4480792,11,Battle Royale,2016,"Drama,Horror,Sci-Fi",49.0,3153,8.0
tt1844624,American Horror Story,5,tt4480800,12,Be Our Guest,2016,"Drama,Horror,Sci-Fi",52.0,3577,7.7
tt1844624,American Horror Story,6,tt5194600,1,Chapter 1,2016,"Drama,Horror,Sci-Fi",42.0,5240,7.7
tt1844624,American Horror Story,6,tt4480806,2,Chapter 2,2016,"Drama,Horror,Sci-Fi",41.0,3834,7.5
tt1844624,American Horror Story,6,tt5839308,3,Chapter 3,2016,"Drama,Horror,Sci-Fi",44.0,3647,7.8
tt1844624,American Horror Story,6,tt5915274,4,Chapter 4,2016,"Drama,Horror,Sci-Fi",41.0,3590,7.9
tt1844624,American Horror Story,6,tt5915284,5,Chapter 5,2016,"Drama,Horror,Sci-Fi",40.0,3732,8.1
tt1844624,American Horror Story,6,tt5915290,6,Chapter 6,2016,"Drama,Horror,Sci-Fi",41.0,4255,8.3
tt1844624,American Horror Story,6,tt5915294,7,Chapter 7,2016,"Drama,Horror,Sci-Fi",40.0,3677,8.0
tt1844624,American Horror Story,6,tt5915300,8,Chapter 8,2016,"Drama,Horror,Sci-Fi",40.0,3236,7.4
tt1844624,American Horror Story,6,tt5902962,9,Chapter 9,2016,"Drama,Horror,Sci-Fi",37.0,3311,7.5
tt1844624,American Horror Story,6,tt5748102,10,Chapter 10,2016,"Drama,Horror,Sci-Fi",41.0,3904,6.3
tt1844624,American Horror Story,7,tt6137398,1,Election Night,2017,"Drama,Horror,Sci-Fi",50.0,5664,6.6
tt1844624,American Horror Story,7,tt6144116,2,Don't Be Afraid of the Dark,2017,"Drama,Horror,Sci-Fi",48.0,3752,6.8
tt1844624,American Horror Story,7,tt6710686,3,Neighbors from Hell,2017,"Drama,Horror,Sci-Fi",44.0,3414,7.1
tt1844624,American Horror Story,7,tt6710692,4,11/9,2017,"Drama,Horror,Sci-Fi",51.0,3347,7.7
tt1844624,American Horror Story,7,tt6710698,5,Holes,2017,"Drama,Horror,Sci-Fi",42.0,3215,7.8
tt1844624,American Horror Story,7,tt6710702,6,Mid-Western Assassin,2017,"Drama,Horror,Sci-Fi",45.0,3182,8.0
tt1844624,American Horror Story,7,tt6710704,7,Valerie Solanas Died for Your Sins: Scumbag,2017,"Drama,Horror,Sci-Fi",45.0,3671,5.9
tt1844624,American Horror Story,7,tt6710710,8,Winter of Our Discontent,2017,"Drama,Horror,Sci-Fi",45.0,2824,7.3
tt1844624,American Horror Story,7,tt6710712,9,Drink the Kool-Aid,2017,"Drama,Horror,Sci-Fi",51.0,2916,7.8
tt1844624,American Horror Story,7,tt6710720,10,Charles (Manson) in Charge,2017,"Drama,Horror,Sci-Fi",50.0,2716,7.3
tt1844624,American Horror Story,7,tt7367948,11,Great Again,2017,"Drama,Horror,Sci-Fi",44.0,3079,7.0
tt1844624,American Horror Story,8,tt6417466,1,The End,2018,"Drama,Horror,Sci-Fi",44.0,5148,7.8
tt1844624,American Horror Story,8,tt8241360,2,The Morning After,2018,"Drama,Horror,Sci-Fi",43.0,4052,7.5
tt1844624,American Horror Story,8,tt8241366,3,Forbidden Fruit,2018,"Drama,Horror,Sci-Fi",44.0,4234,8.2
tt1844624,American Horror Story,8,tt8241368,4,Could It Be... Satan?,2018,"Drama,Horror,Sci-Fi",43.0,4672,8.7
tt1844624,American Horror Story,8,tt8241370,5,Boy Wonder,2018,"Drama,Horror,Sci-Fi",40.0,4074,8.4
tt1844624,American Horror Story,8,tt8241372,6,Return to Murder House,2018,"Drama,Horror,Sci-Fi",56.0,6508,9.2
tt1844624,American Horror Story,8,tt8241378,7,Traitor,2018,"Drama,Horror,Sci-Fi",45.0,3414,8.0
tt1844624,American Horror Story,8,tt8241376,8,Sojourn,2018,"Drama,Horror,Sci-Fi",39.0,3594,6.6
tt1844624,American Horror Story,8,tt8241374,9,Fire and Reign,2018,"Drama,Horror,Sci-Fi",38.0,3115,7.4
tt1844624,American Horror Story,8,tt7639488,10,Apocalypse Then,2018,"Drama,Horror,Sci-Fi",46.0,4044,7.9
tt1844624,American Horror Story,9,tt6417474,1,Camp Redwood,2019,"Drama,Horror,Sci-Fi",48.0,4866,7.9
tt1844624,American Horror Story,9,tt8961842,2,Mr. Jingles,2019,"Drama,Horror,Sci-Fi",41.0,3456,7.5
tt1844624,American Horror Story,9,tt10333022,3,Slashdance,2019,"Drama,Horror,Sci-Fi",39.0,3242,7.9
tt1844624,American Horror Story,9,tt10333030,4,True Killers,2019,"Drama,Horror,Sci-Fi",41.0,3113,8.0
tt1844624,American Horror Story,9,tt10333032,5,Red Dawn,2019,"Drama,Horror,Sci-Fi",39.0,2913,7.6
tt1844624,American Horror Story,9,tt10333036,6,Episode 100,2019,"Drama,Horror,Sci-Fi",40.0,2831,7.6
tt1844624,American Horror Story,9,tt10333040,7,The Lady in White,2019,"Drama,Horror,Sci-Fi",42.0,2882,8.0
tt1844624,American Horror Story,9,tt10333042,8,Rest in Pieces,2019,"Drama,Horror,Sci-Fi",38.0,2619,7.4
tt1844624,American Horror Story,9,tt10333046,9,Final Girl,2019,"Drama,Horror,Sci-Fi",47.0,3432,8.3
tt1844624,American Horror Story,10,tt8792244,1,Cape Fear,2021,"Drama,Horror,Sci-Fi",51.0,3996,7.9
tt1844624,American Horror Story,10,tt14031916,2,Pale,2021,"Drama,Horror,Sci-Fi",52.0,3470,8.2
tt1844624,American Horror Story,10,tt14031934,3,Thirst,2021,"Drama,Horror,Sci-Fi",50.0,3022,8.0
tt1844624,American Horror Story,10,tt14031938,4,Blood Buffet,2021,"Drama,Horror,Sci-Fi",43.0,2979,7.8
tt1844624,American Horror Story,10,tt14031940,5,Gaslight,2021,"Drama,Horror,Sci-Fi",62.0,3469,8.4
tt1844624,American Horror Story,10,tt14031942,6,Winter Kills,2021,"Drama,Horror,Sci-Fi",37.0,4132,4.9
tt1844624,American Horror Story,10,tt14031944,7,Take Me to Your Leader,2021,"Drama,Horror,Sci-Fi",40.0,3391,5.6
tt1844624,American Horror Story,10,tt14404590,8,Inside,2021,"Drama,Horror,Sci-Fi",40.0,2701,6.1
tt1844624,American Horror Story,10,tt14031950,9,Blue Moon,2021,"Drama,Horror,Sci-Fi",41.0,2515,5.3
tt1844624,American Horror Story,10,tt9256918,10,The Future Perfect,2021,"Drama,Horror,Sci-Fi",41.0,3402,3.9
tt1844624,American Horror Story,11,tt11578348,1,Something's Coming,2022,"Drama,Horror,Sci-Fi",43,2970,5.9
tt1844624,American Horror Story,11,tt21083556,2,Thank You For Your Service,2022,"Drama,Horror,Sci-Fi",42.0,2348,6.1
tt1844624,American Horror Story,11,tt21083558,3,Smoke Signals,2022,"Drama,Horror,Sci-Fi",38.0,1982,6.3
tt1844624,American Horror Story,11,tt21083562,4,Black Out,2022,"Drama,Horror,Sci-Fi",45.0,1899,6.2
tt1844624,American Horror Story,11,tt22480042,5,Bad Fortune,2022,"Drama,Horror,Sci-Fi",41.0,1766,6.2
tt1844624,American Horror Story,11,tt22480176,6,The Body,2022,"Drama,Horror,Sci-Fi",39.0,1763,6.4
tt1844624,American Horror Story,11,tt22480268,7,The Sentinel,2022,"Drama,Horror,Sci-Fi",35.0,1661,6.1
tt1844624,American Horror Story,11,tt22480332,8,Fire Island,2022,"Drama,Horror,Sci-Fi",38.0,1742,5.4
tt1844624,American Horror Story,11,tt22501432,9,Requiem 1981/1987: Part 1,2022,"Drama,Horror,Sci-Fi",43.0,2077,5.0
tt1844624,American Horror Story,11,tt22501450,10,Requiem 1981/1987: Part 2,2022,"Drama,Horror,Sci-Fi",33.0,2322,4.8
tt1844624,American Horror Story,12,tt11578362,1,Multiply Thy Pain,2023,"Drama,Horror,Sci-Fi",41,2697,5.6
tt1844624,American Horror Story,12,tt28679744,2,Rockabye,2023,"Drama,Horror,Sci-Fi",40.0,1954,5.9
tt1844624,American Horror Story,12,tt28679747,3,When the Bough Breaks,2023,"Drama,Horror,Sci-Fi",41.0,1734,5.6
tt1844624,American Horror Story,12,tt28679746,4,Vanishing Twin,2023,"Drama,Horror,Sci-Fi",38.0,1582,5.8
tt1844624,American Horror Story,12,tt28679745,5,Preech,2023,"Drama,Horror,Sci-Fi",40.0,1501,5.6
tt1844624,American Horror Story,12,tt11578378,6,Opening Night,2024,"Drama,Horror,Sci-Fi",44,1192,5.5
tt1844624,American Horror Story,12,tt31174293,7,Ave Hestia,2024,"Drama,Horror,Sci-Fi",38.0,1206,5.6
tt1844624,American Horror Story,12,tt31174306,8,Little Gold Man,2024,"Drama,Horror,Sci-Fi",33.0,1107,5.2
tt1844624,American Horror Story,12,tt31174313,9,The Auteur,2024,"Drama,Horror,Sci-Fi",31.0,1782,3.3
tt11126994,Arcane,1,tt14586040,1,Welcome to the Playground,2021,"Action,Adventure,Animation",43.0,35726,8.5
tt11126994,Arcane,1,tt15496380,2,Some Mysteries Are Better Left Unsolved,2021,"Action,Adventure,Animation",41.0,32093,8.5
tt11126994,Arcane,1,tt15496376,3,The Base Violence Necessary for Change,2021,"Action,Adventure,Animation",44.0,41579,9.7
tt11126994,Arcane,1,tt15496390,4,Happy Progress Day!,2021,"Action,Adventure,Animation",40.0,30122,8.7
tt11126994,Arcane,1,tt15496392,5,Everybody Wants to Be My Enemy,2021,"Action,Adventure,Animation",40.0,30066,8.9
tt11126994,Arcane,1,tt15496430,6,When These Walls Come Tumbling Down,2021,"Action,Adventure,Animation",42.0,31414,9.3
tt11126994,Arcane,1,tt15496436,7,The Boy Savior,2021,"Action,Adventure,Animation",40.0,31484,9.3
tt11126994,Arcane,1,tt15496432,8,Oil and Water,2021,"Action,Adventure,Animation",40.0,29971,9.2
tt11126994,Arcane,1,tt15496440,9,The Monster You Created,2021,"Action,Adventure,Animation",39.0,39004,9.7
tt11126994,Arcane,2,tt16173690,1,Heavy Is the Crown,2024,"Action,Adventure,Animation",40.0,32034,9.0
tt11126994,Arcane,2,tt34383692,2,Watch It All Burn,2024,"Action,Adventure,Animation",39,30356,9.0
tt11126994,Arcane,2,tt34383694,3,Finally Got the Name Right,2024,"Action,Adventure,Animation",40,32637,9.5
tt11126994,Arcane,2,tt34383695,4,Paint the Town Blue,2024,"Action,Adventure,Animation",39,30000,9.2
tt11126994,Arcane,2,tt34383696,5,Blisters and Bedrock,2024,"Action,Adventure,Animation",42,31655,9.5
tt11126994,Arcane,2,tt34383697,6,The Message Hidden Within the Pattern,2024,"Action,Adventure,Animation",39,39975,9.7
tt11126994,Arcane,2,tt34383698,7,Pretend Like It's the First Time,2024,"Action,Adventure,Animation",41,38446,9.5
tt11126994,Arcane,2,tt34383701,8,Killing Is a Cycle,2024,"Action,Adventure,Animation",40,34119,8.9
tt11126994,Arcane,2,tt34383702,9,The Dirt Under Your Nails,2024,"Action,Adventure,Animation",50,36273,9.3
tt0367279,Arrested Development,1,tt0515236,1,Pilot,2003,Comedy,21.0,4401,8.1
tt0367279,Arrested Development,1,tt0515256,2,Top Banana,2003,Comedy,22.0,3858,8.4
tt0367279,Arrested Development,1,tt0515212,3,Bringing Up Buster,2003,Comedy,22.0,3514,8.1
tt0367279,Arrested Development,1,tt0515223,4,Key Decisions,2003,Comedy,22.0,3355,8.3
tt0367279,Arrested Development,1,tt0515214,5,Charity Drive,2003,Comedy,21.0,3194,8.2
tt0367279,Arrested Development,1,tt0515257,6,Visiting Ours,2003,Comedy,21.0,3072,8.0
tt0367279,Arrested Development,1,tt0515221,7,In God We Trust,2003,Comedy,21.0,3020,8.1
tt0367279,Arrested Development,1,tt0515231,8,My Mother the Car,2003,Comedy,21.0,2955,8.0
tt0367279,Arrested Development,1,tt0515247,9,Storming the Castle,2004,Comedy,22.0,2918,8.3
tt0367279,Arrested Development,1,tt0515235,10,Pier Pressure,2004,Comedy,22.0,3747,9.0
tt0367279,Arrested Development,1,tt0515238,11,Public Relations,2004,Comedy,22.0,2913,8.2
tt0367279,Arrested Development,1,tt0515226,12,Marta Complex,2004,Comedy,22.0,2840,8.3
tt0367279,Arrested Development,1,tt0515210,13,Beef Consomme,2004,Comedy,22.0,2815,8.4
tt0367279,Arrested Development,1,tt0515244,14,Shock and Aww,2004,Comedy,22.0,2934,8.5
tt0367279,Arrested Development,1,tt0515246,15,Staff Infection,2004,Comedy,22.0,2740,8.1
tt0367279,Arrested Development,1,tt0515208,16,Altar Egos,2004,Comedy,22.0,2776,8.5
tt0367279,Arrested Development,1,tt0515222,17,Justice Is Blind,2004,Comedy,22.0,2917,8.7
tt0367279,Arrested Development,1,tt0515228,18,Missing Kitty,2004,Comedy,22.0,2638,8.2
tt0367279,Arrested Development,1,tt0515211,19,Best Man for the Gob,2004,Comedy,22.0,2622,8.0
tt0367279,Arrested Development,1,tt0515258,20,Whistler's Mother,2004,Comedy,22.0,2593,7.9
tt0367279,Arrested Development,1,tt0515232,21,Not Without My Daughter,2004,Comedy,22.0,2666,8.5
tt0367279,Arrested Development,1,tt0515224,22,Let 'Em Eat Cake,2004,Comedy,22.0,2734,8.6
tt0367279,Arrested Development,2,tt0515253,1,The One Where Michael Leaves,2004,Comedy,30.0,2715,8.7
tt0367279,Arrested Development,2,tt0515254,2,The One Where They Build a House,2004,Comedy,30.0,2640,8.5
tt0367279,Arrested Development,2,tt0515209,3,Amigos,2004,Comedy,30.0,2832,8.8
tt0367279,Arrested Development,2,tt0515219,4,Good Grief!,2004,Comedy,30.0,3004,9.0
tt0367279,Arrested Development,2,tt0515243,5,Sad Sack,2004,Comedy,30.0,2513,8.5
tt0367279,Arrested Development,2,tt0515207,6,Afternoon Delight,2004,Comedy,30.0,3097,9.0
tt0367279,Arrested Development,2,tt0515248,7,Switch Hitter,2005,Comedy,30.0,2407,8.1
tt0367279,Arrested Development,2,tt0515239,8,Queen for a Day,2005,Comedy,30.0,2360,8.0
tt0367279,Arrested Development,2,tt0515213,9,Burning Love,2005,Comedy,30.0,2373,8.0
tt0367279,Arrested Development,2,tt0515240,10,"Ready, Aim, Marry Me",2005,Comedy,30.0,2524,8.3
tt0367279,Arrested Development,2,tt0515234,11,Out on a Limb,2005,Comedy,30.0,2356,8.3
tt0367279,Arrested Development,2,tt0515220,12,Hand to God,2005,Comedy,30.0,2488,8.7
tt0367279,Arrested Development,2,tt0515229,13,Motherboy XXX,2005,Comedy,30.0,2508,8.6
tt0367279,Arrested Development,2,tt0515251,14,The Immaculate Election,2005,Comedy,30.0,2420,8.5
tt0367279,Arrested Development,2,tt0515255,15,Sword of Destiny,2005,Comedy,30.0,2468,8.6
tt0367279,Arrested Development,2,tt0515227,16,Meat the Veals,2005,Comedy,30.0,2860,9.0
tt0367279,Arrested Development,2,tt0515245,17,Spring Breakout,2005,Comedy,30.0,2355,8.5
tt0367279,Arrested Development,2,tt0515241,18,Righteous Brothers,2005,Comedy,30.0,2510,8.9
tt0367279,Arrested Development,3,tt0515250,1,The Cabin Show,2005,Comedy,22.0,2416,8.5
tt0367279,Arrested Development,3,tt0515249,2,For British Eyes Only,2005,Comedy,30.0,2381,8.2
tt0367279,Arrested Development,3,tt0515218,3,Forget Me Now,2005,Comedy,30.0,2422,8.5
tt0367279,Arrested Development,3,tt0515233,4,Notapusy,2005,Comedy,30.0,2356,8.2
tt0367279,Arrested Development,3,tt0515230,5,Mr. F,2005,Comedy,30.0,2564,8.7
tt0367279,Arrested Development,3,tt0515252,6,The Ocean Walker,2005,Comedy,30.0,2395,8.5
tt0367279,Arrested Development,3,tt0515237,7,Prison Break-In,2005,Comedy,30.0,2216,7.9
tt0367279,Arrested Development,3,tt0515225,8,Making a Stand,2005,Comedy,30.0,2460,8.7
tt0367279,Arrested Development,3,tt0515242,9,S.O.B.s,2006,Comedy,30.0,2518,8.6
tt0367279,Arrested Development,3,tt0515216,10,Fakin' It,2006,Comedy,30.0,2274,8.5
tt0367279,Arrested Development,3,tt0515217,11,Family Ties,2006,Comedy,30.0,2330,8.6
tt0367279,Arrested Development,3,tt0515215,12,Exit Strategy,2006,Comedy,30.0,2380,8.8
tt0367279,Arrested Development,3,tt0757386,13,Development Arrested,2006,Comedy,23.0,3133,9.1
tt0367279,Arrested Development,4,tt2128813,1,Flight of the Phoenix,2013,Comedy,32.0,2436,7.3
tt0367279,Arrested Development,4,tt2128815,2,Borderline Personalities,2013,Comedy,29.0,2022,6.8
tt0367279,Arrested Development,4,tt2128816,3,Indian Takers,2013,Comedy,29.0,1906,6.8
tt0367279,Arrested Development,4,tt2128817,4,The B. Team,2013,Comedy,32.0,1781,7.6
tt0367279,Arrested Development,4,tt2128818,5,A New Start,2013,Comedy,28.0,1780,7.6
tt0367279,Arrested Development,4,tt2128819,6,Double Crossers,2013,Comedy,36.0,1631,7.0
tt0367279,Arrested Development,4,tt2128820,7,Colony Collapse,2013,Comedy,36.0,1836,8.2
tt0367279,Arrested Development,4,tt2128821,8,Red Hairing,2013,Comedy,37.0,1589,7.5
tt0367279,Arrested Development,4,tt2128822,9,Smashed,2013,Comedy,34.0,1561,7.5
tt0367279,Arrested Development,4,tt2128814,10,Queen B.,2013,Comedy,35.0,1557,7.6
tt0367279,Arrested Development,4,tt2495824,11,A New Attitude,2013,Comedy,37.0,1730,8.4
tt0367279,Arrested Development,4,tt2604336,12,Señoritis,2013,Comedy,34.0,1551,8.1
tt0367279,Arrested Development,4,tt2604334,13,It Gets Better,2013,Comedy,34.0,1560,8.0
tt0367279,Arrested Development,4,tt2604338,14,Off the Hook,2013,Comedy,36.0,1551,8.0
tt0367279,Arrested Development,4,tt2826310,15,Blockheads,2013,Comedy,33,1606,8.0
tt0367279,Arrested Development,5,tt4589902,1,Family Leave,2018,Comedy,26.0,1309,7.0
tt0367279,Arrested Development,5,tt4861452,2,Self-Deportation,2018,Comedy,28.0,1155,7.1
tt0367279,Arrested Development,5,tt4861456,3,Everyone Gets Atrophy,2018,Comedy,27.0,1110,7.3
tt0367279,Arrested Development,5,tt4861458,4,An Old Start,2018,Comedy,28.0,1077,7.3
tt0367279,Arrested Development,5,tt4861460,5,Sinking Feelings,2018,Comedy,27.0,1055,7.2
tt0367279,Arrested Development,5,tt4861462,6,Emotional Baggage,2018,Comedy,33.0,1062,7.4
tt0367279,Arrested Development,5,tt4861466,7,Rom-Traum,2018,Comedy,31.0,1042,7.4
tt0367279,Arrested Development,5,tt4861470,8,Premature Independence,2018,Comedy,36.0,1049,7.2
tt0367279,Arrested Development,5,tt4861472,9,Unexpected Company,2019,Comedy,27.0,898,6.9
tt0367279,Arrested Development,5,tt4861478,10,Taste Makers,2019,Comedy,25.0,850,6.9
tt0367279,Arrested Development,5,tt4861482,11,Chain Migration,2019,Comedy,23.0,816,6.7
tt0367279,Arrested Development,5,tt4861486,12,Check Mates,2019,Comedy,25.0,831,7.3
tt0367279,Arrested Development,5,tt4861484,13,The Untethered Sole,2019,Comedy,28.0,822,6.8
tt0367279,Arrested Development,5,tt4861490,14,Saving for Arraignment Day,2019,Comedy,28.0,819,6.6
tt0367279,Arrested Development,5,tt4861494,15,Courting Disasters,2019,Comedy,30.0,813,7.0
tt0367279,Arrested Development,5,tt4589904,16,The Fallout,2019,Comedy,47.0,1026,7.6
tt2193021,Arrow,1,tt2340185,1,Pilot,2012,"Action,Adventure,Crime",45.0,8773,8.3
tt2193021,Arrow,1,tt2310910,2,Honor Thy Father,2012,"Action,Adventure,Crime",45.0,6667,8.0
tt2193021,Arrow,1,tt2310914,3,Lone Gunmen,2012,"Action,Adventure,Crime",45.0,6266,8.2
tt2193021,Arrow,1,tt2319602,4,An Innocent Man,2012,"Action,Adventure,Crime",45.0,5941,8.1
tt2193021,Arrow,1,tt2338426,5,Damaged,2012,"Action,Adventure,Crime",45.0,5898,8.4
tt2193021,Arrow,1,tt2377368,6,Legacies,2012,"Action,Adventure,Crime",45.0,5575,7.7
tt2193021,Arrow,1,tt2395358,7,Muse of Fire,2012,"Action,Adventure,Crime",45.0,5487,8.0
tt2193021,Arrow,1,tt2423266,8,Vendetta,2012,"Action,Adventure,Crime",42.0,5332,7.9
tt2193021,Arrow,1,tt2448164,9,Year's End,2012,"Action,Adventure,Crime",45.0,5162,8.2
tt2193021,Arrow,1,tt2467064,10,Burned,2013,"Action,Adventure,Crime",45.0,5221,7.6
tt2193021,Arrow,1,tt2496078,11,Trust But Verify,2013,"Action,Adventure,Crime",45.0,5014,7.9
tt2193021,Arrow,1,tt2519404,12,Vertigo,2013,"Action,Adventure,Crime",45.0,5073,8.2
tt2193021,Arrow,1,tt2527342,13,Betrayal,2013,"Action,Adventure,Crime",45.0,5157,8.4
tt2193021,Arrow,1,tt2561472,14,The Odyssey,2013,"Action,Adventure,Crime",45.0,5499,8.7
tt2193021,Arrow,1,tt2605292,15,Dodger,2013,"Action,Adventure,Crime",45.0,4924,7.8
tt2193021,Arrow,1,tt2633630,16,Dead to Rights,2013,"Action,Adventure,Crime",42.0,5150,8.6
tt2193021,Arrow,1,tt2654070,17,The Huntress Returns,2013,"Action,Adventure,Crime",43.0,4935,7.9
tt2193021,Arrow,1,tt2698256,18,Salvation,2013,"Action,Adventure,Crime",43.0,4830,8.2
tt2193021,Arrow,1,tt2712930,19,Unfinished Business,2013,"Action,Adventure,Crime",43,4743,8.0
tt2193021,Arrow,1,tt2761432,20,Home Invasion,2013,"Action,Adventure,Crime",43,4829,8.3
tt2193021,Arrow,1,tt2761428,21,The Undertaking,2013,"Action,Adventure,Crime",42,5134,8.6
tt2193021,Arrow,1,tt2761434,22,Darkness on the Edge of Town,2013,"Action,Adventure,Crime",42,5773,9.0
tt2193021,Arrow,1,tt2761440,23,Sacrifice,2013,"Action,Adventure,Crime",42,8556,9.4
tt2193021,Arrow,2,tt2702698,1,City of Heroes,2013,"Action,Adventure,Crime",42.0,6223,8.5
tt2193021,Arrow,2,tt3077106,2,Identity,2013,"Action,Adventure,Crime",42,5120,8.3
tt2193021,Arrow,2,tt3126166,3,Broken Dolls,2013,"Action,Adventure,Crime",42.0,5240,8.5
tt2193021,Arrow,2,tt3126168,4,Crucible,2013,"Action,Adventure,Crime",42.0,5084,8.5
tt2193021,Arrow,2,tt3128398,5,League of Assassins,2013,"Action,Adventure,Crime",45.0,5157,8.6
tt2193021,Arrow,2,tt3213782,6,Keep Your Enemies Closer,2013,"Action,Adventure,Crime",45,4780,8.2
tt2193021,Arrow,2,tt3213864,7,State v. Queen,2013,"Action,Adventure,Crime",45,4908,8.3
tt2193021,Arrow,2,tt3229412,8,The Scientist,2013,"Action,Adventure,Crime",45,5734,8.9
tt2193021,Arrow,2,tt3229414,9,Three Ghosts,2013,"Action,Adventure,Crime",45,6585,9.2
tt2193021,Arrow,2,tt3229416,10,Blast Radius,2014,"Action,Adventure,Crime",45,4522,8.1
tt2193021,Arrow,2,tt3263826,11,Blind Spot,2014,"Action,Adventure,Crime",42,4539,8.4
tt2193021,Arrow,2,tt3263824,12,Tremors,2014,"Action,Adventure,Crime",45,4579,8.5
tt2193021,Arrow,2,tt3263832,13,Heir to the Demon,2014,"Action,Adventure,Crime",45,4878,8.5
tt2193021,Arrow,2,tt3337656,14,Time of Death,2014,"Action,Adventure,Crime",42.0,4907,8.6
tt2193021,Arrow,2,tt3337658,15,The Promise,2014,"Action,Adventure,Crime",45.0,5698,9.0
tt2193021,Arrow,2,tt3337660,16,Suicide Squad,2014,"Action,Adventure,Crime",45.0,4691,8.3
tt2193021,Arrow,2,tt3337662,17,Birds of Prey,2014,"Action,Adventure,Crime",45.0,4435,8.0
tt2193021,Arrow,2,tt3535114,18,Deathstroke,2014,"Action,Adventure,Crime",42,5912,9.1
tt2193021,Arrow,2,tt3337666,19,The Man Under the Hood,2014,"Action,Adventure,Crime",42.0,5092,8.9
tt2193021,Arrow,2,tt3337668,20,Seeing Red,2014,"Action,Adventure,Crime",42.0,6966,9.2
tt2193021,Arrow,2,tt3337670,21,City of Blood,2014,"Action,Adventure,Crime",42.0,5330,8.9
tt2193021,Arrow,2,tt3337672,22,Streets of Fire,2014,"Action,Adventure,Crime",42.0,5746,9.1
tt2193021,Arrow,2,tt3337674,23,Unthinkable,2014,"Action,Adventure,Crime",45.0,7998,9.4
tt2193021,Arrow,3,tt3532626,1,The Calm,2014,"Action,Adventure,Crime",42,6386,8.7
tt2193021,Arrow,3,tt3856758,2,Sara,2014,"Action,Adventure,Crime",42.0,4755,8.3
tt2193021,Arrow,3,tt3879318,3,Corto Maltese,2014,"Action,Adventure,Crime",42,4436,8.1
tt2193021,Arrow,3,tt3919146,4,The Magician,2014,"Action,Adventure,Crime",42,4494,8.3
tt2193021,Arrow,3,tt3956512,5,The Secret Origin of Felicity Smoak,2014,"Action,Adventure,Crime",42,4886,8.2
tt2193021,Arrow,3,tt4006586,6,Guilty,2014,"Action,Adventure,Crime",42,4225,8.0
tt2193021,Arrow,3,tt4006576,7,Draw Back Your Bow,2014,"Action,Adventure,Crime",42,4398,7.8
tt2193021,Arrow,3,tt4006578,8,The Brave and the Bold,2014,"Action,Adventure,Crime",42,6477,9.0
tt2193021,Arrow,3,tt4006548,9,The Climb,2014,"Action,Adventure,Crime",42,12554,9.5
tt2193021,Arrow,3,tt4006582,10,Left Behind,2015,"Action,Adventure,Crime",42,4732,8.3
tt2193021,Arrow,3,tt4006570,11,Midnight City,2015,"Action,Adventure,Crime",42,4198,7.8
tt2193021,Arrow,3,tt4006574,12,Uprising,2015,"Action,Adventure,Crime",42,4458,8.4
tt2193021,Arrow,3,tt4006572,13,Canaries,2015,"Action,Adventure,Crime",42,4253,8.2
tt2193021,Arrow,3,tt4006600,14,The Return,2015,"Action,Adventure,Crime",43,4325,8.2
tt2193021,Arrow,3,tt4006588,15,Nanda Parbat,2015,"Action,Adventure,Crime",42,5123,8.7
tt2193021,Arrow,3,tt4006594,16,The Offer,2015,"Action,Adventure,Crime",42,4196,8.2
tt2193021,Arrow,3,tt4006606,17,Suicidal Tendencies,2015,"Action,Adventure,Crime",42,4141,8.3
tt2193021,Arrow,3,tt4006596,18,Public Enemy,2015,"Action,Adventure,Crime",42,4730,8.8
tt2193021,Arrow,3,tt4006602,19,Broken Arrow,2015,"Action,Adventure,Crime",42,5196,8.9
tt2193021,Arrow,3,tt4006584,20,The Fallen,2015,"Action,Adventure,Crime",42,4899,8.6
tt2193021,Arrow,3,tt4006598,21,Al Sah-Him,2015,"Action,Adventure,Crime",41,4381,8.3
tt2193021,Arrow,3,tt4006590,22,This Is Your Sword,2015,"Action,Adventure,Crime",42,4690,8.6
tt2193021,Arrow,3,tt4006604,23,My Name Is Oliver Queen,2015,"Action,Adventure,Crime",44,5672,8.1
tt2193021,Arrow,4,tt4345922,1,Green Arrow,2015,"Action,Adventure,Crime",42.0,5554,8.2
tt2193021,Arrow,4,tt4765782,2,The Candidate,2015,"Action,Adventure,Crime",43.0,3951,7.8
tt2193021,Arrow,4,tt4846212,3,Restoration,2015,"Action,Adventure,Crime",43.0,3817,7.9
tt2193021,Arrow,4,tt4854000,4,Beyond Redemption,2015,"Action,Adventure,Crime",42.0,3752,8.0
tt2193021,Arrow,4,tt4859064,5,Haunted,2015,"Action,Adventure,Crime",42.0,4946,8.7
tt2193021,Arrow,4,tt4859298,6,Lost Souls,2015,"Action,Adventure,Crime",42.0,3761,7.8
tt2193021,Arrow,4,tt4859296,7,Brotherhood,2015,"Action,Adventure,Crime",42.0,3542,7.9
tt2193021,Arrow,4,tt4859300,8,Legends of Yesterday,2015,"Action,Adventure,Crime",44.0,5027,8.8
tt2193021,Arrow,4,tt4859302,9,Dark Waters,2015,"Action,Adventure,Crime",42.0,4325,8.7
tt2193021,Arrow,4,tt4862532,10,Blood Debts,2016,"Action,Adventure,Crime",42.0,3537,7.7
tt2193021,Arrow,4,tt4862534,11,A.W.O.L.,2016,"Action,Adventure,Crime",42.0,3407,7.6
tt2193021,Arrow,4,tt4862538,12,Unchained,2016,"Action,Adventure,Crime",42.0,3423,8.0
tt2193021,Arrow,4,tt4862536,13,Sins of the Father,2016,"Action,Adventure,Crime",42.0,3604,8.1
tt2193021,Arrow,4,tt4862542,14,Code of Silence,2016,"Action,Adventure,Crime",42.0,3328,7.6
tt2193021,Arrow,4,tt4862540,15,Taken,2016,"Action,Adventure,Crime",42.0,3703,8.0
tt2193021,Arrow,4,tt4862544,16,Broken Hearts,2016,"Action,Adventure,Crime",42.0,4379,6.2
tt2193021,Arrow,4,tt4862546,17,Beacon of Hope,2016,"Action,Adventure,Crime",42.0,3863,6.6
tt2193021,Arrow,4,tt4862552,18,Eleven-Fifty-Nine,2016,"Action,Adventure,Crime",42.0,4989,7.3
tt2193021,Arrow,4,tt4862550,19,Canary Cry,2016,"Action,Adventure,Crime",41.0,4110,6.7
tt2193021,Arrow,4,tt4862548,20,Genesis,2016,"Action,Adventure,Crime",41.0,3680,7.3
tt2193021,Arrow,4,tt4862556,21,Monument Point,2016,"Action,Adventure,Crime",42.0,3486,7.1
tt2193021,Arrow,4,tt4862558,22,Lost in the Flood,2016,"Action,Adventure,Crime",42.0,3470,7.0
tt2193021,Arrow,4,tt4862554,23,Schism,2016,"Action,Adventure,Crime",42.0,5816,5.6
tt2193021,Arrow,5,tt5540390,1,Legacy,2016,"Action,Adventure,Crime",42.0,4152,8.2
tt2193021,Arrow,5,tt5584142,2,The Recruits,2016,"Action,Adventure,Crime",42.0,3453,8.0
tt2193021,Arrow,5,tt5584144,3,A Matter of Trust,2016,"Action,Adventure,Crime",42.0,3219,8.0
tt2193021,Arrow,5,tt5584146,4,Penance,2016,"Action,Adventure,Crime",42.0,3080,7.9
tt2193021,Arrow,5,tt5584148,5,Human Target,2016,"Action,Adventure,Crime",42.0,3332,8.4
tt2193021,Arrow,5,tt5584150,6,So It Begins,2016,"Action,Adventure,Crime",41.0,3073,8.1
tt2193021,Arrow,5,tt5584152,7,Vigilante,2016,"Action,Adventure,Crime",42.0,3008,8.1
tt2193021,Arrow,5,tt5584154,8,Invasion!,2016,"Action,Adventure,Crime",42.0,4985,8.9
tt2193021,Arrow,5,tt5584158,9,What We Leave Behind,2016,"Action,Adventure,Crime",42.0,4208,9.1
tt2193021,Arrow,5,tt5584160,10,Who Are You?,2017,"Action,Adventure,Crime",42.0,3143,7.7
tt2193021,Arrow,5,tt5584162,11,Second Chances,2017,"Action,Adventure,Crime",42.0,2874,8.0
tt2193021,Arrow,5,tt5607494,12,Bratva,2017,"Action,Adventure,Crime",42.0,2784,7.9
tt2193021,Arrow,5,tt5607500,13,Spectre of the Gun,2017,"Action,Adventure,Crime",41.0,3197,7.3
tt2193021,Arrow,5,tt5607504,14,The Sin-Eater,2017,"Action,Adventure,Crime",42.0,2720,7.6
tt2193021,Arrow,5,tt5607508,15,Fighting Fire with Fire,2017,"Action,Adventure,Crime",42.0,2935,8.3
tt2193021,Arrow,5,tt5607510,16,Checkmate,2017,"Action,Adventure,Crime",42.0,3422,8.8
tt2193021,Arrow,5,tt5607512,17,Kapiushon,2017,"Action,Adventure,Crime",42.0,4536,9.1
tt2193021,Arrow,5,tt5607516,18,Disbanded,2017,"Action,Adventure,Crime",42.0,2973,8.3
tt2193021,Arrow,5,tt5607518,19,Dangerous Liaisons,2017,"Action,Adventure,Crime",42.0,2765,7.7
tt2193021,Arrow,5,tt5607522,20,Underneath,2017,"Action,Adventure,Crime",42.0,3443,7.6
tt2193021,Arrow,5,tt5607524,21,Honor Thy Fathers,2017,"Action,Adventure,Crime",42.0,2701,8.0
tt2193021,Arrow,5,tt5607526,22,Missing,2017,"Action,Adventure,Crime",42.0,3503,8.9
tt2193021,Arrow,5,tt5584166,23,Lian Yu,2017,"Action,Adventure,Crime",42.0,8421,9.6
tt2193021,Arrow,6,tt6403458,1,Fallout,2017,"Action,Adventure,Crime",42.0,3163,7.7
tt2193021,Arrow,6,tt6493654,2,Tribute,2017,"Action,Adventure,Crime",41.0,2656,7.8
tt2193021,Arrow,6,tt6493656,3,Next of Kin,2017,"Action,Adventure,Crime",41.0,2537,7.6
tt2193021,Arrow,6,tt6493658,4,Reversal,2017,"Action,Adventure,Crime",42.0,2897,7.2
tt2193021,Arrow,6,tt6493662,5,Deathstroke Returns,2017,"Action,Adventure,Crime",42.0,2967,8.5
tt2193021,Arrow,6,tt6493664,6,Promises Kept,2017,"Action,Adventure,Crime",42.0,2599,8.2
tt2193021,Arrow,6,tt6493666,7,Thanksgiving,2017,"Action,Adventure,Crime",42.0,2368,7.6
tt2193021,Arrow,6,tt6493668,8,"Crisis on Earth-X, Part 2",2017,"Action,Adventure,Crime",42.0,3805,8.6
tt2193021,Arrow,6,tt6493670,9,Irreconcilable Differences,2017,"Action,Adventure,Crime",42.0,2643,7.2
tt2193021,Arrow,6,tt6493672,10,Divided,2018,"Action,Adventure,Crime",42.0,2308,7.3
tt2193021,Arrow,6,tt6493676,11,We Fall,2018,"Action,Adventure,Crime",41.0,2255,7.5
tt2193021,Arrow,6,tt6493678,12,All for Nothing,2018,"Action,Adventure,Crime",42.0,2199,7.8
tt2193021,Arrow,6,tt6493680,13,The Devil's Greatest Trick,2018,"Action,Adventure,Crime",42.0,2336,8.1
tt2193021,Arrow,6,tt6493682,14,Collision Course,2018,"Action,Adventure,Crime",40.0,2318,7.2
tt2193021,Arrow,6,tt6493688,15,Doppelgänger,2018,"Action,Adventure,Crime",41.0,2247,8.0
tt2193021,Arrow,6,tt6493686,16,The Thanatos Guild,2018,"Action,Adventure,Crime",42.0,2221,7.8
tt2193021,Arrow,6,tt6493692,17,Brothers in Arms,2018,"Action,Adventure,Crime",42.0,2305,7.7
tt2193021,Arrow,6,tt6493690,18,Fundamentals,2018,"Action,Adventure,Crime",42.0,2662,8.5
tt2193021,Arrow,6,tt6493694,19,The Dragon,2018,"Action,Adventure,Crime",42.0,2471,7.9
tt2193021,Arrow,6,tt6493696,20,Shifting Allegiances,2018,"Action,Adventure,Crime",42.0,2165,7.9
tt2193021,Arrow,6,tt6493698,21,Docket No. 11-19-41-73,2018,"Action,Adventure,Crime",42.0,2537,8.7
tt2193021,Arrow,6,tt6493700,22,The Ties That Bind,2018,"Action,Adventure,Crime",41.0,2314,8.3
tt2193021,Arrow,6,tt6493702,23,Life Sentence,2018,"Action,Adventure,Crime",42.0,2763,8.6
tt2193021,Arrow,7,tt7224676,1,Inmate 4587,2018,"Action,Adventure,Crime",42.0,3689,8.9
tt2193021,Arrow,7,tt7508706,2,The Longbow Hunters,2018,"Action,Adventure,Crime",42.0,2556,7.8
tt2193021,Arrow,7,tt7508614,3,Crossing Lines,2018,"Action,Adventure,Crime",41.0,2472,8.1
tt2193021,Arrow,7,tt7508730,4,Level Two,2018,"Action,Adventure,Crime",42.0,2378,7.9
tt2193021,Arrow,7,tt7508746,5,The Demon,2018,"Action,Adventure,Crime",42.0,2481,8.4
tt2193021,Arrow,7,tt7508628,6,Due Process,2018,"Action,Adventure,Crime",42.0,2315,8.1
tt2193021,Arrow,7,tt7508606,7,The Slabside Redemption,2018,"Action,Adventure,Crime",41.0,3740,9.2
tt2193021,Arrow,7,tt7508732,8,Unmasked,2018,"Action,Adventure,Crime",42.0,2360,8.2
tt2193021,Arrow,7,tt7508702,9,"Elseworlds, Part 2",2018,"Action,Adventure,Crime",42.0,3233,8.8
tt2193021,Arrow,7,tt7508736,10,My Name Is Emiko Queen,2019,"Action,Adventure,Crime",42.0,2122,7.2
tt2193021,Arrow,7,tt7508632,11,Past Sins,2019,"Action,Adventure,Crime",42.0,1992,7.6
tt2193021,Arrow,7,tt7508650,12,Emerald Archer,2019,"Action,Adventure,Crime",41.0,2412,8.4
tt2193021,Arrow,7,tt7508738,13,Star City Slayer,2019,"Action,Adventure,Crime",42.0,2060,7.9
tt2193021,Arrow,7,tt7508714,14,Brothers & Sisters,2019,"Action,Adventure,Crime",42.0,1927,7.7
tt2193021,Arrow,7,tt7508618,15,Training Day,2019,"Action,Adventure,Crime",42.0,1864,7.4
tt2193021,Arrow,7,tt7508622,16,Star City 2040,2019,"Action,Adventure,Crime",42.0,2093,7.5
tt2193021,Arrow,7,tt7508744,17,Inheritance,2019,"Action,Adventure,Crime",42.0,1882,7.8
tt2193021,Arrow,7,tt7508638,18,Lost Canary,2019,"Action,Adventure,Crime",42.0,2021,7.2
tt2193021,Arrow,7,tt7508752,19,Spartan,2019,"Action,Adventure,Crime",42.0,1790,7.5
tt2193021,Arrow,7,tt7508754,20,Confessions,2019,"Action,Adventure,Crime",40.0,2053,8.3
tt2193021,Arrow,7,tt7508728,21,Living Proof,2019,"Action,Adventure,Crime",42.0,1875,7.9
tt2193021,Arrow,7,tt7508750,22,You Have Saved This City,2019,"Action,Adventure,Crime",42.0,2619,8.5
tt2193021,Arrow,8,tt9695550,1,Starling City,2019,"Action,Adventure,Crime",42,3238,8.9
tt2193021,Arrow,8,tt9700174,2,Welcome to Hong Kong,2019,"Action,Adventure,Crime",42,2463,8.1
tt2193021,Arrow,8,tt9700172,3,Leap of Faith,2019,"Action,Adventure,Crime",42,2561,8.5
tt2193021,Arrow,8,tt9700176,4,Present Tense,2019,"Action,Adventure,Crime",42,2465,8.6
tt2193021,Arrow,8,tt9700178,5,Prochnost,2019,"Action,Adventure,Crime",42,2209,8.3
tt2193021,Arrow,8,tt9700180,6,Reset,2019,"Action,Adventure,Crime",42,2410,8.7
tt2193021,Arrow,8,tt9700190,7,Purgatory,2019,"Action,Adventure,Crime",42,2225,8.6
tt2193021,Arrow,8,tt9641260,8,Crisis on Infinite Earths: Part Four,2020,"Action,Adventure,Crime",42.0,3172,8.4
tt2193021,Arrow,8,tt9700188,9,Green Arrow & the Canaries,2020,"Action,Adventure,Crime",42,2475,6.8
tt2193021,Arrow,8,tt9700192,10,Fadeout,2020,"Action,Adventure,Crime",43,3766,9.2
tt14392248,Aspirants,1,tt14398228,1,UPSC - Optional Me Kya Hai?,2021,Drama,46.0,8164,9.1
tt14392248,Aspirants,1,tt14418824,2,Teacher Sahi Hona Chahiye,2021,Drama,38.0,7257,9.2
tt14392248,Aspirants,1,tt14465314,3,Positive Approach Rakh Yaar,2021,Drama,45.0,6463,9.3
tt14392248,Aspirants,1,tt14471770,4,Plan B,2021,Drama,49.0,6928,9.5
tt14392248,Aspirants,1,tt14484640,5,Pre... Mains Aur Life,2021,Drama,38.0,4952,9.0
tt14392248,Aspirants,2,tt27846004,1,Self Study,2023,Drama,,455,8.3
tt14392248,Aspirants,2,tt28283205,2,Strategy,2023,Drama,,417,8.2
tt14392248,Aspirants,2,tt28283208,3,Murphy's Law,2023,Drama,,416,8.6
tt14392248,Aspirants,2,tt28283209,4,Mock Interview,2023,Drama,,433,8.8
tt14392248,Aspirants,2,tt28283211,5,Final Interview,2023,Drama,,553,8.3
tt2560140,Attack on Titan,1,tt2825724,1,"To You, in 2000 Years: The Fall of Shiganshina, Part 1",2013,"Action,Adventure,Animation",26,37982,9.1
tt2560140,Attack on Titan,1,tt2844574,2,"That Day: The Fall of Shiganshina, Part 2",2013,"Action,Adventure,Animation",24,28002,8.5
tt2560140,Attack on Titan,1,tt2858742,3,"A Dim Light Amid Despair: Humanity's Comeback, Part 1",2013,"Action,Adventure,Animation",24,26640,8.1
tt2560140,Attack on Titan,1,tt2858740,4,"The Night of the Closing Ceremony: Humanity's Comeback, Part 2",2013,"Action,Adventure,Animation",24,25423,8.5
tt2560140,Attack on Titan,1,tt2879076,5,"First Battle: The Struggle for Trost, Part 1",2013,"Action,Adventure,Animation",24.0,27299,9.2
tt2560140,Attack on Titan,1,tt2899140,6,"The World the Girl Saw: The Struggle for Trost, Part 2",2013,"Action,Adventure,Animation",24,25179,8.9
tt2560140,Attack on Titan,1,tt2928458,7,"Small Blade: The Struggle for Trost, Part 3",2013,"Action,Adventure,Animation",24.0,24446,8.9
tt2560140,Attack on Titan,1,tt2928456,8,"I Can Hear His Heartbeat: The Struggle for Trost, Part 4",2013,"Action,Adventure,Animation",24.0,24961,9.1
tt2560140,Attack on Titan,1,tt2955788,9,"Whereabouts of His Left Arm: The Struggle for Trost, Part 5",2013,"Action,Adventure,Animation",24.0,23467,8.8
tt2560140,Attack on Titan,1,tt2955786,10,"Response: The Struggle for Trost, Part 6",2013,"Action,Adventure,Animation",24.0,22931,8.3
tt2560140,Attack on Titan,1,tt2990156,11,"Idol: The Struggle for Trost, Part 7",2013,"Action,Adventure,Animation",24.0,22579,8.3
tt2560140,Attack on Titan,1,tt3005840,12,"Wound: The Struggle for Trost, Part 8",2013,"Action,Adventure,Animation",24.0,22326,8.3
tt2560140,Attack on Titan,1,tt3034014,13,"Primal Desire: The Struggle for Trost, Part 9",2013,"Action,Adventure,Animation",24.0,23231,8.9
tt2560140,Attack on Titan,1,tt3038178,14,"Can't Look into His Eyes Yet: Eve of the Counterattack, Part 1",2013,"Action,Adventure,Animation",24.0,22211,8.4
tt2560140,Attack on Titan,1,tt3069226,15,"Special Operations Squad: Eve of the Counterattack, Part 2",2013,"Action,Adventure,Animation",24,22079,8.1
tt2560140,Attack on Titan,1,tt3086098,16,"What Needs to Be Done Now: Eve of the Counterattack, Part 3",2013,"Action,Adventure,Animation",24,21984,8.2
tt2560140,Attack on Titan,1,tt3104218,17,"Female Titan: The 57th Expedition Beyond the Walls, Part 1",2013,"Action,Adventure,Animation",24.0,23622,9.1
tt2560140,Attack on Titan,1,tt3104224,18,"Forest of Giant Trees: The 57th Expedition Beyond the Walls, Part 2",2013,"Action,Adventure,Animation",24.0,22144,8.8
tt2560140,Attack on Titan,1,tt3122060,19,"Bite: The 57th Exterior Scouting Mission, Part 3",2013,"Action,Adventure,Animation",24.0,22432,8.9
tt2560140,Attack on Titan,1,tt3134450,20,"Erwin Smith: The 57th Expedition Beyond the Walls, Part 4",2013,"Action,Adventure,Animation",24.0,23031,9.1
tt2560140,Attack on Titan,1,tt3148020,21,"Crushing Blow: The 57th Exterior Scouting Mission, Part 5",2013,"Action,Adventure,Animation",24.0,28999,9.5
tt2560140,Attack on Titan,1,tt3158344,22,"The Defeated: The 57th Expedition Beyond the Walls, Part 6",2013,"Action,Adventure,Animation",24,23218,9.0
tt2560140,Attack on Titan,1,tt3174238,23,"Smile: Raid on Stohess District, Part 1",2013,"Action,Adventure,Animation",24,22921,9.0
tt2560140,Attack on Titan,1,tt3174242,24,"Mercy: Raid on Stohess District, Part 2",2013,"Action,Adventure,Animation",24,23188,9.1
tt2560140,Attack on Titan,1,tt3174248,25,"Wall: Raid on Stohess District, Part 3",2013,"Action,Adventure,Animation",24,26634,9.4
tt2560140,Attack on Titan,2,tt4228718,1,Beast Titan,2017,"Action,Adventure,Animation",24.0,24490,9.2
tt2560140,Attack on Titan,2,tt6723670,2,I'm Home,2017,"Action,Adventure,Animation",24.0,21204,8.5
tt2560140,Attack on Titan,2,tt6723672,3,Southwestward,2017,"Action,Adventure,Animation",24.0,20913,8.6
tt2560140,Attack on Titan,2,tt6723674,4,Soldier,2017,"Action,Adventure,Animation",24.0,22428,9.1
tt2560140,Attack on Titan,2,tt6723678,5,Historia,2017,"Action,Adventure,Animation",24.0,22832,9.1
tt2560140,Attack on Titan,2,tt6723680,6,Warrior,2017,"Action,Adventure,Animation",24.0,54391,9.8
tt2560140,Attack on Titan,2,tt6723686,7,Close Combat,2017,"Action,Adventure,Animation",24.0,27948,9.6
tt2560140,Attack on Titan,2,tt6723692,8,The Hunters,2017,"Action,Adventure,Animation",24.0,20806,8.4
tt2560140,Attack on Titan,2,tt6723698,9,Opening,2017,"Action,Adventure,Animation",24.0,20853,8.5
tt2560140,Attack on Titan,2,tt6723700,10,Children,2017,"Action,Adventure,Animation",24.0,21786,9.0
tt2560140,Attack on Titan,2,tt6723708,11,Charge,2017,"Action,Adventure,Animation",24.0,26872,9.5
tt2560140,Attack on Titan,2,tt6723710,12,Scream,2017,"Action,Adventure,Animation",24.0,40384,9.7
tt2560140,Attack on Titan,3,tt7029252,1,Smoke Signal,2018,"Action,Adventure,Animation",24.0,23919,8.8
tt2560140,Attack on Titan,3,tt8517724,2,Pain,2018,"Action,Adventure,Animation",24.0,26139,9.2
tt2560140,Attack on Titan,3,tt8543946,3,Old Story,2018,"Action,Adventure,Animation",24.0,21914,8.7
tt2560140,Attack on Titan,3,tt8543952,4,Trust,2018,"Action,Adventure,Animation",24.0,21977,8.5
tt2560140,Attack on Titan,3,tt8543956,5,Reply,2018,"Action,Adventure,Animation",24.0,22442,9.0
tt2560140,Attack on Titan,3,tt8543958,6,Sin,2018,"Action,Adventure,Animation",24.0,24328,9.2
tt2560140,Attack on Titan,3,tt8733180,7,Wish,2018,"Action,Adventure,Animation",24.0,28269,9.5
tt2560140,Attack on Titan,3,tt8733182,8,Outside the Walls of Orvud District,2018,"Action,Adventure,Animation",24.0,21767,8.9
tt2560140,Attack on Titan,3,tt8733184,9,Ruler of the Walls,2018,"Action,Adventure,Animation",24.0,23684,9.3
tt2560140,Attack on Titan,3,tt8733188,10,Friends,2018,"Action,Adventure,Animation",24.0,23477,9.2
tt2560140,Attack on Titan,3,tt8733190,11,Bystander,2018,"Action,Adventure,Animation",24.0,23800,9.1
tt2560140,Attack on Titan,3,tt8733192,12,Night of the Battle to Retake the Wall,2018,"Action,Adventure,Animation",24.0,23263,8.9
tt2560140,Attack on Titan,3,tt9038682,13,The Town Where Everything Began,2019,"Action,Adventure,Animation",24.0,31887,9.5
tt2560140,Attack on Titan,3,tt9790722,14,Thunder Spears,2019,"Action,Adventure,Animation",24,30722,9.5
tt2560140,Attack on Titan,3,tt9806162,15,Descent,2019,"Action,Adventure,Animation",24,31792,9.5
tt2560140,Attack on Titan,3,tt9898836,16,Perfect Game,2019,"Action,Adventure,Animation",24,90568,9.8
tt2560140,Attack on Titan,3,tt9906260,17,Hero,2019,"Action,Adventure,Animation",24,141035,9.7
tt2560140,Attack on Titan,3,tt10023374,18,Midnight Sun,2019,"Action,Adventure,Animation",24.0,75740,9.8
tt2560140,Attack on Titan,3,tt10023452,19,The Basement,2019,"Action,Adventure,Animation",24.0,29292,9.2
tt2560140,Attack on Titan,3,tt10034602,20,That Day,2019,"Action,Adventure,Animation",24.0,59642,9.7
tt2560140,Attack on Titan,3,tt10064964,21,Attack Titan,2019,"Action,Adventure,Animation",24.0,37326,9.6
tt2560140,Attack on Titan,3,tt10064968,22,The Other Side of the Wall,2019,"Action,Adventure,Animation",24.0,32681,9.5
tt2560140,Attack on Titan,4,tt10783086,1,The Other Side of the Sea,2020,"Action,Adventure,Animation",24.0,44708,9.2
tt2560140,Attack on Titan,4,tt13586908,2,Midnight Train,2020,"Action,Adventure,Animation",24.0,39567,8.6
tt2560140,Attack on Titan,4,tt13611850,3,The Door of Hope,2020,"Action,Adventure,Animation",24.0,40229,9.2
tt2560140,Attack on Titan,4,tt13605712,4,From One Hand to Another,2020,"Action,Adventure,Animation",24.0,39128,8.9
tt2560140,Attack on Titan,4,tt13605714,5,Declaration of War,2021,"Action,Adventure,Animation",24.0,84894,9.7
tt2560140,Attack on Titan,4,tt13819632,6,The War Hammer Titan,2021,"Action,Adventure,Animation",24.0,86595,9.7
tt2560140,Attack on Titan,4,tt13857684,7,Assault,2021,"Action,Adventure,Animation",24.0,111494,9.7
tt2560140,Attack on Titan,4,tt13907662,8,Assassin's Bullet,2021,"Action,Adventure,Animation",24.0,46867,9.4
tt2560140,Attack on Titan,4,tt13971296,9,Brave Volunteers,2021,"Action,Adventure,Animation",24.0,36275,8.9
tt2560140,Attack on Titan,4,tt13989258,10,A Sound Argument,2021,"Action,Adventure,Animation",24.0,32957,8.5
tt2560140,Attack on Titan,4,tt13996128,11,Deceiver,2021,"Action,Adventure,Animation",24.0,31271,8.8
tt2560140,Attack on Titan,4,tt14026060,12,Guides,2021,"Action,Adventure,Animation",24.0,31809,8.9
tt2560140,Attack on Titan,4,tt14093766,13,Children of the Forest,2021,"Action,Adventure,Animation",24.0,40103,9.5
tt2560140,Attack on Titan,4,tt14132418,14,Savagery,2021,"Action,Adventure,Animation",24.0,43376,9.7
tt2560140,Attack on Titan,4,tt14134628,15,Sole Salvation,2021,"Action,Adventure,Animation",24.0,37942,9.5
tt2560140,Attack on Titan,4,tt14134634,16,Above and Below,2021,"Action,Adventure,Animation",24.0,37396,9.4
tt2560140,Attack on Titan,4,tt14342824,17,Judgment,2022,"Action,Adventure,Animation",24.0,47224,9.0
tt2560140,Attack on Titan,4,tt14551446,18,Sneak Attack,2022,"Action,Adventure,Animation",24.0,42169,9.3
tt2560140,Attack on Titan,4,tt17277218,19,Two Brothers,2022,"Action,Adventure,Animation",24.0,82086,9.7
tt2560140,Attack on Titan,4,tt17505964,20,Memories of the Future,2022,"Action,Adventure,Animation",24.0,85296,9.7
tt2560140,Attack on Titan,4,tt17594170,21,"From You, 2000 Years Ago",2022,"Action,Adventure,Animation",24.0,83750,9.7
tt2560140,Attack on Titan,4,tt18211918,22,Thaw,2022,"Action,Adventure,Animation",24.0,30547,9.0
tt2560140,Attack on Titan,4,tt18286830,23,Sunset,2022,"Action,Adventure,Animation",24.0,24248,8.5
tt2560140,Attack on Titan,4,tt18327540,24,Pride,2022,"Action,Adventure,Animation",24.0,24606,8.4
tt2560140,Attack on Titan,4,tt18412610,25,Night of the End,2022,"Action,Adventure,Animation",24.0,24328,8.6
tt2560140,Attack on Titan,4,tt18484352,26,Traitor,2022,"Action,Adventure,Animation",24.0,26741,9.1
tt2560140,Attack on Titan,4,tt18856536,27,Retrospective,2022,"Action,Adventure,Animation",24.0,31723,9.5
tt2560140,Attack on Titan,4,tt18953204,28,The Dawn of Humanity,2022,"Action,Adventure,Animation",24.0,40646,9.6
tt2560140,Attack on Titan,4,tt21357640,29,The Final Chapters: Special 1,2023,"Action,Adventure,Animation",61.0,56917,9.4
tt2560140,Attack on Titan,4,tt27048168,30,The Final Chapters: Special 2,2023,"Action,Adventure,Animation",85.0,73772,8.8
tt2560140,Attack on Titan,,tt3249632,,OVA: Ilse's Notebook,2013,"Action,Adventure,Animation",23,8154,8.5
tt2560140,Attack on Titan,,tt3693228,,OVA: The Sudden Visitor: The Torturous Curse of Youth,2014,"Action,Adventure,Animation",25.0,7577,7.5
tt2560140,Attack on Titan,,tt3951168,,OVA: Difficulty,2014,"Action,Adventure,Animation",24,7783,8.0
tt2560140,Attack on Titan,,tt4032858,,OVA: No Regrets - Part 1,2014,"Action,Adventure,Animation",24.0,8996,8.9
tt2560140,Attack on Titan,,tt4041680,,OVA: No Regrets - Part 2,2015,"Action,Adventure,Animation",30.0,11980,9.5
tt2560140,Attack on Titan,,tt7950670,,"OVA: Lost Girls: Wall Sina, Goodbye - Part 1",2017,"Action,Adventure,Animation",24.0,6827,8.3
tt2560140,Attack on Titan,,tt8282852,,OVA: Lost Girls: Lost in the Cruel World,2018,"Action,Adventure,Animation",24.0,7213,8.5
tt2560140,Attack on Titan,,tt8283108,,"OVA: Lost Girls: Wall Sina, Goodbye - Part 2",2018,"Action,Adventure,Animation",24.0,6740,8.4
tt2560140,Attack on Titan,,tt9306918,,Recap: Since That Day,2013,"Action,Adventure,Animation",24.0,6130,8.3
tt0417299,Avatar: The Last Airbender,1,tt5827942,0,Avatar: The Last Airbender,2005,"Action,Adventure,Animation",15.0,3559,8.3
tt0417299,Avatar: The Last Airbender,1,tt0801470,1,The Boy in the Iceberg,2005,"Action,Adventure,Animation",23.0,7488,7.9
tt0417299,Avatar: The Last Airbender,1,tt0772328,2,The Avatar Returns,2005,"Action,Adventure,Animation",25.0,6756,8.1
tt0417299,Avatar: The Last Airbender,1,tt0805800,3,The Southern Air Temple,2005,"Action,Adventure,Animation",25.0,6624,8.4
tt0417299,Avatar: The Last Airbender,1,tt0516776,4,The Warriors of Kyoshi,2005,"Action,Adventure,Animation",23.0,6440,8.0
tt0417299,Avatar: The Last Airbender,1,tt0760062,5,The King of Omashu,2005,"Action,Adventure,Animation",25.0,6406,8.0
tt0417299,Avatar: The Last Airbender,1,tt0516774,6,Imprisoned,2005,"Action,Adventure,Animation",25.0,6215,7.8
tt0417299,Avatar: The Last Airbender,1,tt0805801,7,"The Spirit World (Winter Solstice, Part 1)",2005,"Action,Adventure,Animation",25.0,6045,8.0
tt0417299,Avatar: The Last Airbender,1,tt0800734,8,"Avatar Roku (Winter Solstice, Part 2)",2005,"Action,Adventure,Animation",24.0,6517,8.8
tt0417299,Avatar: The Last Airbender,1,tt0822879,9,The Waterbending Scroll,2005,"Action,Adventure,Animation",25.0,5905,7.8
tt0417299,Avatar: The Last Airbender,1,tt0516775,10,Jet,2005,"Action,Adventure,Animation",25.0,6058,7.6
tt0417299,Avatar: The Last Airbender,1,tt0827262,11,The Great Divide,2005,"Action,Adventure,Animation",25.0,6271,6.8
tt0417299,Avatar: The Last Airbender,1,tt0829522,12,The Storm,2005,"Action,Adventure,Animation",25.0,6832,9.0
tt0417299,Avatar: The Last Airbender,1,tt0824795,13,The Blue Spirit,2005,"Action,Adventure,Animation",25.0,6906,9.1
tt0417299,Avatar: The Last Airbender,1,tt0516778,14,The Fortuneteller,2005,"Action,Adventure,Animation",24.0,5764,7.7
tt0417299,Avatar: The Last Airbender,1,tt0758992,15,Bato of the Water Tribe,2005,"Action,Adventure,Animation",25.0,5687,7.7
tt0417299,Avatar: The Last Airbender,1,tt0516777,16,The Deserter,2005,"Action,Adventure,Animation",25.0,5780,8.4
tt0417299,Avatar: The Last Airbender,1,tt0516779,17,The Northern Air Temple,2005,"Action,Adventure,Animation",24.0,5616,7.8
tt0417299,Avatar: The Last Airbender,1,tt0516782,18,The Waterbending Master,2005,"Action,Adventure,Animation",24.0,5810,8.6
tt0417299,Avatar: The Last Airbender,1,tt0516780,19,"The Siege of the North, Part 1",2005,"Action,Adventure,Animation",25.0,7009,9.3
tt0417299,Avatar: The Last Airbender,1,tt10512638,20,"The Siege of the North, Part 2",2005,"Action,Adventure,Animation",24.0,6820,9.6
tt0417299,Avatar: The Last Airbender,2,tt0762600,1,The Avatar State,2006,"Action,Adventure,Animation",25.0,5764,8.6
tt0417299,Avatar: The Last Airbender,2,tt0766472,2,The Cave of Two Lovers,2006,"Action,Adventure,Animation",25.0,5673,8.1
tt0417299,Avatar: The Last Airbender,2,tt0784201,3,Return to Omashu,2006,"Action,Adventure,Animation",25.0,5360,8.2
tt0417299,Avatar: The Last Airbender,2,tt0762601,4,The Swamp,2006,"Action,Adventure,Animation",25.0,5485,7.5
tt0417299,Avatar: The Last Airbender,2,tt0516772,5,Avatar Day,2006,"Action,Adventure,Animation",24.0,5428,7.3
tt0417299,Avatar: The Last Airbender,2,tt0789294,6,The Blind Bandit,2006,"Action,Adventure,Animation",25.0,6635,9.1
tt0417299,Avatar: The Last Airbender,2,tt0516783,7,Zuko Alone,2006,"Action,Adventure,Animation",25.0,8452,9.5
tt0417299,Avatar: The Last Airbender,2,tt0805799,8,The Chase,2006,"Action,Adventure,Animation",25.0,6024,9.0
tt0417299,Avatar: The Last Airbender,2,tt0789293,9,Bitter Work,2006,"Action,Adventure,Animation",25.0,5438,8.5
tt0417299,Avatar: The Last Airbender,2,tt0829521,10,The Library,2006,"Action,Adventure,Animation",25.0,5715,8.7
tt0417299,Avatar: The Last Airbender,2,tt0829520,11,The Desert,2006,"Action,Adventure,Animation",25.0,5590,8.7
tt0417299,Avatar: The Last Airbender,2,tt0827261,12,The Serpent's Pass,2006,"Action,Adventure,Animation",24.0,5245,8.3
tt0417299,Avatar: The Last Airbender,2,tt0831940,13,The Drill,2006,"Action,Adventure,Animation",24.0,5744,8.9
tt0417299,Avatar: The Last Airbender,2,tt0516773,14,City of Walls and Secrets,2006,"Action,Adventure,Animation",25.0,5439,8.6
tt0417299,Avatar: The Last Airbender,2,tt0775583,15,The Tales of Ba Sing Se,2006,"Action,Adventure,Animation",25.0,8355,9.3
tt0417299,Avatar: The Last Airbender,2,tt0794679,16,Appa's Lost Days,2006,"Action,Adventure,Animation",25.0,6011,8.9
tt0417299,Avatar: The Last Airbender,2,tt0887307,17,Lake Laogai,2006,"Action,Adventure,Animation",25.0,5869,9.1
tt0417299,Avatar: The Last Airbender,2,tt0876938,18,The Earth King,2006,"Action,Adventure,Animation",25.0,5229,8.5
tt0417299,Avatar: The Last Airbender,2,tt0831941,19,The Guru,2006,"Action,Adventure,Animation",25.0,5884,9.0
tt0417299,Avatar: The Last Airbender,2,tt0822878,20,The Crossroads of Destiny,2006,"Action,Adventure,Animation",25.0,7925,9.6
tt0417299,Avatar: The Last Airbender,3,tt0967584,1,The Awakening,2007,"Action,Adventure,Animation",25.0,5691,8.6
tt0417299,Avatar: The Last Airbender,3,tt0966647,2,The Headband,2007,"Action,Adventure,Animation",25.0,5556,8.3
tt0417299,Avatar: The Last Airbender,3,tt0888742,3,The Painted Lady,2007,"Action,Adventure,Animation",23.0,5546,7.8
tt0417299,Avatar: The Last Airbender,3,tt0888741,4,Sokka's Master,2007,"Action,Adventure,Animation",25.0,5937,8.8
tt0417299,Avatar: The Last Airbender,3,tt0888739,5,The Beach,2007,"Action,Adventure,Animation",25.0,6119,8.5
tt0417299,Avatar: The Last Airbender,3,tt1117701,6,The Avatar and the Fire Lord,2007,"Action,Adventure,Animation",25.0,7366,9.5
tt0417299,Avatar: The Last Airbender,3,tt0888740,7,The Runaway,2007,"Action,Adventure,Animation",24.0,5241,8.1
tt0417299,Avatar: The Last Airbender,3,tt0900434,8,The Puppetmaster,2007,"Action,Adventure,Animation",25.0,6513,9.1
tt0417299,Avatar: The Last Airbender,3,tt1127369,9,Nightmares and Daydreams,2007,"Action,Adventure,Animation",30.0,5590,7.6
tt0417299,Avatar: The Last Airbender,3,tt1133641,10,The Day of Black Sun,2007,"Action,Adventure,Animation",22.0,5922,9.1
tt0417299,Avatar: The Last Airbender,3,tt1132642,11,"The Day of Black Sun, Part 2: The Eclipse",2007,"Action,Adventure,Animation",22.0,6492,9.4
tt0417299,Avatar: The Last Airbender,3,tt1136036,12,The Western Air Temple,2007,"Action,Adventure,Animation",25.0,5753,8.9
tt0417299,Avatar: The Last Airbender,3,tt1166830,13,The Firebending Masters,2008,"Action,Adventure,Animation",24,6469,9.2
tt0417299,Avatar: The Last Airbender,3,tt1176477,14,The Boiling Rock: Part 1,2008,"Action,Adventure,Animation",23.0,5480,8.7
tt0417299,Avatar: The Last Airbender,3,tt1194313,15,"The Boiling Rock, Part 2",2008,"Action,Adventure,Animation",22.0,6021,9.2
tt0417299,Avatar: The Last Airbender,3,tt1193652,16,The Southern Raiders,2008,"Action,Adventure,Animation",24.0,5928,8.9
tt0417299,Avatar: The Last Airbender,3,tt1204261,17,The Ember Island Players,2008,"Action,Adventure,Animation",25,6066,8.5
tt0417299,Avatar: The Last Airbender,3,tt1204262,18,"Sozin's Comet, Part 1: The Phoenix King",2008,"Action,Adventure,Animation",22,6599,9.0
tt0417299,Avatar: The Last Airbender,3,tt1204263,19,"Sozin's Comet, Part 2: The Old Masters",2008,"Action,Adventure,Animation",22,7428,9.5
tt0417299,Avatar: The Last Airbender,3,tt1204264,20,"Sozin's Comet, Part 3: Into the Inferno",2008,"Action,Adventure,Animation",22,11309,9.8
tt0417299,Avatar: The Last Airbender,3,tt1204265,21,"Sozin's Comet, Part 4: Avatar Aang",2008,"Action,Adventure,Animation",21,18872,9.9
tt3032476,Better Call Saul,1,tt3464768,1,Uno,2015,"Crime,Drama",53.0,25144,8.4
tt3032476,Better Call Saul,1,tt3857028,2,Mijo,2015,"Crime,Drama",46.0,24090,8.9
tt3032476,Better Call Saul,1,tt3858672,3,Nacho,2015,"Crime,Drama",48.0,20591,8.6
tt3032476,Better Call Saul,1,tt3864892,4,Hero,2015,"Crime,Drama",47,18868,8.3
tt3032476,Better Call Saul,1,tt3876380,5,Alpine Shepherd Boy,2015,"Crime,Drama",45,18398,8.0
tt3032476,Better Call Saul,1,tt3866650,6,Five-O,2015,"Crime,Drama",42,27826,9.4
tt3032476,Better Call Saul,1,tt3884286,7,Bingo,2015,"Crime,Drama",47,17604,8.6
tt3032476,Better Call Saul,1,tt3895284,8,RICO,2015,"Crime,Drama",47,17222,8.6
tt3032476,Better Call Saul,1,tt3895286,9,Pimento,2015,"Crime,Drama",47,22937,9.4
tt3032476,Better Call Saul,1,tt3895288,10,Marco,2015,"Crime,Drama",50,18258,8.6
tt3032476,Better Call Saul,2,tt3824148,1,Switch,2016,"Crime,Drama",46.0,15924,8.2
tt3032476,Better Call Saul,2,tt4462674,2,Cobbler,2016,"Crime,Drama",47.0,14965,8.5
tt3032476,Better Call Saul,2,tt4462676,3,Amarillo,2016,"Crime,Drama",42.0,14416,8.2
tt3032476,Better Call Saul,2,tt4462678,4,Gloves Off,2016,"Crime,Drama",43.0,15610,8.9
tt3032476,Better Call Saul,2,tt4462682,5,Rebecca,2016,"Crime,Drama",45.0,14474,8.0
tt3032476,Better Call Saul,2,tt4462680,6,Bali Ha'i,2016,"Crime,Drama",46.0,14072,8.4
tt3032476,Better Call Saul,2,tt4462684,7,Inflatable,2016,"Crime,Drama",42.0,13892,8.3
tt3032476,Better Call Saul,2,tt4462686,8,Fifi,2016,"Crime,Drama",48.0,13726,8.3
tt3032476,Better Call Saul,2,tt4462688,9,Nailed,2016,"Crime,Drama",49.0,16895,9.3
tt3032476,Better Call Saul,2,tt4462690,10,Klick,2016,"Crime,Drama",48.0,15631,9.0
tt3032476,Better Call Saul,3,tt5554490,1,Mabel,2017,"Crime,Drama",51.0,14731,8.1
tt3032476,Better Call Saul,3,tt5579594,2,Witness,2017,"Crime,Drama",51.0,15617,9.0
tt3032476,Better Call Saul,3,tt5719532,3,Sunk Costs,2017,"Crime,Drama",45.0,13771,8.4
tt3032476,Better Call Saul,3,tt5719534,4,Sabrosito,2017,"Crime,Drama",47.0,14855,8.9
tt3032476,Better Call Saul,3,tt5719536,5,Chicanery,2017,"Crime,Drama",49.0,30914,9.7
tt3032476,Better Call Saul,3,tt5719540,6,Off Brand,2017,"Crime,Drama",47.0,13529,8.4
tt3032476,Better Call Saul,3,tt5719542,7,Expenses,2017,"Crime,Drama",52.0,13265,8.2
tt3032476,Better Call Saul,3,tt5719546,8,Slip,2017,"Crime,Drama",48.0,13216,8.5
tt3032476,Better Call Saul,3,tt5719544,9,Fall,2017,"Crime,Drama",49.0,13765,8.8
tt3032476,Better Call Saul,3,tt5570804,10,Lantern,2017,"Crime,Drama",56.0,16901,9.2
tt3032476,Better Call Saul,4,tt7073996,1,Smoke,2018,"Crime,Drama",49.0,14017,8.2
tt3032476,Better Call Saul,4,tt7073998,2,Breathe,2018,"Crime,Drama",45.0,14125,8.8
tt3032476,Better Call Saul,4,tt7074002,3,Something Beautiful,2018,"Crime,Drama",43.0,13054,8.4
tt3032476,Better Call Saul,4,tt7074006,4,Talk,2018,"Crime,Drama",47.0,12977,8.2
tt3032476,Better Call Saul,4,tt7074010,5,Quite a Ride,2018,"Crime,Drama",52.0,13022,8.5
tt3032476,Better Call Saul,4,tt7074012,6,Piñata,2018,"Crime,Drama",46.0,12893,8.5
tt3032476,Better Call Saul,4,tt7074020,7,Something Stupid,2018,"Crime,Drama",42.0,12886,8.3
tt3032476,Better Call Saul,4,tt7074022,8,Coushatta,2018,"Crime,Drama",52.0,13890,8.8
tt3032476,Better Call Saul,4,tt7074032,9,Wiedersehen,2018,"Crime,Drama",54.0,14373,9.1
tt3032476,Better Call Saul,4,tt7074030,10,Winner,2018,"Crime,Drama",61.0,20967,9.6
tt3032476,Better Call Saul,5,tt8772146,1,Magic Man,2020,"Crime,Drama",54.0,15683,8.7
tt3032476,Better Call Saul,5,tt8772148,2,50% Off,2020,"Crime,Drama",46.0,14955,8.7
tt3032476,Better Call Saul,5,tt8772190,3,The Guy for This,2020,"Crime,Drama",53.0,15796,9.0
tt3032476,Better Call Saul,5,tt8772192,4,Namaste,2020,"Crime,Drama",45.0,14153,8.5
tt3032476,Better Call Saul,5,tt8772194,5,Dedicado a Max,2020,"Crime,Drama",50.0,14352,8.5
tt3032476,Better Call Saul,5,tt8772196,6,Wexler v. Goodman,2020,"Crime,Drama",50.0,17968,9.3
tt3032476,Better Call Saul,5,tt8772216,7,JMM,2020,"Crime,Drama",47.0,16558,9.0
tt3032476,Better Call Saul,5,tt8772218,8,Bagman,2020,"Crime,Drama",54.0,29615,9.7
tt3032476,Better Call Saul,5,tt8772220,9,Bad Choice Road,2020,"Crime,Drama",59.0,28906,9.7
tt3032476,Better Call Saul,5,tt8772224,10,Something Unforgivable,2020,"Crime,Drama",59.0,21387,9.4
tt3032476,Better Call Saul,6,tt11630814,1,Wine and Roses,2022,"Crime,Drama",60,21755,8.7
tt3032476,Better Call Saul,6,tt12187028,2,Carrot and Stick,2022,"Crime,Drama",61.0,22199,9.1
tt3032476,Better Call Saul,6,tt12187032,3,Rock and Hard Place,2022,"Crime,Drama",47.0,36510,9.7
tt3032476,Better Call Saul,6,tt12187036,4,Hit and Run,2022,"Crime,Drama",45.0,19542,8.6
tt3032476,Better Call Saul,6,tt12187034,5,Black and Blue,2022,"Crime,Drama",52.0,18982,8.1
tt3032476,Better Call Saul,6,tt12187038,6,Axe and Grind,2022,"Crime,Drama",44.0,18554,8.2
tt3032476,Better Call Saul,6,tt12187040,7,Plan and Execution,2022,"Crime,Drama",50.0,62409,9.9
tt3032476,Better Call Saul,6,tt12187044,8,Point and Shoot,2022,"Crime,Drama",50.0,42835,9.8
tt3032476,Better Call Saul,6,tt12187042,9,Fun and Games,2022,"Crime,Drama",56.0,28326,9.4
tt3032476,Better Call Saul,6,tt12187048,10,Nippy,2022,"Crime,Drama",52.0,26378,8.5
tt3032476,Better Call Saul,6,tt12188568,11,Breaking Bad,2022,"Crime,Drama",57.0,28551,9.0
tt3032476,Better Call Saul,6,tt12188572,12,Waterworks,2022,"Crime,Drama",58.0,30467,9.4
tt3032476,Better Call Saul,6,tt11630828,13,Saul Gone,2022,"Crime,Drama",69,60824,9.8
tt3920596,Big Little Lies,1,tt4766572,1,Somebody's Dead,2017,"Crime,Drama,Mystery",51.0,6111,8.0
tt3920596,Big Little Lies,1,tt4817386,2,Serious Mothering,2017,"Crime,Drama,Mystery",54.0,5246,8.1
tt3920596,Big Little Lies,1,tt4959736,3,Living the Dream,2017,"Crime,Drama,Mystery",51.0,5044,8.3
tt3920596,Big Little Lies,1,tt4959740,4,Push Comes to Shove,2017,"Crime,Drama,Mystery",52.0,4802,8.1
tt3920596,Big Little Lies,1,tt4959742,5,Once Bitten,2017,"Crime,Drama,Mystery",51.0,5020,8.6
tt3920596,Big Little Lies,1,tt5251466,6,Burning Love,2017,"Crime,Drama,Mystery",51.0,4823,8.5
tt3920596,Big Little Lies,1,tt5251470,7,You Get What You Need,2017,"Crime,Drama,Mystery",58.0,8448,9.4
tt3920596,Big Little Lies,2,tt7725482,1,What Have They Done?,2019,"Crime,Drama,Mystery",45.0,5056,8.0
tt3920596,Big Little Lies,2,tt7725484,2,Tell-Tale Hearts,2019,"Crime,Drama,Mystery",55.0,4711,8.6
tt3920596,Big Little Lies,2,tt7725486,3,The End of the World,2019,"Crime,Drama,Mystery",44.0,3793,8.0
tt3920596,Big Little Lies,2,tt7725488,4,She Knows,2019,"Crime,Drama,Mystery",46.0,3618,8.1
tt3920596,Big Little Lies,2,tt7725492,5,Kill Me,2019,"Crime,Drama,Mystery",45.0,3554,8.0
tt3920596,Big Little Lies,2,tt7874702,6,The Bad Mother,2019,"Crime,Drama,Mystery",49.0,3994,8.7
tt3920596,Big Little Lies,2,tt7874704,7,I Want to Know,2019,"Crime,Drama,Mystery",50.0,4714,8.7
tt2085059,Black Mirror,1,tt2089051,1,The National Anthem,2011,"Crime,Drama,Mystery",44.0,64632,7.6
tt2085059,Black Mirror,1,tt2089049,2,Fifteen Million Merits,2011,"Crime,Drama,Mystery",62.0,64763,8.0
tt2085059,Black Mirror,1,tt2089050,3,The Entire History of You,2011,"Crime,Drama,Mystery",49.0,66864,8.5
tt2085059,Black Mirror,2,tt2290780,1,Be Right Back,2013,"Crime,Drama,Mystery",48.0,54792,8.0
tt2085059,Black Mirror,2,tt2542420,2,White Bear,2013,"Crime,Drama,Mystery",42.0,55647,8.0
tt2085059,Black Mirror,2,tt2386296,3,The Waldo Moment,2013,"Crime,Drama,Mystery",43.0,45776,6.6
tt2085059,Black Mirror,2,tt3973198,4,White Christmas,2014,"Crime,Drama,Mystery",73,70669,9.1
tt2085059,Black Mirror,3,tt5497778,1,Nosedive,2016,"Crime,Drama,Mystery",63.0,66199,8.3
tt2085059,Black Mirror,3,tt5709242,2,Playtest,2016,"Crime,Drama,Mystery",57.0,55161,8.0
tt2085059,Black Mirror,3,tt5709230,3,Shut Up and Dance,2016,"Crime,Drama,Mystery",52.0,58639,8.4
tt2085059,Black Mirror,3,tt4538072,4,San Junipero,2016,"Crime,Drama,Mystery",61.0,68893,8.5
tt2085059,Black Mirror,3,tt5709234,5,Men Against Fire,2016,"Crime,Drama,Mystery",60.0,42785,7.5
tt2085059,Black Mirror,3,tt5709236,6,Hated in the Nation,2016,"Crime,Drama,Mystery",89.0,49484,8.4
tt2085059,Black Mirror,4,tt5710974,1,USS Callister,2017,"Crime,Drama,Mystery",76.0,61614,8.3
tt2085059,Black Mirror,4,tt5709250,2,Arkangel,2017,"Crime,Drama,Mystery",52.0,47631,7.3
tt2085059,Black Mirror,4,tt5710976,3,Crocodile,2017,"Crime,Drama,Mystery",59.0,45036,7.3
tt2085059,Black Mirror,4,tt5710978,4,Hang the DJ,2017,"Crime,Drama,Mystery",51.0,62206,8.7
tt2085059,Black Mirror,4,tt5710984,5,Metalhead,2017,"Crime,Drama,Mystery",41.0,42868,6.6
tt2085059,Black Mirror,4,tt5058700,6,Black Museum,2017,"Crime,Drama,Mystery",69.0,52016,8.6
tt2085059,Black Mirror,5,tt8503298,1,Striking Vipers,2019,"Crime,Drama,Mystery",61.0,47139,6.8
tt2085059,Black Mirror,5,tt8758202,2,Smithereens,2019,"Crime,Drama,Mystery",70.0,42848,7.5
tt2085059,Black Mirror,5,tt9053874,3,"Rachel, Jack and Ashley Too",2019,"Crime,Drama,Mystery",67.0,43089,6.1
tt2085059,Black Mirror,6,tt20247352,1,Joan Is Awful,2023,"Crime,Drama,Mystery",58.0,40012,7.4
tt2085059,Black Mirror,6,tt27731608,2,Loch Henry,2023,"Crime,Drama,Mystery",56.0,34052,7.3
tt2085059,Black Mirror,6,tt27731623,3,Beyond the Sea,2023,"Crime,Drama,Mystery",79.0,34611,7.4
tt2085059,Black Mirror,6,tt27731663,4,Mazey Day,2023,"Crime,Drama,Mystery",43.0,27087,5.3
tt2085059,Black Mirror,6,tt27731671,5,Demon 79,2023,"Crime,Drama,Mystery",74.0,23612,6.7
tt3398228,BoJack Horseman,1,tt3957774,1,"BoJack Horseman: The BoJack Horseman Story, Chapter One",2014,"Animation,Comedy,Drama",25,7391,7.1
tt3398228,BoJack Horseman,1,tt3982374,2,BoJack Hates the Troops,2014,"Animation,Comedy,Drama",25,6621,7.6
tt3398228,BoJack Horseman,1,tt3981116,3,Prickly Muffin,2014,"Animation,Comedy,Drama",25,6020,7.3
tt3398228,BoJack Horseman,1,tt3980964,4,Zoës and Zeldas,2014,"Animation,Comedy,Drama",25,5797,7.4
tt3398228,BoJack Horseman,1,tt3978916,5,"Live Fast, Diane Nguyen",2014,"Animation,Comedy,Drama",25,5564,7.3
tt3398228,BoJack Horseman,1,tt3978918,6,Our A-Story Is a 'D' Story,2014,"Animation,Comedy,Drama",25,5575,7.8
tt3398228,BoJack Horseman,1,tt3981398,7,Say Anything,2014,"Animation,Comedy,Drama",25,5617,7.9
tt3398228,BoJack Horseman,1,tt3978922,8,The Telescope,2014,"Animation,Comedy,Drama",25,6466,8.6
tt3398228,BoJack Horseman,1,tt3978928,9,Horse Majeure,2014,"Animation,Comedy,Drama",25,5269,7.8
tt3398228,BoJack Horseman,1,tt3978930,10,One Trick Pony,2014,"Animation,Comedy,Drama",25,5180,7.6
tt3398228,BoJack Horseman,1,tt3978932,11,Downer Ending,2014,"Animation,Comedy,Drama",25,8389,9.1
tt3398228,BoJack Horseman,1,tt3978934,12,Later,2014,"Animation,Comedy,Drama",26,5682,8.3
tt3398228,BoJack Horseman,2,tt4294938,0,BoJack Horseman Christmas Special: Sabrina's Christmas Wish,2014,"Animation,Comedy,Drama",25.0,3444,7.1
tt3398228,BoJack Horseman,2,tt4311472,1,Brand New Couch,2015,"Animation,Comedy,Drama",26.0,5198,8.0
tt3398228,BoJack Horseman,2,tt4835722,2,Yesterdayland,2015,"Animation,Comedy,Drama",26.0,4886,7.7
tt3398228,BoJack Horseman,2,tt4835724,3,Still Broken,2015,"Animation,Comedy,Drama",25.0,4877,7.9
tt3398228,BoJack Horseman,2,tt4835730,4,After the Party,2015,"Animation,Comedy,Drama",26.0,4892,7.9
tt3398228,BoJack Horseman,2,tt4835728,5,Chickens,2015,"Animation,Comedy,Drama",26.0,5050,7.7
tt3398228,BoJack Horseman,2,tt4835732,6,Higher Love,2015,"Animation,Comedy,Drama",25.0,4594,7.5
tt3398228,BoJack Horseman,2,tt4835738,7,Hank After Dark,2015,"Animation,Comedy,Drama",26.0,4970,8.2
tt3398228,BoJack Horseman,2,tt4835736,8,Let's Find Out,2015,"Animation,Comedy,Drama",25.0,6082,8.8
tt3398228,BoJack Horseman,2,tt4835740,9,The Shot,2015,"Animation,Comedy,Drama",26.0,4865,8.2
tt3398228,BoJack Horseman,2,tt4835746,10,Yes And,2015,"Animation,Comedy,Drama",26.0,5135,8.4
tt3398228,BoJack Horseman,2,tt4835748,11,Escape from L.A.,2015,"Animation,Comedy,Drama",25.0,8784,9.4
tt3398228,BoJack Horseman,2,tt4835752,12,Out to Sea,2015,"Animation,Comedy,Drama",25.0,5146,8.5
tt3398228,BoJack Horseman,3,tt4896050,1,Start Spreading the News,2016,"Animation,Comedy,Drama",25.0,4500,7.8
tt3398228,BoJack Horseman,3,tt5218276,2,The BoJack Horseman Show,2016,"Animation,Comedy,Drama",26.0,4647,8.0
tt3398228,BoJack Horseman,3,tt5218432,3,BoJack Kills,2016,"Animation,Comedy,Drama",26.0,4486,7.4
tt3398228,BoJack Horseman,3,tt5218434,4,Fish Out of Water,2016,"Animation,Comedy,Drama",25.0,12975,9.6
tt3398228,BoJack Horseman,3,tt5218444,5,Love And/Or Marriage,2016,"Animation,Comedy,Drama",26.0,4575,8.1
tt3398228,BoJack Horseman,3,tt5113952,6,Brrap Brrap Pew Pew,2016,"Animation,Comedy,Drama",25.0,4862,8.0
tt3398228,BoJack Horseman,3,tt5218452,7,Stop the Presses,2016,"Animation,Comedy,Drama",26.0,4683,8.3
tt3398228,BoJack Horseman,3,tt5218464,8,Old Acquaintance,2016,"Animation,Comedy,Drama",26.0,4292,7.8
tt3398228,BoJack Horseman,3,tt5218468,9,Best Thing That Ever Happened,2016,"Animation,Comedy,Drama",25.0,4954,8.5
tt3398228,BoJack Horseman,3,tt5218478,10,It's You,2016,"Animation,Comedy,Drama",26.0,5371,8.8
tt3398228,BoJack Horseman,3,tt5218488,11,"That's Too Much, Man!",2016,"Animation,Comedy,Drama",25.0,10558,9.6
tt3398228,BoJack Horseman,3,tt5218494,12,That Went Well,2016,"Animation,Comedy,Drama",26.0,5929,9.0
tt3398228,BoJack Horseman,4,tt5903904,1,See Mr. Peanutbutter Run,2017,"Animation,Comedy,Drama",26.0,4649,7.5
tt3398228,BoJack Horseman,4,tt6542604,2,The Old Sugarman Place,2017,"Animation,Comedy,Drama",25.0,8801,9.4
tt3398228,BoJack Horseman,4,tt6542616,3,Hooray! Todd Episode!,2017,"Animation,Comedy,Drama",26.0,5015,8.4
tt3398228,BoJack Horseman,4,tt6542606,4,Commence Fracking,2017,"Animation,Comedy,Drama",26.0,4324,7.6
tt3398228,BoJack Horseman,4,tt6542602,5,Thoughts and Prayers,2017,"Animation,Comedy,Drama",26.0,4660,8.1
tt3398228,BoJack Horseman,4,tt6542608,6,Stupid Piece of Sh*t,2017,"Animation,Comedy,Drama",26.0,7166,9.2
tt3398228,BoJack Horseman,4,tt6260644,7,Underground,2017,"Animation,Comedy,Drama",26.0,4664,8.1
tt3398228,BoJack Horseman,4,tt6542612,8,The Judge,2017,"Animation,Comedy,Drama",26.0,4205,7.4
tt3398228,BoJack Horseman,4,tt6542622,9,Ruthie,2017,"Animation,Comedy,Drama",26.0,6291,8.9
tt3398228,BoJack Horseman,4,tt6542618,10,lovin that cali lifestyle!!,2017,"Animation,Comedy,Drama",26.0,4594,8.4
tt3398228,BoJack Horseman,4,tt6542628,11,Time's Arrow,2017,"Animation,Comedy,Drama",25.0,15044,9.8
tt3398228,BoJack Horseman,4,tt6542620,12,What Time Is It Right Now,2017,"Animation,Comedy,Drama",26.0,5378,8.9
tt3398228,BoJack Horseman,5,tt7484892,1,The Light Bulb Scene,2018,"Animation,Comedy,Drama",26.0,4485,8.0
tt3398228,BoJack Horseman,5,tt8266810,2,The Dog Days Are Over,2018,"Animation,Comedy,Drama",27.0,6016,9.0
tt3398228,BoJack Horseman,5,tt8266818,3,Planned Obsolescence,2018,"Animation,Comedy,Drama",26.0,4389,8.0
tt3398228,BoJack Horseman,5,tt8266820,4,BoJack the Feminist,2018,"Animation,Comedy,Drama",26.0,4411,8.1
tt3398228,BoJack Horseman,5,tt8266824,5,The Amelia Earhart Story,2018,"Animation,Comedy,Drama",26.0,4705,8.4
tt3398228,BoJack Horseman,5,tt8266826,6,Free Churro,2018,"Animation,Comedy,Drama",26.0,20203,9.8
tt3398228,BoJack Horseman,5,tt8266828,7,INT. SUB,2018,"Animation,Comedy,Drama",26.0,5339,8.8
tt3398228,BoJack Horseman,5,tt8266834,8,Mr. Peanutbutter's Boos,2018,"Animation,Comedy,Drama",26.0,4574,8.5
tt3398228,BoJack Horseman,5,tt8266832,9,Ancient History,2018,"Animation,Comedy,Drama",26.0,4183,8.2
tt3398228,BoJack Horseman,5,tt8266838,10,Head in the Clouds,2018,"Animation,Comedy,Drama",26.0,4979,9.0
tt3398228,BoJack Horseman,5,tt8266836,11,The Showstopper,2018,"Animation,Comedy,Drama",26.0,8136,9.6
tt3398228,BoJack Horseman,5,tt8266840,12,The Stopped Show,2018,"Animation,Comedy,Drama",26.0,5025,9.1
tt3398228,BoJack Horseman,6,tt9207160,1,A Horse Walks into a Rehab,2019,"Animation,Comedy,Drama",25.0,5525,9.1
tt3398228,BoJack Horseman,6,tt11028144,2,The New Client,2019,"Animation,Comedy,Drama",26.0,4594,8.5
tt3398228,BoJack Horseman,6,tt11028148,3,Feel-Good Story,2019,"Animation,Comedy,Drama",26.0,4271,8.0
tt3398228,BoJack Horseman,6,tt11028150,4,Surprise!,2019,"Animation,Comedy,Drama",26.0,5080,9.0
tt3398228,BoJack Horseman,6,tt11028152,5,"A Little Uneven, Is All",2019,"Animation,Comedy,Drama",26.0,3934,8.0
tt3398228,BoJack Horseman,6,tt11028154,6,The Kidney Stays in the Picture,2019,"Animation,Comedy,Drama",26.0,4011,8.1
tt3398228,BoJack Horseman,6,tt11028156,7,The Face of Depression,2019,"Animation,Comedy,Drama",27.0,6211,9.4
tt3398228,BoJack Horseman,6,tt11028158,8,"A Quick One, While He's Away",2019,"Animation,Comedy,Drama",26.0,4317,8.5
tt3398228,BoJack Horseman,6,tt11028162,9,Intermediate Scene Study w/ BoJack Horseman,2020,"Animation,Comedy,Drama",26.0,4137,8.3
tt3398228,BoJack Horseman,6,tt11028166,10,Good Damage,2020,"Animation,Comedy,Drama",26.0,4810,8.9
tt3398228,BoJack Horseman,6,tt11028164,11,Sunk Cost and All That,2020,"Animation,Comedy,Drama",26.0,4154,8.6
tt3398228,BoJack Horseman,6,tt11028172,12,Xerox of a Xerox,2020,"Animation,Comedy,Drama",26.0,5098,9.2
tt3398228,BoJack Horseman,6,tt11028168,13,The Horny Unicorn,2020,"Animation,Comedy,Drama",26.0,4109,8.6
tt3398228,BoJack Horseman,6,tt11028170,14,Angela,2020,"Animation,Comedy,Drama",26.0,4684,9.0
tt3398228,BoJack Horseman,6,tt11028174,15,The View from Halfway Down,2020,"Animation,Comedy,Drama",26.0,24318,9.9
tt3398228,BoJack Horseman,6,tt11028176,16,Nice While It Lasted,2020,"Animation,Comedy,Drama",27.0,9194,9.6
tt0979432,Boardwalk Empire,1,tt1276201,1,Boardwalk Empire,2010,"Crime,Drama",72.0,5212,8.6
tt0979432,Boardwalk Empire,1,tt1501024,2,The Ivory Tower,2010,"Crime,Drama",52.0,3157,7.8
tt0979432,Boardwalk Empire,1,tt1558885,3,Broadway Limited,2010,"Crime,Drama",51.0,2972,8.0
tt0979432,Boardwalk Empire,1,tt1585675,4,Anastasia,2010,"Crime,Drama",54.0,2820,8.1
tt0979432,Boardwalk Empire,1,tt1585674,5,Nights in Ballygran,2010,"Crime,Drama",53.0,2759,8.3
tt0979432,Boardwalk Empire,1,tt1595390,6,Family Limitation,2010,"Crime,Drama",59.0,2622,8.2
tt0979432,Boardwalk Empire,1,tt1649463,7,Home,2010,"Crime,Drama",53.0,2642,8.5
tt0979432,Boardwalk Empire,1,tt1648275,8,Hold Me in Paradise,2010,"Crime,Drama",49.0,2425,8.1
tt0979432,Boardwalk Empire,1,tt1649464,9,Belle Femme,2010,"Crime,Drama",53.0,2470,8.5
tt0979432,Boardwalk Empire,1,tt1648274,10,The Emerald City,2010,"Crime,Drama",59.0,2441,8.5
tt0979432,Boardwalk Empire,1,tt1651528,11,Paris Green,2010,"Crime,Drama",56.0,2364,8.2
tt0979432,Boardwalk Empire,1,tt1651529,12,A Return to Normalcy,2010,"Crime,Drama",60.0,2602,8.7
tt0979432,Boardwalk Empire,2,tt1775555,1,21,2011,"Crime,Drama",53.0,2463,8.2
tt0979432,Boardwalk Empire,2,tt1863537,2,Ourselves Alone,2011,"Crime,Drama",58.0,2297,8.3
tt0979432,Boardwalk Empire,2,tt1927248,3,A Dangerous Maid,2011,"Crime,Drama",56.0,2228,8.2
tt0979432,Boardwalk Empire,2,tt1927249,4,What Does the Bee Do?,2011,"Crime,Drama",57.0,2186,8.1
tt0979432,Boardwalk Empire,2,tt1919431,5,Gimcrack and Bunkum,2011,"Crime,Drama",51.0,2370,8.7
tt0979432,Boardwalk Empire,2,tt1926431,6,The Age of Reason,2011,"Crime,Drama",58.0,2112,8.0
tt0979432,Boardwalk Empire,2,tt1991372,7,Peg of Old,2011,"Crime,Drama",58.0,2155,8.2
tt0979432,Boardwalk Empire,2,tt1989758,8,Two Boats and a Lifeguard,2011,"Crime,Drama",60.0,2166,8.6
tt0979432,Boardwalk Empire,2,tt2046374,9,Battle of the Century,2011,"Crime,Drama",49.0,2084,8.4
tt0979432,Boardwalk Empire,2,tt2046371,10,Georgia Peaches,2011,"Crime,Drama",59.0,2220,8.6
tt0979432,Boardwalk Empire,2,tt2046372,11,Under God's Power She Flourishes,2011,"Crime,Drama",58.0,2568,8.9
tt0979432,Boardwalk Empire,2,tt2046373,12,To the Lost,2011,"Crime,Drama",57.0,3397,9.3
tt0979432,Boardwalk Empire,3,tt2303129,1,Resolution,2012,"Crime,Drama",57.0,2372,8.4
tt0979432,Boardwalk Empire,3,tt2392711,2,Spaghetti and Coffee,2012,"Crime,Drama",58.0,2054,7.9
tt0979432,Boardwalk Empire,3,tt2403479,3,Bone for Tuna,2012,"Crime,Drama",56.0,2042,8.1
tt0979432,Boardwalk Empire,3,tt2394173,4,Blue Bell Boy,2012,"Crime,Drama",57.0,2135,8.6
tt0979432,Boardwalk Empire,3,tt2396861,5,You'd Be Surprised,2012,"Crime,Drama",59.0,2017,8.2
tt0979432,Boardwalk Empire,3,tt2178882,6,Ging Gang Goolie,2012,"Crime,Drama",56.0,1947,7.5
tt0979432,Boardwalk Empire,3,tt2255126,7,Sunday Best,2012,"Crime,Drama",59.0,1978,8.0
tt0979432,Boardwalk Empire,3,tt2261312,8,The Pony,2012,"Crime,Drama",59.0,2115,8.6
tt0979432,Boardwalk Empire,3,tt2261314,9,The Milkmaid's Lot,2012,"Crime,Drama",54.0,2011,8.5
tt0979432,Boardwalk Empire,3,tt2261316,10,"A Man, a Plan...",2012,"Crime,Drama",58.0,2404,9.0
tt0979432,Boardwalk Empire,3,tt2261334,11,Two Impostors,2012,"Crime,Drama",50.0,3349,9.5
tt0979432,Boardwalk Empire,3,tt2261328,12,Margate Sands,2012,"Crime,Drama",60.0,3180,9.4
tt0979432,Boardwalk Empire,4,tt2483070,1,New York Sour,2013,"Crime,Drama",59.0,2184,8.1
tt0979432,Boardwalk Empire,4,tt2778300,2,Resignation,2013,"Crime,Drama",58.0,1953,8.1
tt0979432,Boardwalk Empire,4,tt3114780,3,Acres of Diamonds,2013,"Crime,Drama",56.0,1884,7.8
tt0979432,Boardwalk Empire,4,tt2909650,4,All In,2013,"Crime,Drama",56,1930,8.4
tt0979432,Boardwalk Empire,4,tt3127172,5,Erlkönig,2013,"Crime,Drama",59.0,2214,8.8
tt0979432,Boardwalk Empire,4,tt3220252,6,The North Star,2013,"Crime,Drama",58,1837,7.7
tt0979432,Boardwalk Empire,4,tt3207942,7,William Wilson,2013,"Crime,Drama",56,1809,7.8
tt0979432,Boardwalk Empire,4,tt3220256,8,The Old Ship of Zion,2013,"Crime,Drama",57,1933,8.6
tt0979432,Boardwalk Empire,4,tt3220258,9,Marriage and Hunting,2013,"Crime,Drama",56,1891,8.5
tt0979432,Boardwalk Empire,4,tt3181252,10,White Horse Pike,2013,"Crime,Drama",53,2038,8.8
tt0979432,Boardwalk Empire,4,tt3220260,11,Havre de Grace,2013,"Crime,Drama",57,1865,8.3
tt0979432,Boardwalk Empire,4,tt3220262,12,Farewell Daddy Blues,2013,"Crime,Drama",57,3171,9.3
tt0979432,Boardwalk Empire,5,tt3216480,1,Golden Days for Boys and Girls,2014,"Crime,Drama",58,2147,8.2
tt0979432,Boardwalk Empire,5,tt3767076,2,The Good Listener,2014,"Crime,Drama",55.0,1862,8.1
tt0979432,Boardwalk Empire,5,tt3767078,3,What Jesus Said,2014,"Crime,Drama",53.0,1812,7.8
tt0979432,Boardwalk Empire,5,tt3767080,4,Cuanto,2014,"Crime,Drama",58.0,1922,8.5
tt0979432,Boardwalk Empire,5,tt3767082,5,King of Norway,2014,"Crime,Drama",53.0,1842,8.3
tt0979432,Boardwalk Empire,5,tt3767084,6,Devil You Know,2014,"Crime,Drama",58.0,2348,8.9
tt0979432,Boardwalk Empire,5,tt3767086,7,Friendless Child,2014,"Crime,Drama",56.0,2415,9.1
tt0979432,Boardwalk Empire,5,tt3780794,8,Eldorado,2014,"Crime,Drama",60.0,3527,9.2
tt0903747,Breaking Bad,1,tt0959621,1,Pilot,2008,"Crime,Drama,Thriller",58.0,49383,9.0
tt0903747,Breaking Bad,1,tt1054724,2,Cat's in the Bag...,2008,"Crime,Drama,Thriller",48.0,35840,8.6
tt0903747,Breaking Bad,1,tt1054725,3,...And the Bag's in the River,2008,"Crime,Drama,Thriller",48.0,34607,8.7
tt0903747,Breaking Bad,1,tt1054726,4,Cancer Man,2008,"Crime,Drama,Thriller",48.0,33289,8.2
tt0903747,Breaking Bad,1,tt1054727,5,Gray Matter,2008,"Crime,Drama,Thriller",48.0,32707,8.3
tt0903747,Breaking Bad,1,tt1054728,6,Crazy Handful of Nothin',2008,"Crime,Drama,Thriller",48.0,38677,9.3
tt0903747,Breaking Bad,1,tt1054729,7,A No-Rough-Stuff-Type Deal,2008,"Crime,Drama,Thriller",48.0,33448,8.8
tt0903747,Breaking Bad,2,tt1232244,1,Seven Thirty-Seven,2009,"Crime,Drama,Thriller",47.0,30310,8.6
tt0903747,Breaking Bad,2,tt1232249,2,Grilled,2009,"Crime,Drama,Thriller",48.0,34826,9.3
tt0903747,Breaking Bad,2,tt1232250,3,Bit by a Dead Bee,2009,"Crime,Drama,Thriller",47.0,29097,8.3
tt0903747,Breaking Bad,2,tt1232251,4,Down,2009,"Crime,Drama,Thriller",47.0,29173,8.2
tt0903747,Breaking Bad,2,tt1232252,5,Breakage,2009,"Crime,Drama,Thriller",47.0,28426,8.2
tt0903747,Breaking Bad,2,tt1232253,6,Peekaboo,2009,"Crime,Drama,Thriller",47.0,31187,8.8
tt0903747,Breaking Bad,2,tt1232254,7,Negro y Azul,2009,"Crime,Drama,Thriller",47.0,28635,8.6
tt0903747,Breaking Bad,2,tt1232255,8,Better Call Saul,2009,"Crime,Drama,Thriller",47.0,34179,9.2
tt0903747,Breaking Bad,2,tt1232256,9,4 Days Out,2009,"Crime,Drama,Thriller",47.0,32520,9.1
tt0903747,Breaking Bad,2,tt1232245,10,Over,2009,"Crime,Drama,Thriller",47.0,27906,8.4
tt0903747,Breaking Bad,2,tt1232246,11,Mandala,2009,"Crime,Drama,Thriller",47.0,28881,8.9
tt0903747,Breaking Bad,2,tt1232247,12,Phoenix,2009,"Crime,Drama,Thriller",47.0,32527,9.3
tt0903747,Breaking Bad,2,tt1232248,13,ABQ,2009,"Crime,Drama,Thriller",48.0,31818,9.2
tt0903747,Breaking Bad,3,tt1528116,1,No Más,2010,"Crime,Drama,Thriller",47.0,27536,8.5
tt0903747,Breaking Bad,3,tt1615186,2,Caballo sin Nombre,2010,"Crime,Drama,Thriller",47.0,26946,8.6
tt0903747,Breaking Bad,3,tt1615187,3,I.F.T.,2010,"Crime,Drama,Thriller",47.0,26689,8.4
tt0903747,Breaking Bad,3,tt1615554,4,Green Light,2010,"Crime,Drama,Thriller",47.0,26816,8.2
tt0903747,Breaking Bad,3,tt1615555,5,Más,2010,"Crime,Drama,Thriller",47.0,26141,8.5
tt0903747,Breaking Bad,3,tt1615556,6,Sunset,2010,"Crime,Drama,Thriller",47.0,30585,9.3
tt0903747,Breaking Bad,3,tt1615944,7,One Minute,2010,"Crime,Drama,Thriller",47.0,37361,9.6
tt0903747,Breaking Bad,3,tt1615557,8,I See You,2010,"Crime,Drama,Thriller",47.0,26879,8.7
tt0903747,Breaking Bad,3,tt1615558,9,Kafkaesque,2010,"Crime,Drama,Thriller",47.0,26457,8.4
tt0903747,Breaking Bad,3,tt1615550,10,Fly,2010,"Crime,Drama,Thriller",47.0,49932,7.9
tt0903747,Breaking Bad,3,tt1615551,11,Abiquiu,2010,"Crime,Drama,Thriller",47.0,26344,8.4
tt0903747,Breaking Bad,3,tt1615552,12,Half Measures,2010,"Crime,Drama,Thriller",47.0,36580,9.5
tt0903747,Breaking Bad,3,tt1615553,13,Full Measure,2010,"Crime,Drama,Thriller",47.0,41583,9.7
tt0903747,Breaking Bad,4,tt1683084,1,Box Cutter,2011,"Crime,Drama,Thriller",47.0,32623,9.2
tt0903747,Breaking Bad,4,tt1683089,2,Thirty-Eight Snub,2011,"Crime,Drama,Thriller",46.0,26995,8.2
tt0903747,Breaking Bad,4,tt1683090,3,Open House,2011,"Crime,Drama,Thriller",46.0,27469,8.0
tt0903747,Breaking Bad,4,tt1683091,4,Bullet Points,2011,"Crime,Drama,Thriller",45.0,26092,8.5
tt0903747,Breaking Bad,4,tt1683092,5,Shotgun,2011,"Crime,Drama,Thriller",47.0,26135,8.6
tt0903747,Breaking Bad,4,tt1683093,6,Cornered,2011,"Crime,Drama,Thriller",47.0,26363,8.4
tt0903747,Breaking Bad,4,tt1683094,7,Problem Dog,2011,"Crime,Drama,Thriller",47.0,27315,8.8
tt0903747,Breaking Bad,4,tt1683095,8,Hermanos,2011,"Crime,Drama,Thriller",47.0,30905,9.3
tt0903747,Breaking Bad,4,tt1683096,9,Bug,2011,"Crime,Drama,Thriller",47.0,27866,8.9
tt0903747,Breaking Bad,4,tt1683085,10,Salud,2011,"Crime,Drama,Thriller",47.0,38762,9.6
tt0903747,Breaking Bad,4,tt1683086,11,Crawl Space,2011,"Crime,Drama,Thriller",47.0,45858,9.7
tt0903747,Breaking Bad,4,tt1683087,12,End Times,2011,"Crime,Drama,Thriller",46.0,34969,9.5
tt0903747,Breaking Bad,4,tt1683088,13,Face Off,2011,"Crime,Drama,Thriller",50.0,82528,9.9
tt0903747,Breaking Bad,5,tt2081647,1,Live Free or Die,2012,"Crime,Drama,Thriller",43.0,36028,9.2
tt0903747,Breaking Bad,5,tt2301457,2,Madrigal,2012,"Crime,Drama,Thriller",47.0,31514,8.8
tt0903747,Breaking Bad,5,tt2301459,3,Hazard Pay,2012,"Crime,Drama,Thriller",47.0,30900,8.8
tt0903747,Breaking Bad,5,tt2301461,4,Fifty-One,2012,"Crime,Drama,Thriller",47.0,31115,8.8
tt0903747,Breaking Bad,5,tt2301463,5,Dead Freight,2012,"Crime,Drama,Thriller",48.0,45237,9.7
tt0903747,Breaking Bad,5,tt2301465,6,Buyout,2012,"Crime,Drama,Thriller",47.0,31793,9.0
tt0903747,Breaking Bad,5,tt2301467,7,Say My Name,2012,"Crime,Drama,Thriller",47.0,41802,9.6
tt0903747,Breaking Bad,5,tt2301469,8,Gliding Over All,2012,"Crime,Drama,Thriller",47.0,39949,9.6
tt0903747,Breaking Bad,5,tt2301471,9,Blood Money,2013,"Crime,Drama,Thriller",47.0,38145,9.4
tt0903747,Breaking Bad,5,tt2301443,10,Buried,2013,"Crime,Drama,Thriller",47.0,34216,9.2
tt0903747,Breaking Bad,5,tt2301445,11,Confessions,2013,"Crime,Drama,Thriller",47.0,41312,9.6
tt0903747,Breaking Bad,5,tt2301447,12,Rabid Dog,2013,"Crime,Drama,Thriller",47.0,35696,9.1
tt0903747,Breaking Bad,5,tt2301449,13,To'hajiilee,2013,"Crime,Drama,Thriller",46.0,61061,9.8
tt0903747,Breaking Bad,5,tt2301451,14,Ozymandias,2013,"Crime,Drama,Thriller",47.0,238497,10.0
tt0903747,Breaking Bad,5,tt2301453,15,Granite State,2013,"Crime,Drama,Thriller",53.0,59640,9.7
tt0903747,Breaking Bad,5,tt2301455,16,Felina,2013,"Crime,Drama,Thriller",55.0,152710,9.9
tt8740790,Bridgerton,1,tt10098834,1,Diamond of the First Water,2020,"Drama,Romance",58.0,4355,7.3
tt8740790,Bridgerton,1,tt10515712,2,Shock and Delight,2020,"Drama,Romance",61.0,3723,7.6
tt8740790,Bridgerton,1,tt10515716,3,Art of the Swoon,2020,"Drama,Romance",57.0,3546,7.7
tt8740790,Bridgerton,1,tt10515714,4,An Affair of Honor,2020,"Drama,Romance",61.0,3531,7.9
tt8740790,Bridgerton,1,tt10515718,5,The Duke and I,2020,"Drama,Romance",61.0,3713,8.0
tt8740790,Bridgerton,1,tt10515722,6,Swish,2020,"Drama,Romance",57.0,3374,7.6
tt8740790,Bridgerton,1,tt10515724,7,Oceans Apart,2020,"Drama,Romance",60.0,3259,7.7
tt8740790,Bridgerton,1,tt10515726,8,After the Rain,2020,"Drama,Romance",72.0,3559,8.0
tt8740790,Bridgerton,2,tt13887724,1,Capital R Rake,2022,"Drama,Romance",71.0,3292,7.6
tt8740790,Bridgerton,2,tt14312236,2,Off to the Races,2022,"Drama,Romance",54.0,2964,7.6
tt8740790,Bridgerton,2,tt15202736,3,A Bee in Your Bonnet,2022,"Drama,Romance",69.0,3249,8.2
tt8740790,Bridgerton,2,tt15202820,4,Victory,2022,"Drama,Romance",59.0,3030,8.1
tt8740790,Bridgerton,2,tt15077892,5,An Unthinkable Fate,2022,"Drama,Romance",59.0,3005,8.1
tt8740790,Bridgerton,2,tt15077896,6,The Choice,2022,"Drama,Romance",69.0,2957,7.9
tt8740790,Bridgerton,2,tt18928124,7,Harmony,2022,"Drama,Romance",59.0,3039,8.2
tt8740790,Bridgerton,2,tt18928144,8,The Viscount Who Loved Me,2022,"Drama,Romance",72.0,3612,8.4
tt8740790,Bridgerton,3,tt14446304,1,Out of the Shadows,2024,"Drama,Romance",58.0,3918,7.8
tt8740790,Bridgerton,3,tt27513166,2,How Bright the Moon,2024,"Drama,Romance",52,3550,8.0
tt8740790,Bridgerton,3,tt27513153,3,Forces of Nature,2024,"Drama,Romance",54,3530,7.9
tt8740790,Bridgerton,3,tt28106145,4,Old Friends,2024,"Drama,Romance",54.0,4197,8.6
tt8740790,Bridgerton,3,tt28106187,5,Tick Tock,2024,"Drama,Romance",58.0,3098,8.2
tt8740790,Bridgerton,3,tt28106189,6,Romancing Mister Bridgerton,2024,"Drama,Romance",67.0,2901,7.8
tt8740790,Bridgerton,3,tt27385834,7,Joining of Hands,2024,"Drama,Romance",61,2941,7.6
tt8740790,Bridgerton,3,tt27385836,8,Into the Light,2024,"Drama,Romance",71,3454,7.7
tt2467372,Brooklyn Nine-Nine,1,tt2936284,1,Pilot,2013,"Comedy,Crime",23.0,6387,7.7
tt2467372,Brooklyn Nine-Nine,1,tt3179592,2,The Tagger,2013,"Comedy,Crime",21,5242,7.5
tt2467372,Brooklyn Nine-Nine,1,tt3211762,3,The Slump,2013,"Comedy,Crime",21,4912,7.5
tt2467372,Brooklyn Nine-Nine,1,tt3220646,4,M.E. Time,2013,"Comedy,Crime",21,4741,7.6
tt2467372,Brooklyn Nine-Nine,1,tt3113610,5,The Vulture,2013,"Comedy,Crime",22.0,4606,7.9
tt2467372,Brooklyn Nine-Nine,1,tt3176582,6,Halloween,2013,"Comedy,Crime",21,5180,8.4
tt2467372,Brooklyn Nine-Nine,1,tt3184374,7,48 Hours,2013,"Comedy,Crime",21,4521,8.0
tt2467372,Brooklyn Nine-Nine,1,tt3215234,8,Old School,2013,"Comedy,Crime",21,4341,7.6
tt2467372,Brooklyn Nine-Nine,1,tt3317628,9,Sal's Pizza,2013,"Comedy,Crime",21.0,4241,7.5
tt2467372,Brooklyn Nine-Nine,1,tt3267804,10,Thanksgiving,2013,"Comedy,Crime",21,4354,8.1
tt2467372,Brooklyn Nine-Nine,1,tt3277264,11,Christmas,2013,"Comedy,Crime",21,4168,8.1
tt2467372,Brooklyn Nine-Nine,1,tt3424950,12,Pontiac Bandit,2014,"Comedy,Crime",21,4224,8.0
tt2467372,Brooklyn Nine-Nine,1,tt3383490,13,The Bet,2014,"Comedy,Crime",21.0,4743,8.7
tt2467372,Brooklyn Nine-Nine,1,tt3454684,14,The Ebony Falcon,2014,"Comedy,Crime",22,3937,7.5
tt2467372,Brooklyn Nine-Nine,1,tt3468330,15,Operation: Broken Feather,2014,"Comedy,Crime",22.0,4111,8.0
tt2467372,Brooklyn Nine-Nine,1,tt3485608,16,The Party,2014,"Comedy,Crime",22.0,4324,8.4
tt2467372,Brooklyn Nine-Nine,1,tt3502604,17,Full Boyle,2014,"Comedy,Crime",22.0,3903,7.8
tt2467372,Brooklyn Nine-Nine,1,tt3531352,18,The Apartment,2014,"Comedy,Crime",22,3796,7.5
tt2467372,Brooklyn Nine-Nine,1,tt3546816,19,Tactical Village,2014,"Comedy,Crime",22,4040,8.3
tt2467372,Brooklyn Nine-Nine,1,tt3565566,20,Fancy Brudgom,2014,"Comedy,Crime",22,3775,7.5
tt2467372,Brooklyn Nine-Nine,1,tt3585294,21,Unsolvable,2014,"Comedy,Crime",22.0,3840,8.0
tt2467372,Brooklyn Nine-Nine,1,tt3594572,22,Charges and Specs,2014,"Comedy,Crime",21.0,4553,8.8
tt2467372,Brooklyn Nine-Nine,2,tt3587386,1,Undercover,2014,"Comedy,Crime",22.0,3937,8.1
tt2467372,Brooklyn Nine-Nine,2,tt3887822,2,Chocolate Milk,2014,"Comedy,Crime",21,3707,7.6
tt2467372,Brooklyn Nine-Nine,2,tt3975718,3,The Jimmy Jab Games,2014,"Comedy,Crime",21,3879,8.1
tt2467372,Brooklyn Nine-Nine,2,tt3920290,4,Halloween II,2014,"Comedy,Crime",21,4335,8.7
tt2467372,Brooklyn Nine-Nine,2,tt3955954,5,The Mole,2014,"Comedy,Crime",21,3711,8.1
tt2467372,Brooklyn Nine-Nine,2,tt4059886,6,Jake and Sophia,2014,"Comedy,Crime",22.0,3708,8.1
tt2467372,Brooklyn Nine-Nine,2,tt4135098,7,Lockdown,2014,"Comedy,Crime",22.0,3561,7.7
tt2467372,Brooklyn Nine-Nine,2,tt4161002,8,USPIS,2014,"Comedy,Crime",22.0,3551,7.7
tt2467372,Brooklyn Nine-Nine,2,tt4178204,9,The Road Trip,2014,"Comedy,Crime",22.0,3675,8.1
tt2467372,Brooklyn Nine-Nine,2,tt4195086,10,The Pontiac Bandit Returns,2014,"Comedy,Crime",22.0,3633,8.2
tt2467372,Brooklyn Nine-Nine,2,tt4241288,11,Stakeout,2014,"Comedy,Crime",22.0,3492,7.7
tt2467372,Brooklyn Nine-Nine,2,tt4270386,12,Beach House,2015,"Comedy,Crime",22.0,3679,8.2
tt2467372,Brooklyn Nine-Nine,2,tt4303088,13,Payback,2015,"Comedy,Crime",22.0,3443,7.8
tt2467372,Brooklyn Nine-Nine,2,tt4321708,14,Defense Rests,2015,"Comedy,Crime",21.0,3397,7.6
tt2467372,Brooklyn Nine-Nine,2,tt4362492,15,Windbreaker City,2015,"Comedy,Crime",22.0,3485,8.1
tt2467372,Brooklyn Nine-Nine,2,tt4277880,16,The Wednesday Incident,2015,"Comedy,Crime",22.0,3414,7.9
tt2467372,Brooklyn Nine-Nine,2,tt4375136,17,Boyle-Linetti Wedding,2015,"Comedy,Crime",22.0,3501,8.1
tt2467372,Brooklyn Nine-Nine,2,tt4454544,18,Captain Peralta,2015,"Comedy,Crime",22.0,3378,7.7
tt2467372,Brooklyn Nine-Nine,2,tt4423346,19,Sabotage,2015,"Comedy,Crime",21.0,3342,7.8
tt2467372,Brooklyn Nine-Nine,2,tt4526676,20,AC/DC,2015,"Comedy,Crime",22.0,3300,7.6
tt2467372,Brooklyn Nine-Nine,2,tt4526686,21,Det. Dave Majors,2015,"Comedy,Crime",22.0,3352,7.9
tt2467372,Brooklyn Nine-Nine,2,tt4526688,22,The Chopper,2015,"Comedy,Crime",22.0,3499,8.5
tt2467372,Brooklyn Nine-Nine,2,tt4584946,23,Johnny and Dora,2015,"Comedy,Crime",22.0,4566,9.0
tt2467372,Brooklyn Nine-Nine,3,tt4371294,1,New Captain,2015,"Comedy,Crime",22.0,3706,8.2
tt2467372,Brooklyn Nine-Nine,3,tt4371296,2,The Funeral,2015,"Comedy,Crime",22.0,3360,7.6
tt2467372,Brooklyn Nine-Nine,3,tt4371298,3,Boyle's Hunch,2015,"Comedy,Crime",22.0,3283,7.7
tt2467372,Brooklyn Nine-Nine,3,tt4371300,4,The Oolong Slayer,2015,"Comedy,Crime",21.0,3523,8.4
tt2467372,Brooklyn Nine-Nine,3,tt4371304,5,Halloween III,2015,"Comedy,Crime",22.0,4192,8.9
tt2467372,Brooklyn Nine-Nine,3,tt4371306,6,Into the Woods,2015,"Comedy,Crime",22.0,3252,7.6
tt2467372,Brooklyn Nine-Nine,3,tt4371310,7,The Mattress,2015,"Comedy,Crime",21.0,3246,7.6
tt2467372,Brooklyn Nine-Nine,3,tt4371320,8,Ava,2015,"Comedy,Crime",21.0,3307,8.1
tt2467372,Brooklyn Nine-Nine,3,tt4371312,9,The Swedes,2015,"Comedy,Crime",21.0,3345,7.7
tt2467372,Brooklyn Nine-Nine,3,tt4371314,10,Yippie Kayak,2015,"Comedy,Crime",21.0,3762,8.7
tt2467372,Brooklyn Nine-Nine,3,tt4371322,11,Hostage Situation,2016,"Comedy,Crime",21.0,3193,7.6
tt2467372,Brooklyn Nine-Nine,3,tt4371324,12,9 Days,2016,"Comedy,Crime",22.0,3410,7.9
tt2467372,Brooklyn Nine-Nine,3,tt4371326,13,The Cruise,2016,"Comedy,Crime",21.0,3278,8.0
tt2467372,Brooklyn Nine-Nine,3,tt4371328,14,Karen Peralta,2016,"Comedy,Crime",21.0,3094,7.5
tt2467372,Brooklyn Nine-Nine,3,tt4371330,15,The 9-8,2016,"Comedy,Crime",22.0,3134,7.9
tt2467372,Brooklyn Nine-Nine,3,tt4371332,16,House Mouses,2016,"Comedy,Crime",22.0,3031,7.7
tt2467372,Brooklyn Nine-Nine,3,tt4371336,17,Adrian Pimento,2016,"Comedy,Crime",21.0,3130,7.7
tt2467372,Brooklyn Nine-Nine,3,tt4371334,18,Cheddar,2016,"Comedy,Crime",21.0,3124,7.7
tt2467372,Brooklyn Nine-Nine,3,tt4371338,19,Terry Kitties,2016,"Comedy,Crime",22.0,2984,7.6
tt2467372,Brooklyn Nine-Nine,3,tt4371342,20,Paranoia,2016,"Comedy,Crime",21.0,3057,8.1
tt2467372,Brooklyn Nine-Nine,3,tt4371346,21,Maximum Security,2016,"Comedy,Crime",22.0,3057,8.0
tt2467372,Brooklyn Nine-Nine,3,tt4371344,22,Bureau,2016,"Comedy,Crime",22.0,3282,8.6
tt2467372,Brooklyn Nine-Nine,3,tt5586042,23,Greg and Larry,2016,"Comedy,Crime",22.0,3779,8.9
tt2467372,Brooklyn Nine-Nine,4,tt5604132,1,"Coral Palms, Part 1",2016,"Comedy,Crime",22.0,3429,8.1
tt2467372,Brooklyn Nine-Nine,4,tt6013782,2,"Coral Palms, Part 2",2016,"Comedy,Crime",22.0,3271,8.1
tt2467372,Brooklyn Nine-Nine,4,tt6068160,3,"Coral Palms, Part 3",2016,"Comedy,Crime",21.0,3289,8.3
tt2467372,Brooklyn Nine-Nine,4,tt6043838,4,The Night Shift,2016,"Comedy,Crime",22.0,3141,7.5
tt2467372,Brooklyn Nine-Nine,4,tt6108218,5,Halloween IV,2016,"Comedy,Crime",21.0,3723,8.7
tt2467372,Brooklyn Nine-Nine,4,tt6202730,6,Monster in the Closet,2016,"Comedy,Crime",21.0,3019,7.8
tt2467372,Brooklyn Nine-Nine,4,tt6213872,7,Mr. Santiago,2016,"Comedy,Crime",22.0,3197,8.1
tt2467372,Brooklyn Nine-Nine,4,tt6026160,8,Skyfire Cycle,2016,"Comedy,Crime",22.0,3018,7.6
tt2467372,Brooklyn Nine-Nine,4,tt6249330,9,The Overmining,2016,"Comedy,Crime",22.0,2987,7.9
tt2467372,Brooklyn Nine-Nine,4,tt6249350,10,Captain Latvia,2016,"Comedy,Crime",21.0,2991,7.5
tt2467372,Brooklyn Nine-Nine,4,tt6214956,11,"The Fugitive, Part 1",2017,"Comedy,Crime",60.0,3159,8.3
tt2467372,Brooklyn Nine-Nine,4,tt6875466,12,"The Fugitive, Part 2",2017,"Comedy,Crime",60.0,2904,8.4
tt2467372,Brooklyn Nine-Nine,4,tt6212338,13,The Audit,2017,"Comedy,Crime",22.0,2895,7.6
tt2467372,Brooklyn Nine-Nine,4,tt6332596,14,Serve & Protect,2017,"Comedy,Crime",22.0,2901,7.7
tt2467372,Brooklyn Nine-Nine,4,tt6463252,15,The Last Ride,2017,"Comedy,Crime",22.0,3004,8.2
tt2467372,Brooklyn Nine-Nine,4,tt6693346,16,Moo Moo,2017,"Comedy,Crime",21.0,5483,8.8
tt2467372,Brooklyn Nine-Nine,4,tt6435196,17,Cop-Con,2017,"Comedy,Crime",21.0,2953,8.2
tt2467372,Brooklyn Nine-Nine,4,tt6693362,18,Chasing Amy,2017,"Comedy,Crime",21.0,2881,7.9
tt2467372,Brooklyn Nine-Nine,4,tt6693372,19,Your Honor,2017,"Comedy,Crime",21.0,2812,7.8
tt2467372,Brooklyn Nine-Nine,4,tt6693378,20,The Slaughterhouse,2017,"Comedy,Crime",21.0,2822,7.9
tt2467372,Brooklyn Nine-Nine,4,tt6693388,21,The Bank Job,2017,"Comedy,Crime",21.0,2997,8.4
tt2467372,Brooklyn Nine-Nine,4,tt6693394,22,Crime & Punishment,2017,"Comedy,Crime",21.0,3160,8.5
tt2467372,Brooklyn Nine-Nine,5,tt6882958,1,The Big House Pt. 1,2017,"Comedy,Crime",21.0,3400,8.4
tt2467372,Brooklyn Nine-Nine,5,tt7207820,2,The Big House Pt. 2,2017,"Comedy,Crime",22.0,3201,8.3
tt2467372,Brooklyn Nine-Nine,5,tt7233024,3,Kicks,2017,"Comedy,Crime",22.0,2937,7.8
tt2467372,Brooklyn Nine-Nine,5,tt7233026,4,HalloVeen,2017,"Comedy,Crime",21.0,6114,9.4
tt2467372,Brooklyn Nine-Nine,5,tt7354124,5,Bad Beat,2017,"Comedy,Crime",21.0,2893,7.8
tt2467372,Brooklyn Nine-Nine,5,tt7354130,6,The Venue,2017,"Comedy,Crime",21.0,2896,7.6
tt2467372,Brooklyn Nine-Nine,5,tt7604970,7,Two Turkeys,2017,"Comedy,Crime",21.0,2973,8.0
tt2467372,Brooklyn Nine-Nine,5,tt7407100,8,Return to Skyfire,2017,"Comedy,Crime",21.0,2874,7.4
tt2467372,Brooklyn Nine-Nine,5,tt7469976,9,99,2017,"Comedy,Crime",21.0,3617,8.7
tt2467372,Brooklyn Nine-Nine,5,tt7577024,10,Game Night,2017,"Comedy,Crime",21.0,3668,8.4
tt2467372,Brooklyn Nine-Nine,5,tt7664804,11,The Favor,2017,"Comedy,Crime",21.0,2842,7.9
tt2467372,Brooklyn Nine-Nine,5,tt7742658,12,Safe House,2018,"Comedy,Crime",21.0,3326,8.6
tt2467372,Brooklyn Nine-Nine,5,tt7667104,13,The Negotiation,2018,"Comedy,Crime",21.0,3099,8.2
tt2467372,Brooklyn Nine-Nine,5,tt8089526,14,The Box,2018,"Comedy,Crime",21.0,9030,9.5
tt2467372,Brooklyn Nine-Nine,5,tt7802280,15,The Puzzle Master,2018,"Comedy,Crime",21.0,2845,7.6
tt2467372,Brooklyn Nine-Nine,5,tt7820722,16,NutriBoom,2018,"Comedy,Crime",21.0,2833,7.7
tt2467372,Brooklyn Nine-Nine,5,tt8089530,17,DFW,2018,"Comedy,Crime",21.0,3031,7.7
tt2467372,Brooklyn Nine-Nine,5,tt7927932,18,Gray Star Mutual,2018,"Comedy,Crime",21.0,2794,7.8
tt2467372,Brooklyn Nine-Nine,5,tt7953904,19,Bachelor/ette Party,2018,"Comedy,Crime",21.0,2932,8.3
tt2467372,Brooklyn Nine-Nine,5,tt8037630,20,Show Me Going,2018,"Comedy,Crime",21.0,3139,8.2
tt2467372,Brooklyn Nine-Nine,5,tt8090934,21,White Whale,2018,"Comedy,Crime",21.0,2726,7.8
tt2467372,Brooklyn Nine-Nine,5,tt8090936,22,Jake & Amy,2018,"Comedy,Crime",21.0,4331,9.1
tt2467372,Brooklyn Nine-Nine,6,tt8405928,1,Honeymoon,2019,"Comedy,Crime",21.0,3720,8.2
tt2467372,Brooklyn Nine-Nine,6,tt8408770,2,Hitchcock & Scully,2019,"Comedy,Crime",21.0,4058,8.7
tt2467372,Brooklyn Nine-Nine,6,tt8408772,3,The Tattler,2019,"Comedy,Crime",22.0,3053,7.5
tt2467372,Brooklyn Nine-Nine,6,tt8408776,4,Four Movements,2019,"Comedy,Crime",21.0,3286,7.3
tt2467372,Brooklyn Nine-Nine,6,tt8408778,5,A Tale of Two Bandits,2019,"Comedy,Crime",21.0,3152,8.0
tt2467372,Brooklyn Nine-Nine,6,tt8408780,6,The Crime Scene,2019,"Comedy,Crime",21.0,3406,8.4
tt2467372,Brooklyn Nine-Nine,6,tt8408782,7,The Honeypot,2019,"Comedy,Crime",21.0,3169,8.3
tt2467372,Brooklyn Nine-Nine,6,tt8408788,8,"He Said, She Said",2019,"Comedy,Crime",21.0,5011,7.1
tt2467372,Brooklyn Nine-Nine,6,tt8408786,9,The Golden Child,2019,"Comedy,Crime",21.0,3035,8.0
tt2467372,Brooklyn Nine-Nine,6,tt8408784,10,Gintars,2019,"Comedy,Crime",21.0,2816,7.3
tt2467372,Brooklyn Nine-Nine,6,tt8408790,11,The Therapist,2019,"Comedy,Crime",21.0,2893,7.9
tt2467372,Brooklyn Nine-Nine,6,tt8408792,12,Casecation,2019,"Comedy,Crime",21.0,3156,7.5
tt2467372,Brooklyn Nine-Nine,6,tt8408796,13,The Bimbo,2019,"Comedy,Crime",21.0,2745,7.8
tt2467372,Brooklyn Nine-Nine,6,tt9093030,14,Ticking Clocks,2019,"Comedy,Crime",20.0,3061,8.2
tt2467372,Brooklyn Nine-Nine,6,tt9093026,15,Return of the King,2019,"Comedy,Crime",21.0,3362,6.3
tt2467372,Brooklyn Nine-Nine,6,tt9093032,16,Cinco de Mayo,2019,"Comedy,Crime",21.0,3965,9.0
tt2467372,Brooklyn Nine-Nine,6,tt9093036,17,Sicko,2019,"Comedy,Crime",21.0,2784,8.3
tt2467372,Brooklyn Nine-Nine,6,tt9093042,18,Suicide Squad,2019,"Comedy,Crime",21.0,3566,8.9
tt2467372,Brooklyn Nine-Nine,7,tt9856410,1,Manhunter,2020,"Comedy,Crime",21,3071,7.9
tt2467372,Brooklyn Nine-Nine,7,tt10322282,2,Captain Kim,2020,"Comedy,Crime",21.0,2945,8.1
tt2467372,Brooklyn Nine-Nine,7,tt10322284,3,Pimemento,2020,"Comedy,Crime",21.0,3220,8.4
tt2467372,Brooklyn Nine-Nine,7,tt10322290,4,The Jimmy Jab Games II,2020,"Comedy,Crime",21.0,2818,7.8
tt2467372,Brooklyn Nine-Nine,7,tt10322286,5,Debbie,2020,"Comedy,Crime",21.0,2983,7.2
tt2467372,Brooklyn Nine-Nine,7,tt10322288,6,Trying,2020,"Comedy,Crime",21.0,2768,7.7
tt2467372,Brooklyn Nine-Nine,7,tt10322292,7,Ding Dong,2020,"Comedy,Crime",21.0,3163,8.6
tt2467372,Brooklyn Nine-Nine,7,tt10322294,8,The Takeback,2020,"Comedy,Crime",21.0,2818,8.1
tt2467372,Brooklyn Nine-Nine,7,tt10322296,9,Dillman,2020,"Comedy,Crime",21.0,2943,8.6
tt2467372,Brooklyn Nine-Nine,7,tt10322298,10,Admiral Peralta,2020,"Comedy,Crime",21.0,2622,7.8
tt2467372,Brooklyn Nine-Nine,7,tt10322302,11,Valloweaster,2020,"Comedy,Crime",19.0,2887,8.1
tt2467372,Brooklyn Nine-Nine,7,tt10322304,12,Ransom,2020,"Comedy,Crime",21.0,3018,8.6
tt2467372,Brooklyn Nine-Nine,7,tt10322300,13,Lights Out,2020,"Comedy,Crime",21.0,4106,9.1
tt2467372,Brooklyn Nine-Nine,8,tt11291232,1,The Good Ones,2021,"Comedy,Crime",21.0,8725,4.9
tt2467372,Brooklyn Nine-Nine,8,tt12833028,2,The Lake House,2021,"Comedy,Crime",21.0,3470,7.6
tt2467372,Brooklyn Nine-Nine,8,tt13829416,3,Blue Flu,2021,"Comedy,Crime",21.0,3205,7.0
tt2467372,Brooklyn Nine-Nine,8,tt13829424,4,Balancing,2021,"Comedy,Crime",21.0,2878,7.5
tt2467372,Brooklyn Nine-Nine,8,tt13829430,5,PB&J,2021,"Comedy,Crime",20.0,3022,7.8
tt2467372,Brooklyn Nine-Nine,8,tt13842130,6,The Set Up,2021,"Comedy,Crime",21.0,3157,6.7
tt2467372,Brooklyn Nine-Nine,8,tt13842136,7,Game of Boyles,2021,"Comedy,Crime",22.0,2814,7.9
tt2467372,Brooklyn Nine-Nine,8,tt13842142,8,Renewal,2021,"Comedy,Crime",21.0,2611,7.9
tt2467372,Brooklyn Nine-Nine,8,tt13842150,9,The Last Day Pt 1,2021,"Comedy,Crime",22.0,4123,9.2
tt2467372,Brooklyn Nine-Nine,8,tt13842152,10,The Last Day Pt 2,2021,"Comedy,Crime",25.0,5491,9.4
tt7221388,Cobra Kai,1,tt7521330,1,Ace Degenerate,2018,"Action,Comedy,Drama",28.0,6613,8.5
tt7221388,Cobra Kai,1,tt7551662,2,Strike First,2018,"Action,Comedy,Drama",28.0,5348,8.1
tt7221388,Cobra Kai,1,tt7551658,3,Esqueleto,2018,"Action,Comedy,Drama",23.0,5097,8.1
tt7221388,Cobra Kai,1,tt7551654,4,Cobra Kai Never Dies,2018,"Action,Comedy,Drama",27.0,4997,8.1
tt7221388,Cobra Kai,1,tt7575674,5,Counterbalance,2018,"Action,Comedy,Drama",32.0,5382,8.8
tt7221388,Cobra Kai,1,tt7575676,6,Quiver,2018,"Action,Comedy,Drama",29.0,4825,8.3
tt7221388,Cobra Kai,1,tt7647522,7,All Valley,2018,"Action,Comedy,Drama",28.0,4839,8.5
tt7221388,Cobra Kai,1,tt7647526,8,Molting,2018,"Action,Comedy,Drama",29.0,4721,8.4
tt7221388,Cobra Kai,1,tt7756134,9,Different but Same,2018,"Action,Comedy,Drama",30.0,5026,8.8
tt7221388,Cobra Kai,1,tt7841694,10,Mercy,2018,"Action,Comedy,Drama",36.0,5939,9.1
tt7221388,Cobra Kai,2,tt8399416,1,Mercy Part II,2019,"Action,Comedy,Drama",36.0,4544,8.2
tt7221388,Cobra Kai,2,tt9077574,2,Back in Black,2019,"Action,Comedy,Drama",31.0,4349,8.0
tt7221388,Cobra Kai,2,tt9369172,3,Fire and Ice,2019,"Action,Comedy,Drama",23.0,4320,8.3
tt7221388,Cobra Kai,2,tt9475924,4,The Moment of Truth,2019,"Action,Comedy,Drama",31.0,4214,8.1
tt7221388,Cobra Kai,2,tt9475922,5,All In,2019,"Action,Comedy,Drama",31.0,4326,8.5
tt7221388,Cobra Kai,2,tt9347498,6,Take a Right,2019,"Action,Comedy,Drama",31.0,4782,8.7
tt7221388,Cobra Kai,2,tt9475926,7,Lull,2019,"Action,Comedy,Drama",27.0,4157,8.2
tt7221388,Cobra Kai,2,tt9308178,8,Glory of Love,2019,"Action,Comedy,Drama",30.0,4154,8.1
tt7221388,Cobra Kai,2,tt9556304,9,Pulpo,2019,"Action,Comedy,Drama",30.0,4445,8.7
tt7221388,Cobra Kai,2,tt9475928,10,No Mercy,2019,"Action,Comedy,Drama",34.0,7538,9.4
tt7221388,Cobra Kai,3,tt10293662,1,Aftermath,2021,"Action,Comedy,Drama",32.0,4580,8.0
tt7221388,Cobra Kai,3,tt10293672,2,Nature vs. Nurture,2021,"Action,Comedy,Drama",38.0,4314,8.1
tt7221388,Cobra Kai,3,tt10293676,3,Now You're Gonna Pay,2021,"Action,Comedy,Drama",32.0,4185,7.8
tt7221388,Cobra Kai,3,tt10293668,4,The Right Path,2021,"Action,Comedy,Drama",36.0,4392,8.4
tt7221388,Cobra Kai,3,tt10293674,5,Miyagi-Do,2021,"Action,Comedy,Drama",39.0,5110,9.1
tt7221388,Cobra Kai,3,tt10293678,6,King Cobra,2021,"Action,Comedy,Drama",34.0,4093,8.3
tt7221388,Cobra Kai,3,tt10293670,7,Obstáculos,2021,"Action,Comedy,Drama",29.0,3993,8.1
tt7221388,Cobra Kai,3,tt10293682,8,"The Good, The Bad, and the Badass",2021,"Action,Comedy,Drama",28.0,4113,8.3
tt7221388,Cobra Kai,3,tt10293680,9,Feel the Night,2021,"Action,Comedy,Drama",30.0,4502,8.7
tt7221388,Cobra Kai,3,tt10293684,10,December 19,2021,"Action,Comedy,Drama",41.0,7257,9.4
tt7221388,Cobra Kai,4,tt13206848,1,Let's Begin,2021,"Action,Comedy,Drama",37.0,3949,8.0
tt7221388,Cobra Kai,4,tt13773492,2,First Learn Stand,2021,"Action,Comedy,Drama",31.0,3592,8.1
tt7221388,Cobra Kai,4,tt13912820,3,Then Learn Fly,2021,"Action,Comedy,Drama",34.0,3411,7.9
tt7221388,Cobra Kai,4,tt14142076,4,Bicephaly,2021,"Action,Comedy,Drama",33.0,3348,8.0
tt7221388,Cobra Kai,4,tt14259504,5,Match Point,2021,"Action,Comedy,Drama",28.0,3486,8.5
tt7221388,Cobra Kai,4,tt14368686,6,Kicks Get Chicks,2021,"Action,Comedy,Drama",31.0,3359,7.8
tt7221388,Cobra Kai,4,tt14403904,7,Minefields,2021,"Action,Comedy,Drama",34.0,3369,7.9
tt7221388,Cobra Kai,4,tt14416774,8,Party Time,2021,"Action,Comedy,Drama",37.0,3563,8.2
tt7221388,Cobra Kai,4,tt14437510,9,The Fall,2021,"Action,Comedy,Drama",30.0,3947,8.9
tt7221388,Cobra Kai,4,tt14443266,10,The Rise,2021,"Action,Comedy,Drama",46.0,5245,9.3
tt7221388,Cobra Kai,5,tt15314016,1,"Long, Long Way from Home",2022,"Action,Comedy,Drama",31.0,3676,7.8
tt7221388,Cobra Kai,5,tt22019058,2,Molé,2022,"Action,Comedy,Drama",38.0,3187,7.9
tt7221388,Cobra Kai,5,tt22016344,3,Playing with Fire,2022,"Action,Comedy,Drama",36.0,3180,7.8
tt7221388,Cobra Kai,5,tt22016348,4,Downward Spiral,2022,"Action,Comedy,Drama",36.0,3111,7.6
tt7221388,Cobra Kai,5,tt22016350,5,Extreme Measures,2022,"Action,Comedy,Drama",39.0,3425,8.7
tt7221388,Cobra Kai,5,tt22016356,6,Ouroboros,2022,"Action,Comedy,Drama",37.0,3135,8.3
tt7221388,Cobra Kai,5,tt22016364,7,Bad Eggs,2022,"Action,Comedy,Drama",36.0,2990,8.0
tt7221388,Cobra Kai,5,tt22016368,8,Taikai,2022,"Action,Comedy,Drama",37.0,3063,8.5
tt7221388,Cobra Kai,5,tt22016378,9,Survivors,2022,"Action,Comedy,Drama",37.0,3065,8.3
tt7221388,Cobra Kai,5,tt22016384,10,Head of the Snake,2022,"Action,Comedy,Drama",48.0,5313,9.3
tt7221388,Cobra Kai,6,tt26399377,1,Peacetime in the Valley,2024,"Action,Comedy,Drama",36.0,2722,7.4
tt7221388,Cobra Kai,6,tt30886073,2,The Prize,2024,"Action,Comedy,Drama",38.0,2427,7.2
tt7221388,Cobra Kai,6,tt31076427,3,Sleeper,2024,"Action,Comedy,Drama",36.0,2305,7.4
tt7221388,Cobra Kai,6,tt31076428,4,Underdogs,2024,"Action,Comedy,Drama",36.0,2326,7.9
tt7221388,Cobra Kai,6,tt31076429,5,Best of the Best,2024,"Action,Comedy,Drama",44.0,2811,8.5
tt7221388,Cobra Kai,6,tt31076430,6,Benvinguts a Barcelona,2024,"Action,Comedy,Drama",37.0,2097,7.5
tt7221388,Cobra Kai,6,tt31076431,7,Dog in the Fight,2024,"Action,Comedy,Drama",38.0,1976,7.8
tt7221388,Cobra Kai,6,tt31076432,8,Snakes on a Plane,2024,"Action,Comedy,Drama",37.0,2017,8.0
tt7221388,Cobra Kai,6,tt31076433,9,Blood In Blood Out,2024,"Action,Comedy,Drama",39.0,2211,8.7
tt7221388,Cobra Kai,6,tt31076434,10,Eunjangdo,2024,"Action,Comedy,Drama",46.0,3218,8.8
tt1439629,Community,1,tt1467481,1,Pilot,2009,Comedy,26.0,6220,7.5
tt1439629,Community,1,tt1503241,2,Spanish 101,2009,Comedy,22.0,5404,7.7
tt1439629,Community,1,tt1480354,3,Introduction to Film,2009,Comedy,21.0,5372,8.1
tt1439629,Community,1,tt1527326,4,Social Psychology,2009,Comedy,22.0,4930,8.0
tt1439629,Community,1,tt1515324,5,Advanced Criminal Law,2009,Comedy,21.0,4723,7.7
tt1439629,Community,1,tt1515325,6,"Football, Feminism and You",2009,Comedy,21.0,4635,7.6
tt1439629,Community,1,tt1528909,7,Introduction to Statistics,2009,Comedy,21.0,5362,8.6
tt1439629,Community,1,tt1531446,8,Home Economics,2009,Comedy,21.0,4540,7.8
tt1439629,Community,1,tt1531175,9,Debate 109,2009,Comedy,21.0,5408,8.7
tt1439629,Community,1,tt1544667,10,Environmental Science,2009,Comedy,21.0,4583,8.1
tt1439629,Community,1,tt1550378,11,Politics of Human Sexuality,2009,Comedy,21.0,4394,7.7
tt1439629,Community,1,tt1559103,12,Comparative Religion,2009,Comedy,21.0,4747,8.3
tt1439629,Community,1,tt1575766,13,Investigative Journalism,2010,Comedy,21.0,4538,7.8
tt1439629,Community,1,tt1584204,14,Interpretive Dance,2010,Comedy,20.0,4325,7.8
tt1439629,Community,1,tt1593849,15,Romantic Expressionism,2010,Comedy,21.0,4299,7.9
tt1439629,Community,1,tt1593848,16,Communication Studies,2010,Comedy,21.0,4468,8.3
tt1439629,Community,1,tt1594619,17,Physical Education,2010,Comedy,21.0,5553,8.9
tt1439629,Community,1,tt1612641,18,Basic Genealogy,2010,Comedy,21.0,4325,7.9
tt1439629,Community,1,tt1582821,19,Beginner Pottery,2010,Comedy,28.0,4561,8.3
tt1439629,Community,1,tt1619954,20,The Science of Illusion,2010,Comedy,20.0,4448,8.3
tt1439629,Community,1,tt1628912,21,Contemporary American Poultry,2010,Comedy,21.0,7059,9.3
tt1439629,Community,1,tt1628913,22,The Art of Discourse,2010,Comedy,21.0,4499,7.8
tt1439629,Community,1,tt1595996,23,Modern Warfare,2010,Comedy,20.0,14646,9.8
tt1439629,Community,1,tt1628195,24,English as a Second Language,2010,Comedy,21.0,4227,8.1
tt1439629,Community,1,tt1652486,25,Pascal's Triangle Revisited,2010,Comedy,21.0,4568,8.4
tt1439629,Community,2,tt1640852,1,Anthropology 101,2010,Comedy,22.0,4867,8.6
tt1439629,Community,2,tt1640868,2,Accounting for Lawyers,2010,Comedy,22.0,4375,8.2
tt1439629,Community,2,tt1640863,3,The Psychology of Letting Go,2010,Comedy,22.0,4240,7.9
tt1439629,Community,2,tt1640869,4,Basic Rocket Science,2010,Comedy,30.0,5051,8.6
tt1439629,Community,2,tt1640870,5,Messianic Myths and Ancient Peoples,2010,Comedy,22.0,4700,7.7
tt1439629,Community,2,tt1640871,6,Epidemiology,2010,Comedy,22.0,6899,9.2
tt1439629,Community,2,tt1640872,7,Aerodynamics of Gender,2010,Comedy,22.0,4783,8.3
tt1439629,Community,2,tt1640873,8,Cooperative Calligraphy,2010,Comedy,22.0,5926,9.1
tt1439629,Community,2,tt1640874,9,Conspiracy Theories and Interior Design,2010,Comedy,22.0,7152,9.4
tt1439629,Community,2,tt1640853,10,Mixology Certification,2010,Comedy,21.0,4722,8.4
tt1439629,Community,2,tt1640854,11,Abed's Uncontrollable Christmas,2010,Comedy,21.0,6250,8.6
tt1439629,Community,2,tt1640855,12,Asian Population Studies,2011,Comedy,22.0,4043,7.9
tt1439629,Community,2,tt1640856,13,Celebrity Pharmacology 212,2011,Comedy,21.0,4159,7.8
tt1439629,Community,2,tt1824317,14,Advanced Dungeons & Dragons,2011,Comedy,22.0,7942,9.5
tt1439629,Community,2,tt1640857,15,Early 21st Century Romanticism,2011,Comedy,22.0,4140,7.9
tt1439629,Community,2,tt1640858,16,Intermediate Documentary Filmmaking,2011,Comedy,22.0,4796,8.7
tt1439629,Community,2,tt1640860,17,Intro to Political Science,2011,Comedy,21.0,4253,8.1
tt1439629,Community,2,tt1640861,18,Custody Law and Eastern European Diplomacy,2011,Comedy,22.0,3982,7.3
tt1439629,Community,2,tt1640862,19,Critical Film Studies,2011,Comedy,21.0,5559,8.9
tt1439629,Community,2,tt1640864,20,Competitive Wine Tasting,2011,Comedy,22.0,3932,7.4
tt1439629,Community,2,tt1640865,21,Paradigms of Human Memory,2011,Comedy,21.0,5531,9.0
tt1439629,Community,2,tt1640866,22,Applied Anthropology and Culinary Arts,2011,Comedy,20.0,3959,7.9
tt1439629,Community,2,tt1640867,23,A Fistful of Paintballs,2011,Comedy,30.0,8745,9.6
tt1439629,Community,2,tt1862636,24,For a Few Paintballs More,2011,Comedy,30.0,7246,9.5
tt1439629,Community,3,tt1986325,1,Biology 101,2011,Comedy,21.0,4224,7.9
tt1439629,Community,3,tt2060962,2,Geography of Global Conflict,2011,Comedy,21.0,4161,7.9
tt1439629,Community,3,tt2063144,3,Competitive Ecology,2011,Comedy,22.0,4173,7.9
tt1439629,Community,3,tt2060963,4,Remedial Chaos Theory,2011,Comedy,22.0,14191,9.8
tt1439629,Community,3,tt2063145,5,Horror Fiction in Seven Spooky Steps,2011,Comedy,21.0,4885,8.7
tt1439629,Community,3,tt2049724,6,Advanced Gay,2011,Comedy,22.0,4078,7.5
tt1439629,Community,3,tt2083482,7,Studies in Modern Movement,2011,Comedy,22.0,4438,8.5
tt1439629,Community,3,tt2083483,8,Documentary Filmmaking: Redux,2011,Comedy,22.0,5524,9.0
tt1439629,Community,3,tt2080563,9,Foosball and Nocturnal Vigilantism,2011,Comedy,22.0,4265,8.3
tt1439629,Community,3,tt2105238,10,Regional Holiday Music,2011,Comedy,22.0,5055,8.5
tt1439629,Community,3,tt2117096,11,Urban Matrimony and the Sandwich Arts,2012,Comedy,22.0,3903,7.6
tt1439629,Community,3,tt2090774,12,Contemporary Impressionists,2012,Comedy,22.0,3990,7.8
tt1439629,Community,3,tt2128972,13,Digital Exploration of Interior Design,2012,Comedy,22.0,4050,8.1
tt1439629,Community,3,tt2127579,14,Pillows and Blankets,2012,Comedy,22.0,6637,9.3
tt1439629,Community,3,tt2194835,15,Origins of Vampire Mythology,2012,Comedy,21.0,3963,8.0
tt1439629,Community,3,tt2194837,16,Virtual Systems Analysis,2012,Comedy,22.0,4448,8.5
tt1439629,Community,3,tt2194839,17,Basic Lupine Urology,2012,Comedy,21.0,6695,9.4
tt1439629,Community,3,tt2192103,18,Course Listing Unavailable,2012,Comedy,21.0,3849,8.1
tt1439629,Community,3,tt2196353,19,Curriculum Unavailable,2012,Comedy,22.0,5124,9.1
tt1439629,Community,3,tt2383315,20,Digital Estate Planning,2012,Comedy,22.0,6755,9.4
tt1439629,Community,3,tt2279599,21,The First Chang Dynasty,2012,Comedy,22.0,4731,9.0
tt1439629,Community,3,tt2383317,22,Introduction to Finality,2012,Comedy,22.0,4255,8.7
tt1439629,Community,4,tt2295962,1,History 101,2013,Comedy,22.0,4257,7.1
tt1439629,Community,4,tt2371360,2,Paranormal Parentage,2013,Comedy,22.0,3898,7.5
tt1439629,Community,4,tt2672790,3,Conventions of Space and Time,2013,Comedy,22.0,3841,7.2
tt1439629,Community,4,tt2699318,4,Alternative History of the German Invasion,2013,Comedy,22.0,3638,7.0
tt1439629,Community,4,tt2712482,5,Cooperative Escapism in Familial Relations,2013,Comedy,22,3689,7.4
tt1439629,Community,4,tt2717182,6,Advanced Documentary Filmmaking,2013,Comedy,21,3570,7.4
tt1439629,Community,4,tt2764048,7,Economics of Marine Biology,2013,Comedy,22,3617,6.6
tt1439629,Community,4,tt2777464,8,Herstory of Dance,2013,Comedy,22.0,3840,7.8
tt1439629,Community,4,tt2791144,9,Intro to Felt Surrogacy,2013,Comedy,20.0,4215,6.8
tt1439629,Community,4,tt2578322,10,Intro to Knots,2013,Comedy,22.0,3571,7.5
tt1439629,Community,4,tt2522288,11,Basic Human Anatomy,2013,Comedy,22.0,3698,7.9
tt1439629,Community,4,tt2560884,12,Heroic Origins,2013,Comedy,22.0,3959,8.1
tt1439629,Community,4,tt2855096,13,Advanced Introduction to Finality,2013,Comedy,22,3771,7.6
tt1439629,Community,5,tt2911368,1,Repilot,2014,Comedy,22,4018,7.7
tt1439629,Community,5,tt3176520,2,Introduction to Teaching,2014,Comedy,21,4078,8.4
tt1439629,Community,5,tt3230996,3,Basic Intergluteal Numismatics,2014,Comedy,21,5319,9.0
tt1439629,Community,5,tt3278566,4,Cooperative Polygraphy,2014,Comedy,21,5339,9.2
tt1439629,Community,5,tt3278574,5,Geothermal Escapism,2014,Comedy,20,5998,9.4
tt1439629,Community,5,tt3278580,6,Analysis of Cork-Based Networking,2014,Comedy,21,3748,8.0
tt1439629,Community,5,tt3278586,7,Bondage and Beta Male Sexuality,2014,Comedy,21,3408,7.7
tt1439629,Community,5,tt3278596,8,App Development and Condiments,2014,Comedy,21,4902,8.9
tt1439629,Community,5,tt3278600,9,VCR Maintenance and Educational Publishing,2014,Comedy,21,3521,7.9
tt1439629,Community,5,tt3313070,10,Advanced Advanced Dungeons & Dragons,2014,Comedy,21.0,3779,8.3
tt1439629,Community,5,tt3313074,11,G.I. Jeff,2014,Comedy,21.0,3827,7.7
tt1439629,Community,5,tt3313076,12,Basic Story,2014,Comedy,21.0,3206,7.6
tt1439629,Community,5,tt3313082,13,Basic Sandwich,2014,Comedy,20.0,3346,8.0
tt1439629,Community,6,tt3840022,1,Ladders,2015,Comedy,28.0,3647,7.5
tt1439629,Community,6,tt4242868,2,Lawnmower Maintenance & Postnatal Care,2015,Comedy,27.0,3458,7.3
tt1439629,Community,6,tt4242870,3,Basic Crisis Room Decorum,2015,Comedy,25.0,3275,7.5
tt1439629,Community,6,tt4242872,4,Queer Studies & Advanced Waxing,2015,Comedy,31.0,3409,7.9
tt1439629,Community,6,tt4242876,5,Laws of Robotics & Party Rights,2015,Comedy,29.0,3132,7.4
tt1439629,Community,6,tt4242880,6,Basic Email Security,2015,Comedy,28.0,3216,7.3
tt1439629,Community,6,tt4242884,7,Advanced Safety Features,2015,Comedy,29.0,3173,7.1
tt1439629,Community,6,tt4242890,8,Intro to Recycled Cinema,2015,Comedy,28.0,3247,7.7
tt1439629,Community,6,tt4242886,9,Grifting 101,2015,Comedy,29.0,3193,7.5
tt1439629,Community,6,tt4242892,10,Basic RV Repair and Palmistry,2015,Comedy,26.0,3222,7.3
tt1439629,Community,6,tt4242896,11,Modern Espionage,2015,Comedy,29.0,4064,8.8
tt1439629,Community,6,tt4242898,12,Wedding Videography,2015,Comedy,26.0,3760,8.5
tt1439629,Community,6,tt3898640,13,Emotional Consequences of Broadcast Television,2015,Comedy,27,6744,9.4
tt0452046,Criminal Minds,1,tt0550489,1,Extreme Aggressor,2005,"Crime,Drama,Mystery",42.0,3667,7.8
tt0452046,Criminal Minds,1,tt0550487,2,Compulsion,2005,"Crime,Drama,Mystery",42.0,3086,7.6
tt0452046,Criminal Minds,1,tt0550498,3,Won't Get Fooled Again,2005,"Crime,Drama,Mystery",43.0,2998,7.6
tt0452046,Criminal Minds,1,tt0550492,4,Plain Sight,2005,"Crime,Drama,Mystery",42.0,2765,7.7
tt0452046,Criminal Minds,1,tt0550486,5,Broken Mirror,2005,"Crime,Drama,Mystery",42.0,2872,7.8
tt0452046,Criminal Minds,1,tt0550490,6,L.D.S.K.,2005,"Crime,Drama,Mystery",42.0,3418,8.3
tt0452046,Criminal Minds,1,tt0550495,7,The Fox,2005,"Crime,Drama,Mystery",42.0,2789,7.9
tt0452046,Criminal Minds,1,tt0550491,8,Natural Born Killer,2005,"Crime,Drama,Mystery",42.0,2651,7.5
tt0452046,Criminal Minds,1,tt0550488,9,Derailed,2005,"Crime,Drama,Mystery",42.0,3451,7.8
tt0452046,Criminal Minds,1,tt0550494,10,The Popular Kids,2005,"Crime,Drama,Mystery",60.0,3095,7.5
tt0452046,Criminal Minds,1,tt0550485,11,Blood Hungry,2005,"Crime,Drama,Mystery",42.0,3194,7.1
tt0452046,Criminal Minds,1,tt0550497,12,What Fresh Hell?,2006,"Crime,Drama,Mystery",42.0,2391,7.4
tt0452046,Criminal Minds,1,tt0550493,13,Poison,2006,"Crime,Drama,Mystery",42.0,2462,7.3
tt0452046,Criminal Minds,1,tt0758177,14,Riding the Lightning,2006,"Crime,Drama,Mystery",42.0,4618,8.6
tt0452046,Criminal Minds,1,tt0550496,15,Unfinished Business,2006,"Crime,Drama,Mystery",42.0,2468,7.7
tt0452046,Criminal Minds,1,tt0759098,16,The Tribe,2006,"Crime,Drama,Mystery",42.0,2679,7.6
tt0452046,Criminal Minds,1,tt0780210,17,A Real Rain,2006,"Crime,Drama,Mystery",42.0,2452,7.6
tt0452046,Criminal Minds,1,tt0760469,18,Somebody's Watching,2006,"Crime,Drama,Mystery",42.0,3657,8.2
tt0452046,Criminal Minds,1,tt0764319,19,Machismo,2006,"Crime,Drama,Mystery",42.0,2590,7.2
tt0452046,Criminal Minds,1,tt0771037,20,Charm and Harm,2006,"Crime,Drama,Mystery",42.0,2383,7.6
tt0452046,Criminal Minds,1,tt0779006,21,Secrets and Lies,2006,"Crime,Drama,Mystery",42.0,3061,7.6
tt0452046,Criminal Minds,1,tt0789384,22,The Fisher King: Part 1,2006,"Crime,Drama,Mystery",60.0,3422,8.5
tt0452046,Criminal Minds,2,tt0827811,1,The Fisher King: Part 2,2006,"Crime,Drama,Mystery",42.0,3197,8.7
tt0452046,Criminal Minds,2,tt0842348,2,P911,2006,"Crime,Drama,Mystery",42.0,2425,7.9
tt0452046,Criminal Minds,2,tt0831039,3,The Perfect Storm,2006,"Crime,Drama,Mystery",42.0,2219,7.7
tt0452046,Criminal Minds,2,tt0847237,4,Psychodrama,2006,"Crime,Drama,Mystery",42.0,2349,7.4
tt0452046,Criminal Minds,2,tt0855344,5,Aftermath,2006,"Crime,Drama,Mystery",42.0,2412,7.6
tt0452046,Criminal Minds,2,tt0851626,6,The Boogeyman,2006,"Crime,Drama,Mystery",42.0,2817,7.8
tt0452046,Criminal Minds,2,tt0872735,7,North Mammon,2006,"Crime,Drama,Mystery",42.0,2584,8.1
tt0452046,Criminal Minds,2,tt0873962,8,Empty Planet,2006,"Crime,Drama,Mystery",42.0,2359,7.6
tt0452046,Criminal Minds,2,tt0878359,9,The Last Word,2006,"Crime,Drama,Mystery",42.0,2314,7.8
tt0452046,Criminal Minds,2,tt0885699,10,Lessons Learned,2006,"Crime,Drama,Mystery",42.0,2614,8.3
tt0452046,Criminal Minds,2,tt0906371,11,"Sex, Birth, Death",2006,"Crime,Drama,Mystery",42.0,3525,8.5
tt0452046,Criminal Minds,2,tt0923155,12,"Profiler, Profiled",2006,"Crime,Drama,Mystery",42.0,2735,8.1
tt0452046,Criminal Minds,2,tt0935314,13,No Way Out,2007,"Crime,Drama,Mystery",42.0,2608,8.3
tt0452046,Criminal Minds,2,tt0941350,14,The Big Game,2007,"Crime,Drama,Mystery",42.0,2534,8.1
tt0452046,Criminal Minds,2,tt0941349,15,Revelations,2007,"Crime,Drama,Mystery",42.0,3966,8.9
tt0452046,Criminal Minds,2,tt0916096,16,Fear and Loathing,2007,"Crime,Drama,Mystery",42.0,2359,7.5
tt0452046,Criminal Minds,2,tt0945886,17,Distress,2007,"Crime,Drama,Mystery",42.0,2295,7.7
tt0452046,Criminal Minds,2,tt0965937,18,Jones,2007,"Crime,Drama,Mystery",42.0,3152,8.1
tt0452046,Criminal Minds,2,tt0965936,19,Ashes and Dust,2007,"Crime,Drama,Mystery",42.0,2339,7.7
tt0452046,Criminal Minds,2,tt0984436,20,Honor Among Thieves,2007,"Crime,Drama,Mystery",44.0,2794,7.1
tt0452046,Criminal Minds,2,tt0991724,21,Open Season,2007,"Crime,Drama,Mystery",42.0,2489,7.9
tt0452046,Criminal Minds,2,tt1012971,22,Legacy,2007,"Crime,Drama,Mystery",42.0,2353,8.1
tt0452046,Criminal Minds,2,tt1015608,23,"No Way Out, Part II: The Evilution of Frank",2007,"Crime,Drama,Mystery",42,3060,8.2
tt0452046,Criminal Minds,3,tt1093934,1,Doubt,2007,"Crime,Drama,Mystery",42,2203,7.6
tt0452046,Criminal Minds,3,tt1111159,2,In Name and Blood,2007,"Crime,Drama,Mystery",42.0,2303,7.9
tt0452046,Criminal Minds,3,tt1115047,3,Scared to Death,2007,"Crime,Drama,Mystery",60.0,2292,7.6
tt0452046,Criminal Minds,3,tt1110970,4,Children of the Dark,2007,"Crime,Drama,Mystery",60.0,2203,7.9
tt0452046,Criminal Minds,3,tt1103432,5,Seven Seconds,2007,"Crime,Drama,Mystery",42.0,2532,8.3
tt0452046,Criminal Minds,3,tt1111508,6,About Face,2007,"Crime,Drama,Mystery",42.0,2184,7.5
tt0452046,Criminal Minds,3,tt1118137,7,Identity,2007,"Crime,Drama,Mystery",42.0,2168,7.4
tt0452046,Criminal Minds,3,tt1104878,8,Lucky,2007,"Crime,Drama,Mystery",42.0,3184,8.2
tt0452046,Criminal Minds,3,tt1119944,9,Penelope,2007,"Crime,Drama,Mystery",60.0,3454,8.7
tt0452046,Criminal Minds,3,tt1122161,10,True Night,2007,"Crime,Drama,Mystery",60.0,2576,7.8
tt0452046,Criminal Minds,3,tt1142469,11,Birthright,2007,"Crime,Drama,Mystery",60.0,2251,7.7
tt0452046,Criminal Minds,3,tt1142470,12,3rd Life,2008,"Crime,Drama,Mystery",42.0,2437,8.0
tt0452046,Criminal Minds,3,tt1142326,13,Limelight,2008,"Crime,Drama,Mystery",60.0,2237,7.5
tt0452046,Criminal Minds,3,tt1197560,14,Damaged,2008,"Crime,Drama,Mystery",42.0,2962,7.9
tt0452046,Criminal Minds,3,tt1202891,15,A Higher Power,2008,"Crime,Drama,Mystery",42.0,2292,7.4
tt0452046,Criminal Minds,3,tt1208094,16,Elephant's Memory,2008,"Crime,Drama,Mystery",60,3143,8.3
tt0452046,Criminal Minds,3,tt1218594,17,In Heat,2008,"Crime,Drama,Mystery",42.0,2373,7.6
tt0452046,Criminal Minds,3,tt1212033,18,The Crossing,2008,"Crime,Drama,Mystery",42,2202,7.6
tt0452046,Criminal Minds,3,tt1212035,19,Tabula Rasa,2008,"Crime,Drama,Mystery",42,2906,8.1
tt0452046,Criminal Minds,3,tt1212036,20,Lo-Fi,2008,"Crime,Drama,Mystery",42,3091,8.5
tt0452046,Criminal Minds,4,tt1256601,1,Mayhem,2008,"Crime,Drama,Mystery",42.0,3311,8.5
tt0452046,Criminal Minds,4,tt1256096,2,The Angel Maker,2008,"Crime,Drama,Mystery",42.0,2370,7.7
tt0452046,Criminal Minds,4,tt1256100,3,Minimal Loss,2008,"Crime,Drama,Mystery",42.0,3101,8.2
tt0452046,Criminal Minds,4,tt1256101,4,Paradise,2008,"Crime,Drama,Mystery",42.0,2278,7.6
tt0452046,Criminal Minds,4,tt1256102,5,Catching Out,2008,"Crime,Drama,Mystery",42.0,2250,7.3
tt0452046,Criminal Minds,4,tt1256103,6,The Instincts,2008,"Crime,Drama,Mystery",42.0,2983,8.2
tt0452046,Criminal Minds,4,tt1256104,7,Memoriam,2008,"Crime,Drama,Mystery",42.0,3108,8.4
tt0452046,Criminal Minds,4,tt1256105,8,Masterpiece,2008,"Crime,Drama,Mystery",42.0,2725,8.3
tt0452046,Criminal Minds,4,tt1256106,9,52 Pickup,2008,"Crime,Drama,Mystery",42.0,2472,7.9
tt0452046,Criminal Minds,4,tt1256086,10,Brothers in Arms,2008,"Crime,Drama,Mystery",42.0,2143,7.5
tt0452046,Criminal Minds,4,tt1256087,11,Normal,2008,"Crime,Drama,Mystery",42.0,2486,8.3
tt0452046,Criminal Minds,4,tt1256088,12,Soul Mates,2009,"Crime,Drama,Mystery",42.0,2106,7.6
tt0452046,Criminal Minds,4,tt1256089,13,Bloodline,2009,"Crime,Drama,Mystery",42.0,2228,7.8
tt0452046,Criminal Minds,4,tt1256090,14,Cold Comfort,2009,"Crime,Drama,Mystery",42.0,1973,7.4
tt0452046,Criminal Minds,4,tt1256091,15,Zoe's Reprise,2009,"Crime,Drama,Mystery",42.0,2240,8.1
tt0452046,Criminal Minds,4,tt1256092,16,Pleasure Is My Business,2009,"Crime,Drama,Mystery",42.0,2489,8.1
tt0452046,Criminal Minds,4,tt1256093,17,Demonology,2009,"Crime,Drama,Mystery",42.0,2704,7.0
tt0452046,Criminal Minds,4,tt1256094,18,Omnivore,2009,"Crime,Drama,Mystery",42.0,2613,8.5
tt0452046,Criminal Minds,4,tt1256095,19,House on Fire,2009,"Crime,Drama,Mystery",39.0,2739,7.3
tt0452046,Criminal Minds,4,tt1256097,20,Conflicted,2009,"Crime,Drama,Mystery",41.0,3379,8.4
tt0452046,Criminal Minds,4,tt1256098,21,A Shade of Gray,2009,"Crime,Drama,Mystery",41.0,2128,8.0
tt0452046,Criminal Minds,4,tt1256099,22,The Big Wheel,2009,"Crime,Drama,Mystery",42.0,3212,8.2
tt0452046,Criminal Minds,4,tt1410492,23,Roadkill,2009,"Crime,Drama,Mystery",42.0,2280,7.3
tt0452046,Criminal Minds,4,tt1425504,24,Amplification,2009,"Crime,Drama,Mystery",42.0,3084,8.4
tt0452046,Criminal Minds,4,tt1422241,25,To Hell...,2009,"Crime,Drama,Mystery",43.0,2590,8.4
tt0452046,Criminal Minds,4,tt28869942,26,...And Back,2009,"Crime,Drama,Mystery",44,331,8.7
tt0452046,Criminal Minds,5,tt1477274,1,"Faceless, Nameless",2009,"Crime,Drama,Mystery",42.0,2418,7.9
tt0452046,Criminal Minds,5,tt1501864,2,Haunted,2009,"Crime,Drama,Mystery",60.0,2799,7.6
tt0452046,Criminal Minds,5,tt1503242,3,Reckoner,2009,"Crime,Drama,Mystery",42.0,2700,7.4
tt0452046,Criminal Minds,5,tt1497465,4,Hopeless,2009,"Crime,Drama,Mystery",60.0,2268,7.3
tt0452046,Criminal Minds,5,tt1522954,5,Cradle to Grave,2009,"Crime,Drama,Mystery",42.0,1977,7.6
tt0452046,Criminal Minds,5,tt1522955,6,The Eyes Have It,2009,"Crime,Drama,Mystery",42.0,2017,7.2
tt0452046,Criminal Minds,5,tt1533210,7,The Performer,2009,"Crime,Drama,Mystery",42.0,2281,7.4
tt0452046,Criminal Minds,5,tt1532433,8,Outfoxed,2009,"Crime,Drama,Mystery",42.0,1968,7.7
tt0452046,Criminal Minds,5,tt1539650,9,100,2009,"Crime,Drama,Mystery",42.0,4309,9.2
tt0452046,Criminal Minds,5,tt1558286,10,The Slave of Duty,2009,"Crime,Drama,Mystery",42.0,1983,7.7
tt0452046,Criminal Minds,5,tt1560813,11,Retaliation,2009,"Crime,Drama,Mystery",42.0,1961,7.3
tt0452046,Criminal Minds,5,tt1560814,12,The Uncanny Valley,2010,"Crime,Drama,Mystery",42.0,3136,8.4
tt0452046,Criminal Minds,5,tt1560564,13,Risky Business,2010,"Crime,Drama,Mystery",42.0,2784,7.7
tt0452046,Criminal Minds,5,tt1583441,14,Parasite,2010,"Crime,Drama,Mystery",42.0,1922,7.4
tt0452046,Criminal Minds,5,tt1591777,15,Public Enemy,2010,"Crime,Drama,Mystery",42.0,1886,7.6
tt0452046,Criminal Minds,5,tt1592610,16,Mosley Lane,2010,"Crime,Drama,Mystery",42.0,3968,8.9
tt0452046,Criminal Minds,5,tt1591778,17,Solitary Man,2010,"Crime,Drama,Mystery",42.0,1856,7.5
tt0452046,Criminal Minds,5,tt1619514,18,The Fight,2010,"Crime,Drama,Mystery",42.0,2191,7.3
tt0452046,Criminal Minds,5,tt1624257,19,Rite of Passage,2010,"Crime,Drama,Mystery",42.0,2042,7.3
tt0452046,Criminal Minds,5,tt1624560,20,...A Thousand Words,2010,"Crime,Drama,Mystery",42.0,2406,7.9
tt0452046,Criminal Minds,5,tt1624256,21,Exit Wounds,2010,"Crime,Drama,Mystery",42.0,2692,7.5
tt0452046,Criminal Minds,5,tt1647502,22,The Internet Is Forever,2010,"Crime,Drama,Mystery",42.0,2265,7.7
tt0452046,Criminal Minds,5,tt1647025,23,Our Darkest Hour,2010,"Crime,Drama,Mystery",42.0,2173,7.9
tt0452046,Criminal Minds,6,tt1692557,1,The Longest Night,2010,"Crime,Drama,Mystery",44.0,2337,8.0
tt0452046,Criminal Minds,6,tt1701258,2,JJ,2010,"Crime,Drama,Mystery",44.0,2436,8.1
tt0452046,Criminal Minds,6,tt1716861,3,Remembrance of Things Past,2010,"Crime,Drama,Mystery",42.0,1961,7.7
tt0452046,Criminal Minds,6,tt1701257,4,Compromising Positions,2010,"Crime,Drama,Mystery",43.0,2624,7.3
tt0452046,Criminal Minds,6,tt1736078,5,Safe Haven,2010,"Crime,Drama,Mystery",40.0,2040,7.7
tt0452046,Criminal Minds,6,tt1736079,6,Devil's Night,2010,"Crime,Drama,Mystery",42.0,2005,7.2
tt0452046,Criminal Minds,6,tt1735538,7,Middle Man,2010,"Crime,Drama,Mystery",44.0,2693,7.6
tt0452046,Criminal Minds,6,tt1738476,8,Reflection of Desire,2010,"Crime,Drama,Mystery",43.0,2856,7.7
tt0452046,Criminal Minds,6,tt1755124,9,Into the Woods,2010,"Crime,Drama,Mystery",42.0,2131,7.7
tt0452046,Criminal Minds,6,tt1749100,10,What Happens at Home...,2010,"Crime,Drama,Mystery",43.0,1982,7.6
tt0452046,Criminal Minds,6,tt1782632,11,25 to Life,2010,"Crime,Drama,Mystery",43.0,1974,7.7
tt0452046,Criminal Minds,6,tt1782633,12,Corazon,2011,"Crime,Drama,Mystery",41.0,2764,7.5
tt0452046,Criminal Minds,6,tt1782019,13,The Thirteenth Step,2011,"Crime,Drama,Mystery",42.0,2168,7.4
tt0452046,Criminal Minds,6,tt1792213,14,Sense Memory,2011,"Crime,Drama,Mystery",41.0,1941,7.3
tt0452046,Criminal Minds,6,tt1820833,15,Today I Do,2011,"Crime,Drama,Mystery",41.0,2075,7.2
tt0452046,Criminal Minds,6,tt1835074,16,Coda,2011,"Crime,Drama,Mystery",46.0,2904,8.1
tt0452046,Criminal Minds,6,tt1837787,17,Valhalla,2011,"Crime,Drama,Mystery",44.0,2089,8.0
tt0452046,Criminal Minds,6,tt1837136,18,Lauren,2011,"Crime,Drama,Mystery",44.0,3049,8.7
tt0452046,Criminal Minds,6,tt1846013,19,With Friends Like These,2011,"Crime,Drama,Mystery",43.0,2618,7.5
tt0452046,Criminal Minds,6,tt1852288,20,Hanley Waters,2011,"Crime,Drama,Mystery",43.0,1863,7.5
tt0452046,Criminal Minds,6,tt1856893,21,The Stranger,2011,"Crime,Drama,Mystery",43.0,1696,7.3
tt0452046,Criminal Minds,6,tt1875189,22,Out of the Light,2011,"Crime,Drama,Mystery",43.0,1736,7.4
tt0452046,Criminal Minds,6,tt1898302,23,Big Sea,2011,"Crime,Drama,Mystery",43.0,1870,7.2
tt0452046,Criminal Minds,6,tt1899653,24,Supply and Demand,2011,"Crime,Drama,Mystery",41.0,1844,7.7
tt0452046,Criminal Minds,7,tt1974554,1,It Takes a Village,2011,"Crime,Drama,Mystery",42.0,2288,8.0
tt0452046,Criminal Minds,7,tt1990405,2,Proof,2011,"Crime,Drama,Mystery",43.0,2116,7.9
tt0452046,Criminal Minds,7,tt1995609,3,Dorado Falls,2011,"Crime,Drama,Mystery",43.0,2134,7.7
tt0452046,Criminal Minds,7,tt2009816,4,Painless,2011,"Crime,Drama,Mystery",44.0,2445,7.8
tt0452046,Criminal Minds,7,tt2030847,5,From Childhood's Hour,2011,"Crime,Drama,Mystery",43.0,1872,7.4
tt0452046,Criminal Minds,7,tt2072418,6,Epilogue,2011,"Crime,Drama,Mystery",40.0,1942,7.4
tt0452046,Criminal Minds,7,tt2072419,7,There's No Place Like Home,2011,"Crime,Drama,Mystery",41.0,2005,7.2
tt0452046,Criminal Minds,7,tt2078889,8,Hope,2011,"Crime,Drama,Mystery",42.0,2629,7.6
tt0452046,Criminal Minds,7,tt2078078,9,Self-Fulfilling Prophecy,2011,"Crime,Drama,Mystery",43.0,1821,7.7
tt0452046,Criminal Minds,7,tt2090786,10,The Bittersweet Science,2011,"Crime,Drama,Mystery",44.0,1879,7.2
tt0452046,Criminal Minds,7,tt2101639,11,True Genius,2012,"Crime,Drama,Mystery",44.0,2940,8.4
tt0452046,Criminal Minds,7,tt2117102,12,Unknown Subject,2012,"Crime,Drama,Mystery",43.0,1966,7.9
tt0452046,Criminal Minds,7,tt2128996,13,Snake Eyes,2012,"Crime,Drama,Mystery",42.0,2568,7.2
tt0452046,Criminal Minds,7,tt2128995,14,Closing Time,2012,"Crime,Drama,Mystery",42.0,1813,7.2
tt0452046,Criminal Minds,7,tt2174385,15,A Thin Line,2012,"Crime,Drama,Mystery",41.0,1844,7.3
tt0452046,Criminal Minds,7,tt2180877,16,A Family Affair,2012,"Crime,Drama,Mystery",41.0,1879,7.5
tt0452046,Criminal Minds,7,tt2281773,17,"I Love You, Tommy Brown",2012,"Crime,Drama,Mystery",42.0,2557,7.3
tt0452046,Criminal Minds,7,tt2309133,18,Foundation,2012,"Crime,Drama,Mystery",44.0,1917,7.9
tt0452046,Criminal Minds,7,tt2342615,19,Heathridge Manor,2012,"Crime,Drama,Mystery",44.0,2883,8.0
tt0452046,Criminal Minds,7,tt2299901,20,The Company,2012,"Crime,Drama,Mystery",44.0,1961,8.1
tt0452046,Criminal Minds,7,tt2336719,21,Divining Rod,2012,"Crime,Drama,Mystery",42.0,1826,7.4
tt0452046,Criminal Minds,7,tt2366767,22,Profiling 101,2012,"Crime,Drama,Mystery",41.0,1964,8.0
tt0452046,Criminal Minds,7,tt2336721,23,Hit,2012,"Crime,Drama,Mystery",40.0,2306,8.4
tt0452046,Criminal Minds,7,tt2336723,24,Run,2012,"Crime,Drama,Mystery",42.0,2358,8.5
tt0452046,Criminal Minds,8,tt2284830,1,The Silencer,2012,"Crime,Drama,Mystery",41.0,1936,7.4
tt0452046,Criminal Minds,8,tt2317748,2,The Pact,2012,"Crime,Drama,Mystery",43.0,1870,7.4
tt0452046,Criminal Minds,8,tt2357798,3,Through the Looking Glass,2012,"Crime,Drama,Mystery",44.0,1767,7.5
tt0452046,Criminal Minds,8,tt2335640,4,God Complex,2012,"Crime,Drama,Mystery",42.0,2594,7.7
tt0452046,Criminal Minds,8,tt2432930,5,The Good Earth,2012,"Crime,Drama,Mystery",42.0,2325,7.4
tt0452046,Criminal Minds,8,tt2468880,6,The Apprenticeship,2012,"Crime,Drama,Mystery",43.0,2039,7.6
tt0452046,Criminal Minds,8,tt2511912,7,The Fallen,2012,"Crime,Drama,Mystery",41.0,1776,7.7
tt0452046,Criminal Minds,8,tt2431672,8,The Wheels on the Bus...,2012,"Crime,Drama,Mystery",41.0,2631,7.3
tt0452046,Criminal Minds,8,tt2522302,9,Magnificent Light,2012,"Crime,Drama,Mystery",42.0,2288,7.1
tt0452046,Criminal Minds,8,tt2516536,10,The Lesson,2012,"Crime,Drama,Mystery",43.0,2884,8.1
tt0452046,Criminal Minds,8,tt2498576,11,Perennials,2012,"Crime,Drama,Mystery",41.0,1842,7.3
tt0452046,Criminal Minds,8,tt2613042,12,Zugzwang,2013,"Crime,Drama,Mystery",41.0,3344,8.6
tt0452046,Criminal Minds,8,tt2550578,13,Magnum Opus,2013,"Crime,Drama,Mystery",42.0,2531,7.7
tt0452046,Criminal Minds,8,tt2547282,14,All That Remains,2013,"Crime,Drama,Mystery",44.0,1811,7.9
tt0452046,Criminal Minds,8,tt2691222,15,Broken,2013,"Crime,Drama,Mystery",42.0,1878,7.5
tt0452046,Criminal Minds,8,tt2689294,16,Carbon Copy,2013,"Crime,Drama,Mystery",41.0,1771,7.8
tt0452046,Criminal Minds,8,tt2700928,17,The Gathering,2013,"Crime,Drama,Mystery",41.0,2281,7.3
tt0452046,Criminal Minds,8,tt2713424,18,Restoration,2013,"Crime,Drama,Mystery",43,1839,7.7
tt0452046,Criminal Minds,8,tt2757554,19,Pay It Forward,2013,"Crime,Drama,Mystery",41,1838,7.3
tt0452046,Criminal Minds,8,tt2757558,20,Alchemy,2013,"Crime,Drama,Mystery",42,2485,7.6
tt0452046,Criminal Minds,8,tt2757556,21,Nanny Dearest,2013,"Crime,Drama,Mystery",43,2168,7.7
tt0452046,Criminal Minds,8,tt2757560,22,#6,2013,"Crime,Drama,Mystery",43,1919,7.4
tt0452046,Criminal Minds,8,tt2757562,23,Brothers Hotchner,2013,"Crime,Drama,Mystery",40,1770,7.7
tt0452046,Criminal Minds,8,tt2853128,24,The Replicator,2013,"Crime,Drama,Mystery",43,2125,8.2
tt0452046,Criminal Minds,9,tt2909176,1,The Inspiration,2013,"Crime,Drama,Mystery",41,2005,7.4
tt0452046,Criminal Minds,9,tt3161288,2,The Inspired,2013,"Crime,Drama,Mystery",42,1944,7.5
tt0452046,Criminal Minds,9,tt3145880,3,Final Shot,2013,"Crime,Drama,Mystery",42.0,1810,7.7
tt0452046,Criminal Minds,9,tt3266250,4,To Bear Witness,2013,"Crime,Drama,Mystery",41,1971,7.5
tt0452046,Criminal Minds,9,tt3236558,5,Route 66,2013,"Crime,Drama,Mystery",42,1919,7.7
tt0452046,Criminal Minds,9,tt3267968,6,In the Blood,2013,"Crime,Drama,Mystery",41,1819,7.4
tt0452046,Criminal Minds,9,tt3279006,7,Gatekeeper,2013,"Crime,Drama,Mystery",41,2505,7.8
tt0452046,Criminal Minds,9,tt3234680,8,The Return,2013,"Crime,Drama,Mystery",41,1810,7.4
tt0452046,Criminal Minds,9,tt3247716,9,Strange Fruit,2013,"Crime,Drama,Mystery",44,1960,7.8
tt0452046,Criminal Minds,9,tt3278824,10,The Caller,2013,"Crime,Drama,Mystery",43,2279,8.0
tt0452046,Criminal Minds,9,tt3366060,11,Bully,2013,"Crime,Drama,Mystery",42.0,1710,7.5
tt0452046,Criminal Minds,9,tt3398232,12,The Black Queen,2014,"Crime,Drama,Mystery",43.0,2536,7.4
tt0452046,Criminal Minds,9,tt3398236,13,The Road Home,2014,"Crime,Drama,Mystery",44.0,1668,7.6
tt0452046,Criminal Minds,9,tt3398240,14,200,2014,"Crime,Drama,Mystery",42.0,2305,8.1
tt0452046,Criminal Minds,9,tt3481150,15,Mr. & Mrs. Anderson,2014,"Crime,Drama,Mystery",41.0,1674,7.4
tt0452046,Criminal Minds,9,tt3481152,16,Gabby,2014,"Crime,Drama,Mystery",43.0,2038,8.0
tt0452046,Criminal Minds,9,tt3507060,17,Persuasion,2014,"Crime,Drama,Mystery",43.0,2298,7.5
tt0452046,Criminal Minds,9,tt3519120,18,Rabid,2014,"Crime,Drama,Mystery",43,1744,7.6
tt0452046,Criminal Minds,9,tt3580542,19,The Edge of Winter,2014,"Crime,Drama,Mystery",44.0,1834,7.7
tt0452046,Criminal Minds,9,tt3586530,20,Blood Relations,2014,"Crime,Drama,Mystery",44.0,2584,7.9
tt0452046,Criminal Minds,9,tt3594074,21,What Happens in Mecklinburg...,2014,"Crime,Drama,Mystery",42.0,1944,7.4
tt0452046,Criminal Minds,9,tt3631600,22,Fatal,2014,"Crime,Drama,Mystery",43.0,1905,7.4
tt0452046,Criminal Minds,9,tt3631602,23,Angels,2014,"Crime,Drama,Mystery",42.0,2241,8.2
tt0452046,Criminal Minds,9,tt3631604,24,Demons,2014,"Crime,Drama,Mystery",42.0,2707,8.6
tt0452046,Criminal Minds,10,tt3822370,1,X,2014,"Crime,Drama,Mystery",43.0,2123,7.6
tt0452046,Criminal Minds,10,tt3900906,2,Burn,2014,"Crime,Drama,Mystery",42,2436,7.2
tt0452046,Criminal Minds,10,tt3997466,3,A Thousand Suns,2014,"Crime,Drama,Mystery",41,2447,7.6
tt0452046,Criminal Minds,10,tt3920274,4,The Itch,2014,"Crime,Drama,Mystery",43,1892,7.3
tt0452046,Criminal Minds,10,tt4034202,5,Boxed In,2014,"Crime,Drama,Mystery",43.0,2011,7.4
tt0452046,Criminal Minds,10,tt4019556,6,If the Shoe Fits,2014,"Crime,Drama,Mystery",43.0,2082,7.5
tt0452046,Criminal Minds,10,tt4093830,7,Hashtag,2014,"Crime,Drama,Mystery",41.0,1783,7.5
tt0452046,Criminal Minds,10,tt4093842,8,The Boys of Sudworth Place,2014,"Crime,Drama,Mystery",40.0,1788,7.4
tt0452046,Criminal Minds,10,tt4093858,9,Fate,2014,"Crime,Drama,Mystery",42.0,1854,7.4
tt0452046,Criminal Minds,10,tt4129320,10,Amelia Porter,2014,"Crime,Drama,Mystery",42.0,2083,7.2
tt0452046,Criminal Minds,10,tt4175406,11,The Forever People,2015,"Crime,Drama,Mystery",42.0,2383,7.6
tt0452046,Criminal Minds,10,tt4200628,12,Anonymous,2015,"Crime,Drama,Mystery",41.0,1861,7.5
tt0452046,Criminal Minds,10,tt4231040,13,Nelson's Sparrow,2015,"Crime,Drama,Mystery",43.0,2505,8.1
tt0452046,Criminal Minds,10,tt4231038,14,Hero Worship,2015,"Crime,Drama,Mystery",42.0,2320,7.3
tt0452046,Criminal Minds,10,tt4382826,15,Scream,2015,"Crime,Drama,Mystery",41.0,1787,7.3
tt0452046,Criminal Minds,10,tt4380274,16,Lockdown,2015,"Crime,Drama,Mystery",43.0,2078,7.6
tt0452046,Criminal Minds,10,tt4364266,17,Breath Play,2015,"Crime,Drama,Mystery",41.0,2090,7.1
tt0452046,Criminal Minds,10,tt4415216,18,Rock Creek Park,2015,"Crime,Drama,Mystery",42.0,2326,7.5
tt0452046,Criminal Minds,10,tt4473890,19,Beyond Borders,2015,"Crime,Drama,Mystery",43.0,2360,7.0
tt0452046,Criminal Minds,10,tt4524998,20,A Place at the Table,2015,"Crime,Drama,Mystery",42.0,2308,7.4
tt0452046,Criminal Minds,10,tt4524996,21,Mr. Scratch,2015,"Crime,Drama,Mystery",42.0,3139,8.7
tt0452046,Criminal Minds,10,tt4525002,22,Protection,2015,"Crime,Drama,Mystery",43.0,2065,7.2
tt0452046,Criminal Minds,10,tt4553046,23,The Hunt,2015,"Crime,Drama,Mystery",41.0,1968,7.9
tt0452046,Criminal Minds,11,tt4705588,1,The Job,2015,"Crime,Drama,Mystery",43.0,1774,7.6
tt0452046,Criminal Minds,11,tt4893110,2,The Witness,2015,"Crime,Drama,Mystery",44.0,2183,7.5
tt0452046,Criminal Minds,11,tt4893118,3,'Til Death Do Us Part,2015,"Crime,Drama,Mystery",42.0,1798,7.0
tt0452046,Criminal Minds,11,tt4920092,4,Outlaw,2015,"Crime,Drama,Mystery",42.0,1786,7.2
tt0452046,Criminal Minds,11,tt4941872,5,The Night Watch,2015,"Crime,Drama,Mystery",41.0,1794,7.2
tt0452046,Criminal Minds,11,tt4995032,6,Pariahville,2015,"Crime,Drama,Mystery",41.0,1861,7.3
tt0452046,Criminal Minds,11,tt4995066,7,Target Rich,2015,"Crime,Drama,Mystery",43.0,1863,7.5
tt0452046,Criminal Minds,11,tt5027956,8,Awake,2015,"Crime,Drama,Mystery",40.0,2277,6.7
tt0452046,Criminal Minds,11,tt5059724,9,Internal Affairs,2015,"Crime,Drama,Mystery",43.0,2213,6.9
tt0452046,Criminal Minds,11,tt5083280,10,Future Perfect,2015,"Crime,Drama,Mystery",42.0,2197,6.6
tt0452046,Criminal Minds,11,tt5123360,11,Entropy,2016,"Crime,Drama,Mystery",43.0,3656,9.1
tt0452046,Criminal Minds,11,tt5167094,12,Drive,2016,"Crime,Drama,Mystery",40.0,1855,7.2
tt0452046,Criminal Minds,11,tt5198724,13,The Bond,2016,"Crime,Drama,Mystery",42.0,1832,7.1
tt0452046,Criminal Minds,11,tt5212798,14,Hostage,2016,"Crime,Drama,Mystery",42.0,2178,8.2
tt0452046,Criminal Minds,11,tt5276110,15,A Badge and a Gun,2016,"Crime,Drama,Mystery",40.0,1726,7.3
tt0452046,Criminal Minds,11,tt5276126,16,Derek,2016,"Crime,Drama,Mystery",43.0,2151,8.0
tt0452046,Criminal Minds,11,tt5390090,17,The Sandman,2016,"Crime,Drama,Mystery",41.0,1820,7.3
tt0452046,Criminal Minds,11,tt5390436,18,A Beautiful Disaster,2016,"Crime,Drama,Mystery",43.0,2463,8.4
tt0452046,Criminal Minds,11,tt5435256,19,Tribute,2016,"Crime,Drama,Mystery",42.0,1765,7.5
tt0452046,Criminal Minds,11,tt5460408,20,Inner Beauty,2016,"Crime,Drama,Mystery",40.0,1908,7.0
tt0452046,Criminal Minds,11,tt5466720,21,Devil's Backbone,2016,"Crime,Drama,Mystery",43.0,1953,7.8
tt0452046,Criminal Minds,11,tt5531198,22,The Storm,2016,"Crime,Drama,Mystery",42.0,2024,8.1
tt0452046,Criminal Minds,12,tt5787340,1,The Crimson King,2016,"Crime,Drama,Mystery",43.0,2090,7.4
tt0452046,Criminal Minds,12,tt5886782,2,Sick Day,2016,"Crime,Drama,Mystery",43.0,2332,7.5
tt0452046,Criminal Minds,12,tt5933666,3,Taboo,2016,"Crime,Drama,Mystery",40.0,2162,7.2
tt0452046,Criminal Minds,12,tt5993880,4,Keeper,2016,"Crime,Drama,Mystery",43.0,1809,7.1
tt0452046,Criminal Minds,12,tt6046328,5,The Anti-Terror Squad,2016,"Crime,Drama,Mystery",41.0,1716,7.1
tt0452046,Criminal Minds,12,tt6110614,6,Elliott's Pond,2016,"Crime,Drama,Mystery",43.0,2272,7.6
tt0452046,Criminal Minds,12,tt6057296,7,Mirror Image,2016,"Crime,Drama,Mystery",43.0,2142,7.7
tt0452046,Criminal Minds,12,tt6138744,8,Scarecrow,2016,"Crime,Drama,Mystery",41.0,1822,7.3
tt0452046,Criminal Minds,12,tt6151176,9,Profiling 202,2017,"Crime,Drama,Mystery",42.0,1896,7.3
tt0452046,Criminal Minds,12,tt6149366,10,Seek and Destroy,2017,"Crime,Drama,Mystery",40.0,1883,7.2
tt0452046,Criminal Minds,12,tt6241332,11,Surface Tension,2017,"Crime,Drama,Mystery",43.0,2103,7.2
tt0452046,Criminal Minds,12,tt6241336,12,A Good Husband,2017,"Crime,Drama,Mystery",41.0,2089,6.7
tt0452046,Criminal Minds,12,tt6241338,13,Spencer,2017,"Crime,Drama,Mystery",42.0,2227,7.8
tt0452046,Criminal Minds,12,tt6391984,14,Collision Course,2017,"Crime,Drama,Mystery",42.0,1785,7.3
tt0452046,Criminal Minds,12,tt6391990,15,Alpha Male,2017,"Crime,Drama,Mystery",42.0,1872,7.2
tt0452046,Criminal Minds,12,tt6443622,16,Assistance Is Futile,2017,"Crime,Drama,Mystery",42.0,2045,7.2
tt0452046,Criminal Minds,12,tt6445490,17,In the Dark,2017,"Crime,Drama,Mystery",41.0,2038,7.3
tt0452046,Criminal Minds,12,tt6461236,18,Hell's Kitchen,2017,"Crime,Drama,Mystery",43.0,2067,7.3
tt0452046,Criminal Minds,12,tt6504612,19,True North,2017,"Crime,Drama,Mystery",41.0,2004,7.2
tt0452046,Criminal Minds,12,tt6527272,20,Unforgettable,2017,"Crime,Drama,Mystery",41.0,1794,7.5
tt0452046,Criminal Minds,12,tt6604248,21,Green Light,2017,"Crime,Drama,Mystery",40.0,1926,8.2
tt0452046,Criminal Minds,12,tt6688102,22,Red Light,2017,"Crime,Drama,Mystery",43.0,2013,8.4
tt0452046,Criminal Minds,13,tt6756430,1,Wheels Up,2017,"Crime,Drama,Mystery",43.0,1803,8.1
tt0452046,Criminal Minds,13,tt7038854,2,To a Better Place,2017,"Crime,Drama,Mystery",43.0,1912,7.5
tt0452046,Criminal Minds,13,tt7042748,3,Blue Angel,2017,"Crime,Drama,Mystery",43.0,1534,7.3
tt0452046,Criminal Minds,13,tt7042722,4,Killer App,2017,"Crime,Drama,Mystery",40.0,1629,7.5
tt0452046,Criminal Minds,13,tt7324378,5,Lucky Strikes,2017,"Crime,Drama,Mystery",42.0,1507,7.7
tt0452046,Criminal Minds,13,tt7050388,6,The Bunker,2017,"Crime,Drama,Mystery",42.0,1873,7.6
tt0452046,Criminal Minds,13,tt7365228,7,Dust and Bones,2017,"Crime,Drama,Mystery",42.0,1707,7.3
tt0452046,Criminal Minds,13,tt7369122,8,Neon Terror,2017,"Crime,Drama,Mystery",40.0,1235,7.0
tt0452046,Criminal Minds,13,tt7444394,9,False Flag,2017,"Crime,Drama,Mystery",43.0,1390,7.3
tt0452046,Criminal Minds,13,tt7512742,10,Submerged,2018,"Crime,Drama,Mystery",42.0,1133,6.9
tt0452046,Criminal Minds,13,tt7514000,11,Full-Tilt Boogie,2018,"Crime,Drama,Mystery",42.0,1242,7.3
tt0452046,Criminal Minds,13,tt7512744,12,Bad Moon on the Rise,2018,"Crime,Drama,Mystery",41.0,1575,7.2
tt0452046,Criminal Minds,13,tt7512746,13,Cure,2018,"Crime,Drama,Mystery",43.0,1438,7.4
tt0452046,Criminal Minds,13,tt7621294,14,Miasma,2018,"Crime,Drama,Mystery",42.0,1582,7.2
tt0452046,Criminal Minds,13,tt7783730,15,Annihilator,2018,"Crime,Drama,Mystery",42.0,1644,7.6
tt0452046,Criminal Minds,13,tt7783756,16,Last Gasp,2018,"Crime,Drama,Mystery",43.0,1326,8.1
tt0452046,Criminal Minds,13,tt7856468,17,The Capilanos,2018,"Crime,Drama,Mystery",43.0,1668,7.5
tt0452046,Criminal Minds,13,tt7912274,18,The Dance of Love,2018,"Crime,Drama,Mystery",42.0,1362,7.4
tt0452046,Criminal Minds,13,tt8031614,19,Ex Parte,2018,"Crime,Drama,Mystery",42.0,1313,7.5
tt0452046,Criminal Minds,13,tt8031622,20,All You Can Eat,2018,"Crime,Drama,Mystery",42.0,1119,6.9
tt0452046,Criminal Minds,13,tt8031630,21,Mixed Signals,2018,"Crime,Drama,Mystery",40.0,1046,7.0
tt0452046,Criminal Minds,13,tt8097120,22,Believer,2018,"Crime,Drama,Mystery",43.0,1547,8.5
tt0452046,Criminal Minds,14,tt8407802,1,300,2018,"Crime,Drama,Mystery",41.0,1441,8.3
tt0452046,Criminal Minds,14,tt8663430,2,Starter Home,2018,"Crime,Drama,Mystery",43.0,1090,7.6
tt0452046,Criminal Minds,14,tt8663434,3,Rule 34,2018,"Crime,Drama,Mystery",41.0,1053,7.4
tt0452046,Criminal Minds,14,tt8663438,4,Innocence,2018,"Crime,Drama,Mystery",40.0,998,7.1
tt0452046,Criminal Minds,14,tt8663440,5,The Tall Man,2018,"Crime,Drama,Mystery",43.0,1374,8.3
tt0452046,Criminal Minds,14,tt8889956,6,Luke,2018,"Crime,Drama,Mystery",41.0,1092,7.4
tt0452046,Criminal Minds,14,tt8889958,7,Twenty Seven,2018,"Crime,Drama,Mystery",41.0,1075,7.7
tt0452046,Criminal Minds,14,tt9013574,8,Ashley,2018,"Crime,Drama,Mystery",43.0,1004,7.4
tt0452046,Criminal Minds,14,tt9056162,9,Broken Wing,2018,"Crime,Drama,Mystery",43.0,944,7.3
tt0452046,Criminal Minds,14,tt9127250,10,Flesh and Blood,2018,"Crime,Drama,Mystery",43.0,949,7.4
tt0452046,Criminal Minds,14,tt9172252,11,Night Lights,2019,"Crime,Drama,Mystery",40.0,904,7.2
tt0452046,Criminal Minds,14,tt9256880,12,Hamelin,2019,"Crime,Drama,Mystery",43.0,983,7.4
tt0452046,Criminal Minds,14,tt9256884,13,Chameleon,2019,"Crime,Drama,Mystery",42.0,1138,8.1
tt0452046,Criminal Minds,14,tt9346578,14,Sick and Evil,2019,"Crime,Drama,Mystery",40.0,851,7.1
tt0452046,Criminal Minds,14,tt8835038,15,Truth or Dare,2019,"Crime,Drama,Mystery",43.0,1115,7.5
tt0452046,Criminal Minds,15,tt9597726,1,Under the Skin,2020,"Crime,Drama,Mystery",43.0,927,7.9
tt0452046,Criminal Minds,15,tt9669180,2,Awakenings,2020,"Crime,Drama,Mystery",41.0,871,7.9
tt0452046,Criminal Minds,15,tt9690774,3,Spectator Slowing,2020,"Crime,Drama,Mystery",41.0,773,7.2
tt0452046,Criminal Minds,15,tt9701948,4,Saturday,2020,"Crime,Drama,Mystery",43,1046,8.0
tt0452046,Criminal Minds,15,tt9701954,5,Ghost,2020,"Crime,Drama,Mystery",40,770,7.3
tt0452046,Criminal Minds,15,tt9701952,6,Date Night,2020,"Crime,Drama,Mystery",43,1188,8.6
tt0452046,Criminal Minds,15,tt9701956,7,Rusty,2020,"Crime,Drama,Mystery",43,765,7.0
tt0452046,Criminal Minds,15,tt9701962,8,Family Tree,2020,"Crime,Drama,Mystery",42,738,7.2
tt0452046,Criminal Minds,15,tt9701964,9,Face Off,2020,"Crime,Drama,Mystery",43,798,8.2
tt0452046,Criminal Minds,15,tt9701946,10,And in the End,2020,"Crime,Drama,Mystery",43,1163,7.5
tt0452046,Criminal Minds,16,tt21277876,1,Just Getting Started,2022,"Crime,Drama,Mystery",,1080,8.0
tt0452046,Criminal Minds,16,tt21286846,2,Sicarius,2022,"Crime,Drama,Mystery",,886,8.1
tt0452046,Criminal Minds,16,tt21286850,3,Moose,2022,"Crime,Drama,Mystery",,758,7.9
tt0452046,Criminal Minds,16,tt21286852,4,Pay-Per-View,2022,"Crime,Drama,Mystery",,692,7.7
tt0452046,Criminal Minds,16,tt21286864,5,Oedipus Wrecks,2022,"Crime,Drama,Mystery",,709,8.3
tt0452046,Criminal Minds,16,tt21286854,6,True Conviction,2023,"Crime,Drama,Mystery",,632,7.7
tt0452046,Criminal Minds,16,tt21286858,7,What Doesn't Kill Us,2023,"Crime,Drama,Mystery",,616,7.8
tt0452046,Criminal Minds,16,tt21286860,8,Forget Me Knots,2023,"Crime,Drama,Mystery",,601,8.0
tt0452046,Criminal Minds,16,tt21286856,9,Memento Mori,2023,"Crime,Drama,Mystery",,635,8.1
tt0452046,Criminal Minds,16,tt21286862,10,Dead End,2023,"Crime,Drama,Mystery",,719,7.9
tt0452046,Criminal Minds,17,tt26211290,1,Gold Star,2024,"Crime,Drama,Mystery",,510,8.0
tt0452046,Criminal Minds,17,tt32277085,2,Contagion,2024,"Crime,Drama,Mystery",,451,7.7
tt0452046,Criminal Minds,17,tt32277088,3,Homesick,2024,"Crime,Drama,Mystery",,409,7.3
tt0452046,Criminal Minds,17,tt32277092,4,Kingdom of the Blind,2024,"Crime,Drama,Mystery",,396,7.5
tt0452046,Criminal Minds,17,tt32277097,5,Conspiracy vs. Theory,2024,"Crime,Drama,Mystery",,363,7.5
tt0452046,Criminal Minds,17,tt32277100,6,Message in a Bottle,2024,"Crime,Drama,Mystery",,394,7.2
tt0452046,Criminal Minds,17,tt32277101,7,Piranha,2024,"Crime,Drama,Mystery",,415,7.9
tt0452046,Criminal Minds,17,tt32277102,8,North Star,2024,"Crime,Drama,Mystery",,361,7.8
tt0452046,Criminal Minds,17,tt32277104,9,Stars & Stripes,2024,"Crime,Drama,Mystery",,308,7.8
tt0452046,Criminal Minds,17,tt32277106,10,Save the Children,2024,"Crime,Drama,Mystery",,325,7.7
tt3322312,Daredevil,1,tt3330796,1,Into the Ring,2015,"Action,Crime,Drama",53.0,15656,8.4
tt3322312,Daredevil,1,tt3915096,2,Cut Man,2015,"Action,Crime,Drama",53,14981,8.9
tt3322312,Daredevil,1,tt4000782,3,Rabbit in a Snowstorm,2015,"Action,Crime,Drama",52,12662,8.3
tt3322312,Daredevil,1,tt4061068,4,In the Blood,2015,"Action,Crime,Drama",52.0,12320,8.6
tt3322312,Daredevil,1,tt4061074,5,World on Fire,2015,"Action,Crime,Drama",56.0,11901,8.7
tt3322312,Daredevil,1,tt4065594,6,Condemned,2015,"Action,Crime,Drama",48.0,12127,8.9
tt3322312,Daredevil,1,tt4125416,7,Stick,2015,"Action,Crime,Drama",50.0,11753,8.5
tt3322312,Daredevil,1,tt4125418,8,Shadows in the Glass,2015,"Action,Crime,Drama",53.0,11807,8.9
tt3322312,Daredevil,1,tt4125420,9,Speak of the Devil,2015,"Action,Crime,Drama",58.0,12109,9.1
tt3322312,Daredevil,1,tt4125422,10,Nelson v. Murdock,2015,"Action,Crime,Drama",57.0,11261,8.4
tt3322312,Daredevil,1,tt4125426,11,The Path of the Righteous,2015,"Action,Crime,Drama",59.0,11107,8.7
tt3322312,Daredevil,1,tt4125424,12,The Ones We Leave Behind,2015,"Action,Crime,Drama",60.0,10849,8.6
tt3322312,Daredevil,1,tt4125428,13,Daredevil,2015,"Action,Crime,Drama",56.0,14048,9.3
tt3322312,Daredevil,2,tt4625048,1,Bang,2016,"Action,Crime,Drama",48.0,11566,8.8
tt3322312,Daredevil,2,tt4817432,2,Dogs to a Gunfight,2016,"Action,Crime,Drama",50.0,10324,8.6
tt3322312,Daredevil,2,tt4935616,3,New York's Finest,2016,"Action,Crime,Drama",48.0,13551,9.4
tt3322312,Daredevil,2,tt4947664,4,Penny and Dime,2016,"Action,Crime,Drama",60.0,12784,9.4
tt3322312,Daredevil,2,tt4950308,5,Kinbaku,2016,"Action,Crime,Drama",56.0,9517,8.2
tt3322312,Daredevil,2,tt4950312,6,Regrets Only,2016,"Action,Crime,Drama",56.0,9103,8.5
tt3322312,Daredevil,2,tt4950310,7,Semper Fidelis,2016,"Action,Crime,Drama",56.0,8999,8.5
tt3322312,Daredevil,2,tt4950326,8,Guilty as Sin,2016,"Action,Crime,Drama",54.0,9705,9.0
tt3322312,Daredevil,2,tt4950314,9,Seven Minutes in Heaven,2016,"Action,Crime,Drama",59.0,11469,9.4
tt3322312,Daredevil,2,tt4950318,10,The Man in the Box,2016,"Action,Crime,Drama",52.0,9333,9.0
tt3322312,Daredevil,2,tt4950322,11,.380,2016,"Action,Crime,Drama",55.0,8772,8.7
tt3322312,Daredevil,2,tt4950320,12,The Dark at the End of the Tunnel,2016,"Action,Crime,Drama",52.0,9005,8.8
tt3322312,Daredevil,2,tt4950324,13,A Cold Day in Hell's Kitchen,2016,"Action,Crime,Drama",58.0,10835,9.1
tt3322312,Daredevil,3,tt5902120,1,Resurrection,2018,"Action,Crime,Drama",53.0,8431,8.2
tt3322312,Daredevil,3,tt6741926,2,Please,2018,"Action,Crime,Drama",50.0,7909,8.5
tt3322312,Daredevil,3,tt6741928,3,No Good Deed,2018,"Action,Crime,Drama",50.0,7580,8.4
tt3322312,Daredevil,3,tt6741930,4,Blindsided,2018,"Action,Crime,Drama",54.0,12488,9.5
tt3322312,Daredevil,3,tt6741932,5,The Perfect Game,2018,"Action,Crime,Drama",49.0,8178,8.8
tt3322312,Daredevil,3,tt6741934,6,The Devil You Know,2018,"Action,Crime,Drama",54.0,9870,9.5
tt3322312,Daredevil,3,tt6741936,7,Aftermath,2018,"Action,Crime,Drama",50.0,7671,8.7
tt3322312,Daredevil,3,tt6741938,8,Upstairs/Downstairs,2018,"Action,Crime,Drama",50.0,7684,9.0
tt3322312,Daredevil,3,tt6741940,9,Revelations,2018,"Action,Crime,Drama",54.0,7680,9.1
tt3322312,Daredevil,3,tt6741942,10,Karen,2018,"Action,Crime,Drama",46.0,8154,8.6
tt3322312,Daredevil,3,tt6741944,11,Reunion,2018,"Action,Crime,Drama",50.0,7544,9.1
tt3322312,Daredevil,3,tt6741946,12,One Last Shot,2018,"Action,Crime,Drama",55.0,8093,9.3
tt3322312,Daredevil,3,tt6741948,13,A New Napkin,2018,"Action,Crime,Drama",54.0,11572,9.5
tt5753856,Dark,1,tt6305578,1,Geheimnisse,2017,"Crime,Drama,Mystery",51.0,17015,8.2
tt5753856,Dark,1,tt7305776,2,Lügen,2017,"Crime,Drama,Mystery",44.0,14988,8.1
tt5753856,Dark,1,tt7305820,3,Gestern und heute,2017,"Crime,Drama,Mystery",45.0,14522,8.5
tt5753856,Dark,1,tt7305818,4,Doppelleben,2017,"Crime,Drama,Mystery",47.0,13696,8.1
tt5753856,Dark,1,tt7313308,5,Wahrheiten,2017,"Crime,Drama,Mystery",45.0,14495,8.8
tt5753856,Dark,1,tt7313312,6,Sic Mundus Creatus Est,2017,"Crime,Drama,Mystery",51.0,14211,9.0
tt5753856,Dark,1,tt7305824,7,Kreuzwege,2017,"Crime,Drama,Mystery",52.0,13147,8.6
tt5753856,Dark,1,tt7313316,8,"Was man sät, das wird man ernten",2017,"Crime,Drama,Mystery",50.0,14068,9.1
tt5753856,Dark,1,tt7313320,9,Alles ist jetzt,2017,"Crime,Drama,Mystery",55.0,12924,8.6
tt5753856,Dark,1,tt7313322,10,Alpha und Omega,2017,"Crime,Drama,Mystery",57.0,14711,9.1
tt5753856,Dark,2,tt7787482,1,Anfänge und Enden,2019,"Crime,Drama,Mystery",53.0,14341,8.6
tt5753856,Dark,2,tt10454716,2,Dunkle Materie,2019,"Crime,Drama,Mystery",54.0,13400,8.8
tt5753856,Dark,2,tt10454722,3,Gespenster,2019,"Crime,Drama,Mystery",56.0,13367,9.0
tt5753856,Dark,2,tt10454726,4,Die Reisenden,2019,"Crime,Drama,Mystery",60.0,14706,9.4
tt5753856,Dark,2,tt10454732,5,Vom Suchen und Finden,2019,"Crime,Drama,Mystery",56.0,13424,9.2
tt5753856,Dark,2,tt10454734,6,Ein unendlicher Kreis,2019,"Crime,Drama,Mystery",54.0,16979,9.5
tt5753856,Dark,2,tt10457652,7,Der weiße Teufel,2019,"Crime,Drama,Mystery",58.0,13281,9.1
tt5753856,Dark,2,tt10457654,8,Enden und Anfänge,2019,"Crime,Drama,Mystery",57.0,16320,9.4
tt5753856,Dark,3,tt10414808,1,Deja-vu,2020,"Crime,Drama,Mystery",62.0,15282,8.8
tt5753856,Dark,3,tt12557670,2,Die Überlebenden,2020,"Crime,Drama,Mystery",60.0,13959,8.6
tt5753856,Dark,3,tt12557682,3,Adam und Eva,2020,"Crime,Drama,Mystery",57.0,13694,8.6
tt5753856,Dark,3,tt12557686,4,Der Ursprung,2020,"Crime,Drama,Mystery",64.0,13895,8.8
tt5753856,Dark,3,tt12557688,5,Leben und Tod,2020,"Crime,Drama,Mystery",64.0,15199,9.2
tt5753856,Dark,3,tt12557694,6,Licht und Schatten,2020,"Crime,Drama,Mystery",59.0,14569,9.0
tt5753856,Dark,3,tt12557700,7,Zwischen der Zeit,2020,"Crime,Drama,Mystery",69.0,18971,9.4
tt5753856,Dark,3,tt12557704,8,Das Paradies,2020,"Crime,Drama,Mystery",73.0,26097,9.6
tt0877057,Death Note,1,tt0885243,1,Rebirth,2006,"Animation,Crime,Drama",24.0,7344,8.4
tt0877057,Death Note,1,tt0900488,2,Confrontation,2006,"Animation,Crime,Drama",24.0,7618,9.0
tt0877057,Death Note,1,tt0909466,3,Dealings,2006,"Animation,Crime,Drama",24.0,5924,8.4
tt0877057,Death Note,1,tt0901528,4,Pursuit,2006,"Animation,Crime,Drama",24.0,6072,8.7
tt0877057,Death Note,1,tt0903684,5,Tactics,2006,"Animation,Crime,Drama",24.0,5722,8.5
tt0877057,Death Note,1,tt0905451,6,Unraveling,2006,"Animation,Crime,Drama",23.0,5479,8.2
tt0877057,Death Note,1,tt0919367,7,Overcast,2006,"Animation,Crime,Drama",23.0,7305,9.1
tt0877057,Death Note,1,tt0919369,8,Glare,2006,"Animation,Crime,Drama",23.0,5321,8.4
tt0877057,Death Note,1,tt0919370,9,Encounter,2006,"Animation,Crime,Drama",23.0,5390,8.5
tt0877057,Death Note,1,tt0919368,10,Doubt,2006,"Animation,Crime,Drama",23.0,5169,8.1
tt0877057,Death Note,1,tt0919371,11,Assault,2006,"Animation,Crime,Drama",24.0,5298,8.7
tt0877057,Death Note,1,tt0924022,12,Love,2006,"Animation,Crime,Drama",23.0,5016,8.2
tt0877057,Death Note,1,tt0924023,13,Confession,2007,"Animation,Crime,Drama",24.0,4949,8.3
tt0877057,Death Note,1,tt0947907,14,Friend,2007,"Animation,Crime,Drama",24.0,4899,8.2
tt0877057,Death Note,1,tt0947906,15,Wager,2007,"Animation,Crime,Drama",23.0,5474,8.9
tt0877057,Death Note,1,tt0950512,16,Decision,2007,"Animation,Crime,Drama",23.0,4851,8.3
tt0877057,Death Note,1,tt0950513,17,Execution,2007,"Animation,Crime,Drama",23.0,4853,8.0
tt0877057,Death Note,1,tt0954288,18,Ally,2007,"Animation,Crime,Drama",23.0,4728,7.3
tt0877057,Death Note,1,tt0961420,19,Matsuda,2007,"Animation,Crime,Drama",24.0,4676,7.6
tt0877057,Death Note,1,tt0966785,20,Makeshift,2007,"Animation,Crime,Drama",24.0,4620,7.3
tt0877057,Death Note,1,tt0972446,21,Performance,2007,"Animation,Crime,Drama",23.0,4578,7.7
tt0877057,Death Note,1,tt0972447,22,Guidance,2007,"Animation,Crime,Drama",23.0,4635,8.1
tt0877057,Death Note,1,tt0983351,23,Frenzy,2007,"Animation,Crime,Drama",23.0,5238,8.8
tt0877057,Death Note,1,tt0990612,24,Revival,2007,"Animation,Crime,Drama",24.0,7358,9.3
tt0877057,Death Note,1,tt0990611,25,Silence,2007,"Animation,Crime,Drama",24.0,10319,9.6
tt0877057,Death Note,1,tt0990613,26,Renewal,2007,"Animation,Crime,Drama",24.0,4913,6.9
tt0877057,Death Note,1,tt1007230,27,Abduction,2007,"Animation,Crime,Drama",24.0,4543,7.2
tt0877057,Death Note,1,tt1010095,28,Impatience,2007,"Animation,Crime,Drama",24.0,4429,7.3
tt0877057,Death Note,1,tt1021402,29,Father,2007,"Animation,Crime,Drama",24,4594,7.9
tt0877057,Death Note,1,tt1021404,30,Justice,2007,"Animation,Crime,Drama",24,4346,7.6
tt0877057,Death Note,1,tt1021403,31,Transfer,2007,"Animation,Crime,Drama",24,4353,7.6
tt0877057,Death Note,1,tt1029789,32,Selection,2007,"Animation,Crime,Drama",24.0,4435,7.8
tt0877057,Death Note,1,tt1029788,33,Scorn,2007,"Animation,Crime,Drama",23.0,4362,7.1
tt0877057,Death Note,1,tt1043073,34,Vigilance,2007,"Animation,Crime,Drama",24.0,4284,7.2
tt0877057,Death Note,1,tt1043074,35,Malice,2007,"Animation,Crime,Drama",24.0,4478,7.9
tt0877057,Death Note,1,tt1044252,36,1.28,2007,"Animation,Crime,Drama",24.0,5792,8.9
tt0877057,Death Note,1,tt1043075,37,New World,2007,"Animation,Crime,Drama",23.0,7280,8.6
tt0773262,Dexter,1,tt0785280,1,Dexter,2006,"Crime,Drama,Mystery",53.0,13984,8.6
tt0773262,Dexter,1,tt0757186,2,Crocodile,2006,"Crime,Drama,Mystery",55.0,9802,8.2
tt0773262,Dexter,1,tt0828745,3,Popping Cherry,2006,"Crime,Drama,Mystery",51.0,9214,8.2
tt0773262,Dexter,1,tt0824887,4,Let's Give the Boy a Hand,2006,"Crime,Drama,Mystery",58.0,9019,8.6
tt0773262,Dexter,1,tt0823912,5,Love American Style,2006,"Crime,Drama,Mystery",56.0,8640,8.4
tt0773262,Dexter,1,tt0836899,6,Return to Sender,2006,"Crime,Drama,Mystery",53.0,9327,8.9
tt0773262,Dexter,1,tt0859272,7,Circle of Friends,2006,"Crime,Drama,Mystery",52.0,8497,8.6
tt0773262,Dexter,1,tt0859273,8,Shrink Wrap,2006,"Crime,Drama,Mystery",53.0,9442,8.9
tt0773262,Dexter,1,tt0866567,9,Father Knows Best,2006,"Crime,Drama,Mystery",55.0,8302,8.5
tt0773262,Dexter,1,tt0866568,10,Seeing Red,2006,"Crime,Drama,Mystery",56.0,9449,9.1
tt0773262,Dexter,1,tt0866569,11,Truth Be Told,2006,"Crime,Drama,Mystery",54.0,9805,9.2
tt0773262,Dexter,1,tt0877058,12,Born Free,2006,"Crime,Drama,Mystery",56.0,16353,9.6
tt0773262,Dexter,2,tt1013977,1,It's Alive!,2007,"Crime,Drama,Mystery",53.0,8127,8.6
tt0773262,Dexter,2,tt1013981,2,Waiting to Exhale,2007,"Crime,Drama,Mystery",56.0,7475,8.4
tt0773262,Dexter,2,tt1013982,3,An Inconvenient Lie,2007,"Crime,Drama,Mystery",52.0,7425,8.5
tt0773262,Dexter,2,tt1013983,4,See-Through,2007,"Crime,Drama,Mystery",53.0,7142,8.3
tt0773262,Dexter,2,tt1013984,5,The Dark Defender,2007,"Crime,Drama,Mystery",56.0,7359,8.6
tt0773262,Dexter,2,tt1013985,6,"Dex, Lies, and Videotape",2007,"Crime,Drama,Mystery",53.0,7147,8.5
tt0773262,Dexter,2,tt1013986,7,"That Night, a Forest Grew",2007,"Crime,Drama,Mystery",55.0,7284,8.7
tt0773262,Dexter,2,tt1013987,8,Morning Comes,2007,"Crime,Drama,Mystery",49.0,7743,9.0
tt0773262,Dexter,2,tt1013988,9,Resistance Is Futile,2007,"Crime,Drama,Mystery",50.0,9308,9.4
tt0773262,Dexter,2,tt1013978,10,There's Something About Harry,2007,"Crime,Drama,Mystery",55.0,7484,8.9
tt0773262,Dexter,2,tt1013979,11,Left Turn Ahead,2007,"Crime,Drama,Mystery",51.0,7547,9.0
tt0773262,Dexter,2,tt1013980,12,The British Invasion,2007,"Crime,Drama,Mystery",51.0,9185,9.2
tt0773262,Dexter,3,tt1242111,1,Our Father,2008,"Crime,Drama,Mystery",58,6901,8.1
tt0773262,Dexter,3,tt1242115,2,Finding Freebo,2008,"Crime,Drama,Mystery",49,6563,8.3
tt0773262,Dexter,3,tt1242116,3,The Lion Sleeps Tonight,2008,"Crime,Drama,Mystery",49,6398,8.0
tt0773262,Dexter,3,tt1242117,4,All in the Family,2008,"Crime,Drama,Mystery",54,6342,8.0
tt0773262,Dexter,3,tt1242118,5,Turning Biminese,2008,"Crime,Drama,Mystery",49,6279,8.3
tt0773262,Dexter,3,tt1242119,6,Sí Se Puede,2008,"Crime,Drama,Mystery",54,6182,8.1
tt0773262,Dexter,3,tt1242120,7,Easy As Pie,2008,"Crime,Drama,Mystery",58,6377,8.4
tt0773262,Dexter,3,tt1242121,8,The Damage A Man Can Do,2008,"Crime,Drama,Mystery",54,6239,8.5
tt0773262,Dexter,3,tt1242122,9,About Last Night,2008,"Crime,Drama,Mystery",51,6381,8.7
tt0773262,Dexter,3,tt1242112,10,Go Your Own Way,2008,"Crime,Drama,Mystery",50,6803,9.0
tt0773262,Dexter,3,tt1242113,11,I Had A Dream,2008,"Crime,Drama,Mystery",51,6547,8.8
tt0773262,Dexter,3,tt1242114,12,Do You Take Dexter Morgan?,2008,"Crime,Drama,Mystery",51,7006,8.8
tt0773262,Dexter,4,tt1444418,1,Living the Dream,2009,"Crime,Drama,Mystery",54.0,7054,8.6
tt0773262,Dexter,4,tt1444422,2,Remains to Be Seen,2009,"Crime,Drama,Mystery",49.0,6474,8.6
tt0773262,Dexter,4,tt1444423,3,Blinded by the Light,2009,"Crime,Drama,Mystery",51.0,6324,8.2
tt0773262,Dexter,4,tt1444424,4,Dex Takes A Holiday,2009,"Crime,Drama,Mystery",55.0,7549,9.2
tt0773262,Dexter,4,tt1444425,5,Dirty Harry,2009,"Crime,Drama,Mystery",49.0,6833,8.9
tt0773262,Dexter,4,tt1444426,6,If I Had a Hammer,2009,"Crime,Drama,Mystery",55.0,6362,8.6
tt0773262,Dexter,4,tt1444427,7,Slack Tide,2009,"Crime,Drama,Mystery",53.0,6259,8.4
tt0773262,Dexter,4,tt1444428,8,Road Kill,2009,"Crime,Drama,Mystery",54.0,6339,8.4
tt0773262,Dexter,4,tt1444429,9,Hungry Man,2009,"Crime,Drama,Mystery",51.0,9267,9.4
tt0773262,Dexter,4,tt1444419,10,Lost Boys,2009,"Crime,Drama,Mystery",57.0,7664,9.2
tt0773262,Dexter,4,tt1444420,11,"Hello, Dexter Morgan",2009,"Crime,Drama,Mystery",51.0,9874,9.5
tt0773262,Dexter,4,tt1444421,12,The Getaway,2009,"Crime,Drama,Mystery",51.0,21262,9.8
tt0773262,Dexter,5,tt1615586,1,My Bad,2010,"Crime,Drama,Mystery",53.0,7671,8.8
tt0773262,Dexter,5,tt1681772,2,Hello Bandit,2010,"Crime,Drama,Mystery",50.0,5831,8.1
tt0773262,Dexter,5,tt1691535,3,Practically Perfect,2010,"Crime,Drama,Mystery",49.0,5707,8.3
tt0773262,Dexter,5,tt1691360,4,Beauty And The Beast,2010,"Crime,Drama,Mystery",51.0,5669,8.3
tt0773262,Dexter,5,tt1699327,5,First Blood,2010,"Crime,Drama,Mystery",50.0,5727,7.9
tt0773262,Dexter,5,tt1699544,6,Everything Is Illumenated,2010,"Crime,Drama,Mystery",49.0,6064,8.7
tt0773262,Dexter,5,tt1721224,7,Circle Us,2010,"Crime,Drama,Mystery",48.0,5564,8.3
tt0773262,Dexter,5,tt1720655,8,Take It!,2010,"Crime,Drama,Mystery",52.0,5876,8.8
tt0773262,Dexter,5,tt1733347,9,Teenage Wasteland,2010,"Crime,Drama,Mystery",55.0,6140,8.9
tt0773262,Dexter,5,tt1733346,10,In The Beginning,2010,"Crime,Drama,Mystery",53.0,6092,8.9
tt0773262,Dexter,5,tt1733345,11,Hop A Freighter,2010,"Crime,Drama,Mystery",47.0,5835,8.8
tt0773262,Dexter,5,tt1733344,12,The Big One,2010,"Crime,Drama,Mystery",56.0,6901,8.8
tt0773262,Dexter,6,tt1790076,1,Those Kinds of Things,2011,"Crime,Drama,Mystery",54.0,6837,8.4
tt0773262,Dexter,6,tt1890880,2,Once Upon a Time...,2011,"Crime,Drama,Mystery",53.0,5734,7.9
tt0773262,Dexter,6,tt1890881,3,Smokey and the Bandit,2011,"Crime,Drama,Mystery",50.0,5539,8.0
tt0773262,Dexter,6,tt1890882,4,A Horse of a Different Color,2011,"Crime,Drama,Mystery",52.0,5581,8.3
tt0773262,Dexter,6,tt1890883,5,The Angel of Death,2011,"Crime,Drama,Mystery",51.0,5481,7.9
tt0773262,Dexter,6,tt1890884,6,Just Let Go,2011,"Crime,Drama,Mystery",54.0,5645,8.4
tt0773262,Dexter,6,tt1890885,7,Nebraska,2011,"Crime,Drama,Mystery",52.0,6184,7.7
tt0773262,Dexter,6,tt1890886,8,Sin of Omission,2011,"Crime,Drama,Mystery",52.0,5390,7.7
tt0773262,Dexter,6,tt1890887,9,Get Gellar,2011,"Crime,Drama,Mystery",50.0,5826,8.4
tt0773262,Dexter,6,tt1890877,10,Ricochet Rabbit,2011,"Crime,Drama,Mystery",49.0,5382,7.9
tt0773262,Dexter,6,tt1890878,11,Talk to the Hand,2011,"Crime,Drama,Mystery",48.0,5529,8.2
tt0773262,Dexter,6,tt1890879,12,This Is the Way the World Ends,2011,"Crime,Drama,Mystery",51.0,8463,9.1
tt0773262,Dexter,7,tt2134715,1,Are You...?,2012,"Crime,Drama,Mystery",55.0,11490,9.4
tt0773262,Dexter,7,tt2403521,2,Sunshine and Frosty Swirl,2012,"Crime,Drama,Mystery",59.0,6460,8.7
tt0773262,Dexter,7,tt2170724,3,Buck the System,2012,"Crime,Drama,Mystery",56.0,5975,8.5
tt0773262,Dexter,7,tt2218408,4,Run,2012,"Crime,Drama,Mystery",54.0,6736,8.8
tt0773262,Dexter,7,tt2207888,5,Swim Deep,2012,"Crime,Drama,Mystery",57.0,5625,8.4
tt0773262,Dexter,7,tt2207890,6,Do the Wrong Thing,2012,"Crime,Drama,Mystery",54.0,5711,8.1
tt0773262,Dexter,7,tt2235984,7,Chemistry,2012,"Crime,Drama,Mystery",53.0,5641,8.3
tt0773262,Dexter,7,tt2235982,8,Argentina,2012,"Crime,Drama,Mystery",58.0,6584,8.8
tt0773262,Dexter,7,tt2235988,9,Helter Skelter,2012,"Crime,Drama,Mystery",57.0,5632,8.5
tt0773262,Dexter,7,tt2235986,10,The Dark...Whatever,2012,"Crime,Drama,Mystery",54.0,5429,8.3
tt0773262,Dexter,7,tt2235996,11,Do You See What I See?,2012,"Crime,Drama,Mystery",57.0,6029,8.9
tt0773262,Dexter,7,tt2235994,12,"Surprise, Motherf**ker!",2012,"Crime,Drama,Mystery",56.0,9519,9.3
tt0773262,Dexter,8,tt2577702,1,A Beautiful Day,2013,"Crime,Drama,Mystery",53.0,7767,8.4
tt0773262,Dexter,8,tt2578758,2,Every Silver Lining...,2013,"Crime,Drama,Mystery",57.0,5797,7.9
tt0773262,Dexter,8,tt2578760,3,What's Eating Dexter Morgan?,2013,"Crime,Drama,Mystery",49.0,5617,8.0
tt0773262,Dexter,8,tt2578762,4,Scar Tissue,2013,"Crime,Drama,Mystery",50.0,5670,7.9
tt0773262,Dexter,8,tt2578764,5,This Little Piggy,2013,"Crime,Drama,Mystery",48.0,5538,7.8
tt0773262,Dexter,8,tt2578770,6,A Little Reflection,2013,"Crime,Drama,Mystery",55.0,5518,7.6
tt0773262,Dexter,8,tt2578776,7,Dress Code,2013,"Crime,Drama,Mystery",53.0,5617,7.5
tt0773262,Dexter,8,tt2578778,8,Are We There Yet?,2013,"Crime,Drama,Mystery",52.0,5982,8.0
tt0773262,Dexter,8,tt2578782,9,Make Your Own Kind of Music,2013,"Crime,Drama,Mystery",55.0,5855,7.3
tt0773262,Dexter,8,tt2578788,10,Goodbye Miami,2013,"Crime,Drama,Mystery",53.0,6492,6.9
tt0773262,Dexter,8,tt2578790,11,Monkey in a Box,2013,"Crime,Drama,Mystery",52.0,6767,7.2
tt0773262,Dexter,8,tt2578802,12,Remember the Monsters?,2013,"Crime,Drama,Mystery",56.0,24645,4.8
tt0436992,Doctor Who,1,tt0562992,1,Rose,2005,"Adventure,Drama,Sci-Fi",45.0,11190,7.5
tt0436992,Doctor Who,1,tt0562997,2,The End of the World,2005,"Adventure,Drama,Sci-Fi",45.0,9856,7.5
tt0436992,Doctor Who,1,tt0563001,3,The Unquiet Dead,2005,"Adventure,Drama,Sci-Fi",45.0,9216,7.4
tt0436992,Doctor Who,1,tt0562985,4,Aliens of London,2005,"Adventure,Drama,Sci-Fi",45.0,8933,6.9
tt0436992,Doctor Who,1,tt0563003,5,World War Three,2005,"Adventure,Drama,Sci-Fi",45.0,8650,6.9
tt0436992,Doctor Who,1,tt0562988,6,Dalek,2005,"Adventure,Drama,Sci-Fi",45.0,9811,8.6
tt0436992,Doctor Who,1,tt0562999,7,The Long Game,2005,"Adventure,Drama,Sci-Fi",45.0,8503,7.0
tt0436992,Doctor Who,1,tt0562989,8,Father's Day,2005,"Adventure,Drama,Sci-Fi",45.0,9319,8.3
tt0436992,Doctor Who,1,tt0562996,9,The Empty Child,2005,"Adventure,Drama,Sci-Fi",45.0,11056,9.0
tt0436992,Doctor Who,1,tt0562995,10,The Doctor Dances,2005,"Adventure,Drama,Sci-Fi",45.0,10252,9.0
tt0436992,Doctor Who,1,tt0562987,11,Boom Town,2005,"Adventure,Drama,Sci-Fi",45.0,8130,7.1
tt0436992,Doctor Who,1,tt0562986,12,Bad Wolf,2005,"Adventure,Drama,Sci-Fi",45.0,9127,8.6
tt0436992,Doctor Who,1,tt0563000,13,The Parting of the Ways,2005,"Adventure,Drama,Sci-Fi",45.0,9751,9.0
tt0436992,Doctor Who,2,tt0562994,0,The Christmas Invasion,2005,"Adventure,Drama,Sci-Fi",60.0,9125,8.0
tt0436992,Doctor Who,2,tt0562990,1,New Earth,2006,"Adventure,Drama,Sci-Fi",45.0,8554,7.3
tt0436992,Doctor Who,2,tt0563002,2,Tooth and Claw,2006,"Adventure,Drama,Sci-Fi",45.0,8585,7.6
tt0436992,Doctor Who,2,tt0562993,3,School Reunion,2006,"Adventure,Drama,Sci-Fi",45.0,9089,8.2
tt0436992,Doctor Who,2,tt0562998,4,The Girl in the Fireplace,2006,"Adventure,Drama,Sci-Fi",45.0,13477,9.2
tt0436992,Doctor Who,2,tt0562991,5,Rise of the Cybermen,2006,"Adventure,Drama,Sci-Fi",45.0,8104,7.7
tt0436992,Doctor Who,2,tt0756447,6,The Age of Steel,2006,"Adventure,Drama,Sci-Fi",45.0,8016,7.8
tt0436992,Doctor Who,2,tt0756451,7,The Idiot's Lantern,2006,"Adventure,Drama,Sci-Fi",45.0,8161,6.7
tt0436992,Doctor Who,2,tt0772457,8,The Impossible Planet,2006,"Adventure,Drama,Sci-Fi",45.0,9125,8.6
tt0436992,Doctor Who,2,tt0756448,9,The Satan Pit,2006,"Adventure,Drama,Sci-Fi",45.0,9320,8.7
tt0436992,Doctor Who,2,tt0766171,10,Love & Monsters,2006,"Adventure,Drama,Sci-Fi",45.0,9408,6.1
tt0436992,Doctor Who,2,tt0756446,11,Fear Her,2006,"Adventure,Drama,Sci-Fi",45.0,8411,5.8
tt0436992,Doctor Who,2,tt0756449,12,Army of Ghosts,2006,"Adventure,Drama,Sci-Fi",45.0,8319,8.4
tt0436992,Doctor Who,2,tt0756450,13,Doomsday,2006,"Adventure,Drama,Sci-Fi",45.0,10958,9.2
tt0436992,Doctor Who,3,tt0827573,0,The Runaway Bride,2006,"Adventure,Drama,Sci-Fi",60.0,8593,7.6
tt0436992,Doctor Who,3,tt0974728,1,Smith and Jones,2007,"Adventure,Drama,Sci-Fi",45.0,8285,7.9
tt0436992,Doctor Who,3,tt0974729,2,The Shakespeare Code,2007,"Adventure,Drama,Sci-Fi",45.0,8258,7.5
tt0436992,Doctor Who,3,tt1000253,3,Gridlock,2007,"Adventure,Drama,Sci-Fi",45.0,8495,8.0
tt0436992,Doctor Who,3,tt0993186,4,Daleks in Manhattan,2007,"Adventure,Drama,Sci-Fi",45.0,7784,7.0
tt0436992,Doctor Who,3,tt0996572,5,Evolution of the Daleks,2007,"Adventure,Drama,Sci-Fi",45.0,7752,6.9
tt0436992,Doctor Who,3,tt1000257,6,The Lazarus Experiment,2007,"Adventure,Drama,Sci-Fi",45.0,7770,6.5
tt0436992,Doctor Who,3,tt1000251,7,42,2007,"Adventure,Drama,Sci-Fi",45.0,7582,7.2
tt0436992,Doctor Who,3,tt1000254,8,Human Nature,2007,"Adventure,Drama,Sci-Fi",45.0,9667,8.9
tt0436992,Doctor Who,3,tt1000256,9,The Family of Blood,2007,"Adventure,Drama,Sci-Fi",45.0,10592,9.2
tt0436992,Doctor Who,3,tt1000252,10,Blink,2007,"Adventure,Drama,Sci-Fi",45.0,25086,9.8
tt0436992,Doctor Who,3,tt1000259,11,Utopia,2007,"Adventure,Drama,Sci-Fi",45.0,8661,8.7
tt0436992,Doctor Who,3,tt1000258,12,The Sound of Drums,2007,"Adventure,Drama,Sci-Fi",45.0,8695,8.7
tt0436992,Doctor Who,3,tt1000255,13,Last of the Time Lords,2007,"Adventure,Drama,Sci-Fi",50.0,8925,8.3
tt0436992,Doctor Who,4,tt1061123,0,Voyage of the Damned,2007,"Adventure,Drama,Sci-Fi",71.0,8466,7.6
tt0436992,Doctor Who,4,tt1159991,1,Partners in Crime,2008,"Adventure,Drama,Sci-Fi",48,8170,7.7
tt0436992,Doctor Who,4,tt1173173,2,The Fires of Pompeii,2008,"Adventure,Drama,Sci-Fi",45.0,8361,8.0
tt0436992,Doctor Who,4,tt1173174,3,Planet of the Ood,2008,"Adventure,Drama,Sci-Fi",48.0,8002,8.0
tt0436992,Doctor Who,4,tt1159992,4,The Sontaran Stratagem,2008,"Adventure,Drama,Sci-Fi",45,7262,7.4
tt0436992,Doctor Who,4,tt1208127,5,The Poison Sky,2008,"Adventure,Drama,Sci-Fi",45,7191,7.5
tt0436992,Doctor Who,4,tt1205439,6,The Doctor's Daughter,2008,"Adventure,Drama,Sci-Fi",45,7980,7.5
tt0436992,Doctor Who,4,tt1208130,7,The Unicorn and the Wasp,2008,"Adventure,Drama,Sci-Fi",45,7879,7.7
tt0436992,Doctor Who,4,tt1208129,8,Silence in the Library,2008,"Adventure,Drama,Sci-Fi",43,11482,9.3
tt0436992,Doctor Who,4,tt1205440,9,Forest of the Dead,2008,"Adventure,Drama,Sci-Fi",45,11776,9.4
tt0436992,Doctor Who,4,tt1208128,10,Midnight,2008,"Adventure,Drama,Sci-Fi",45,10767,9.1
tt0436992,Doctor Who,4,tt1205436,11,Turn Left,2008,"Adventure,Drama,Sci-Fi",49,9178,8.9
tt0436992,Doctor Who,4,tt1205437,12,The Stolen Earth,2008,"Adventure,Drama,Sci-Fi",45,8965,9.0
tt0436992,Doctor Who,4,tt1205438,13,Journey's End,2008,"Adventure,Drama,Sci-Fi",63,10197,9.2
tt0436992,Doctor Who,5,tt1577256,1,The Eleventh Hour,2010,"Adventure,Drama,Sci-Fi",65.0,10172,8.7
tt0436992,Doctor Who,5,tt1577257,2,The Beast Below,2010,"Adventure,Drama,Sci-Fi",42.0,7992,7.6
tt0436992,Doctor Who,5,tt1577258,3,Victory of the Daleks,2010,"Adventure,Drama,Sci-Fi",42.0,7704,6.6
tt0436992,Doctor Who,5,tt1577259,4,The Time of Angels,2010,"Adventure,Drama,Sci-Fi",42.0,8659,8.6
tt0436992,Doctor Who,5,tt1589021,5,Flesh and Stone,2010,"Adventure,Drama,Sci-Fi",43.0,8032,8.5
tt0436992,Doctor Who,5,tt1591787,6,The Vampires of Venice,2010,"Adventure,Drama,Sci-Fi",49.0,7440,6.9
tt0436992,Doctor Who,5,tt1591788,7,Amy's Choice,2010,"Adventure,Drama,Sci-Fi",45.0,7862,8.1
tt0436992,Doctor Who,5,tt1591789,8,The Hungry Earth,2010,"Adventure,Drama,Sci-Fi",44.0,6988,7.1
tt0436992,Doctor Who,5,tt1591790,9,Cold Blood,2010,"Adventure,Drama,Sci-Fi",46.0,6969,7.3
tt0436992,Doctor Who,5,tt1591786,10,Vincent and the Doctor,2010,"Adventure,Drama,Sci-Fi",47.0,13501,9.3
tt0436992,Doctor Who,5,tt1607757,11,The Lodger,2010,"Adventure,Drama,Sci-Fi",43.0,7779,8.0
tt0436992,Doctor Who,5,tt1607758,12,The Pandorica Opens,2010,"Adventure,Drama,Sci-Fi",49.0,8721,9.0
tt0436992,Doctor Who,5,tt1607759,13,The Big Bang,2010,"Adventure,Drama,Sci-Fi",54.0,8934,9.1
tt0436992,Doctor Who,6,tt1672218,0,A Christmas Carol,2010,"Adventure,Drama,Sci-Fi",62.0,8971,8.5
tt0436992,Doctor Who,6,tt1723888,1,The Impossible Astronaut,2011,"Adventure,Drama,Sci-Fi",44.0,8765,8.8
tt0436992,Doctor Who,6,tt1723889,2,Day of the Moon,2011,"Adventure,Drama,Sci-Fi",47.0,8152,8.8
tt0436992,Doctor Who,6,tt1721225,3,The Curse of the Black Spot,2011,"Adventure,Drama,Sci-Fi",46.0,7167,6.6
tt0436992,Doctor Who,6,tt1721226,4,The Doctor's Wife,2011,"Adventure,Drama,Sci-Fi",47.0,9371,8.9
tt0436992,Doctor Who,6,tt1777783,5,The Rebel Flesh,2011,"Adventure,Drama,Sci-Fi",43.0,6545,7.1
tt0436992,Doctor Who,6,tt1777782,6,The Almost People,2011,"Adventure,Drama,Sci-Fi",46.0,6477,7.3
tt0436992,Doctor Who,6,tt1777781,7,A Good Man Goes to War,2011,"Adventure,Drama,Sci-Fi",49.0,9083,9.0
tt0436992,Doctor Who,6,tt1795142,8,Let's Kill Hitler,2011,"Adventure,Drama,Sci-Fi",49.0,7379,7.9
tt0436992,Doctor Who,6,tt1795143,9,Night Terrors,2011,"Adventure,Drama,Sci-Fi",43.0,6383,7.0
tt0436992,Doctor Who,6,tt1795139,10,The Girl Who Waited,2011,"Adventure,Drama,Sci-Fi",47.0,7432,8.4
tt0436992,Doctor Who,6,tt1795140,11,The God Complex,2011,"Adventure,Drama,Sci-Fi",49.0,6929,8.0
tt0436992,Doctor Who,6,tt1795141,12,Closing Time,2011,"Adventure,Drama,Sci-Fi",46.0,6489,7.5
tt0436992,Doctor Who,6,tt1824359,13,The Wedding of River Song,2011,"Adventure,Drama,Sci-Fi",46.0,7698,8.4
tt0436992,Doctor Who,7,tt1998643,0,"The Doctor, the Widow and the Wardrobe",2011,"Adventure,Drama,Sci-Fi",59.0,6801,7.1
tt0436992,Doctor Who,7,tt2402301,1,Asylum of the Daleks,2012,"Adventure,Drama,Sci-Fi",49.0,8620,8.5
tt0436992,Doctor Who,7,tt2317659,2,Dinosaurs on a Spaceship,2012,"Adventure,Drama,Sci-Fi",45.0,7251,7.2
tt0436992,Doctor Who,7,tt2340501,3,A Town Called Mercy,2012,"Adventure,Drama,Sci-Fi",44.0,6991,7.2
tt0436992,Doctor Who,7,tt2399633,4,The Power of Three,2012,"Adventure,Drama,Sci-Fi",41.0,6819,7.4
tt0436992,Doctor Who,7,tt2378951,5,The Angels Take Manhattan,2012,"Adventure,Drama,Sci-Fi",44.0,9543,8.9
tt0436992,Doctor Who,7,tt2380513,6,The Snowmen,2012,"Adventure,Drama,Sci-Fi",60.0,7948,8.3
tt0436992,Doctor Who,7,tt2222152,7,The Bells of Saint John,2013,"Adventure,Drama,Sci-Fi",45.0,6928,7.8
tt0436992,Doctor Who,7,tt2284610,8,The Rings of Akhaten,2013,"Adventure,Drama,Sci-Fi",46.0,7421,7.3
tt0436992,Doctor Who,7,tt2267312,9,Cold War,2013,"Adventure,Drama,Sci-Fi",41.0,6449,7.1
tt0436992,Doctor Who,7,tt2267332,10,Hide,2013,"Adventure,Drama,Sci-Fi",45.0,6406,7.6
tt0436992,Doctor Who,7,tt2267326,11,Journey to the Centre of the TARDIS,2013,"Adventure,Drama,Sci-Fi",47.0,6444,7.4
tt0436992,Doctor Who,7,tt2204480,12,The Crimson Horror,2013,"Adventure,Drama,Sci-Fi",47.0,6189,7.2
tt0436992,Doctor Who,7,tt2267338,13,Nightmare in Silver,2013,"Adventure,Drama,Sci-Fi",47.0,6229,7.2
tt0436992,Doctor Who,7,tt2267346,14,The Name of the Doctor,2013,"Adventure,Drama,Sci-Fi",44.0,9054,8.9
tt0436992,Doctor Who,8,tt2986512,0,The Time of the Doctor,2013,"Adventure,Drama,Sci-Fi",61.0,8323,8.4
tt0436992,Doctor Who,8,tt3469416,1,Deep Breath,2014,"Adventure,Drama,Sci-Fi",76.0,9142,7.8
tt0436992,Doctor Who,8,tt3737226,2,Into the Dalek,2014,"Adventure,Drama,Sci-Fi",47.0,7401,7.5
tt0436992,Doctor Who,8,tt3714112,3,Robot of Sherwood,2014,"Adventure,Drama,Sci-Fi",46.0,7543,6.9
tt0436992,Doctor Who,8,tt3745430,4,Listen,2014,"Adventure,Drama,Sci-Fi",47.0,9304,8.7
tt0436992,Doctor Who,8,tt3845940,5,Time Heist,2014,"Adventure,Drama,Sci-Fi",45.0,7072,7.8
tt0436992,Doctor Who,8,tt3845938,6,The Caretaker,2014,"Adventure,Drama,Sci-Fi",45.0,6267,7.2
tt0436992,Doctor Who,8,tt3787384,7,Kill the Moon,2014,"Adventure,Drama,Sci-Fi",45.0,7076,6.6
tt0436992,Doctor Who,8,tt3787400,8,Mummy on the Orient Express,2014,"Adventure,Drama,Sci-Fi",46.0,7082,8.4
tt0436992,Doctor Who,8,tt3834038,9,Flatline,2014,"Adventure,Drama,Sci-Fi",43.0,6665,8.3
tt0436992,Doctor Who,8,tt3834040,10,In the Forest of the Night,2014,"Adventure,Drama,Sci-Fi",45.0,6484,6.0
tt0436992,Doctor Who,8,tt3834042,11,Dark Water,2014,"Adventure,Drama,Sci-Fi",47.0,7003,8.5
tt0436992,Doctor Who,8,tt3834044,12,Death in Heaven,2014,"Adventure,Drama,Sci-Fi",57.0,6734,7.8
tt0436992,Doctor Who,9,tt4050552,0,Last Christmas,2014,"Adventure,Drama,Sci-Fi",61.0,6719,8.1
tt0436992,Doctor Who,9,tt4289846,1,The Magician's Apprentice,2015,"Adventure,Drama,Sci-Fi",49.0,7190,8.3
tt0436992,Doctor Who,9,tt4464958,2,The Witch's Familiar,2015,"Adventure,Drama,Sci-Fi",50.0,6527,8.4
tt0436992,Doctor Who,9,tt4483506,3,Under the Lake,2015,"Adventure,Drama,Sci-Fi",46.0,6274,8.1
tt0436992,Doctor Who,9,tt4483520,4,Before the Flood,2015,"Adventure,Drama,Sci-Fi",42.0,5952,8.0
tt0436992,Doctor Who,9,tt4507160,5,The Girl Who Died,2015,"Adventure,Drama,Sci-Fi",48.0,5954,7.4
tt0436992,Doctor Who,9,tt4545140,6,The Woman Who Lived,2015,"Adventure,Drama,Sci-Fi",45.0,5808,7.3
tt0436992,Doctor Who,9,tt4652840,7,The Zygon Invasion,2015,"Adventure,Drama,Sci-Fi",45.0,5712,7.6
tt0436992,Doctor Who,9,tt4652846,8,The Zygon Inversion,2015,"Adventure,Drama,Sci-Fi",46.0,6176,8.4
tt0436992,Doctor Who,9,tt4787004,9,Sleep No More,2015,"Adventure,Drama,Sci-Fi",45.0,6138,5.8
tt0436992,Doctor Who,9,tt4701538,10,Face the Raven,2015,"Adventure,Drama,Sci-Fi",46.0,6790,8.5
tt0436992,Doctor Who,9,tt4701542,11,Heaven Sent,2015,"Adventure,Drama,Sci-Fi",55.0,13575,9.6
tt0436992,Doctor Who,9,tt4701544,12,Hell Bent,2015,"Adventure,Drama,Sci-Fi",60.0,7616,8.6
tt0436992,Doctor Who,9,tt4701546,13,The Husbands of River Song,2015,"Adventure,Drama,Sci-Fi",56.0,6786,8.5
tt0436992,Doctor Who,10,tt5163494,0,The Return of Doctor Mysterio,2016,"Adventure,Drama,Sci-Fi",61.0,6208,7.3
tt0436992,Doctor Who,10,tt5848216,1,The Pilot,2017,"Adventure,Drama,Sci-Fi",49.0,6197,7.8
tt0436992,Doctor Who,10,tt5985750,2,Smile,2017,"Adventure,Drama,Sci-Fi",45.0,5412,7.2
tt0436992,Doctor Who,10,tt5985752,3,Thin Ice,2017,"Adventure,Drama,Sci-Fi",44.0,5206,7.2
tt0436992,Doctor Who,10,tt5985754,4,Knock Knock,2017,"Adventure,Drama,Sci-Fi",44.0,5172,7.3
tt0436992,Doctor Who,10,tt6250146,5,Oxygen,2017,"Adventure,Drama,Sci-Fi",44.0,5297,7.9
tt0436992,Doctor Who,10,tt6340130,6,Extremis,2017,"Adventure,Drama,Sci-Fi",48.0,5466,8.3
tt0436992,Doctor Who,10,tt6336800,7,The Pyramid at the End of the World,2017,"Adventure,Drama,Sci-Fi",46.0,4826,7.6
tt0436992,Doctor Who,10,tt6333372,8,The Lie of the Land,2017,"Adventure,Drama,Sci-Fi",44.0,4704,7.1
tt0436992,Doctor Who,10,tt6340134,9,Empress of Mars,2017,"Adventure,Drama,Sci-Fi",43.0,4626,6.9
tt0436992,Doctor Who,10,tt6250158,10,The Eaters of Light,2017,"Adventure,Drama,Sci-Fi",42.0,4616,6.8
tt0436992,Doctor Who,10,tt6340138,11,World Enough and Time,2017,"Adventure,Drama,Sci-Fi",45.0,6389,9.1
tt0436992,Doctor Who,10,tt6340142,12,The Doctor Falls,2017,"Adventure,Drama,Sci-Fi",60.0,6390,9.0
tt0436992,Doctor Who,11,tt6968542,0,Twice Upon a Time,2017,"Adventure,Drama,Sci-Fi",60.0,8137,8.3
tt0436992,Doctor Who,11,tt7542168,1,The Woman Who Fell to Earth,2018,"Adventure,Drama,Sci-Fi",60.0,11746,7.0
tt0436992,Doctor Who,11,tt7558994,2,The Ghost Monument,2018,"Adventure,Drama,Sci-Fi",48.0,9272,6.1
tt0436992,Doctor Who,11,tt7689190,3,Rosa,2018,"Adventure,Drama,Sci-Fi",49.0,10865,7.1
tt0436992,Doctor Who,11,tt7689200,4,Arachnids in the UK,2018,"Adventure,Drama,Sci-Fi",49.0,8621,5.1
tt0436992,Doctor Who,11,tt7693260,5,The Tsuranga Conundrum,2018,"Adventure,Drama,Sci-Fi",50.0,8048,5.1
tt0436992,Doctor Who,11,tt7693262,6,Demons of the Punjab,2018,"Adventure,Drama,Sci-Fi",50.0,8201,6.6
tt0436992,Doctor Who,11,tt7693268,7,Kerblam!,2018,"Adventure,Drama,Sci-Fi",48.0,7331,6.3
tt0436992,Doctor Who,11,tt7693274,8,The Witchfinders,2018,"Adventure,Drama,Sci-Fi",46.0,6927,5.8
tt0436992,Doctor Who,11,tt7693276,9,It Takes You Away,2018,"Adventure,Drama,Sci-Fi",49.0,6696,6.3
tt0436992,Doctor Who,11,tt7693280,10,The Battle of Ranskoor Av Kolos,2018,"Adventure,Drama,Sci-Fi",50.0,6169,5.3
tt0436992,Doctor Who,12,tt9354122,1,Spyfall: Part One,2020,"Adventure,Drama,Sci-Fi",60.0,6982,6.7
tt0436992,Doctor Who,12,tt9354166,2,Spyfall: Part Two,2020,"Adventure,Drama,Sci-Fi",61.0,6310,6.5
tt0436992,Doctor Who,12,tt9354208,3,Orphan 55,2020,"Adventure,Drama,Sci-Fi",46.0,7093,4.2
tt0436992,Doctor Who,12,tt9354212,4,Nikola Tesla's Night of Terror,2020,"Adventure,Drama,Sci-Fi",50.0,5802,6.5
tt0436992,Doctor Who,12,tt9354216,5,Fugitive of the Judoon,2020,"Adventure,Drama,Sci-Fi",49.0,6359,7.5
tt0436992,Doctor Who,12,tt9354222,6,Praxeus,2020,"Adventure,Drama,Sci-Fi",50.0,5345,5.2
tt0436992,Doctor Who,12,tt9361014,7,Can You Hear Me?,2020,"Adventure,Drama,Sci-Fi",49.0,4889,5.7
tt0436992,Doctor Who,12,tt9361038,8,The Haunting of Villa Diodati,2020,"Adventure,Drama,Sci-Fi",49.0,5210,7.1
tt0436992,Doctor Who,12,tt9361042,9,Ascension of the Cybermen,2020,"Adventure,Drama,Sci-Fi",49.0,4813,6.5
tt0436992,Doctor Who,12,tt9361046,10,The Timeless Children,2020,"Adventure,Drama,Sci-Fi",66.0,6688,5.1
tt0436992,Doctor Who,13,tt13456370,1,Flux: Chapter One - The Halloween Apocalypse,2021,"Adventure,Drama,Sci-Fi",50.0,5036,6.7
tt0436992,Doctor Who,13,tt13464078,2,Flux: Chapter Two - War of the Sontarans,2021,"Adventure,Drama,Sci-Fi",60.0,4126,7.0
tt0436992,Doctor Who,13,tt13469788,3,"Flux: Chapter Three - Once, Upon Time",2021,"Adventure,Drama,Sci-Fi",49.0,3819,5.9
tt0436992,Doctor Who,13,tt13469792,4,Flux: Chapter Four - Village of the Angels,2021,"Adventure,Drama,Sci-Fi",56.0,4185,7.7
tt0436992,Doctor Who,13,tt13469800,5,Flux: Chapter Five - Survivors of the Flux,2021,"Adventure,Drama,Sci-Fi",51.0,3510,6.1
tt0436992,Doctor Who,13,tt13469804,6,Flux: Chapter Six - The Vanquishers,2021,"Adventure,Drama,Sci-Fi",59.0,3622,5.3
tt0436992,Doctor Who,,tt11892730,,Revolution of the Daleks,2021,"Adventure,Drama,Sci-Fi",71,4450,6.0
tt0436992,Doctor Who,,tt1321969,,The Next Doctor,2008,"Adventure,Drama,Sci-Fi",60.0,6052,7.4
tt0436992,Doctor Who,,tt1337072,,Planet of the Dead,2009,"Adventure,Drama,Sci-Fi",59.0,6088,7.4
tt0436992,Doctor Who,,tt13469818,,Eve of the Daleks,2022,"Adventure,Drama,Sci-Fi",58.0,3716,6.7
tt0436992,Doctor Who,,tt13469822,,Legend of the Sea Devils,2022,"Adventure,Drama,Sci-Fi",48.0,3507,4.6
tt0436992,Doctor Who,,tt1413314,,The Waters of Mars,2009,"Adventure,Drama,Sci-Fi",62.0,7814,8.8
tt0436992,Doctor Who,,tt1415016,,The End of Time: Part One,2009,"Adventure,Drama,Sci-Fi",60.0,6933,8.2
tt0436992,Doctor Who,,tt1415017,,The End of Time: Part Two,2010,"Adventure,Drama,Sci-Fi",75.0,7763,8.9
tt0436992,Doctor Who,,tt15243958,,The Power of the Doctor,2022,"Adventure,Drama,Sci-Fi",88.0,4533,7.6
tt0436992,Doctor Who,,tt2779318,,The Day of the Doctor,2013,"Adventure,Drama,Sci-Fi",77.0,20429,9.3
tt0436992,Doctor Who,,tt8758636,,Resolution,2019,"Adventure,Drama,Sci-Fi",60.0,6070,6.0
tt1606375,Downton Abbey,1,tt1608844,1,Episode #1.1,2010,"Drama,Romance",66.0,3475,8.3
tt1606375,Downton Abbey,1,tt1617361,2,Episode #1.2,2010,"Drama,Romance",47.0,2781,8.2
tt1606375,Downton Abbey,1,tt1617362,3,Episode #1.3,2010,"Drama,Romance",47.0,2708,8.4
tt1606375,Downton Abbey,1,tt1617363,4,Episode #1.4,2010,"Drama,Romance",47.0,2480,8.1
tt1606375,Downton Abbey,1,tt1617364,5,Episode #1.5,2010,"Drama,Romance",49.0,2414,8.4
tt1606375,Downton Abbey,1,tt1617365,6,Episode #1.6,2010,"Drama,Romance",48.0,2413,8.5
tt1606375,Downton Abbey,1,tt1617366,7,Episode #1.7,2010,"Drama,Romance",64.0,2526,8.8
tt1606375,Downton Abbey,2,tt1821819,1,Episode #2.1,2011,"Drama,Romance",67.0,2464,8.5
tt1606375,Downton Abbey,2,tt1846043,2,Episode #2.2,2011,"Drama,Romance",53.0,2170,8.1
tt1606375,Downton Abbey,2,tt1852308,3,Episode #2.3,2011,"Drama,Romance",53.0,2104,8.0
tt1606375,Downton Abbey,2,tt1852309,4,Episode #2.4,2011,"Drama,Romance",53.0,2119,8.3
tt1606375,Downton Abbey,2,tt1852310,5,Episode #2.5,2011,"Drama,Romance",53.0,2148,8.5
tt1606375,Downton Abbey,2,tt1852311,6,Episode #2.6,2011,"Drama,Romance",53.0,2089,8.0
tt1606375,Downton Abbey,2,tt1852312,7,Episode #2.7,2011,"Drama,Romance",53.0,2092,8.2
tt1606375,Downton Abbey,2,tt1852313,8,Episode #2.8,2011,"Drama,Romance",67.0,2255,8.7
tt1606375,Downton Abbey,2,tt2013429,9,Christmas at Downton Abbey,2011,"Drama,Romance",93.0,3006,9.0
tt1606375,Downton Abbey,3,tt2114648,1,Episode #3.1,2012,"Drama,Romance",68.0,2492,8.5
tt1606375,Downton Abbey,3,tt2374958,2,Episode #3.2,2012,"Drama,Romance",48.0,1996,8.1
tt1606375,Downton Abbey,3,tt2385216,3,Episode #3.3,2012,"Drama,Romance",48.0,1981,8.4
tt1606375,Downton Abbey,3,tt2385222,4,Episode #3.4,2012,"Drama,Romance",48.0,1919,8.0
tt1606375,Downton Abbey,3,tt2385244,5,Episode #3.5,2012,"Drama,Romance",50.0,2401,9.0
tt1606375,Downton Abbey,3,tt2385246,6,Episode #3.6,2012,"Drama,Romance",48.0,1890,8.2
tt1606375,Downton Abbey,3,tt2385260,7,Episode #3.7,2012,"Drama,Romance",48.0,1884,8.1
tt1606375,Downton Abbey,3,tt2385266,8,Episode #3.8,2012,"Drama,Romance",67.0,1975,8.3
tt1606375,Downton Abbey,3,tt2385306,9,A Journey to the Highlands,2012,"Drama,Romance",92.0,2566,8.2
tt1606375,Downton Abbey,4,tt2530858,1,Episode #4.1,2013,"Drama,Romance",67.0,2032,8.1
tt1606375,Downton Abbey,4,tt2746594,2,Episode #4.2,2013,"Drama,Romance",51,1776,7.9
tt1606375,Downton Abbey,4,tt2746600,3,Episode #4.3,2013,"Drama,Romance",50,1852,8.0
tt1606375,Downton Abbey,4,tt2746602,4,Episode #4.4,2013,"Drama,Romance",50,1727,7.8
tt1606375,Downton Abbey,4,tt2752744,5,Episode #4.5,2013,"Drama,Romance",49,1670,8.1
tt1606375,Downton Abbey,4,tt2752784,6,Episode #4.6,2013,"Drama,Romance",51,1664,8.1
tt1606375,Downton Abbey,4,tt2752752,7,Episode #4.7,2013,"Drama,Romance",51,1655,8.1
tt1606375,Downton Abbey,4,tt2752760,8,Episode #4.8,2013,"Drama,Romance",67,1687,8.2
tt1606375,Downton Abbey,4,tt2819840,9,The London Season,2013,"Drama,Romance",93,2011,8.4
tt1606375,Downton Abbey,5,tt3325518,1,Episode #5.1,2014,"Drama,Romance",67.0,1825,8.2
tt1606375,Downton Abbey,5,tt3666186,2,Episode #5.2,2014,"Drama,Romance",49.0,1650,7.9
tt1606375,Downton Abbey,5,tt3689408,3,Episode #5.3,2014,"Drama,Romance",50.0,1604,8.0
tt1606375,Downton Abbey,5,tt3714404,4,Episode #5.4,2014,"Drama,Romance",49.0,1603,8.0
tt1606375,Downton Abbey,5,tt3696132,5,Episode #5.5,2014,"Drama,Romance",50.0,1575,8.0
tt1606375,Downton Abbey,5,tt3810550,6,Episode #5.6,2014,"Drama,Romance",51.0,1584,8.2
tt1606375,Downton Abbey,5,tt3810556,7,Episode #5.7,2014,"Drama,Romance",51.0,1575,8.3
tt1606375,Downton Abbey,5,tt3810558,8,Episode #5.8,2014,"Drama,Romance",67.0,1664,8.6
tt1606375,Downton Abbey,5,tt3962976,9,A Moorland Holiday,2014,"Drama,Romance",93,2153,8.9
tt1606375,Downton Abbey,6,tt4178770,1,Episode #6.1,2015,"Drama,Romance",66.0,1754,8.2
tt1606375,Downton Abbey,6,tt4545908,2,Episode #6.2,2015,"Drama,Romance",50.0,1539,8.0
tt1606375,Downton Abbey,6,tt4557968,3,Episode #6.3,2015,"Drama,Romance",51.0,1629,8.6
tt1606375,Downton Abbey,6,tt4560964,4,Episode #6.4,2015,"Drama,Romance",47.0,1561,8.3
tt1606375,Downton Abbey,6,tt4574910,5,Episode #6.5,2015,"Drama,Romance",47.0,1556,8.5
tt1606375,Downton Abbey,6,tt4581398,6,Episode #6.6,2015,"Drama,Romance",50.0,1497,8.2
tt1606375,Downton Abbey,6,tt4581592,7,Episode #6.7,2015,"Drama,Romance",51.0,1529,8.5
tt1606375,Downton Abbey,6,tt4581594,8,Episode #6.8,2015,"Drama,Romance",72.0,1905,9.0
tt1606375,Downton Abbey,6,tt4419112,9,Christmas Special,2015,"Drama,Romance",93.0,2594,9.2
tt8772296,Euphoria,1,tt8135530,1,Pilot,2019,Drama,53.0,9450,8.1
tt8772296,Euphoria,1,tt8806264,2,Stuntin' Like My Daddy,2019,Drama,61.0,7697,8.1
tt8772296,Euphoria,1,tt8806262,3,Made You Look,2019,Drama,56.0,7311,8.3
tt8772296,Euphoria,1,tt8806266,4,Shook Ones Pt II,2019,Drama,55.0,8870,9.0
tt8772296,Euphoria,1,tt8806268,5,'03 Bonnie and Clyde,2019,Drama,53.0,6634,8.0
tt8772296,Euphoria,1,tt8806274,6,The Next Episode,2019,Drama,50.0,6600,8.1
tt8772296,Euphoria,1,tt8806270,7,The Trials and Tribulations of Trying to Pee While Depressed,2019,Drama,59.0,6963,8.4
tt8772296,Euphoria,1,tt8806272,8,And Salt the Earth Behind You,2019,Drama,64.0,7546,8.2
tt8772296,Euphoria,2,tt14498996,1,Trying to Get to Heaven Before They Close the Door,2022,Drama,61.0,10721,9.1
tt8772296,Euphoria,2,tt14510424,2,Out of Touch,2022,Drama,57.0,6909,8.0
tt8772296,Euphoria,2,tt14509522,3,Ruminations: Big and Little Bullys,2022,Drama,60.0,7371,8.5
tt8772296,Euphoria,2,tt15319554,4,"You Who Cannot See, Think of Those Who Can",2022,Drama,61.0,7751,8.4
tt8772296,Euphoria,2,tt15319556,5,Stand Still Like the Hummingbird,2022,Drama,54.0,13237,9.5
tt8772296,Euphoria,2,tt16258198,6,A Thousand Little Trees of Blood,2022,Drama,60.0,6146,8.2
tt8772296,Euphoria,2,tt16988436,7,The Theater and Its Double,2022,Drama,58.0,9121,8.9
tt8772296,Euphoria,2,tt16988630,8,"All My Life, My Heart Has Yearned for a Thing I Cannot Name",2022,Drama,61.0,7389,8.3
tt8772296,Euphoria,,tt10636622,,Trouble Don't Last Always,2020,Drama,64.0,8153,8.9
tt8772296,Euphoria,,tt13608984,,Fuck Anyone Who's Not a Sea Blob,2021,Drama,49.0,5071,8.5
tt12637874,Fallout,1,tt16957590,1,The End,2024,"Action,Adventure,Drama",74.0,16065,8.2
tt12637874,Fallout,1,tt21932906,2,The Target,2024,"Action,Adventure,Drama",65.0,13248,8.1
tt12637874,Fallout,1,tt21932916,3,The Head,2024,"Action,Adventure,Drama",57.0,12050,7.9
tt12637874,Fallout,1,tt21932924,4,The Ghouls,2024,"Action,Adventure,Drama",49.0,11899,8.4
tt12637874,Fallout,1,tt26256720,5,The Past,2024,"Action,Adventure,Drama",45.0,11013,8.0
tt12637874,Fallout,1,tt26256724,6,The Trap,2024,"Action,Adventure,Drama",60.0,11037,8.3
tt12637874,Fallout,1,tt26256732,7,The Radio,2024,"Action,Adventure,Drama",61.0,10751,8.3
tt12637874,Fallout,1,tt26256738,8,The Beginning,2024,"Action,Adventure,Drama",62.0,16172,8.9
tt2802850,Fargo,1,tt3097534,1,The Crocodile's Dilemma,2014,"Crime,Drama,Thriller",69.0,17566,9.3
tt2802850,Fargo,1,tt3296848,2,The Rooster Prince,2014,"Crime,Drama,Thriller",52,11093,8.3
tt2802850,Fargo,1,tt3519062,3,A Muddy Road,2014,"Crime,Drama,Thriller",50,10340,8.5
tt2802850,Fargo,1,tt3578722,4,Eating the Blame,2014,"Crime,Drama,Thriller",50.0,10487,8.9
tt2802850,Fargo,1,tt3514096,5,The Six Ungraspables,2014,"Crime,Drama,Thriller",50.0,9852,8.4
tt2802850,Fargo,1,tt3551076,6,Buridan's Ass,2014,"Crime,Drama,Thriller",53,12223,9.2
tt2802850,Fargo,1,tt3578728,7,Who Shaves the Barber?,2014,"Crime,Drama,Thriller",47.0,10022,8.9
tt2802850,Fargo,1,tt3468290,8,The Heap,2014,"Crime,Drama,Thriller",54.0,9508,8.5
tt2802850,Fargo,1,tt3599898,9,"A Fox, a Rabbit, and a Cabbage",2014,"Crime,Drama,Thriller",51.0,11386,9.3
tt2802850,Fargo,1,tt3599918,10,Morton's Fork,2014,"Crime,Drama,Thriller",64.0,12099,9.3
tt2802850,Fargo,2,tt3836974,1,Waiting for Dutch,2015,"Crime,Drama,Thriller",53.0,10998,8.7
tt2802850,Fargo,2,tt4001064,2,Before the Law,2015,"Crime,Drama,Thriller",62,8342,8.4
tt2802850,Fargo,2,tt4001074,3,The Myth of Sisyphus,2015,"Crime,Drama,Thriller",47,7871,8.5
tt2802850,Fargo,2,tt4001070,4,Fear and Trembling,2015,"Crime,Drama,Thriller",52,7799,8.7
tt2802850,Fargo,2,tt4001084,5,The Gift of the Magi,2015,"Crime,Drama,Thriller",54,8431,9.1
tt2802850,Fargo,2,tt4001082,6,Rhinoceros,2015,"Crime,Drama,Thriller",46,8810,9.2
tt2802850,Fargo,2,tt4001092,7,"Did You Do This? No, You Did It!",2015,"Crime,Drama,Thriller",61,7797,8.8
tt2802850,Fargo,2,tt4001088,8,Loplop,2015,"Crime,Drama,Thriller",63,10424,9.4
tt2802850,Fargo,2,tt4001090,9,The Castle,2015,"Crime,Drama,Thriller",50,10558,9.4
tt2802850,Fargo,2,tt3886622,10,Palindrome,2015,"Crime,Drama,Thriller",54,8442,8.4
tt2802850,Fargo,3,tt5223488,1,The Law of Vacant Places,2017,"Crime,Drama,Thriller",67.0,8354,8.4
tt2802850,Fargo,3,tt5273758,2,The Principle of Restricted Choice,2017,"Crime,Drama,Thriller",52.0,6128,8.0
tt2802850,Fargo,3,tt5273760,3,The Law of Non-Contradiction,2017,"Crime,Drama,Thriller",51.0,6517,7.9
tt2802850,Fargo,3,tt5273762,4,The Narrow Escape Problem,2017,"Crime,Drama,Thriller",52.0,5680,8.2
tt2802850,Fargo,3,tt5273774,5,The House of Special Purpose,2017,"Crime,Drama,Thriller",61.0,5463,8.2
tt2802850,Fargo,3,tt5273764,6,The Lord of No Mercy,2017,"Crime,Drama,Thriller",46.0,5566,8.6
tt2802850,Fargo,3,tt5273770,7,The Law of Inevitability,2017,"Crime,Drama,Thriller",46.0,5349,8.3
tt2802850,Fargo,3,tt5273772,8,Who Rules the Land of Denial?,2017,"Crime,Drama,Thriller",52.0,6561,8.9
tt2802850,Fargo,3,tt5273778,9,Aporia,2017,"Crime,Drama,Thriller",51.0,5657,8.7
tt2802850,Fargo,3,tt5273780,10,Somebody to Love,2017,"Crime,Drama,Thriller",53.0,6191,8.5
tt2802850,Fargo,4,tt8052820,1,Welcome to the Alternate Economy,2020,"Crime,Drama,Thriller",62.0,5751,7.2
tt2802850,Fargo,4,tt9724086,2,The Land of Taking and Killing,2020,"Crime,Drama,Thriller",58,4493,7.1
tt2802850,Fargo,4,tt9724094,3,Raddoppiarlo,2020,"Crime,Drama,Thriller",62,4050,7.3
tt2802850,Fargo,4,tt9724096,4,The Pretend War,2020,"Crime,Drama,Thriller",56,3754,7.3
tt2802850,Fargo,4,tt9724098,5,The Birthplace of Civilization,2020,"Crime,Drama,Thriller",60,3684,7.3
tt2802850,Fargo,4,tt9724100,6,Camp Elegance,2020,"Crime,Drama,Thriller",46,3471,7.4
tt2802850,Fargo,4,tt9724104,7,Lay Away,2020,"Crime,Drama,Thriller",43,3340,7.2
tt2802850,Fargo,4,tt9724106,8,The Nadir,2020,"Crime,Drama,Thriller",51,3529,7.9
tt2802850,Fargo,4,tt9724108,9,East/West,2020,"Crime,Drama,Thriller",51,4145,7.7
tt2802850,Fargo,4,tt9724110,10,Happy,2020,"Crime,Drama,Thriller",53,3274,7.7
tt2802850,Fargo,4,tt12863336,11,Storia Americana,2020,"Crime,Drama,Thriller",39.0,3641,7.2
tt2802850,Fargo,5,tt18269034,1,The Tragedy of the Commons,2023,"Crime,Drama,Thriller",53.0,6472,8.6
tt2802850,Fargo,5,tt27250991,2,Trials and Tribulations,2023,"Crime,Drama,Thriller",45,4815,8.4
tt2802850,Fargo,5,tt27250992,3,The Paradox of Intermediate Transactions,2023,"Crime,Drama,Thriller",41,4396,8.0
tt2802850,Fargo,5,tt27250995,4,Insolubilia,2023,"Crime,Drama,Thriller",45,4019,8.0
tt2802850,Fargo,5,tt27331428,5,The Tiger,2023,"Crime,Drama,Thriller",40,4054,8.1
tt2802850,Fargo,5,tt27331434,6,The Tender Trap,2023,"Crime,Drama,Thriller",47,3984,8.1
tt2802850,Fargo,5,tt27331437,7,Linda,2023,"Crime,Drama,Thriller",48,4344,7.6
tt2802850,Fargo,5,tt27126335,8,Blanket,2023,"Crime,Drama,Thriller",46,4238,8.6
tt2802850,Fargo,5,tt27426597,9,The Useless Hand,2024,"Crime,Drama,Thriller",43,4454,8.6
tt2802850,Fargo,5,tt27426599,10,Bisquik,2024,"Crime,Drama,Thriller",45,5801,8.3
tt0303461,Firefly,1,tt0579539,1,The Train Job,2002,"Adventure,Drama,Sci-Fi",42.0,5745,8.3
tt0303461,Firefly,1,tt0579528,2,Bushwhacked,2002,"Adventure,Drama,Sci-Fi",44.0,5297,8.4
tt0303461,Firefly,1,tt0579532,3,Our Mrs. Reynolds,2002,"Adventure,Drama,Sci-Fi",44.0,5803,9.0
tt0303461,Firefly,1,tt0579530,4,Jaynestown,2002,"Adventure,Drama,Sci-Fi",44.0,5450,8.7
tt0303461,Firefly,1,tt0579533,5,Out of Gas,2002,"Adventure,Drama,Sci-Fi",44.0,6581,9.3
tt0303461,Firefly,1,tt0579537,6,Shindig,2002,"Adventure,Drama,Sci-Fi",44.0,5052,8.3
tt0303461,Firefly,1,tt0579534,7,Safe,2002,"Adventure,Drama,Sci-Fi",43.0,4864,8.1
tt0303461,Firefly,1,tt0579527,8,Ariel,2002,"Adventure,Drama,Sci-Fi",43.0,5206,9.0
tt0303461,Firefly,1,tt0579541,9,War Stories,2002,"Adventure,Drama,Sci-Fi",43.0,4996,8.8
tt0303461,Firefly,1,tt0579531,10,Objects in Space,2002,"Adventure,Drama,Sci-Fi",44.0,5707,9.2
tt0303461,Firefly,1,tt0579535,11,Serenity,2002,"Adventure,Drama,Sci-Fi",86.0,5877,8.8
tt0303461,Firefly,1,tt0579529,12,Heart of Gold,2003,"Adventure,Drama,Sci-Fi",42.0,4692,8.3
tt0303461,Firefly,1,tt0579540,13,Trash,2003,"Adventure,Drama,Sci-Fi",44.0,4934,8.8
tt0303461,Firefly,1,tt0579538,14,The Message,2003,"Adventure,Drama,Sci-Fi",44.0,4770,8.4
tt5687612,Fleabag,1,tt5705890,1,Episode #1.1,2016,"Comedy,Drama",26.0,5856,7.7
tt5687612,Fleabag,1,tt5908776,2,Episode #1.2,2016,"Comedy,Drama",26.0,5053,7.6
tt5687612,Fleabag,1,tt5908778,3,Episode #1.3,2016,"Comedy,Drama",25.0,4747,7.5
tt5687612,Fleabag,1,tt5707984,4,Episode #1.4,2016,"Comedy,Drama",26.0,4818,8.0
tt5687612,Fleabag,1,tt5908780,5,Episode #1.5,2016,"Comedy,Drama",23.0,4665,8.2
tt5687612,Fleabag,1,tt5908782,6,Episode #1.6,2016,"Comedy,Drama",25.0,5234,8.8
tt5687612,Fleabag,2,tt6733136,1,Episode #2.1,2019,"Comedy,Drama",26.0,6866,9.2
tt5687612,Fleabag,2,tt9679520,2,Episode #2.2,2019,"Comedy,Drama",26.0,4665,8.3
tt5687612,Fleabag,2,tt9679522,3,Episode #2.3,2019,"Comedy,Drama",23.0,5028,8.8
tt5687612,Fleabag,2,tt9679524,4,Episode #2.4,2019,"Comedy,Drama",27.0,5070,8.8
tt5687612,Fleabag,2,tt9679526,5,Episode #2.5,2019,"Comedy,Drama",23.0,4603,8.6
tt5687612,Fleabag,2,tt6733140,6,Episode #2.6,2019,"Comedy,Drama",26.0,6591,9.3
tt1119644,Fringe,1,tt1248537,1,Pilot,2008,"Drama,Mystery,Sci-Fi",82,5081,8.1
tt1119644,Fringe,1,tt1248542,2,The Same Old Story,2008,"Drama,Mystery,Sci-Fi",51,3654,7.6
tt1119644,Fringe,1,tt1248543,3,The Ghost Network,2008,"Drama,Mystery,Sci-Fi",49,3311,7.7
tt1119644,Fringe,1,tt1248544,4,The Arrival,2008,"Drama,Mystery,Sci-Fi",47,3253,8.1
tt1119644,Fringe,1,tt1248545,5,Power Hungry,2008,"Drama,Mystery,Sci-Fi",47,2973,7.4
tt1119644,Fringe,1,tt1248546,6,The Cure,2008,"Drama,Mystery,Sci-Fi",65,2863,7.6
tt1119644,Fringe,1,tt1248547,7,In Which We Meet Mr. Jones,2008,"Drama,Mystery,Sci-Fi",60,2887,7.9
tt1119644,Fringe,1,tt1248548,8,The Equation,2008,"Drama,Mystery,Sci-Fi",47,2790,7.8
tt1119644,Fringe,1,tt1248549,9,The Dreamscape,2008,"Drama,Mystery,Sci-Fi",49,2680,7.8
tt1119644,Fringe,1,tt1248538,10,Safe,2008,"Drama,Mystery,Sci-Fi",65,2785,8.5
tt1119644,Fringe,1,tt1248539,11,Bound,2009,"Drama,Mystery,Sci-Fi",65,2701,8.3
tt1119644,Fringe,1,tt1248540,12,The No-Brainer,2009,"Drama,Mystery,Sci-Fi",52,2625,7.5
tt1119644,Fringe,1,tt1248541,13,The Transformation,2009,"Drama,Mystery,Sci-Fi",62,2632,8.1
tt1119644,Fringe,1,tt1352058,14,Ability,2009,"Drama,Mystery,Sci-Fi",51.0,2750,8.6
tt1119644,Fringe,1,tt1371600,15,Inner Child,2009,"Drama,Mystery,Sci-Fi",59,2755,8.1
tt1119644,Fringe,1,tt1375588,16,Unleashed,2009,"Drama,Mystery,Sci-Fi",57.0,2603,7.6
tt1119644,Fringe,1,tt1380404,17,Bad Dreams,2009,"Drama,Mystery,Sci-Fi",58.0,2690,8.4
tt1119644,Fringe,1,tt1390443,18,Midnight,2009,"Drama,Mystery,Sci-Fi",57.0,2520,7.8
tt1119644,Fringe,1,tt1400654,19,The Road Not Taken,2009,"Drama,Mystery,Sci-Fi",48.0,2645,8.6
tt1119644,Fringe,1,tt1400652,20,There's More Than One of Everything,2009,"Drama,Mystery,Sci-Fi",48.0,3224,9.1
tt1119644,Fringe,2,tt1458249,1,A New Day in the Old Town,2009,"Drama,Mystery,Sci-Fi",44.0,2840,8.3
tt1119644,Fringe,2,tt1461321,2,Night of Desirable Objects,2009,"Drama,Mystery,Sci-Fi",44.0,2418,7.6
tt1119644,Fringe,2,tt1478012,3,Fracture,2009,"Drama,Mystery,Sci-Fi",44.0,2362,7.8
tt1119644,Fringe,2,tt1478013,4,Momentum Deferred,2009,"Drama,Mystery,Sci-Fi",44.0,2515,8.6
tt1119644,Fringe,2,tt1498335,5,Dream Logic,2009,"Drama,Mystery,Sci-Fi",42.0,2295,7.6
tt1119644,Fringe,2,tt1494949,6,Earthling,2009,"Drama,Mystery,Sci-Fi",43.0,2299,7.6
tt1119644,Fringe,2,tt1504316,7,Of Human Action,2009,"Drama,Mystery,Sci-Fi",44.0,2282,7.8
tt1119644,Fringe,2,tt1504315,8,August,2009,"Drama,Mystery,Sci-Fi",43.0,2677,8.7
tt1119644,Fringe,2,tt1537549,9,Snakehead,2009,"Drama,Mystery,Sci-Fi",42.0,2252,7.7
tt1119644,Fringe,2,tt1537548,10,Grey Matters,2009,"Drama,Mystery,Sci-Fi",43.0,2451,8.7
tt1119644,Fringe,2,tt1537132,11,Unearthed,2010,"Drama,Mystery,Sci-Fi",43.0,2402,7.0
tt1119644,Fringe,2,tt1537133,12,Johari Window,2010,"Drama,Mystery,Sci-Fi",42.0,2303,7.6
tt1119644,Fringe,2,tt1537134,13,What Lies Below,2010,"Drama,Mystery,Sci-Fi",44.0,2341,8.1
tt1119644,Fringe,2,tt1537135,14,The Bishop Revival,2010,"Drama,Mystery,Sci-Fi",44.0,2327,8.1
tt1119644,Fringe,2,tt1537136,15,Jacksonville,2010,"Drama,Mystery,Sci-Fi",44.0,2765,8.9
tt1119644,Fringe,2,tt1537137,16,Peter,2010,"Drama,Mystery,Sci-Fi",44.0,4089,9.4
tt1119644,Fringe,2,tt1537138,17,Olivia. In the Lab. With the Revolver,2010,"Drama,Mystery,Sci-Fi",44.0,2278,7.9
tt1119644,Fringe,2,tt1537139,18,White Tulip,2010,"Drama,Mystery,Sci-Fi",44.0,3800,9.2
tt1119644,Fringe,2,tt1595401,19,The Man from the Other Side,2010,"Drama,Mystery,Sci-Fi",44.0,2368,8.6
tt1119644,Fringe,2,tt1595402,20,Brown Betty,2010,"Drama,Mystery,Sci-Fi",44.0,3192,6.8
tt1119644,Fringe,2,tt1616753,21,Northwest Passage,2010,"Drama,Mystery,Sci-Fi",44.0,2410,8.3
tt1119644,Fringe,2,tt1616754,22,Over There: Part 1,2010,"Drama,Mystery,Sci-Fi",44.0,2628,8.9
tt1119644,Fringe,2,tt1634617,23,Over There: Part 2,2010,"Drama,Mystery,Sci-Fi",43.0,2938,9.2
tt1119644,Fringe,3,tt1635941,1,Olivia,2010,"Drama,Mystery,Sci-Fi",43.0,2495,8.6
tt1119644,Fringe,3,tt1635952,2,The Box,2010,"Drama,Mystery,Sci-Fi",43.0,2170,8.0
tt1119644,Fringe,3,tt1635956,3,The Plateau,2010,"Drama,Mystery,Sci-Fi",43.0,2344,8.5
tt1119644,Fringe,3,tt1635957,4,Do Shapeshifters Dream of Electric Sheep?,2010,"Drama,Mystery,Sci-Fi",43.0,2171,8.3
tt1119644,Fringe,3,tt1635958,5,Amber 31422,2010,"Drama,Mystery,Sci-Fi",42.0,2200,8.1
tt1119644,Fringe,3,tt1635959,6,6955 kHz,2010,"Drama,Mystery,Sci-Fi",43.0,2137,8.1
tt1119644,Fringe,3,tt1635960,7,The Abducted,2010,"Drama,Mystery,Sci-Fi",42.0,2156,8.6
tt1119644,Fringe,3,tt1635961,8,Entrada,2010,"Drama,Mystery,Sci-Fi",43.0,2416,9.0
tt1119644,Fringe,3,tt1635962,9,Marionette,2010,"Drama,Mystery,Sci-Fi",60.0,2216,8.1
tt1119644,Fringe,3,tt1635942,10,The Firefly,2011,"Drama,Mystery,Sci-Fi",43.0,2183,8.4
tt1119644,Fringe,3,tt1635943,11,Reciprocity,2011,"Drama,Mystery,Sci-Fi",43.0,2011,7.9
tt1119644,Fringe,3,tt1635944,12,Concentrate and Ask Again,2011,"Drama,Mystery,Sci-Fi",43.0,2051,8.0
tt1119644,Fringe,3,tt1635945,13,Immortality,2011,"Drama,Mystery,Sci-Fi",44.0,2068,7.8
tt1119644,Fringe,3,tt1635946,14,6B,2011,"Drama,Mystery,Sci-Fi",44.0,2157,8.2
tt1119644,Fringe,3,tt1635947,15,Subject 13,2011,"Drama,Mystery,Sci-Fi",44.0,2293,8.4
tt1119644,Fringe,3,tt1635948,16,Os,2011,"Drama,Mystery,Sci-Fi",44.0,2077,8.0
tt1119644,Fringe,3,tt1635949,17,Stowaway,2011,"Drama,Mystery,Sci-Fi",60.0,2105,7.9
tt1119644,Fringe,3,tt1635950,18,Bloodline,2011,"Drama,Mystery,Sci-Fi",60.0,2062,8.1
tt1119644,Fringe,3,tt1635951,19,Lysergic Acid Diethylamide,2011,"Drama,Mystery,Sci-Fi",60.0,2624,8.6
tt1119644,Fringe,3,tt1635953,20,6:02 AM EST,2011,"Drama,Mystery,Sci-Fi",60.0,2006,8.3
tt1119644,Fringe,3,tt1635954,21,The Last Sam Weiss,2011,"Drama,Mystery,Sci-Fi",60.0,2144,8.7
tt1119644,Fringe,3,tt1635955,22,The Day We Died,2011,"Drama,Mystery,Sci-Fi",60.0,2787,9.0
tt1119644,Fringe,4,tt1942299,1,Neither Here Nor There,2011,"Drama,Mystery,Sci-Fi",44.0,2459,7.9
tt1119644,Fringe,4,tt1974629,2,One Night in October,2011,"Drama,Mystery,Sci-Fi",43.0,2101,8.1
tt1119644,Fringe,4,tt1998676,3,Alone in the World,2011,"Drama,Mystery,Sci-Fi",43.0,1968,7.7
tt1119644,Fringe,4,tt2032721,4,Subject 9,2011,"Drama,Mystery,Sci-Fi",44.0,2106,8.1
tt1119644,Fringe,4,tt2032722,5,Novation,2011,"Drama,Mystery,Sci-Fi",44.0,2035,8.0
tt1119644,Fringe,4,tt2032723,6,And Those We've Left Behind,2011,"Drama,Mystery,Sci-Fi",45.0,2201,8.6
tt1119644,Fringe,4,tt2032724,7,Wallflower,2011,"Drama,Mystery,Sci-Fi",43.0,1908,7.6
tt1119644,Fringe,4,tt2080688,8,Back to Where You've Never Been,2012,"Drama,Mystery,Sci-Fi",44.0,2088,8.4
tt1119644,Fringe,4,tt2097487,9,Enemy of My Enemy,2012,"Drama,Mystery,Sci-Fi",43.0,2035,8.5
tt1119644,Fringe,4,tt2097485,10,Forced Perspective,2012,"Drama,Mystery,Sci-Fi",44.0,2011,7.9
tt1119644,Fringe,4,tt2097486,11,Making Angels,2012,"Drama,Mystery,Sci-Fi",44.0,1995,8.1
tt1119644,Fringe,4,tt2125858,12,Welcome to Westfield,2012,"Drama,Mystery,Sci-Fi",44.0,2245,8.6
tt1119644,Fringe,4,tt2125859,13,A Better Human Being,2012,"Drama,Mystery,Sci-Fi",44.0,1980,7.9
tt1119644,Fringe,4,tt2142215,14,The End of All Things,2012,"Drama,Mystery,Sci-Fi",44.0,2147,8.7
tt1119644,Fringe,4,tt2166857,15,A Short Story About Love,2012,"Drama,Mystery,Sci-Fi",44.0,2196,8.0
tt1119644,Fringe,4,tt2201537,16,Nothing As It Seems,2012,"Drama,Mystery,Sci-Fi",44.0,1920,7.8
tt1119644,Fringe,4,tt2201539,17,Everything in Its Right Place,2012,"Drama,Mystery,Sci-Fi",43.0,1910,8.1
tt1119644,Fringe,4,tt2208523,18,The Consultant,2012,"Drama,Mystery,Sci-Fi",43.0,1841,8.0
tt1119644,Fringe,4,tt2208525,19,Letters of Transit,2012,"Drama,Mystery,Sci-Fi",43.0,3040,8.9
tt1119644,Fringe,4,tt2208527,20,Worlds Apart,2012,"Drama,Mystery,Sci-Fi",44.0,2007,8.5
tt1119644,Fringe,4,tt2208529,21,Brave New World: Part 1,2012,"Drama,Mystery,Sci-Fi",44.0,2062,8.3
tt1119644,Fringe,4,tt2208531,22,Brave New World: Part 2,2012,"Drama,Mystery,Sci-Fi",44.0,2268,8.6
tt1119644,Fringe,5,tt2383819,1,Transilience Thought Unifier Model-11,2012,"Drama,Mystery,Sci-Fi",43.0,2342,8.1
tt1119644,Fringe,5,tt2222882,2,In Absentia,2012,"Drama,Mystery,Sci-Fi",42.0,1856,8.0
tt1119644,Fringe,5,tt2352398,3,The Recordist,2012,"Drama,Mystery,Sci-Fi",41.0,1909,7.7
tt1119644,Fringe,5,tt2385734,4,The Bullet That Saved the World,2012,"Drama,Mystery,Sci-Fi",42.0,2132,8.6
tt1119644,Fringe,5,tt2385736,5,An Origin Story,2012,"Drama,Mystery,Sci-Fi",42.0,1904,8.3
tt1119644,Fringe,5,tt2385738,6,Through the Looking Glass and What Walter Found There,2012,"Drama,Mystery,Sci-Fi",42.0,1956,8.5
tt1119644,Fringe,5,tt2411938,7,Five-Twenty-Ten,2012,"Drama,Mystery,Sci-Fi",42.0,1865,8.4
tt1119644,Fringe,5,tt2411942,8,The Human Kind,2012,"Drama,Mystery,Sci-Fi",42.0,1866,8.2
tt1119644,Fringe,5,tt2411940,9,Black Blotter,2012,"Drama,Mystery,Sci-Fi",42.0,1944,8.2
tt1119644,Fringe,5,tt2411944,10,Anomaly XB-6783746,2012,"Drama,Mystery,Sci-Fi",42.0,2074,8.8
tt1119644,Fringe,5,tt2411948,11,The Boy Must Live,2013,"Drama,Mystery,Sci-Fi",42.0,1923,8.6
tt1119644,Fringe,5,tt2411946,12,Liberty,2013,"Drama,Mystery,Sci-Fi",43.0,2144,8.9
tt1119644,Fringe,5,tt2411954,13,An Enemy of Fate,2013,"Drama,Mystery,Sci-Fi",43.0,3906,9.3
tt1355642,Fullmetal Alchemist: Brotherhood,1,tt1413326,1,Hagane no renkinjutsushi,2009,"Action,Adventure,Animation",24.0,3396,7.6
tt1355642,Fullmetal Alchemist: Brotherhood,1,tt1413327,2,Hajimari no hi,2009,"Action,Adventure,Animation",24.0,3244,8.4
tt1355642,Fullmetal Alchemist: Brotherhood,1,tt1415050,3,Jakyô no machi,2009,"Action,Adventure,Animation",24.0,2876,7.7
tt1355642,Fullmetal Alchemist: Brotherhood,1,tt1415049,4,An Alchemist's Distress,2009,"Action,Adventure,Animation",24.0,4498,9.2
tt1355642,Fullmetal Alchemist: Brotherhood,1,tt1415051,5,Rain of Sorrow,2009,"Action,Adventure,Animation",24.0,2695,8.2
tt1355642,Fullmetal Alchemist: Brotherhood,1,tt1424977,6,Kibou no michi,2009,"Action,Adventure,Animation",30.0,2558,7.6
tt1355642,Fullmetal Alchemist: Brotherhood,1,tt1429692,7,Kakusareta shinjitsu,2009,"Action,Adventure,Animation",30.0,2482,7.6
tt1355642,Fullmetal Alchemist: Brotherhood,1,tt1433389,8,Daigo kenkyuujo,2009,"Action,Adventure,Animation",30.0,2460,8.0
tt1355642,Fullmetal Alchemist: Brotherhood,1,tt1434026,9,Tsukurareta omoi,2009,"Action,Adventure,Animation",30.0,2473,7.9
tt1355642,Fullmetal Alchemist: Brotherhood,1,tt1434025,10,Sorezore no yukusaki,2009,"Action,Adventure,Animation",30.0,3078,8.9
tt1355642,Fullmetal Alchemist: Brotherhood,1,tt1434022,11,Rasshubarê no kiseki,2009,"Action,Adventure,Animation",30.0,2380,7.2
tt1355642,Fullmetal Alchemist: Brotherhood,1,tt1434023,12,"Ichi wa zen, Zen wa ichi",2009,"Action,Adventure,Animation",30.0,2429,8.2
tt1355642,Fullmetal Alchemist: Brotherhood,1,tt1434024,13,Daburisu no kemono tachi,2009,"Action,Adventure,Animation",25.0,2320,8.1
tt1355642,Fullmetal Alchemist: Brotherhood,1,tt1459319,14,Chika ni hisomu mono tachi,2009,"Action,Adventure,Animation",30.0,2745,8.9
tt1355642,Fullmetal Alchemist: Brotherhood,1,tt1461557,15,Touhou no shisha,2009,"Action,Adventure,Animation",30.0,2239,7.5
tt1355642,Fullmetal Alchemist: Brotherhood,1,tt1461558,16,Tomo no ashiato,2009,"Action,Adventure,Animation",30.0,2211,7.9
tt1355642,Fullmetal Alchemist: Brotherhood,1,tt1461559,17,Reitetsu na honoo,2009,"Action,Adventure,Animation",30.0,2231,8.2
tt1355642,Fullmetal Alchemist: Brotherhood,1,tt1477737,18,Chiisana ningen no gouman na tenohira,2009,"Action,Adventure,Animation",30.0,2212,8.2
tt1355642,Fullmetal Alchemist: Brotherhood,1,tt1484138,19,Shinazaru mono no shi,2009,"Action,Adventure,Animation",30.0,5075,9.5
tt1355642,Fullmetal Alchemist: Brotherhood,1,tt1487438,20,Bozen no chichi,2009,"Action,Adventure,Animation",30.0,2234,8.3
tt1355642,Fullmetal Alchemist: Brotherhood,1,tt1491878,21,Gusha no zenshin,2009,"Action,Adventure,Animation",30.0,2159,8.2
tt1355642,Fullmetal Alchemist: Brotherhood,1,tt1500794,22,Tooku no senaka,2009,"Action,Adventure,Animation",30.0,2592,8.9
tt1355642,Fullmetal Alchemist: Brotherhood,1,tt1505214,23,Ikusaba no shoujo,2009,"Action,Adventure,Animation",30.0,2246,8.6
tt1355642,Fullmetal Alchemist: Brotherhood,1,tt1509989,24,Hara no naka,2009,"Action,Adventure,Animation",30.0,2217,8.5
tt1355642,Fullmetal Alchemist: Brotherhood,1,tt1513120,25,Yami no tobira,2009,"Action,Adventure,Animation",30.0,2111,8.1
tt1355642,Fullmetal Alchemist: Brotherhood,1,tt1514922,26,Saikai,2009,"Action,Adventure,Animation",30.0,2975,9.1
tt1355642,Fullmetal Alchemist: Brotherhood,1,tt1521981,27,Hazama no utage,2009,"Action,Adventure,Animation",30.0,2199,6.4
tt1355642,Fullmetal Alchemist: Brotherhood,1,tt1526676,28,Otousama,2009,"Action,Adventure,Animation",30.0,2158,8.5
tt1355642,Fullmetal Alchemist: Brotherhood,1,tt1530725,29,Gusha no agaki,2009,"Action,Adventure,Animation",30.0,2034,7.7
tt1355642,Fullmetal Alchemist: Brotherhood,1,tt1534640,30,Ishuvâru senmetsusen,2009,"Action,Adventure,Animation",30.0,2065,8.0
tt1355642,Fullmetal Alchemist: Brotherhood,1,tt1539093,31,520 senzu no yakusoku,2009,"Action,Adventure,Animation",30.0,1992,7.6
tt1355642,Fullmetal Alchemist: Brotherhood,1,tt1543387,32,Daisoutou no musuko,2009,"Action,Adventure,Animation",30.0,1996,7.4
tt1355642,Fullmetal Alchemist: Brotherhood,1,tt1547750,33,Burigguzu no hokuheki,2009,"Action,Adventure,Animation",30.0,1981,7.7
tt1355642,Fullmetal Alchemist: Brotherhood,1,tt1548830,34,Koori no joou,2009,"Action,Adventure,Animation",30.0,1956,7.7
tt1355642,Fullmetal Alchemist: Brotherhood,1,tt1554336,35,Kono kuni no katachi,2009,"Action,Adventure,Animation",30.0,1988,8.2
tt1355642,Fullmetal Alchemist: Brotherhood,1,tt1562664,36,Kazoku no shouzou,2009,"Action,Adventure,Animation",30.0,2008,8.3
tt1355642,Fullmetal Alchemist: Brotherhood,1,tt1566096,37,Hajimari no homunkurusu,2009,"Action,Adventure,Animation",30.0,2006,8.2
tt1355642,Fullmetal Alchemist: Brotherhood,1,tt1570817,38,Bazukûru no gekitou,2009,"Action,Adventure,Animation",30.0,1939,7.9
tt1355642,Fullmetal Alchemist: Brotherhood,1,tt1571822,39,Hakuchuu no yume,2010,"Action,Adventure,Animation",30.0,1953,7.9
tt1355642,Fullmetal Alchemist: Brotherhood,1,tt1580981,40,Homunkurusu,2010,"Action,Adventure,Animation",30.0,2851,9.1
tt1355642,Fullmetal Alchemist: Brotherhood,1,tt1585804,41,Naraku,2010,"Action,Adventure,Animation",30.0,2082,8.5
tt1355642,Fullmetal Alchemist: Brotherhood,1,tt1589090,42,Hangeki no kizashi,2010,"Action,Adventure,Animation",30.0,1953,8.1
tt1355642,Fullmetal Alchemist: Brotherhood,1,tt1593017,43,Ari no hitokami,2010,"Action,Adventure,Animation",30.0,2075,8.6
tt1355642,Fullmetal Alchemist: Brotherhood,1,tt1596850,44,Barin barin no zenkai,2010,"Action,Adventure,Animation",30.0,1963,8.2
tt1355642,Fullmetal Alchemist: Brotherhood,1,tt1600988,45,Yakusoku no hi,2010,"Action,Adventure,Animation",30.0,1970,8.0
tt1355642,Fullmetal Alchemist: Brotherhood,1,tt1605239,46,Semaru kage,2010,"Action,Adventure,Animation",30.0,1963,8.1
tt1355642,Fullmetal Alchemist: Brotherhood,1,tt1608867,47,Yami no shisha,2010,"Action,Adventure,Animation",30.0,2026,8.6
tt1355642,Fullmetal Alchemist: Brotherhood,1,tt1612914,48,Chikadou no chikai,2010,"Action,Adventure,Animation",30.0,2041,8.7
tt1355642,Fullmetal Alchemist: Brotherhood,1,tt1616769,49,Oyako no jou,2010,"Action,Adventure,Animation",30.0,1965,8.3
tt1355642,Fullmetal Alchemist: Brotherhood,1,tt1621686,50,Sentoraru douran,2010,"Action,Adventure,Animation",30.0,2047,8.6
tt1355642,Fullmetal Alchemist: Brotherhood,1,tt1626341,51,Fushi no gundan,2010,"Action,Adventure,Animation",30.0,2130,8.8
tt1355642,Fullmetal Alchemist: Brotherhood,1,tt1630401,52,Minna no chikara,2010,"Action,Adventure,Animation",30.0,2118,8.8
tt1355642,Fullmetal Alchemist: Brotherhood,1,tt1634626,53,Fukushuu no honoo,2010,"Action,Adventure,Animation",30.0,2926,9.2
tt1355642,Fullmetal Alchemist: Brotherhood,1,tt1639964,54,Rekka no saki ni,2010,"Action,Adventure,Animation",30.0,3431,9.4
tt1355642,Fullmetal Alchemist: Brotherhood,1,tt1643650,55,Otonatachi no ikizama,2010,"Action,Adventure,Animation",30.0,2071,8.6
tt1355642,Fullmetal Alchemist: Brotherhood,1,tt1647872,56,Daisoutou no kikan,2010,"Action,Adventure,Animation",30.0,2176,8.8
tt1355642,Fullmetal Alchemist: Brotherhood,1,tt1651583,57,Eien no itoma,2010,"Action,Adventure,Animation",30.0,2481,9.1
tt1355642,Fullmetal Alchemist: Brotherhood,1,tt1656322,58,Hitobashira,2010,"Action,Adventure,Animation",30.0,2254,8.9
tt1355642,Fullmetal Alchemist: Brotherhood,1,tt1659862,59,Ushinawareta hikari,2010,"Action,Adventure,Animation",30.0,2441,9.1
tt1355642,Fullmetal Alchemist: Brotherhood,1,tt1663961,60,"Ten no hitomi, shi no tobira",2010,"Action,Adventure,Animation",30.0,2974,9.3
tt1355642,Fullmetal Alchemist: Brotherhood,1,tt1667948,61,Kami o nomikomishi mono,2010,"Action,Adventure,Animation",30.0,2863,9.2
tt1355642,Fullmetal Alchemist: Brotherhood,1,tt1673082,62,Seizetsunaru hangeki,2010,"Action,Adventure,Animation",30.0,3686,9.5
tt1355642,Fullmetal Alchemist: Brotherhood,1,tt1675927,63,Tobira no mukougawa,2010,"Action,Adventure,Animation",30.0,5246,9.6
tt1355642,Fullmetal Alchemist: Brotherhood,1,tt1680453,64,Tabiji no hate,2010,"Action,Adventure,Animation",30.0,3588,9.3
tt1355642,Fullmetal Alchemist: Brotherhood,,tt7228252,,Moumoku no Renkinjutsushi,2009,"Action,Adventure,Animation",24.0,573,7.8
tt1355642,Fullmetal Alchemist: Brotherhood,,tt7228256,,Simple na Hitobito,2009,"Action,Adventure,Animation",24.0,537,7.4
tt1355642,Fullmetal Alchemist: Brotherhood,,tt7228258,,Sensei Monogatari,2010,"Action,Adventure,Animation",24.0,522,7.6
tt1355642,Fullmetal Alchemist: Brotherhood,,tt7228262,,Sore mo mata Kare no Senjou,2010,"Action,Adventure,Animation",24.0,558,8.4
tt0944947,Game of Thrones,1,tt31321401,0,Unaired Original Pilot,2011,"Action,Adventure,Drama",62.0,2815,9.2
tt0944947,Game of Thrones,1,tt1480055,1,Winter Is Coming,2011,"Action,Adventure,Drama",62.0,59897,8.9
tt0944947,Game of Thrones,1,tt1668746,2,The Kingsroad,2011,"Action,Adventure,Drama",56.0,45023,8.6
tt0944947,Game of Thrones,1,tt1829962,3,Lord Snow,2011,"Action,Adventure,Drama",58.0,42593,8.5
tt0944947,Game of Thrones,1,tt1829963,4,"Cripples, Bastards, and Broken Things",2011,"Action,Adventure,Drama",56.0,40555,8.6
tt0944947,Game of Thrones,1,tt1829964,5,The Wolf and the Lion,2011,"Action,Adventure,Drama",55.0,42266,9.0
tt0944947,Game of Thrones,1,tt1837862,6,A Golden Crown,2011,"Action,Adventure,Drama",53.0,41695,9.1
tt0944947,Game of Thrones,1,tt1837863,7,You Win or You Die,2011,"Action,Adventure,Drama",58.0,42167,9.1
tt0944947,Game of Thrones,1,tt1837864,8,The Pointy End,2011,"Action,Adventure,Drama",59.0,39545,8.9
tt0944947,Game of Thrones,1,tt1851398,9,Baelor,2011,"Action,Adventure,Drama",57.0,55738,9.6
tt0944947,Game of Thrones,1,tt1851397,10,Fire and Blood,2011,"Action,Adventure,Drama",53.0,48357,9.4
tt0944947,Game of Thrones,2,tt1971833,1,The North Remembers,2012,"Action,Adventure,Drama",53.0,37431,8.6
tt0944947,Game of Thrones,2,tt2069318,2,The Night Lands,2012,"Action,Adventure,Drama",54.0,35495,8.3
tt0944947,Game of Thrones,2,tt2070135,3,What Is Dead May Never Die,2012,"Action,Adventure,Drama",53.0,35069,8.7
tt0944947,Game of Thrones,2,tt2069319,4,Garden of Bones,2012,"Action,Adventure,Drama",51.0,34110,8.6
tt0944947,Game of Thrones,2,tt2074658,5,The Ghost of Harrenhal,2012,"Action,Adventure,Drama",55.0,34277,8.6
tt0944947,Game of Thrones,2,tt2085238,6,The Old Gods and the New,2012,"Action,Adventure,Drama",54.0,35729,8.9
tt0944947,Game of Thrones,2,tt2085239,7,A Man Without Honor,2012,"Action,Adventure,Drama",56.0,34704,8.8
tt0944947,Game of Thrones,2,tt2085240,8,The Prince of Winterfell,2012,"Action,Adventure,Drama",54.0,34221,8.6
tt0944947,Game of Thrones,2,tt2084342,9,Blackwater,2012,"Action,Adventure,Drama",55.0,59774,9.7
tt0944947,Game of Thrones,2,tt2112510,10,Valar Morghulis,2012,"Action,Adventure,Drama",64.0,41627,9.3
tt0944947,Game of Thrones,3,tt2178782,1,Valar Dohaeris,2013,"Action,Adventure,Drama",55.0,36339,8.6
tt0944947,Game of Thrones,3,tt2178772,2,"Dark Wings, Dark Words",2013,"Action,Adventure,Drama",56.0,33657,8.4
tt0944947,Game of Thrones,3,tt2178802,3,Walk of Punishment,2013,"Action,Adventure,Drama",56.0,34054,8.7
tt0944947,Game of Thrones,3,tt2178798,4,And Now His Watch Is Ended,2013,"Action,Adventure,Drama",53.0,45943,9.5
tt0944947,Game of Thrones,3,tt2178788,5,Kissed by Fire,2013,"Action,Adventure,Drama",57.0,35231,8.9
tt0944947,Game of Thrones,3,tt2178812,6,The Climb,2013,"Action,Adventure,Drama",53.0,34624,8.7
tt0944947,Game of Thrones,3,tt2178814,7,The Bear and the Maiden Fair,2013,"Action,Adventure,Drama",58.0,33592,8.6
tt0944947,Game of Thrones,3,tt2178806,8,Second Sons,2013,"Action,Adventure,Drama",56.0,34295,8.9
tt0944947,Game of Thrones,3,tt2178784,9,The Rains of Castamere,2013,"Action,Adventure,Drama",51.0,127736,9.9
tt0944947,Game of Thrones,3,tt2178796,10,Mhysa,2013,"Action,Adventure,Drama",63.0,38612,9.1
tt0944947,Game of Thrones,4,tt2816136,1,Two Swords,2014,"Action,Adventure,Drama",58.0,41785,9.0
tt0944947,Game of Thrones,4,tt2832378,2,The Lion and the Rose,2014,"Action,Adventure,Drama",52,65609,9.7
tt0944947,Game of Thrones,4,tt2972426,3,Breaker of Chains,2014,"Action,Adventure,Drama",57.0,36352,8.7
tt0944947,Game of Thrones,4,tt2972428,4,Oathkeeper,2014,"Action,Adventure,Drama",55.0,35060,8.7
tt0944947,Game of Thrones,4,tt3060856,5,First of His Name,2014,"Action,Adventure,Drama",53,34346,8.6
tt0944947,Game of Thrones,4,tt3060910,6,The Laws of Gods and Men,2014,"Action,Adventure,Drama",51,64661,9.7
tt0944947,Game of Thrones,4,tt3060876,7,Mockingbird,2014,"Action,Adventure,Drama",51,37790,9.0
tt0944947,Game of Thrones,4,tt3060782,8,The Mountain and the Viper,2014,"Action,Adventure,Drama",52,65381,9.7
tt0944947,Game of Thrones,4,tt3060858,9,The Watchers on the Wall,2014,"Action,Adventure,Drama",51,58256,9.6
tt0944947,Game of Thrones,4,tt3060860,10,The Children,2014,"Action,Adventure,Drama",65,56533,9.7
tt0944947,Game of Thrones,5,tt3658012,1,The Wars to Come,2015,"Action,Adventure,Drama",53.0,36353,8.3
tt0944947,Game of Thrones,5,tt3846626,2,The House of Black and White,2015,"Action,Adventure,Drama",56.0,33149,8.3
tt0944947,Game of Thrones,5,tt3866836,3,High Sparrow,2015,"Action,Adventure,Drama",60,32240,8.3
tt0944947,Game of Thrones,5,tt3866838,4,Sons of the Harpy,2015,"Action,Adventure,Drama",51,33004,8.5
tt0944947,Game of Thrones,5,tt3866840,5,Kill the Boy,2015,"Action,Adventure,Drama",57,33163,8.5
tt0944947,Game of Thrones,5,tt3866842,6,"Unbowed, Unbent, Unbroken",2015,"Action,Adventure,Drama",54,37082,7.9
tt0944947,Game of Thrones,5,tt3866846,7,The Gift,2015,"Action,Adventure,Drama",59,35539,8.8
tt0944947,Game of Thrones,5,tt3866850,8,Hardhome,2015,"Action,Adventure,Drama",61,113988,9.8
tt0944947,Game of Thrones,5,tt3866826,9,The Dance of Dragons,2015,"Action,Adventure,Drama",52,51587,9.4
tt0944947,Game of Thrones,5,tt3866862,10,Mother's Mercy,2015,"Action,Adventure,Drama",60,50366,9.1
tt0944947,Game of Thrones,6,tt3658014,1,The Red Woman,2016,"Action,Adventure,Drama",50.0,46107,8.4
tt0944947,Game of Thrones,6,tt4077554,2,Home,2016,"Action,Adventure,Drama",54.0,53536,9.2
tt0944947,Game of Thrones,6,tt4131606,3,Oathbreaker,2016,"Action,Adventure,Drama",52.0,40386,8.6
tt0944947,Game of Thrones,6,tt4283016,4,Book of the Stranger,2016,"Action,Adventure,Drama",59.0,43198,9.0
tt0944947,Game of Thrones,6,tt4283028,5,The Door,2016,"Action,Adventure,Drama",57.0,83159,9.7
tt0944947,Game of Thrones,6,tt4283054,6,Blood of My Blood,2016,"Action,Adventure,Drama",52.0,39731,8.3
tt0944947,Game of Thrones,6,tt4283060,7,The Broken Man,2016,"Action,Adventure,Drama",51.0,38967,8.5
tt0944947,Game of Thrones,6,tt4283074,8,No One,2016,"Action,Adventure,Drama",59.0,43295,8.3
tt0944947,Game of Thrones,6,tt4283088,9,Battle of the Bastards,2016,"Action,Adventure,Drama",60.0,236082,9.9
tt0944947,Game of Thrones,6,tt4283094,10,The Winds of Winter,2016,"Action,Adventure,Drama",68.0,169435,9.9
tt0944947,Game of Thrones,7,tt5654088,1,Dragonstone,2017,"Action,Adventure,Drama",59.0,57306,8.5
tt0944947,Game of Thrones,7,tt5655178,2,Stormborn,2017,"Action,Adventure,Drama",59.0,50568,8.8
tt0944947,Game of Thrones,7,tt5775840,3,The Queen's Justice,2017,"Action,Adventure,Drama",63.0,53193,9.1
tt0944947,Game of Thrones,7,tt5775846,4,The Spoils of War,2017,"Action,Adventure,Drama",50.0,99329,9.7
tt0944947,Game of Thrones,7,tt5775854,5,Eastwatch,2017,"Action,Adventure,Drama",59.0,50292,8.7
tt0944947,Game of Thrones,7,tt5775864,6,Beyond the Wall,2017,"Action,Adventure,Drama",70.0,72395,9.0
tt0944947,Game of Thrones,7,tt5775874,7,The Dragon and the Wolf,2017,"Action,Adventure,Drama",80.0,72577,9.4
tt0944947,Game of Thrones,8,tt5924366,1,Winterfell,2019,"Action,Adventure,Drama",54.0,141780,7.6
tt0944947,Game of Thrones,8,tt6027908,2,A Knight of the Seven Kingdoms,2019,"Action,Adventure,Drama",58.0,140708,7.9
tt0944947,Game of Thrones,8,tt6027912,3,The Long Night,2019,"Action,Adventure,Drama",82.0,230784,7.5
tt0944947,Game of Thrones,8,tt6027914,4,The Last of the Starks,2019,"Action,Adventure,Drama",78.0,175523,5.5
tt0944947,Game of Thrones,8,tt6027916,5,The Bells,2019,"Action,Adventure,Drama",78.0,205058,5.9
tt0944947,Game of Thrones,8,tt6027920,6,The Iron Throne,2019,"Action,Adventure,Drama",80.0,270084,4.0
tt0397442,Gossip Girl,1,tt1036062,1,Pilot,2007,"Drama,Romance",42.0,2002,7.5
tt0397442,Gossip Girl,1,tt1036067,2,The Wild Brunch,2007,"Drama,Romance",42.0,1461,7.4
tt0397442,Gossip Girl,1,tt1036068,3,Poison Ivy,2007,"Drama,Romance",42.0,1296,7.5
tt0397442,Gossip Girl,1,tt1036069,4,Bad News Blair,2007,"Drama,Romance",42.0,1280,7.4
tt0397442,Gossip Girl,1,tt1036070,5,Dare Devil,2007,"Drama,Romance",42.0,1240,7.6
tt0397442,Gossip Girl,1,tt1036071,6,The Handmaiden's Tale,2007,"Drama,Romance",42.0,1206,7.5
tt0397442,Gossip Girl,1,tt1036072,7,Victor/Victrola,2007,"Drama,Romance",42.0,1422,8.0
tt0397442,Gossip Girl,1,tt1036073,8,Seventeen Candles,2007,"Drama,Romance",42.0,1171,7.7
tt0397442,Gossip Girl,1,tt1036074,9,Blair Waldorf Must Pie!,2007,"Drama,Romance",42.0,1166,7.6
tt0397442,Gossip Girl,1,tt1036063,10,"Hi, Society",2007,"Drama,Romance",42.0,1206,7.8
tt0397442,Gossip Girl,1,tt1036064,11,Roman Holiday,2007,"Drama,Romance",42.0,1120,7.5
tt0397442,Gossip Girl,1,tt1036065,12,School Lies,2008,"Drama,Romance",42.0,1102,7.5
tt0397442,Gossip Girl,1,tt1036066,13,A Thin Line Between Chuck and Nate,2008,"Drama,Romance",42.0,1108,7.7
tt0397442,Gossip Girl,1,tt1122270,14,The Blair Bitch Project,2008,"Drama,Romance",42.0,1153,7.8
tt0397442,Gossip Girl,1,tt1122271,15,Desperately Seeking Serena,2008,"Drama,Romance",42.0,1078,7.5
tt0397442,Gossip Girl,1,tt1122272,16,All About My Brother,2008,"Drama,Romance",42.0,1144,8.0
tt0397442,Gossip Girl,1,tt1122273,17,Woman on the Verge,2008,"Drama,Romance",42.0,1108,8.0
tt0397442,Gossip Girl,1,tt1122274,18,Much 'I Do' About Nothing,2008,"Drama,Romance",42.0,1153,7.8
tt0397442,Gossip Girl,2,tt1260025,1,Summer Kind of Wonderful,2008,"Drama,Romance",42.0,1290,7.9
tt0397442,Gossip Girl,2,tt1266855,2,Never Been Marcused,2008,"Drama,Romance",42.0,952,7.5
tt0397442,Gossip Girl,2,tt1266859,3,The Dark Night,2008,"Drama,Romance",42.0,959,7.6
tt0397442,Gossip Girl,2,tt1266860,4,The Ex-Files,2008,"Drama,Romance",42.0,935,7.6
tt0397442,Gossip Girl,2,tt1266861,5,The Serena Also Rises,2008,"Drama,Romance",42.0,948,7.8
tt0397442,Gossip Girl,2,tt1266862,6,New Haven Can Wait,2008,"Drama,Romance",42.0,932,7.7
tt0397442,Gossip Girl,2,tt1266863,7,Chuck in Real Life,2008,"Drama,Romance",42.0,952,7.9
tt0397442,Gossip Girl,2,tt1266864,8,Pret-a-Poor-J,2008,"Drama,Romance",42.0,1010,8.0
tt0397442,Gossip Girl,2,tt1266865,9,There Might be Blood,2008,"Drama,Romance",42.0,928,7.9
tt0397442,Gossip Girl,2,tt1266845,10,Bonfire of the Vanity,2008,"Drama,Romance",42.0,854,7.5
tt0397442,Gossip Girl,2,tt1266846,11,The Magnificent Archibalds,2008,"Drama,Romance",42.0,855,7.7
tt0397442,Gossip Girl,2,tt1266847,12,It's a Wonderful Lie,2008,"Drama,Romance",42.0,892,7.7
tt0397442,Gossip Girl,2,tt1266848,13,"O Brother, Where Bart Thou?",2008,"Drama,Romance",42.0,1141,8.4
tt0397442,Gossip Girl,2,tt1266849,14,In the Realm of the Basses,2009,"Drama,Romance",42.0,902,7.8
tt0397442,Gossip Girl,2,tt1266850,15,Gone with the Will,2009,"Drama,Romance",42.0,867,7.8
tt0397442,Gossip Girl,2,tt1266851,16,You've Got Yale!,2009,"Drama,Romance",42.0,894,7.8
tt0397442,Gossip Girl,2,tt1266852,17,Carrnal Knowledge,2009,"Drama,Romance",42.0,886,7.6
tt0397442,Gossip Girl,2,tt1266853,18,The Age of Dissonance,2009,"Drama,Romance",42.0,860,7.4
tt0397442,Gossip Girl,2,tt1266854,19,The Grandfather,2009,"Drama,Romance",42.0,806,7.3
tt0397442,Gossip Girl,2,tt1266856,20,Remains of the J,2009,"Drama,Romance",42.0,788,7.3
tt0397442,Gossip Girl,2,tt1266857,21,Seder Anything,2009,"Drama,Romance",42.0,814,7.7
tt0397442,Gossip Girl,2,tt1418308,22,Southern Gentlemen Prefer Blondes,2009,"Drama,Romance",42.0,783,7.6
tt0397442,Gossip Girl,2,tt1392844,23,The Wrath of Con,2009,"Drama,Romance",42.0,836,7.9
tt0397442,Gossip Girl,2,tt1393347,24,Valley Girls,2009,"Drama,Romance",42.0,1088,8.0
tt0397442,Gossip Girl,2,tt1392843,25,The Goodbye Gossip Girl,2009,"Drama,Romance",42.0,1232,8.5
tt0397442,Gossip Girl,3,tt1472692,1,Reversals of Fortune,2009,"Drama,Romance",42.0,887,7.4
tt0397442,Gossip Girl,3,tt1475854,2,The Freshmen,2009,"Drama,Romance",42.0,769,7.5
tt0397442,Gossip Girl,3,tt1498657,3,The Lost Boy,2009,"Drama,Romance",42.0,772,7.6
tt0397442,Gossip Girl,3,tt1498656,4,Dan de Fleurette,2009,"Drama,Romance",42.0,805,7.7
tt0397442,Gossip Girl,3,tt1505559,5,Rufus Getting Married,2009,"Drama,Romance",42.0,756,7.7
tt0397442,Gossip Girl,3,tt1505557,6,Enough About Eve,2009,"Drama,Romance",42.0,761,7.6
tt0397442,Gossip Girl,3,tt1505558,7,How to Succeed in Bassness,2009,"Drama,Romance",42.0,720,7.5
tt0397442,Gossip Girl,3,tt1505560,8,The Grandfather: Part II,2009,"Drama,Romance",42.0,709,7.5
tt0397442,Gossip Girl,3,tt1518721,9,"They Shoot Humphreys, Don't They?",2009,"Drama,Romance",42.0,761,7.7
tt0397442,Gossip Girl,3,tt1518720,10,The Last Days of Disco Stick,2009,"Drama,Romance",42.0,763,7.5
tt0397442,Gossip Girl,3,tt1548668,11,The Treasure of Serena Madre,2009,"Drama,Romance",42.0,774,7.8
tt0397442,Gossip Girl,3,tt1553486,12,The Debarted,2009,"Drama,Romance",42.0,790,7.9
tt0397442,Gossip Girl,3,tt1553485,13,The Hurt Locket,2010,"Drama,Romance",42.0,708,7.3
tt0397442,Gossip Girl,3,tt1562508,14,The Lady Vanished,2010,"Drama,Romance",42.0,678,7.3
tt0397442,Gossip Girl,3,tt1564637,15,The Sixteen Year Old Virgin,2010,"Drama,Romance",42.0,661,7.3
tt0397442,Gossip Girl,3,tt1576522,16,The Empire Strikes Jack,2010,"Drama,Romance",42.0,667,7.4
tt0397442,Gossip Girl,3,tt1586862,17,Inglourious Bassterds,2010,"Drama,Romance",42.0,686,7.8
tt0397442,Gossip Girl,3,tt1586863,18,The Unblairable Lightness of Being,2010,"Drama,Romance",42.0,686,7.7
tt0397442,Gossip Girl,3,tt1605236,19,Dr. Estrangeloved,2010,"Drama,Romance",42.0,641,7.3
tt0397442,Gossip Girl,3,tt1605237,20,"It's a Dad, Dad, Dad, Dad World",2010,"Drama,Romance",42.0,661,7.3
tt0397442,Gossip Girl,3,tt1609605,21,Ex-Husbands and Wives,2010,"Drama,Romance",42.0,661,7.7
tt0397442,Gossip Girl,3,tt1609310,22,"Last Tango, Then Paris",2010,"Drama,Romance",42.0,835,8.3
tt0397442,Gossip Girl,4,tt1635985,1,Belles de Jour,2010,"Drama,Romance",42.0,830,7.7
tt0397442,Gossip Girl,4,tt1635996,2,Double Identity,2010,"Drama,Romance",42.0,855,8.2
tt0397442,Gossip Girl,4,tt1636000,3,The Undergraduates,2010,"Drama,Romance",42.0,655,7.5
tt0397442,Gossip Girl,4,tt1636001,4,Touch of Eva,2010,"Drama,Romance",42.0,640,7.6
tt0397442,Gossip Girl,4,tt1636002,5,"Goodbye, Columbia",2010,"Drama,Romance",42.0,619,7.4
tt0397442,Gossip Girl,4,tt1636003,6,Easy J,2010,"Drama,Romance",42.0,680,7.7
tt0397442,Gossip Girl,4,tt1636004,7,War at the Roses,2010,"Drama,Romance",42.0,725,7.8
tt0397442,Gossip Girl,4,tt1636005,8,Juliet Doesn't Live Here Anymore,2010,"Drama,Romance",42.0,687,7.7
tt0397442,Gossip Girl,4,tt1636006,9,The Witches of Bushwick,2010,"Drama,Romance",42.0,702,7.9
tt0397442,Gossip Girl,4,tt1635986,10,Gaslit,2010,"Drama,Romance",42.0,651,7.9
tt0397442,Gossip Girl,4,tt1635987,11,The Townie,2010,"Drama,Romance",42.0,730,8.1
tt0397442,Gossip Girl,4,tt1635988,12,The Kids Are Not All Right,2011,"Drama,Romance",42.0,605,7.4
tt0397442,Gossip Girl,4,tt1635989,13,Damien Darko,2011,"Drama,Romance",42.0,597,7.4
tt0397442,Gossip Girl,4,tt1635990,14,Panic Roommate,2011,"Drama,Romance",42.0,621,7.0
tt0397442,Gossip Girl,4,tt1635991,15,It-Girl Happened One Night,2011,"Drama,Romance",42.0,609,7.3
tt0397442,Gossip Girl,4,tt1635992,16,While You Weren't Sleeping,2011,"Drama,Romance",42.0,606,7.4
tt0397442,Gossip Girl,4,tt1635993,17,Empire of the Son,2011,"Drama,Romance",42.0,630,7.7
tt0397442,Gossip Girl,4,tt1635994,18,The Kids Stay in the Picture,2011,"Drama,Romance",42.0,618,7.1
tt0397442,Gossip Girl,4,tt1635995,19,Petty in Pink,2011,"Drama,Romance",42.0,588,7.4
tt0397442,Gossip Girl,4,tt1635997,20,The Princesses and the Frog,2011,"Drama,Romance",42.0,622,7.2
tt0397442,Gossip Girl,4,tt1635998,21,Shattered Bass,2011,"Drama,Romance",42.0,626,7.4
tt0397442,Gossip Girl,4,tt1635999,22,The Wrong Goodbye,2011,"Drama,Romance",42.0,765,8.0
tt0397442,Gossip Girl,5,tt1926567,1,"Yes, Then Zero",2011,"Drama,Romance",42.0,767,7.5
tt0397442,Gossip Girl,5,tt1979712,2,Beauty and the Feast,2011,"Drama,Romance",42.0,630,7.2
tt0397442,Gossip Girl,5,tt1979713,3,The Jewel of Denial,2011,"Drama,Romance",42.0,590,7.5
tt0397442,Gossip Girl,5,tt1979714,4,Memoirs of an Invisible Dan,2011,"Drama,Romance",42.0,630,7.8
tt0397442,Gossip Girl,5,tt1979715,5,The Fasting and the Furious,2011,"Drama,Romance",42.0,597,7.2
tt0397442,Gossip Girl,5,tt1979716,6,I Am Number Nine,2011,"Drama,Romance",42.0,595,7.6
tt0397442,Gossip Girl,5,tt1979717,7,The Big Sleep No More,2011,"Drama,Romance",42.0,611,7.1
tt0397442,Gossip Girl,5,tt1979718,8,All the Pretty Sources,2011,"Drama,Romance",42.0,577,7.5
tt0397442,Gossip Girl,5,tt1979719,9,Rhodes to Perdition,2011,"Drama,Romance",42.0,581,7.3
tt0397442,Gossip Girl,5,tt1979706,10,Riding in Town Cars with Boys,2011,"Drama,Romance",42.0,698,8.0
tt0397442,Gossip Girl,5,tt1979707,11,The End of the Affair?,2012,"Drama,Romance",42.0,726,6.8
tt0397442,Gossip Girl,5,tt1979708,12,Father and the Bride,2012,"Drama,Romance",42.0,592,7.3
tt0397442,Gossip Girl,5,tt1979709,13,G.G.,2012,"Drama,Romance",42.0,814,8.3
tt0397442,Gossip Girl,5,tt1979710,14,The Backup Dan,2012,"Drama,Romance",42.0,598,7.7
tt0397442,Gossip Girl,5,tt1979711,15,"Crazy, Cupid, Love",2012,"Drama,Romance",42.0,628,7.5
tt0397442,Gossip Girl,5,tt1942310,16,Cross Rhodes,2012,"Drama,Romance",42.0,594,7.6
tt0397442,Gossip Girl,5,tt1942311,17,The Princess Dowry,2012,"Drama,Romance",42.0,601,7.5
tt0397442,Gossip Girl,5,tt1942312,18,Con-Heir,2012,"Drama,Romance",42.0,606,7.2
tt0397442,Gossip Girl,5,tt1942313,19,"It Girl, Interrupted",2012,"Drama,Romance",42.0,575,7.0
tt0397442,Gossip Girl,5,tt1942314,20,Salon of the Dead,2012,"Drama,Romance",42.0,575,7.4
tt0397442,Gossip Girl,5,tt1942315,21,Despicable B,2012,"Drama,Romance",42.0,581,7.2
tt0397442,Gossip Girl,5,tt1942316,22,Raiders of the Lost Art,2012,"Drama,Romance",42.0,612,7.9
tt0397442,Gossip Girl,5,tt2072501,23,The Fugitives,2012,"Drama,Romance",41.0,550,7.5
tt0397442,Gossip Girl,5,tt2072502,24,The Return of the Ring,2012,"Drama,Romance",42.0,668,7.7
tt0397442,Gossip Girl,6,tt2399795,1,Gone Maybe Gone,2012,"Drama,Romance",42.0,807,7.5
tt0397442,Gossip Girl,6,tt2360062,2,High Infidelity,2012,"Drama,Romance",42.0,624,6.9
tt0397442,Gossip Girl,6,tt2440778,3,Dirty Rotten Scandals,2012,"Drama,Romance",42.0,615,6.8
tt0397442,Gossip Girl,6,tt2450692,4,Portrait of a Lady Alexander,2012,"Drama,Romance",42.0,598,6.9
tt0397442,Gossip Girl,6,tt2461438,5,Monstrous Ball,2012,"Drama,Romance",42.0,589,7.0
tt0397442,Gossip Girl,6,tt2366338,6,Where the Vile Things Are,2012,"Drama,Romance",42.0,561,7.4
tt0397442,Gossip Girl,6,tt2461448,7,Save the Last Chance,2012,"Drama,Romance",42.0,583,7.5
tt0397442,Gossip Girl,6,tt2461452,8,It's Really Complicated,2012,"Drama,Romance",42.0,588,7.6
tt0397442,Gossip Girl,6,tt2461456,9,The Revengers,2012,"Drama,Romance",42.0,675,8.0
tt0397442,Gossip Girl,6,tt2461460,10,"New York, I Love You XOXO",2012,"Drama,Romance",41.0,2271,9.0
tt3749900,Gotham,1,tt3216414,1,Pilot,2014,"Action,Crime,Drama",50,10560,7.9
tt3749900,Gotham,1,tt4017996,2,Selina Kyle,2014,"Action,Crime,Drama",44.0,6147,7.8
tt3749900,Gotham,1,tt3993356,3,The Balloonman,2014,"Action,Crime,Drama",44,5431,7.7
tt3749900,Gotham,1,tt3975220,4,Arkham,2014,"Action,Crime,Drama",43,5117,7.9
tt3749900,Gotham,1,tt3993362,5,Viper,2014,"Action,Crime,Drama",45,4774,7.7
tt3749900,Gotham,1,tt3993368,6,Spirit of the Goat,2014,"Action,Crime,Drama",41,4892,8.1
tt3749900,Gotham,1,tt4033254,7,Penguin's Umbrella,2014,"Action,Crime,Drama",42.0,6255,8.9
tt3749900,Gotham,1,tt4049582,8,The Mask,2014,"Action,Crime,Drama",42.0,4333,7.8
tt3749900,Gotham,1,tt4069154,9,Harvey Dent,2014,"Action,Crime,Drama",45.0,4230,7.6
tt3749900,Gotham,1,tt4120502,10,Lovecraft,2014,"Action,Crime,Drama",43.0,4333,8.2
tt3749900,Gotham,1,tt4120506,11,Rogues' Gallery,2015,"Action,Crime,Drama",42.0,3971,7.6
tt3749900,Gotham,1,tt4120512,12,What the Little Bird Told Him,2015,"Action,Crime,Drama",42.0,4036,8.3
tt3749900,Gotham,1,tt4120516,13,"Welcome Back, Jim Gordon",2015,"Action,Crime,Drama",45.0,3738,7.8
tt3749900,Gotham,1,tt4120520,14,The Fearsome Dr. Crane,2015,"Action,Crime,Drama",45.0,3703,7.9
tt3749900,Gotham,1,tt4120524,15,The Scarecrow,2015,"Action,Crime,Drama",42.0,3749,7.8
tt3749900,Gotham,1,tt4120532,16,The Blind Fortune Teller,2015,"Action,Crime,Drama",44.0,4241,8.3
tt3749900,Gotham,1,tt4120538,17,Red Hood,2015,"Action,Crime,Drama",42.0,3712,7.9
tt3749900,Gotham,1,tt4120542,18,Everyone Has a Cobblepot,2015,"Action,Crime,Drama",43.0,3526,8.0
tt3749900,Gotham,1,tt4120544,19,Beasts of Prey,2015,"Action,Crime,Drama",40.0,3486,8.0
tt3749900,Gotham,1,tt4120550,20,Under the Knife,2015,"Action,Crime,Drama",44.0,3532,8.3
tt3749900,Gotham,1,tt4120554,21,The Anvil or the Hammer,2015,"Action,Crime,Drama",44.0,3616,8.5
tt3749900,Gotham,1,tt4142526,22,All Happy Families Are Alike,2015,"Action,Crime,Drama",45.0,4590,8.8
tt3749900,Gotham,2,tt4369190,1,Rise of the Villains: Damned If You Do...,2015,"Action,Crime,Drama",45.0,4089,8.3
tt3749900,Gotham,2,tt4371142,2,"Rise of the Villains: Knock, Knock",2015,"Action,Crime,Drama",45.0,4565,8.9
tt3749900,Gotham,2,tt4371144,3,Rise of the Villains: The Last Laugh,2015,"Action,Crime,Drama",45.0,4442,9.0
tt3749900,Gotham,2,tt4371148,4,Rise of the Villains: Strike Force,2015,"Action,Crime,Drama",45.0,3235,8.1
tt3749900,Gotham,2,tt4371152,5,Rise of the Villains: Scarification,2015,"Action,Crime,Drama",43.0,3121,7.9
tt3749900,Gotham,2,tt4371154,6,Rise of the Villains: By Fire,2015,"Action,Crime,Drama",44.0,3207,8.3
tt3749900,Gotham,2,tt4371156,7,Rise of the Villains: Mommy's Little Monster,2015,"Action,Crime,Drama",44.0,3745,8.8
tt3749900,Gotham,2,tt4371166,8,Rise of the Villains: Tonight's the Night,2015,"Action,Crime,Drama",44.0,3218,8.4
tt3749900,Gotham,2,tt4371158,9,Rise of the Villains: A Bitter Pill to Swallow,2015,"Action,Crime,Drama",44.0,3124,8.3
tt3749900,Gotham,2,tt4371164,10,Rise of the Villains: The Son of Gotham,2015,"Action,Crime,Drama",44.0,3612,8.9
tt3749900,Gotham,2,tt4371170,11,Rise of the Villains: Worse Than a Crime,2015,"Action,Crime,Drama",43.0,3767,9.0
tt3749900,Gotham,2,tt4371172,12,Wrath of the Villains: Mr. Freeze,2016,"Action,Crime,Drama",44.0,2871,8.0
tt3749900,Gotham,2,tt4371174,13,Wrath of the Villains: A Dead Man Feels No Cold,2016,"Action,Crime,Drama",43.0,2770,8.1
tt3749900,Gotham,2,tt4371254,14,Wrath of the Villains: This Ball of Mud and Meanness,2016,"Action,Crime,Drama",44.0,2826,8.3
tt3749900,Gotham,2,tt4371252,15,Wrath of the Villains: Mad Grey Dawn,2016,"Action,Crime,Drama",44.0,2898,8.4
tt3749900,Gotham,2,tt4371250,16,Wrath of the Villains: Prisoners,2016,"Action,Crime,Drama",44.0,2824,8.2
tt3749900,Gotham,2,tt4371256,17,Wrath of the Villains: Into the Woods,2016,"Action,Crime,Drama",44.0,3394,9.0
tt3749900,Gotham,2,tt4371258,18,Wrath of the Villains: Pinewood,2016,"Action,Crime,Drama",42.0,2739,8.1
tt3749900,Gotham,2,tt4371262,19,Wrath of the Villains: Azrael,2016,"Action,Crime,Drama",43.0,2836,8.4
tt3749900,Gotham,2,tt4371264,20,Wrath of the Villains: Unleashed,2016,"Action,Crime,Drama",43.0,2895,8.6
tt3749900,Gotham,2,tt4371270,21,Wrath of the Villains: A Legion of Horribles,2016,"Action,Crime,Drama",42.0,2631,8.1
tt3749900,Gotham,2,tt4371272,22,Wrath of the Villains: Transference,2016,"Action,Crime,Drama",44.0,2773,8.0
tt3749900,Gotham,3,tt5559092,1,Mad City: Better to Reign in Hell,2016,"Action,Crime,Drama",44.0,2754,7.7
tt3749900,Gotham,3,tt5668328,2,Mad City: Burn the Witch,2016,"Action,Crime,Drama",43.0,2523,7.8
tt3749900,Gotham,3,tt5668330,3,Mad City: Look Into My Eyes,2016,"Action,Crime,Drama",44.0,2438,7.8
tt3749900,Gotham,3,tt5668332,4,Mad City: New Day Rising,2016,"Action,Crime,Drama",44.0,2381,7.8
tt3749900,Gotham,3,tt5668354,5,Mad City: Anything for You,2016,"Action,Crime,Drama",43.0,2419,8.1
tt3749900,Gotham,3,tt5668356,6,Mad City: Follow the White Rabbit,2016,"Action,Crime,Drama",42.0,2409,8.0
tt3749900,Gotham,3,tt5668360,7,Mad City: Red Queen,2016,"Action,Crime,Drama",44.0,2316,7.7
tt3749900,Gotham,3,tt5668364,8,Mad City: Blood Rush,2016,"Action,Crime,Drama",43.0,2221,7.9
tt3749900,Gotham,3,tt5668366,9,Mad City: The Executioner,2016,"Action,Crime,Drama",43.0,2217,7.9
tt3749900,Gotham,3,tt5668370,10,Mad City: Time Bomb,2016,"Action,Crime,Drama",43.0,2237,8.0
tt3749900,Gotham,3,tt5668374,11,Mad City: Beware the Green-Eyed Monster,2016,"Action,Crime,Drama",44.0,2523,8.5
tt3749900,Gotham,3,tt5668376,12,Mad City: Ghosts,2017,"Action,Crime,Drama",42.0,2273,7.9
tt3749900,Gotham,3,tt5668380,13,Mad City: Smile Like You Mean It,2017,"Action,Crime,Drama",42.0,2758,8.6
tt3749900,Gotham,3,tt5668382,14,Mad City: The Gentle Art of Making Enemies,2017,"Action,Crime,Drama",43.0,3466,9.0
tt3749900,Gotham,3,tt5668386,15,Heroes Rise: How the Riddler Got His Name,2017,"Action,Crime,Drama",43.0,2247,8.0
tt3749900,Gotham,3,tt5668388,16,Heroes Rise: These Delicate and Dark Obsessions,2017,"Action,Crime,Drama",42.0,2152,8.0
tt3749900,Gotham,3,tt5668396,17,Heroes Rise: The Primal Riddle,2017,"Action,Crime,Drama",43.0,2118,8.1
tt3749900,Gotham,3,tt5668394,18,Heroes Rise: Light the Wick,2017,"Action,Crime,Drama",43.0,2039,7.8
tt3749900,Gotham,3,tt5668400,19,Heroes Rise: All Will Be Judged,2017,"Action,Crime,Drama",43.0,2061,8.0
tt3749900,Gotham,3,tt5668404,20,Heroes Rise: Pretty Hate Machine,2017,"Action,Crime,Drama",43.0,2203,8.4
tt3749900,Gotham,3,tt5668408,21,Heroes Rise: Destiny Calling,2017,"Action,Crime,Drama",42.0,2290,8.5
tt3749900,Gotham,3,tt5584118,22,Heroes Rise: Heavydirtysoul,2017,"Action,Crime,Drama",42.0,2997,9.0
tt3749900,Gotham,4,tt6877458,1,A Dark Knight: Pax Penguina,2017,"Action,Crime,Drama",42.0,2616,8.3
tt3749900,Gotham,4,tt6887728,2,A Dark Knight: The Fear Reaper,2017,"Action,Crime,Drama",43.0,2271,8.0
tt3749900,Gotham,4,tt7272202,3,A Dark Knight: They Who Hide Behind Masks,2017,"Action,Crime,Drama",43.0,2189,8.0
tt3749900,Gotham,4,tt7253082,4,A Dark Knight: The Demon's Head,2017,"Action,Crime,Drama",43.0,2134,8.0
tt3749900,Gotham,4,tt7239334,5,A Dark Knight: The Blade's Path,2017,"Action,Crime,Drama",43.0,2068,8.0
tt3749900,Gotham,4,tt7243214,6,A Dark Knight: Hog Day Afternoon,2017,"Action,Crime,Drama",43.0,2025,7.8
tt3749900,Gotham,4,tt7301528,7,A Dark Knight: A Day in the Narrows,2017,"Action,Crime,Drama",43.0,2083,8.2
tt3749900,Gotham,4,tt7246560,8,A Dark Knight: Stop Hitting Yourself,2017,"Action,Crime,Drama",43.0,2016,8.1
tt3749900,Gotham,4,tt7466900,9,A Dark Knight: Let Them Eat Pie,2017,"Action,Crime,Drama",43.0,2172,8.4
tt3749900,Gotham,4,tt7312228,10,A Dark Knight: Things That Go Boom,2017,"Action,Crime,Drama",43.0,2025,8.3
tt3749900,Gotham,4,tt7312234,11,A Dark Knight: Queen Takes Knight,2017,"Action,Crime,Drama",41.0,2312,8.7
tt3749900,Gotham,4,tt7630632,12,A Dark Knight: Pieces of a Broken Mirror,2018,"Action,Crime,Drama",43.0,1982,7.8
tt3749900,Gotham,4,tt7641314,13,A Dark Knight: A Beautiful Darkness,2018,"Action,Crime,Drama",43.0,2019,8.1
tt3749900,Gotham,4,tt7641316,14,A Dark Knight: Reunion,2018,"Action,Crime,Drama",43.0,1923,8.1
tt3749900,Gotham,4,tt7679128,15,A Dark Knight: The Sinking Ship the Grand Applause,2018,"Action,Crime,Drama",43.0,2183,8.7
tt3749900,Gotham,4,tt7679130,16,A Dark Knight: One of My Three Soups,2018,"Action,Crime,Drama",43.0,2136,8.3
tt3749900,Gotham,4,tt7820276,17,A Dark Knight: Mandatory Brunch Meeting,2018,"Action,Crime,Drama",43.0,2108,8.4
tt3749900,Gotham,4,tt7969220,18,A Dark Knight: That's Entertainment,2018,"Action,Crime,Drama",43.0,2300,8.7
tt3749900,Gotham,4,tt8010866,19,A Dark Knight: To Our Deaths and Beyond,2018,"Action,Crime,Drama",43.0,1949,7.9
tt3749900,Gotham,4,tt8008282,20,A Dark Knight: That Old Corpse,2018,"Action,Crime,Drama",43.0,2171,8.6
tt3749900,Gotham,4,tt8189210,21,A Dark Knight: One Bad Day,2018,"Action,Crime,Drama",43.0,2352,8.8
tt3749900,Gotham,4,tt8097136,22,A Dark Knight: No Man's Land,2018,"Action,Crime,Drama",43.0,2925,9.1
tt3749900,Gotham,5,tt8413446,1,Legend of the Dark Knight: Year Zero,2019,"Action,Crime,Drama",44.0,2428,8.3
tt3749900,Gotham,5,tt8413448,2,Legend of the Dark Knight: Trespassers,2019,"Action,Crime,Drama",44.0,2012,7.9
tt3749900,Gotham,5,tt8413450,3,"Legend of the Dark Knight: Penguin, Our Hero",2019,"Action,Crime,Drama",44.0,1973,8.1
tt3749900,Gotham,5,tt8413452,4,Legend of the Dark Knight: Ruin,2019,"Action,Crime,Drama",44.0,1878,8.0
tt3749900,Gotham,5,tt8413454,5,Legend of the Dark Knight: Pena Dura,2019,"Action,Crime,Drama",44.0,1859,7.9
tt3749900,Gotham,5,tt8413456,6,Legend of the Dark Knight: 13 Stitches,2019,"Action,Crime,Drama",44.0,1861,8.0
tt3749900,Gotham,5,tt8413458,7,Legend of the Dark Knight: Ace Chemicals,2019,"Action,Crime,Drama",44.0,2163,8.6
tt3749900,Gotham,5,tt8413462,8,Legend of the Dark Knight: Nothing's Shocking,2019,"Action,Crime,Drama",44.0,1802,7.6
tt3749900,Gotham,5,tt8413466,9,Legend of the Dark Knight: The Trial of Jim Gordon,2019,"Action,Crime,Drama",44.0,1833,7.4
tt3749900,Gotham,5,tt8413468,10,Legend of the Dark Knight: I Am Bane,2019,"Action,Crime,Drama",43.0,1846,8.1
tt3749900,Gotham,5,tt8413472,11,Legend of the Dark Knight: They Did What?,2019,"Action,Crime,Drama",44.0,2037,8.3
tt3749900,Gotham,5,tt8413474,12,Legend of the Dark Knight: The Beginning...,2019,"Action,Crime,Drama",44.0,3153,8.5
tt0413573,Grey's Anatomy,1,tt0592902,1,A Hard Day's Night,2005,"Drama,Romance",44.0,3226,8.3
tt0413573,Grey's Anatomy,1,tt0592923,2,The First Cut Is the Deepest,2005,"Drama,Romance",44.0,2231,8.1
tt0413573,Grey's Anatomy,1,tt0592926,3,"Winning a Battle, Losing the War",2005,"Drama,Romance",43.0,2066,8.0
tt0413573,Grey's Anatomy,1,tt0592915,4,No Man's Land,2005,"Drama,Romance",43.0,1950,8.0
tt0413573,Grey's Anatomy,1,tt0592919,5,Shake Your Groove Thing,2005,"Drama,Romance",43.0,1886,8.0
tt0413573,Grey's Anatomy,1,tt0592909,6,If Tomorrow Never Comes,2005,"Drama,Romance",60.0,1824,8.1
tt0413573,Grey's Anatomy,1,tt0592924,7,The Self-Destruct Button,2005,"Drama,Romance",41.0,1793,8.1
tt0413573,Grey's Anatomy,1,tt0592918,8,Save Me,2005,"Drama,Romance",43.0,1778,8.0
tt0413573,Grey's Anatomy,1,tt0592925,9,Who's Zoomin' Who?,2005,"Drama,Romance",43.0,2010,8.6
tt0413573,Grey's Anatomy,2,tt0592917,1,Raindrops Keep Falling on My Head,2005,"Drama,Romance",43.0,1811,8.3
tt0413573,Grey's Anatomy,2,tt0592907,2,Enough Is Enough,2005,"Drama,Romance",43.0,1667,8.1
tt0413573,Grey's Anatomy,2,tt0592913,3,Make Me Lose Control,2005,"Drama,Romance",43.0,1832,8.6
tt0413573,Grey's Anatomy,2,tt0592906,4,"Deny, Deny, Deny",2005,"Drama,Romance",43.0,1715,8.3
tt0413573,Grey's Anatomy,2,tt0592905,5,Bring the Pain,2005,"Drama,Romance",60.0,1737,8.5
tt0413573,Grey's Anatomy,2,tt0592910,6,Into You Like a Train,2005,"Drama,Romance",43.0,2326,9.0
tt0413573,Grey's Anatomy,2,tt0592920,7,Something to Talk About,2005,"Drama,Romance",60.0,1562,8.1
tt0413573,Grey's Anatomy,2,tt0592912,8,Let It Be,2005,"Drama,Romance",60.0,1536,7.8
tt0413573,Grey's Anatomy,2,tt0592922,9,Thanks for the Memories,2005,"Drama,Romance",60.0,1618,8.3
tt0413573,Grey's Anatomy,2,tt0592914,10,Much Too Much,2005,"Drama,Romance",60.0,1545,8.0
tt0413573,Grey's Anatomy,2,tt0592916,11,Owner of a Lonely Heart,2005,"Drama,Romance",60.0,1509,8.1
tt0413573,Grey's Anatomy,2,tt0592908,12,Grandma Got Run Over by a Reindeer,2005,"Drama,Romance",60.0,1531,8.1
tt0413573,Grey's Anatomy,2,tt0592903,13,Begin the Begin,2006,"Drama,Romance",60.0,1584,8.2
tt0413573,Grey's Anatomy,2,tt0592921,14,Tell Me Sweet Little Lies,2006,"Drama,Romance",60.0,1513,7.9
tt0413573,Grey's Anatomy,2,tt0592904,15,Break on Through,2006,"Drama,Romance",60.0,1597,8.3
tt0413573,Grey's Anatomy,2,tt0592911,16,It's the End of the World,2006,"Drama,Romance",60.0,3377,9.4
tt0413573,Grey's Anatomy,2,tt0759138,17,As We Know It,2006,"Drama,Romance",60.0,3273,9.4
tt0413573,Grey's Anatomy,2,tt0760706,18,Yesterday,2006,"Drama,Romance",60.0,1602,8.3
tt0413573,Grey's Anatomy,2,tt0759839,19,What Have I Done to Deserve This?,2006,"Drama,Romance",60.0,1528,8.0
tt0413573,Grey's Anatomy,2,tt0763962,20,Band-Aid Covers the Bullet Hole,2006,"Drama,Romance",60.0,1478,8.0
tt0413573,Grey's Anatomy,2,tt0763963,21,Superstition,2006,"Drama,Romance",43.0,1469,8.1
tt0413573,Grey's Anatomy,2,tt0772483,22,The Name of the Game,2006,"Drama,Romance",60.0,1484,8.1
tt0413573,Grey's Anatomy,2,tt0776002,23,Blues for Sister Someone,2006,"Drama,Romance",60.0,1499,7.9
tt0413573,Grey's Anatomy,2,tt0782343,24,Damage Case,2006,"Drama,Romance",60.0,1583,8.4
tt0413573,Grey's Anatomy,2,tt0789452,25,17 Seconds,2006,"Drama,Romance",60.0,2033,9.0
tt0413573,Grey's Anatomy,2,tt0789453,26,Deterioration of the Fight or Flight Response,2006,"Drama,Romance",60.0,2028,9.0
tt0413573,Grey's Anatomy,2,tt0805280,27,Losing My Religion,2006,"Drama,Romance",41.0,2679,9.2
tt0413573,Grey's Anatomy,3,tt0854774,1,Time Has Come Today,2006,"Drama,Romance",60.0,1834,8.3
tt0413573,Grey's Anatomy,3,tt0865668,2,I Am a Tree,2006,"Drama,Romance",60.0,1430,8.1
tt0413573,Grey's Anatomy,3,tt0874558,3,Sometimes a Fantasy,2006,"Drama,Romance",60.0,1440,8.0
tt0413573,Grey's Anatomy,3,tt0877110,4,What I Am,2006,"Drama,Romance",60.0,1506,8.2
tt0413573,Grey's Anatomy,3,tt0852787,5,"Oh, the Guilt",2006,"Drama,Romance",60.0,1356,8.0
tt0413573,Grey's Anatomy,3,tt0877109,6,Let the Angels Commit,2006,"Drama,Romance",60.0,1763,7.9
tt0413573,Grey's Anatomy,3,tt0877112,7,Where the Boys Are,2006,"Drama,Romance",60.0,1520,7.9
tt0413573,Grey's Anatomy,3,tt0900569,8,Staring at the Sun,2006,"Drama,Romance",60.0,1468,7.9
tt0413573,Grey's Anatomy,3,tt0906402,9,From a Whisper to a Scream,2006,"Drama,Romance",60.0,1689,8.6
tt0413573,Grey's Anatomy,3,tt0903412,10,Don't Stand So Close to Me,2006,"Drama,Romance",60.0,1403,8.1
tt0413573,Grey's Anatomy,3,tt0917048,11,Six Days: Part 1,2007,"Drama,Romance",60.0,1585,8.2
tt0413573,Grey's Anatomy,3,tt0931862,12,Six Days: Part 2,2007,"Drama,Romance",60.0,1662,8.6
tt0413573,Grey's Anatomy,3,tt0935486,13,Great Expectations,2007,"Drama,Romance",60.0,1416,8.2
tt0413573,Grey's Anatomy,3,tt0948266,14,Wishin' and Hopin',2007,"Drama,Romance",60.0,1442,8.4
tt0413573,Grey's Anatomy,3,tt0940133,15,Walk on Water,2007,"Drama,Romance",60.0,1781,8.8
tt0413573,Grey's Anatomy,3,tt0962364,16,Drowning on Dry Land,2007,"Drama,Romance",60.0,1937,8.9
tt0413573,Grey's Anatomy,3,tt0962365,17,Some Kind of Miracle,2007,"Drama,Romance",60.0,1905,8.4
tt0413573,Grey's Anatomy,3,tt0971628,18,Scars and Souvenirs,2007,"Drama,Romance",60.0,1524,8.1
tt0413573,Grey's Anatomy,3,tt0964281,19,My Favorite Mistake,2007,"Drama,Romance",60.0,1394,8.0
tt0413573,Grey's Anatomy,3,tt1001867,20,Time After Time,2007,"Drama,Romance",60.0,1379,8.0
tt0413573,Grey's Anatomy,3,tt0998426,21,Desire,2007,"Drama,Romance",60.0,1383,7.9
tt0413573,Grey's Anatomy,3,tt1011450,22,"The Other Side of This Life, Part 1",2007,"Drama,Romance",60.0,1643,6.9
tt0413573,Grey's Anatomy,3,tt1011451,23,"The Other Side of This Life, Part 2",2007,"Drama,Romance",60.0,1520,7.1
tt0413573,Grey's Anatomy,3,tt1017765,24,Testing 1-2-3,2007,"Drama,Romance",60,1404,8.3
tt0413573,Grey's Anatomy,3,tt1020626,25,Didn't We Almost Have It All?,2007,"Drama,Romance",60,1914,8.7
tt0413573,Grey's Anatomy,4,tt1002868,1,A Change Is Gonna Come,2007,"Drama,Romance",60.0,1513,8.0
tt0413573,Grey's Anatomy,4,tt1002879,2,Love/Addiction,2007,"Drama,Romance",60.0,1313,7.7
tt0413573,Grey's Anatomy,4,tt1002883,3,Let the Truth Sting,2007,"Drama,Romance",60.0,1335,7.9
tt0413573,Grey's Anatomy,4,tt1002884,4,The Heart of the Matter,2007,"Drama,Romance",60.0,1362,7.9
tt0413573,Grey's Anatomy,4,tt1002885,5,Haunt You Every Day,2007,"Drama,Romance",60.0,1332,7.9
tt0413573,Grey's Anatomy,4,tt1002886,6,Kung Fu Fighting,2007,"Drama,Romance",60.0,1272,7.8
tt0413573,Grey's Anatomy,4,tt1002887,7,Physical Attraction... Chemical Reaction,2007,"Drama,Romance",60.0,1310,7.7
tt0413573,Grey's Anatomy,4,tt1002888,8,Forever Young,2007,"Drama,Romance",60.0,1347,7.9
tt0413573,Grey's Anatomy,4,tt1002889,9,Crash Into Me: Part 1,2007,"Drama,Romance",60.0,1492,8.5
tt0413573,Grey's Anatomy,4,tt1002869,10,Crash Into Me: Part 2,2007,"Drama,Romance",60.0,1417,8.4
tt0413573,Grey's Anatomy,4,tt1002870,11,Lay Your Hands on Me,2008,"Drama,Romance",60.0,1323,7.9
tt0413573,Grey's Anatomy,4,tt1002871,12,Where the Wild Things Are,2008,"Drama,Romance",60.0,1276,8.0
tt0413573,Grey's Anatomy,4,tt1002872,13,Piece of My Heart,2008,"Drama,Romance",60.0,1290,8.1
tt0413573,Grey's Anatomy,4,tt1002873,14,The Becoming,2008,"Drama,Romance",60.0,1479,8.0
tt0413573,Grey's Anatomy,4,tt1002874,15,Losing My Mind,2008,"Drama,Romance",60.0,1329,8.0
tt0413573,Grey's Anatomy,4,tt1002875,16,Freedom: Part 1,2008,"Drama,Romance",60.0,1684,8.6
tt0413573,Grey's Anatomy,4,tt2373009,17,Freedom: Part 2,2008,"Drama,Romance",60.0,1382,8.8
tt0413573,Grey's Anatomy,5,tt1263280,1,Dream a Little Dream of Me: Part 1,2008,"Drama,Romance",60.0,1491,8.1
tt0413573,Grey's Anatomy,5,tt2373007,2,Dream a Little Dream of Me: Part 2,2008,"Drama,Romance",60.0,1129,8.2
tt0413573,Grey's Anatomy,5,tt1263295,3,Here Comes the Flood,2008,"Drama,Romance",60.0,1369,8.1
tt0413573,Grey's Anatomy,5,tt1263296,4,Brave New World,2008,"Drama,Romance",60.0,1472,8.2
tt0413573,Grey's Anatomy,5,tt1263297,5,There's No 'I' in Team,2008,"Drama,Romance",55.0,1431,8.3
tt0413573,Grey's Anatomy,5,tt1263298,6,Life During Wartime,2008,"Drama,Romance",60.0,1296,8.2
tt0413573,Grey's Anatomy,5,tt1263299,7,Rise Up,2008,"Drama,Romance",41.0,1438,8.3
tt0413573,Grey's Anatomy,5,tt1263300,8,These Ties That Bind,2008,"Drama,Romance",43.0,1487,7.8
tt0413573,Grey's Anatomy,5,tt1263301,9,In the Midnight Hour,2008,"Drama,Romance",60.0,1489,8.2
tt0413573,Grey's Anatomy,5,tt1263281,10,All by Myself,2008,"Drama,Romance",60.0,1459,8.2
tt0413573,Grey's Anatomy,5,tt1338329,11,Wish You Were Here,2009,"Drama,Romance",60.0,1237,8.1
tt0413573,Grey's Anatomy,5,tt1263282,12,Sympathy for the Devil,2009,"Drama,Romance",60.0,1580,8.6
tt0413573,Grey's Anatomy,5,tt1263283,13,Stairway to Heaven,2009,"Drama,Romance",60.0,1888,9.0
tt0413573,Grey's Anatomy,5,tt1263284,14,Beat Your Heart Out,2009,"Drama,Romance",60.0,1363,8.2
tt0413573,Grey's Anatomy,5,tt1263285,15,Before and After,2009,"Drama,Romance",55.0,1231,8.1
tt0413573,Grey's Anatomy,5,tt1379395,16,An Honest Mistake,2009,"Drama,Romance",60.0,1526,8.5
tt0413573,Grey's Anatomy,5,tt1263287,17,I Will Follow You Into the Dark,2009,"Drama,Romance",60.0,1511,8.5
tt0413573,Grey's Anatomy,5,tt1263288,18,Stand by Me,2009,"Drama,Romance",60.0,1625,8.8
tt0413573,Grey's Anatomy,5,tt1263290,19,Elevator Love Letter,2009,"Drama,Romance",60.0,1692,8.9
tt0413573,Grey's Anatomy,5,tt1404226,20,Sweet Surrender,2009,"Drama,Romance",60.0,1514,8.5
tt0413573,Grey's Anatomy,5,tt1263292,21,No Good at Saying Sorry (One More Chance),2009,"Drama,Romance",60.0,1259,8.3
tt0413573,Grey's Anatomy,5,tt1263293,22,What a Difference a Day Makes,2009,"Drama,Romance",60.0,2008,9.1
tt0413573,Grey's Anatomy,5,tt1435078,23,Here's to Future Days,2009,"Drama,Romance",55.0,1665,8.8
tt0413573,Grey's Anatomy,5,tt1435079,24,Now or Never,2009,"Drama,Romance",60.0,3182,9.5
tt0413573,Grey's Anatomy,6,tt1457924,1,Good Mourning,2009,"Drama,Romance",60.0,1571,8.4
tt0413573,Grey's Anatomy,6,tt1497728,2,Goodbye,2009,"Drama,Romance",60.0,1448,8.2
tt0413573,Grey's Anatomy,6,tt1497729,3,I Always Feel Like Somebody's Watchin' Me,2009,"Drama,Romance",60.0,1189,7.8
tt0413573,Grey's Anatomy,6,tt1497730,4,Tainted Obligation,2009,"Drama,Romance",60.0,1198,7.9
tt0413573,Grey's Anatomy,6,tt1497731,5,Invasion,2009,"Drama,Romance",60.0,1242,8.0
tt0413573,Grey's Anatomy,6,tt1497732,6,I Saw What I Saw,2009,"Drama,Romance",60.0,2044,9.0
tt0413573,Grey's Anatomy,6,tt1497733,7,Give Peace a Chance,2009,"Drama,Romance",60.0,1470,8.7
tt0413573,Grey's Anatomy,6,tt1497734,8,Invest in Love,2009,"Drama,Romance",60.0,1316,8.4
tt0413573,Grey's Anatomy,6,tt1497735,9,New History,2009,"Drama,Romance",60.0,1144,8.1
tt0413573,Grey's Anatomy,6,tt1497727,10,Holidaze,2009,"Drama,Romance",60.0,1187,7.9
tt0413573,Grey's Anatomy,6,tt1557983,11,Blink,2010,"Drama,Romance",60.0,1143,8.0
tt0413573,Grey's Anatomy,6,tt1578973,12,I Like You So Much Better When You're Naked,2010,"Drama,Romance",60.0,1153,7.8
tt0413573,Grey's Anatomy,6,tt1586069,13,State of Love and Trust,2010,"Drama,Romance",60.0,1124,8.0
tt0413573,Grey's Anatomy,6,tt1595404,14,Valentine's Day Massacre,2010,"Drama,Romance",55.0,1107,8.0
tt0413573,Grey's Anatomy,6,tt1595703,15,The Time Warp,2010,"Drama,Romance",60.0,1709,8.8
tt0413573,Grey's Anatomy,6,tt1605238,16,Perfect Little Accident,2010,"Drama,Romance",60.0,1126,8.0
tt0413573,Grey's Anatomy,6,tt1611350,17,Push,2010,"Drama,Romance",55.0,1128,7.8
tt0413573,Grey's Anatomy,6,tt1610766,18,Suicide Is Painless,2010,"Drama,Romance",60.0,1180,7.8
tt0413573,Grey's Anatomy,6,tt1623864,19,Sympathy for the Parents,2010,"Drama,Romance",60.0,1107,7.9
tt0413573,Grey's Anatomy,6,tt1631566,20,"Hook, Line and Sinner",2010,"Drama,Romance",60.0,1073,7.6
tt0413573,Grey's Anatomy,6,tt1631567,21,How Insensitive,2010,"Drama,Romance",60.0,1125,8.1
tt0413573,Grey's Anatomy,6,tt1631568,22,Shiny Happy People,2010,"Drama,Romance",60.0,1342,8.2
tt0413573,Grey's Anatomy,6,tt1643648,23,Sanctuary,2010,"Drama,Romance",60.0,3807,9.7
tt0413573,Grey's Anatomy,6,tt1643647,24,Death and All His Friends,2010,"Drama,Romance",60.0,4234,9.7
tt0413573,Grey's Anatomy,7,tt1688807,1,With You I'm Born Again,2010,"Drama,Romance",60.0,1328,7.9
tt0413573,Grey's Anatomy,7,tt1704843,2,Shock to the System,2010,"Drama,Romance",60.0,1151,7.8
tt0413573,Grey's Anatomy,7,tt1733841,3,Superfreak,2010,"Drama,Romance",55.0,1128,7.7
tt0413573,Grey's Anatomy,7,tt1733366,4,Can't Fight Biology,2010,"Drama,Romance",60.0,1101,7.6
tt0413573,Grey's Anatomy,7,tt1724309,5,Almost Grown,2010,"Drama,Romance",60.0,1119,7.9
tt0413573,Grey's Anatomy,7,tt1739480,6,These Arms of Mine,2010,"Drama,Romance",60.0,1588,7.7
tt0413573,Grey's Anatomy,7,tt1743845,7,That's Me Trying,2010,"Drama,Romance",60.0,1134,7.8
tt0413573,Grey's Anatomy,7,tt1743846,8,Something's Gotta Give,2010,"Drama,Romance",60.0,1116,7.8
tt0413573,Grey's Anatomy,7,tt1743847,9,"Slow Night, So Long",2010,"Drama,Romance",60.0,1150,8.1
tt0413573,Grey's Anatomy,7,tt1782086,10,Adrift and at Peace,2010,"Drama,Romance",55.0,1272,8.2
tt0413573,Grey's Anatomy,7,tt1782085,11,Disarm,2011,"Drama,Romance",60.0,1462,8.6
tt0413573,Grey's Anatomy,7,tt1802924,12,Start Me Up,2011,"Drama,Romance",60.0,1112,7.9
tt0413573,Grey's Anatomy,7,tt1816195,13,Don't Deceive Me (Please Don't Go),2011,"Drama,Romance",43.0,1088,7.8
tt0413573,Grey's Anatomy,7,tt1816196,14,P.Y.T. (Pretty Young Thing),2011,"Drama,Romance",60.0,1076,7.7
tt0413573,Grey's Anatomy,7,tt1818770,15,Golden Hour,2011,"Drama,Romance",60.0,1392,8.6
tt0413573,Grey's Anatomy,7,tt1818771,16,Not Responsible,2011,"Drama,Romance",55.0,1061,7.7
tt0413573,Grey's Anatomy,7,tt1831103,17,This Is How We Do It,2011,"Drama,Romance",60.0,1128,8.0
tt0413573,Grey's Anatomy,7,tt1831104,18,Song Beneath the Song,2011,"Drama,Romance",60.0,4552,6.2
tt0413573,Grey's Anatomy,7,tt1831105,19,It's a Long Way Back,2011,"Drama,Romance",55.0,1107,7.8
tt0413573,Grey's Anatomy,7,tt1831106,20,White Wedding,2011,"Drama,Romance",55.0,1138,7.9
tt0413573,Grey's Anatomy,7,tt1831107,21,I Will Survive,2011,"Drama,Romance",60.0,1033,7.8
tt0413573,Grey's Anatomy,7,tt1831108,22,Unaccompanied Minor,2011,"Drama,Romance",60.0,1261,8.1
tt0413573,Grey's Anatomy,8,tt1926568,1,Free Falling,2011,"Drama,Romance",43.0,1354,8.0
tt0413573,Grey's Anatomy,8,tt2016477,2,She's Gone,2011,"Drama,Romance",43.0,1306,8.3
tt0413573,Grey's Anatomy,8,tt2016478,3,Take the Lead,2011,"Drama,Romance",41.0,1127,8.1
tt0413573,Grey's Anatomy,8,tt2056971,4,What Is It About Men,2011,"Drama,Romance",43.0,1183,8.1
tt0413573,Grey's Anatomy,8,tt2070144,5,"Love, Loss and Legacy",2011,"Drama,Romance",43.0,1166,8.1
tt0413573,Grey's Anatomy,8,tt2069323,6,Poker Face,2011,"Drama,Romance",43.0,1069,7.9
tt0413573,Grey's Anatomy,8,tt2071049,7,"Put Me in, Coach",2011,"Drama,Romance",43.0,1176,8.2
tt0413573,Grey's Anatomy,8,tt2084356,8,Heart-Shaped Box,2011,"Drama,Romance",43.0,1346,8.4
tt0413573,Grey's Anatomy,8,tt2095253,9,Dark Was the Night,2011,"Drama,Romance",43.0,1828,9.1
tt0413573,Grey's Anatomy,8,tt2104399,10,Suddenly,2012,"Drama,Romance",44.0,1656,9.0
tt0413573,Grey's Anatomy,8,tt2110742,11,This Magic Moment,2012,"Drama,Romance",43.0,1194,8.2
tt0413573,Grey's Anatomy,8,tt2171023,12,Hope for the Hopeless,2012,"Drama,Romance",43.0,1240,8.2
tt0413573,Grey's Anatomy,8,tt2187691,13,If/Then,2012,"Drama,Romance",43.0,1761,7.7
tt0413573,Grey's Anatomy,8,tt2187687,14,All You Need Is Love,2012,"Drama,Romance",43.0,1063,8.0
tt0413573,Grey's Anatomy,8,tt2187689,15,Have You Seen Me Lately?,2012,"Drama,Romance",43.0,1085,7.8
tt0413573,Grey's Anatomy,8,tt2208571,16,If Only You Were Lonely,2012,"Drama,Romance",43.0,1194,8.0
tt0413573,Grey's Anatomy,8,tt2232323,17,One Step Too Far,2012,"Drama,Romance",43.0,1052,7.9
tt0413573,Grey's Anatomy,8,tt2232325,18,The Lion Sleeps Tonight,2012,"Drama,Romance",42.0,1068,7.9
tt0413573,Grey's Anatomy,8,tt2245673,19,Support System,2012,"Drama,Romance",42.0,1274,8.1
tt0413573,Grey's Anatomy,8,tt2245675,20,The Girl with No Name,2012,"Drama,Romance",43.0,1146,8.4
tt0413573,Grey's Anatomy,8,tt2245677,21,Moment of Truth,2012,"Drama,Romance",43.0,1155,8.4
tt0413573,Grey's Anatomy,8,tt2245679,22,Let the Bad Times Roll,2012,"Drama,Romance",43.0,1241,8.5
tt0413573,Grey's Anatomy,8,tt2245681,23,Migration,2012,"Drama,Romance",41.0,1304,8.5
tt0413573,Grey's Anatomy,8,tt2245683,24,Flight,2012,"Drama,Romance",43.0,2249,8.8
tt0413573,Grey's Anatomy,9,tt2397001,1,"Going, Going, Gone",2012,"Drama,Romance",42.0,2132,8.5
tt0413573,Grey's Anatomy,9,tt2380524,2,Remember the Time,2012,"Drama,Romance",43.0,1667,8.8
tt0413573,Grey's Anatomy,9,tt2424794,3,Love the One You're With,2012,"Drama,Romance",43.0,1211,8.2
tt0413573,Grey's Anatomy,9,tt2407126,4,I Saw Her Standing There,2012,"Drama,Romance",43.0,1079,8.0
tt0413573,Grey's Anatomy,9,tt2436060,5,Beautiful Doom,2012,"Drama,Romance",42.0,1335,8.5
tt0413573,Grey's Anatomy,9,tt2468414,6,Second Opinion,2012,"Drama,Romance",42.0,1247,8.0
tt0413573,Grey's Anatomy,9,tt2468416,7,I Was Made for Lovin' You,2012,"Drama,Romance",42.0,1243,8.1
tt0413573,Grey's Anatomy,9,tt2513560,8,Love Turns You Upside Down,2012,"Drama,Romance",42.0,1102,8.0
tt0413573,Grey's Anatomy,9,tt2513562,9,"Run, Baby, Run",2012,"Drama,Romance",43.0,1223,8.4
tt0413573,Grey's Anatomy,9,tt2523518,10,Things We Said Today,2013,"Drama,Romance",43.0,1243,8.3
tt0413573,Grey's Anatomy,9,tt2564404,11,The End Is the Beginning Is the End,2013,"Drama,Romance",43.0,1062,8.0
tt0413573,Grey's Anatomy,9,tt2532024,12,Walking on a Dream,2013,"Drama,Romance",43.0,1037,7.8
tt0413573,Grey's Anatomy,9,tt2567774,13,Bad Blood,2013,"Drama,Romance",43.0,1061,7.8
tt0413573,Grey's Anatomy,9,tt2630060,14,The Face of Change,2013,"Drama,Romance",41.0,1177,8.1
tt0413573,Grey's Anatomy,9,tt2622548,15,Hard Bargain,2013,"Drama,Romance",43.0,1090,8.2
tt0413573,Grey's Anatomy,9,tt2634948,16,This Is Why We Fight,2013,"Drama,Romance",43.0,1159,8.5
tt0413573,Grey's Anatomy,9,tt2723210,17,Transplant Wasteland,2013,"Drama,Romance",43,1099,8.1
tt0413573,Grey's Anatomy,9,tt2727620,18,Idle Hands,2013,"Drama,Romance",43,1063,7.8
tt0413573,Grey's Anatomy,9,tt2727626,19,Can't Fight This Feeling,2013,"Drama,Romance",42,1107,7.8
tt0413573,Grey's Anatomy,9,tt2767588,20,She's Killing Me,2013,"Drama,Romance",43,1031,7.9
tt0413573,Grey's Anatomy,9,tt2787000,21,Sleeping Monster,2013,"Drama,Romance",43.0,992,7.7
tt0413573,Grey's Anatomy,9,tt2812610,22,Do You Believe in Magic,2013,"Drama,Romance",43.0,1118,7.7
tt0413573,Grey's Anatomy,9,tt2862738,23,Readiness Is All,2013,"Drama,Romance",43.0,1144,8.4
tt0413573,Grey's Anatomy,9,tt2862736,24,Perfect Storm,2013,"Drama,Romance",43.0,1577,8.9
tt0413573,Grey's Anatomy,10,tt2911802,1,Seal Our Fate,2013,"Drama,Romance",44,1470,8.0
tt0413573,Grey's Anatomy,10,tt3093166,2,I Want You with Me,2013,"Drama,Romance",43.0,1213,7.8
tt0413573,Grey's Anatomy,10,tt3170648,3,Everybody's Crying Mercy,2013,"Drama,Romance",43,1156,7.5
tt0413573,Grey's Anatomy,10,tt3163418,4,Puttin' on the Ritz,2013,"Drama,Romance",43,1132,7.7
tt0413573,Grey's Anatomy,10,tt3172724,5,I Bet It Stung,2013,"Drama,Romance",43,1136,7.5
tt0413573,Grey's Anatomy,10,tt3172730,6,Map of You,2013,"Drama,Romance",43,1154,7.5
tt0413573,Grey's Anatomy,10,tt3240812,7,Thriller,2013,"Drama,Romance",43,1267,7.2
tt0413573,Grey's Anatomy,10,tt3231704,8,Two Against One,2013,"Drama,Romance",43,1116,7.3
tt0413573,Grey's Anatomy,10,tt3273224,9,Sorry Seems to Be the Hardest Word,2013,"Drama,Romance",43,1251,7.8
tt0413573,Grey's Anatomy,10,tt3297842,10,Somebody That I Used to Know,2013,"Drama,Romance",43,1023,7.5
tt0413573,Grey's Anatomy,10,tt3331478,11,Man on the Moon,2013,"Drama,Romance",43.0,1022,7.6
tt0413573,Grey's Anatomy,10,tt3331928,12,"Get Up, Stand Up",2013,"Drama,Romance",43.0,1416,8.5
tt0413573,Grey's Anatomy,10,tt3469260,13,Take It Back,2014,"Drama,Romance",43.0,1126,8.1
tt0413573,Grey's Anatomy,10,tt3551628,14,You've Got to Hide Your Love Away,2014,"Drama,Romance",42,985,7.8
tt0413573,Grey's Anatomy,10,tt3565142,15,Throwing It All Away,2014,"Drama,Romance",43,963,7.8
tt0413573,Grey's Anatomy,10,tt3576878,16,We Gotta Get Out of This Place,2014,"Drama,Romance",43.0,1038,7.6
tt0413573,Grey's Anatomy,10,tt3576876,17,Do You Know?,2014,"Drama,Romance",43.0,1640,7.2
tt0413573,Grey's Anatomy,10,tt3544216,18,You Be Illin',2014,"Drama,Romance",43,1064,7.6
tt0413573,Grey's Anatomy,10,tt3561164,19,I'm Winning,2014,"Drama,Romance",43,946,8.0
tt0413573,Grey's Anatomy,10,tt3580770,20,Go It Alone,2014,"Drama,Romance",43.0,954,7.7
tt0413573,Grey's Anatomy,10,tt3594958,21,Change of Heart,2014,"Drama,Romance",43.0,1010,8.2
tt0413573,Grey's Anatomy,10,tt3639496,22,We Are Never Ever Getting Back Together,2014,"Drama,Romance",43.0,1197,8.6
tt0413573,Grey's Anatomy,10,tt3668420,23,"Everything I Try to Do, Nothing Seems to Turn Out Right",2014,"Drama,Romance",43.0,959,8.0
tt0413573,Grey's Anatomy,10,tt3675214,24,Fear (of the Unknown),2014,"Drama,Romance",43.0,2023,9.2
tt0413573,Grey's Anatomy,11,tt3721002,1,I Must Have Lost It on the Wind,2014,"Drama,Romance",44.0,1235,7.6
tt0413573,Grey's Anatomy,11,tt4024124,2,Puzzle with a Piece Missing,2014,"Drama,Romance",43.0,1161,7.6
tt0413573,Grey's Anatomy,11,tt4006504,3,Got to Be Real,2014,"Drama,Romance",43,1019,7.5
tt0413573,Grey's Anatomy,11,tt4070008,4,Only Mama Knows,2014,"Drama,Romance",43.0,1180,8.2
tt0413573,Grey's Anatomy,11,tt4070010,5,Bend & Break,2014,"Drama,Romance",43.0,1096,7.6
tt0413573,Grey's Anatomy,11,tt4147376,6,Don't Let's Start,2014,"Drama,Romance",43.0,956,7.5
tt0413573,Grey's Anatomy,11,tt4147378,7,"Could We Start Again, Please?",2014,"Drama,Romance",43.0,960,8.0
tt0413573,Grey's Anatomy,11,tt4203848,8,Risk,2014,"Drama,Romance",43.0,1008,8.0
tt0413573,Grey's Anatomy,11,tt4224918,9,Where Do We Go From Here?,2015,"Drama,Romance",43.0,969,7.8
tt0413573,Grey's Anatomy,11,tt4303550,10,The Bed's Too Big Without You,2015,"Drama,Romance",43.0,975,7.9
tt0413573,Grey's Anatomy,11,tt4327490,11,All I Could Do Was Cry,2015,"Drama,Romance",42.0,1216,8.5
tt0413573,Grey's Anatomy,11,tt4303552,12,The Great Pretender,2015,"Drama,Romance",43.0,954,7.7
tt0413573,Grey's Anatomy,11,tt4289564,13,Staring at the End,2015,"Drama,Romance",43.0,1194,8.3
tt0413573,Grey's Anatomy,11,tt4472386,14,The Distance,2015,"Drama,Romance",43.0,1581,8.9
tt0413573,Grey's Anatomy,11,tt4465020,15,I Feel the Earth Move,2015,"Drama,Romance",43.0,1024,7.8
tt0413573,Grey's Anatomy,11,tt4432504,16,Don't Dream It's Over,2015,"Drama,Romance",43.0,962,8.0
tt0413573,Grey's Anatomy,11,tt4491624,17,With or Without You,2015,"Drama,Romance",43.0,1016,7.8
tt0413573,Grey's Anatomy,11,tt4491626,18,When I Grow Up,2015,"Drama,Romance",43.0,983,7.9
tt0413573,Grey's Anatomy,11,tt4516146,19,Crazy Love,2015,"Drama,Romance",43.0,1077,7.5
tt0413573,Grey's Anatomy,11,tt4521154,20,One Flight Down,2015,"Drama,Romance",43.0,986,7.8
tt0413573,Grey's Anatomy,11,tt4599534,21,How to Save a Life,2015,"Drama,Romance",43.0,3623,5.6
tt0413573,Grey's Anatomy,11,tt4599536,22,She's Leaving Home: Part 1,2015,"Drama,Romance",43.0,1574,7.2
tt0413573,Grey's Anatomy,11,tt7043038,23,She's Leaving Home: Part 2,2015,"Drama,Romance",43.0,942,7.9
tt0413573,Grey's Anatomy,11,tt4620044,24,Time Stops,2015,"Drama,Romance",43.0,1196,8.1
tt0413573,Grey's Anatomy,11,tt4638176,25,You're My Home,2015,"Drama,Romance",42.0,1179,8.2
tt0413573,Grey's Anatomy,12,tt4668450,1,Sledgehammer,2015,"Drama,Romance",44.0,1477,8.1
tt0413573,Grey's Anatomy,12,tt5058602,2,Walking Tall,2015,"Drama,Romance",43.0,1002,7.8
tt0413573,Grey's Anatomy,12,tt5085600,3,I Choose You,2015,"Drama,Romance",43.0,1114,8.1
tt0413573,Grey's Anatomy,12,tt5093170,4,Old Time Rock and Roll,2015,"Drama,Romance",44.0,1242,8.3
tt0413573,Grey's Anatomy,12,tt5134958,5,Guess Who's Coming to Dinner,2015,"Drama,Romance",44.0,1712,8.9
tt0413573,Grey's Anatomy,12,tt5060714,6,The Me Nobody Knows,2015,"Drama,Romance",44.0,925,7.8
tt0413573,Grey's Anatomy,12,tt5134980,7,Something Against You,2015,"Drama,Romance",43.0,896,7.7
tt0413573,Grey's Anatomy,12,tt5109306,8,Things We Lost in the Fire,2015,"Drama,Romance",43.0,1157,8.3
tt0413573,Grey's Anatomy,12,tt5134994,9,The Sound of Silence,2016,"Drama,Romance",43.0,2450,9.2
tt0413573,Grey's Anatomy,12,tt5174364,10,All I Want Is You,2016,"Drama,Romance",43.0,1069,8.1
tt0413573,Grey's Anatomy,12,tt5470704,11,Unbreak My Heart,2016,"Drama,Romance",43.0,1461,7.1
tt0413573,Grey's Anatomy,12,tt5479956,12,My Next Life,2016,"Drama,Romance",43.0,1063,8.1
tt0413573,Grey's Anatomy,12,tt5505500,13,All Eyez on Me,2016,"Drama,Romance",42.0,1103,7.6
tt0413573,Grey's Anatomy,12,tt5505518,14,Odd Man Out,2016,"Drama,Romance",41.0,957,7.9
tt0413573,Grey's Anatomy,12,tt5520906,15,I Am Not Waiting Anymore,2016,"Drama,Romance",86.0,1024,7.9
tt0413573,Grey's Anatomy,12,tt5520910,16,When It Hurts So Bad,2016,"Drama,Romance",43.0,904,7.6
tt0413573,Grey's Anatomy,12,tt5467378,17,I Wear the Face,2016,"Drama,Romance",42.0,891,7.6
tt0413573,Grey's Anatomy,12,tt5505676,18,"There's a Fine, Fine Line",2016,"Drama,Romance",41.0,1086,8.6
tt0413573,Grey's Anatomy,12,tt5505514,19,"It's Alright, Ma (I'm Only Bleeding)",2016,"Drama,Romance",43.0,981,8.1
tt0413573,Grey's Anatomy,12,tt5614176,20,Trigger Happy,2016,"Drama,Romance",42.0,1031,7.8
tt0413573,Grey's Anatomy,12,tt5614186,21,You're Gonna Need Someone on Your Side,2016,"Drama,Romance",43.0,1069,7.9
tt0413573,Grey's Anatomy,12,tt5614198,22,Mama Tried,2016,"Drama,Romance",43.0,1152,8.4
tt0413573,Grey's Anatomy,12,tt5614204,23,At Last,2016,"Drama,Romance",42.0,1132,8.0
tt0413573,Grey's Anatomy,12,tt5614206,24,Family Affair,2016,"Drama,Romance",43.0,1289,8.7
tt0413573,Grey's Anatomy,13,tt5521890,1,Undo,2016,"Drama,Romance",43.0,1194,8.0
tt0413573,Grey's Anatomy,13,tt5743946,2,Catastrophe and the Cure,2016,"Drama,Romance",42.0,937,7.6
tt0413573,Grey's Anatomy,13,tt5743998,3,I Ain't No Miracle Worker,2016,"Drama,Romance",42.0,916,7.9
tt0413573,Grey's Anatomy,13,tt5749130,4,Falling Slowly,2016,"Drama,Romance",42.0,889,7.6
tt0413573,Grey's Anatomy,13,tt6088596,5,Both Sides Now,2016,"Drama,Romance",42.0,884,7.7
tt0413573,Grey's Anatomy,13,tt6088602,6,Roar,2016,"Drama,Romance",43.0,937,8.1
tt0413573,Grey's Anatomy,13,tt6095206,7,Why Try to Change Me Now,2016,"Drama,Romance",42.0,938,7.5
tt0413573,Grey's Anatomy,13,tt6095210,8,The Room Where It Happens,2016,"Drama,Romance",40.0,1844,6.9
tt0413573,Grey's Anatomy,13,tt6155690,9,You Haven't Done Nothin',2016,"Drama,Romance",43.0,1078,8.4
tt0413573,Grey's Anatomy,13,tt6155694,10,You Can Look (But You'd Better Not Touch),2017,"Drama,Romance",42.0,1424,7.6
tt0413573,Grey's Anatomy,13,tt6190622,11,Jukebox Hero,2017,"Drama,Romance",42.0,1040,7.4
tt0413573,Grey's Anatomy,13,tt6190628,12,None of Your Business,2017,"Drama,Romance",43.0,1012,7.5
tt0413573,Grey's Anatomy,13,tt6190636,13,It Only Gets Much Worse,2017,"Drama,Romance",43.0,921,7.9
tt0413573,Grey's Anatomy,13,tt6190642,14,Back Where You Belong,2017,"Drama,Romance",42.0,984,7.5
tt0413573,Grey's Anatomy,13,tt6190644,15,Civil War,2017,"Drama,Romance",42.0,1007,7.0
tt0413573,Grey's Anatomy,13,tt6185764,16,Who Is He (And What Is He to You)?,2017,"Drama,Romance",43.0,1315,7.3
tt0413573,Grey's Anatomy,13,tt6190648,17,'Till I Hear It from You,2017,"Drama,Romance",42.0,1057,7.9
tt0413573,Grey's Anatomy,13,tt6190652,18,"Be Still, My Soul",2017,"Drama,Romance",42.0,1222,8.3
tt0413573,Grey's Anatomy,13,tt6215176,19,What's Inside,2017,"Drama,Romance",41.0,912,7.6
tt0413573,Grey's Anatomy,13,tt6215178,20,In the Air Tonight,2017,"Drama,Romance",41.0,1497,7.9
tt0413573,Grey's Anatomy,13,tt6215180,21,Don't Stop Me Now,2017,"Drama,Romance",42.0,919,7.6
tt0413573,Grey's Anatomy,13,tt6215182,22,Leave It Inside,2017,"Drama,Romance",42.0,895,7.6
tt0413573,Grey's Anatomy,13,tt6215184,23,True Colors,2017,"Drama,Romance",41.0,1274,8.7
tt0413573,Grey's Anatomy,13,tt6215188,24,Ring of Fire,2017,"Drama,Romance",43.0,1421,8.6
tt0413573,Grey's Anatomy,14,tt6523880,1,Break Down the House,2017,"Drama,Romance",42.0,1341,8.1
tt0413573,Grey's Anatomy,14,tt7043198,2,Get Off on the Pain,2017,"Drama,Romance",43.0,1181,8.1
tt0413573,Grey's Anatomy,14,tt7043206,3,Go Big or Go Home,2017,"Drama,Romance",43.0,1141,8.2
tt0413573,Grey's Anatomy,14,tt7043690,4,Ain't That a Kick in the Head,2017,"Drama,Romance",42.0,1182,8.2
tt0413573,Grey's Anatomy,14,tt7043702,5,Danger Zone,2017,"Drama,Romance",42.0,1389,7.3
tt0413573,Grey's Anatomy,14,tt7043698,6,"Come on Down to My Boat, Baby",2017,"Drama,Romance",42.0,1229,7.9
tt0413573,Grey's Anatomy,14,tt7043724,7,"Who Lives, Who Dies, Who Tells Your Story",2017,"Drama,Romance",40.0,2048,9.1
tt0413573,Grey's Anatomy,14,tt7043730,8,Out of Nowhere,2017,"Drama,Romance",41.0,1408,8.5
tt0413573,Grey's Anatomy,14,tt7043736,9,1-800-799-7233,2018,"Drama,Romance",42.0,1603,8.7
tt0413573,Grey's Anatomy,14,tt7044202,10,Personal Jesus,2018,"Drama,Romance",42.0,1957,8.8
tt0413573,Grey's Anatomy,14,tt7044206,11,(Don't Fear) the Reaper,2018,"Drama,Romance",41.0,1362,8.1
tt0413573,Grey's Anatomy,14,tt7044218,12,"Harder, Better, Faster, Stronger",2018,"Drama,Romance",42.0,939,7.5
tt0413573,Grey's Anatomy,14,tt7044226,13,You Really Got a Hold on Me,2018,"Drama,Romance",43.0,897,7.4
tt0413573,Grey's Anatomy,14,tt7044230,14,Games People Play,2018,"Drama,Romance",42.0,926,7.7
tt0413573,Grey's Anatomy,14,tt7044240,15,"Old Scars, Future Hearts",2018,"Drama,Romance",43.0,924,7.7
tt0413573,Grey's Anatomy,14,tt7044262,16,Caught Somewhere in Time,2018,"Drama,Romance",43.0,886,7.3
tt0413573,Grey's Anatomy,14,tt7044272,17,One Day Like This,2018,"Drama,Romance",44.0,1170,8.2
tt0413573,Grey's Anatomy,14,tt7044314,18,Hold Back The River,2018,"Drama,Romance",43.0,838,7.7
tt0413573,Grey's Anatomy,14,tt7044320,19,Beautiful Dreamer,2018,"Drama,Romance",42.0,862,7.7
tt0413573,Grey's Anatomy,14,tt7044324,20,Judgment Day,2018,"Drama,Romance",40.0,1159,8.4
tt0413573,Grey's Anatomy,14,tt7044328,21,Bad Reputation,2018,"Drama,Romance",42.0,845,7.8
tt0413573,Grey's Anatomy,14,tt7044330,22,Fight For Your Mind,2018,"Drama,Romance",42.0,856,7.8
tt0413573,Grey's Anatomy,14,tt7044338,23,Cold As Ice,2018,"Drama,Romance",42.0,1258,8.8
tt0413573,Grey's Anatomy,14,tt7600182,24,All of Me,2018,"Drama,Romance",42.0,1236,8.5
tt0413573,Grey's Anatomy,15,tt7885522,1,With a Wonder and a Wild Desire,2018,"Drama,Romance",43.0,1127,7.7
tt0413573,Grey's Anatomy,15,tt8746268,2,Broken Together,2018,"Drama,Romance",43.0,1028,7.9
tt0413573,Grey's Anatomy,15,tt8879534,3,Gut Feeling,2018,"Drama,Romance",43.0,986,7.5
tt0413573,Grey's Anatomy,15,tt8879540,4,Momma Knows Best,2018,"Drama,Romance",42.0,998,7.8
tt0413573,Grey's Anatomy,15,tt9022004,5,Everyday Angel,2018,"Drama,Romance",42.0,949,7.6
tt0413573,Grey's Anatomy,15,tt9022006,6,Flowers Grow Out Of My Grave,2018,"Drama,Romance",43.0,1176,8.4
tt0413573,Grey's Anatomy,15,tt9011270,7,Anybody Have a Map?,2018,"Drama,Romance",43.0,1034,8.0
tt0413573,Grey's Anatomy,15,tt9119498,8,Blowin' in the Wind,2018,"Drama,Romance",43.0,1254,8.5
tt0413573,Grey's Anatomy,15,tt9119510,9,Shelter From the Storm,2019,"Drama,Romance",43.0,989,8.1
tt0413573,Grey's Anatomy,15,tt9173162,10,"Help, I'm Alive",2019,"Drama,Romance",42.0,915,7.7
tt0413573,Grey's Anatomy,15,tt9132644,11,The Winner Takes It All,2019,"Drama,Romance",43.0,1025,8.2
tt0413573,Grey's Anatomy,15,tt9212382,12,Girlfriend in a Coma,2019,"Drama,Romance",43.0,1035,8.1
tt0413573,Grey's Anatomy,15,tt9290230,13,I Walk the Line,2019,"Drama,Romance",42.0,967,7.7
tt0413573,Grey's Anatomy,15,tt9618582,14,I Want a New Drug,2019,"Drama,Romance",40.0,975,8.1
tt0413573,Grey's Anatomy,15,tt9611706,15,We Didn't Start the Fire,2019,"Drama,Romance",43.0,979,7.9
tt0413573,Grey's Anatomy,15,tt9611710,16,Blood and Water,2019,"Drama,Romance",42.0,914,7.3
tt0413573,Grey's Anatomy,15,tt9729132,17,And Dream of Sheep,2019,"Drama,Romance",43,903,7.3
tt0413573,Grey's Anatomy,15,tt9729134,18,Add It Up,2019,"Drama,Romance",42,908,7.2
tt0413573,Grey's Anatomy,15,tt9611736,19,Silent All These Years,2019,"Drama,Romance",43.0,3083,9.5
tt0413573,Grey's Anatomy,15,tt9729136,20,The Whole Package,2019,"Drama,Romance",43,900,7.6
tt0413573,Grey's Anatomy,15,tt9729138,21,Good Shepherd,2019,"Drama,Romance",43,1039,8.2
tt0413573,Grey's Anatomy,15,tt10120548,22,Head Over High Heels,2019,"Drama,Romance",43.0,881,7.7
tt0413573,Grey's Anatomy,15,tt9729144,23,What I Did For Love,2019,"Drama,Romance",42,944,7.7
tt0413573,Grey's Anatomy,15,tt9729142,24,Drawn to the Blood,2019,"Drama,Romance",42,1024,8.3
tt0413573,Grey's Anatomy,15,tt9564120,25,Jump Into the Fog,2019,"Drama,Romance",42.0,997,8.1
tt0413573,Grey's Anatomy,16,tt7885526,1,Nothing Left to Cling To,2019,"Drama,Romance",42.0,918,7.3
tt0413573,Grey's Anatomy,16,tt10950532,2,Back in the Saddle,2019,"Drama,Romance",43,802,7.5
tt0413573,Grey's Anatomy,16,tt10989874,3,Reunited,2019,"Drama,Romance",43.0,866,7.6
tt0413573,Grey's Anatomy,16,tt11010784,4,It's Raining Men,2019,"Drama,Romance",42.0,762,7.6
tt0413573,Grey's Anatomy,16,tt11058566,5,Breathe Again,2019,"Drama,Romance",41.0,782,7.7
tt0413573,Grey's Anatomy,16,tt11102922,6,Whistlin' Past the Graveyard,2019,"Drama,Romance",42.0,753,7.6
tt0413573,Grey's Anatomy,16,tt11156602,7,Papa Don't Preach,2019,"Drama,Romance",43.0,789,7.7
tt0413573,Grey's Anatomy,16,tt11105164,8,My Shot,2019,"Drama,Romance",41.0,1409,8.9
tt0413573,Grey's Anatomy,16,tt11187872,9,Let's All Go to the Bar,2019,"Drama,Romance",43.0,846,8.0
tt0413573,Grey's Anatomy,16,tt11317130,10,Help Me Through the Night,2020,"Drama,Romance",42.0,769,7.6
tt0413573,Grey's Anatomy,16,tt11404618,11,A Hard Pill to Swallow,2020,"Drama,Romance",43.0,736,7.4
tt0413573,Grey's Anatomy,16,tt11300852,12,The Last Supper,2020,"Drama,Romance",42.0,1021,6.2
tt0413573,Grey's Anatomy,16,tt11681392,13,Save the Last Dance for Me,2020,"Drama,Romance",43,750,7.3
tt0413573,Grey's Anatomy,16,tt11702018,14,A Diagnosis,2020,"Drama,Romance",42.0,735,7.3
tt0413573,Grey's Anatomy,16,tt11737856,15,Snowblind,2020,"Drama,Romance",43.0,748,7.5
tt0413573,Grey's Anatomy,16,tt11815092,16,Leave a Light On,2020,"Drama,Romance",42,2734,4.4
tt0413573,Grey's Anatomy,16,tt11852888,17,Life on Mars?,2020,"Drama,Romance",42,734,7.0
tt0413573,Grey's Anatomy,16,tt11861152,18,Give a Little Bit,2020,"Drama,Romance",43,767,7.6
tt0413573,Grey's Anatomy,16,tt11923260,19,Love of My Life,2020,"Drama,Romance",43.0,959,6.8
tt0413573,Grey's Anatomy,16,tt11980382,20,Sing It Again,2020,"Drama,Romance",41.0,732,7.8
tt0413573,Grey's Anatomy,16,tt12019988,21,Put on a Happy Face,2020,"Drama,Romance",43.0,831,8.2
tt0413573,Grey's Anatomy,17,tt10313492,1,All Tomorrow's Parties,2020,"Drama,Romance",44.0,1280,7.6
tt0413573,Grey's Anatomy,17,tt13334916,2,The Center Won't Hold,2020,"Drama,Romance",43.0,1249,8.1
tt0413573,Grey's Anatomy,17,tt13412344,3,My Happy Ending,2020,"Drama,Romance",42.0,1018,7.6
tt0413573,Grey's Anatomy,17,tt13454262,4,You'll Never Walk Alone,2020,"Drama,Romance",43.0,1066,7.7
tt0413573,Grey's Anatomy,17,tt13498234,5,Fight the Power,2020,"Drama,Romance",43.0,1058,7.2
tt0413573,Grey's Anatomy,17,tt13498236,6,No Time for Despair,2020,"Drama,Romance",43.0,1027,6.8
tt0413573,Grey's Anatomy,17,tt13498240,7,Helplessly Hoping,2021,"Drama,Romance",43.0,1021,7.3
tt0413573,Grey's Anatomy,17,tt14177970,8,It's All Too Much,2021,"Drama,Romance",43.0,956,7.9
tt0413573,Grey's Anatomy,17,tt14211898,9,In My Life,2021,"Drama,Romance",40.0,1584,5.2
tt0413573,Grey's Anatomy,17,tt14222328,10,Breathe,2021,"Drama,Romance",41.0,963,7.8
tt0413573,Grey's Anatomy,17,tt14225068,11,Sorry Doesn't Always Make It Right,2021,"Drama,Romance",43.0,779,7.0
tt0413573,Grey's Anatomy,17,tt14330910,12,Sign O' the Times,2021,"Drama,Romance",41.0,1272,6.3
tt0413573,Grey's Anatomy,17,tt14406444,13,Good as Hell,2021,"Drama,Romance",43.0,1004,7.8
tt0413573,Grey's Anatomy,17,tt14467604,14,Look Up Child,2021,"Drama,Romance",43.0,962,6.7
tt0413573,Grey's Anatomy,17,tt14508866,15,Tradition,2021,"Drama,Romance",43.0,801,7.5
tt0413573,Grey's Anatomy,17,tt14508868,16,I'm Still Standing,2021,"Drama,Romance",42.0,677,7.0
tt0413573,Grey's Anatomy,17,tt14597292,17,Someone Saved My Life Tonight,2021,"Drama,Romance",44.0,765,7.2
tt0413573,Grey's Anatomy,18,tt14622216,1,Here Comes the Sun,2021,"Drama,Romance",40.0,907,7.1
tt0413573,Grey's Anatomy,18,tt15192008,2,Some Kind of Tomorrow,2021,"Drama,Romance",39.0,701,7.0
tt0413573,Grey's Anatomy,18,tt15248472,3,Hotter Than Hell,2021,"Drama,Romance",39.0,833,8.0
tt0413573,Grey's Anatomy,18,tt15514302,4,With a Little Help from My Friends,2021,"Drama,Romance",40.0,631,7.3
tt0413573,Grey's Anatomy,18,tt15742128,5,Bottle Up and Explode!,2021,"Drama,Romance",38.0,654,7.6
tt0413573,Grey's Anatomy,18,tt15856270,6,Every Day Is a Holiday (With You),2021,"Drama,Romance",39.0,589,7.2
tt0413573,Grey's Anatomy,18,tt16021380,7,Today Was a Fairytale,2021,"Drama,Romance",38.0,574,7.1
tt0413573,Grey's Anatomy,18,tt16274400,8,It Came Upon a Midnight Clear,2021,"Drama,Romance",39.0,691,7.4
tt0413573,Grey's Anatomy,18,tt16274406,9,No Time to Die,2021,"Drama,Romance",42.0,588,7.3
tt0413573,Grey's Anatomy,18,tt16274412,10,Living in a House Divided,2022,"Drama,Romance",39.0,536,7.3
tt0413573,Grey's Anatomy,18,tt18332060,11,Legacy,2022,"Drama,Romance",40.0,524,7.3
tt0413573,Grey's Anatomy,18,tt18351146,12,The Makings of You,2022,"Drama,Romance",40.0,717,5.8
tt0413573,Grey's Anatomy,18,tt18394228,13,Put the Squeeze on Me,2022,"Drama,Romance",42.0,522,7.3
tt0413573,Grey's Anatomy,18,tt18569862,14,Road Trippin',2022,"Drama,Romance",42.0,512,7.2
tt0413573,Grey's Anatomy,18,tt19073278,15,Put It to the Test,2022,"Drama,Romance",42.0,550,7.8
tt0413573,Grey's Anatomy,18,tt19408098,16,Should I Stay or Should I Go,2022,"Drama,Romance",43.0,517,7.1
tt0413573,Grey's Anatomy,18,tt19408112,17,I'll Cover You,2022,"Drama,Romance",42.0,497,7.2
tt0413573,Grey's Anatomy,18,tt19408212,18,Stronger Than Hate,2022,"Drama,Romance",41.0,524,7.6
tt0413573,Grey's Anatomy,18,tt19712434,19,Out for Blood,2022,"Drama,Romance",42.0,527,7.7
tt0413573,Grey's Anatomy,18,tt19712436,20,You Are the Blood,2022,"Drama,Romance",44.0,927,8.5
tt0413573,Grey's Anatomy,19,tt16993884,1,Everything Has Changed,2022,"Drama,Romance",45.0,757,7.7
tt0413573,Grey's Anatomy,19,tt22187034,2,Wasn't Expecting That,2022,"Drama,Romance",40.0,554,7.5
tt0413573,Grey's Anatomy,19,tt22529532,3,Let's Talk About Sex,2022,"Drama,Romance",43.0,843,7.4
tt0413573,Grey's Anatomy,19,tt22529692,4,Haunted,2022,"Drama,Romance",43.0,496,7.1
tt0413573,Grey's Anatomy,19,tt22753500,5,When I Get to the Border,2022,"Drama,Romance",40.0,595,7.5
tt0413573,Grey's Anatomy,19,tt23118306,6,Thunderstruck,2022,"Drama,Romance",43.0,491,7.4
tt0413573,Grey's Anatomy,19,tt23473020,7,I'll Follow the Sun,2023,"Drama,Romance",44.0,657,6.2
tt0413573,Grey's Anatomy,19,tt23473022,8,All Star,2023,"Drama,Romance",43.0,456,6.7
tt0413573,Grey's Anatomy,19,tt26898914,9,Love Don't Cost a Thing,2023,"Drama,Romance",44.0,442,6.6
tt0413573,Grey's Anatomy,19,tt26936119,10,Sisters Are Doin' It for Themselves,2023,"Drama,Romance",43.0,412,7.1
tt0413573,Grey's Anatomy,19,tt26936121,11,Training Day,2023,"Drama,Romance",43.0,528,7.2
tt0413573,Grey's Anatomy,19,tt27136052,12,Pick Yourself Up,2023,"Drama,Romance",41,443,7.6
tt0413573,Grey's Anatomy,19,tt27163814,13,Cowgirls Don't Cry,2023,"Drama,Romance",43,390,7.2
tt0413573,Grey's Anatomy,19,tt27235409,14,Shadow of Your Love,2023,"Drama,Romance",43,386,7.2
tt0413573,Grey's Anatomy,19,tt27369366,15,Mama Who Bore Me,2023,"Drama,Romance",43,402,7.1
tt0413573,Grey's Anatomy,19,tt27440369,16,Gunpowder and Lead,2023,"Drama,Romance",43,414,7.3
tt0413573,Grey's Anatomy,19,tt27435239,17,Come Fly With Me,2023,"Drama,Romance",43,393,7.6
tt0413573,Grey's Anatomy,19,tt27441536,18,Ready to Run,2023,"Drama,Romance",43,369,7.4
tt0413573,Grey's Anatomy,19,tt27441541,19,Wedding Bell Blues,2023,"Drama,Romance",42,403,7.7
tt0413573,Grey's Anatomy,19,tt27441543,20,Happily Ever After?,2023,"Drama,Romance",44,490,8.2
tt0413573,Grey's Anatomy,20,tt27244877,1,We've Only Just Begun,2024,"Drama,Romance",43,385,7.2
tt0413573,Grey's Anatomy,20,tt31391413,2,Keep the Family Close,2024,"Drama,Romance",43.0,331,7.2
tt0413573,Grey's Anatomy,20,tt31406880,3,Walk on the Ocean,2024,"Drama,Romance",43.0,324,7.4
tt0413573,Grey's Anatomy,20,tt31406897,4,Baby Can I Hold You,2024,"Drama,Romance",43.0,329,7.5
tt0413573,Grey's Anatomy,20,tt31406907,5,Never Felt So Alone,2024,"Drama,Romance",43.0,318,7.4
tt0413573,Grey's Anatomy,20,tt31407435,6,The Marathon Continues,2024,"Drama,Romance",43.0,295,7.3
tt0413573,Grey's Anatomy,20,tt31407436,7,She Used to Be Mine,2024,"Drama,Romance",43.0,290,7.4
tt0413573,Grey's Anatomy,20,tt31407437,8,"Blood, Sweat and Tears",2024,"Drama,Romance",43.0,285,7.2
tt0413573,Grey's Anatomy,20,tt31407438,9,I Carry Your Heart,2024,"Drama,Romance",43.0,285,7.4
tt0413573,Grey's Anatomy,20,tt31407439,10,Burn It Down,2024,"Drama,Romance",43.0,335,7.8
tt0413573,Grey's Anatomy,21,tt31988296,1,If Walls Could Talk,2024,"Drama,Romance",43,292,7.2
tt0413573,Grey's Anatomy,21,tt33085454,2,Take Me to Church,2024,"Drama,Romance",43.0,242,7.5
tt0413573,Grey's Anatomy,21,tt33311082,3,I Can See Clearly Now,2024,"Drama,Romance",43.0,223,7.4
tt0413573,Grey's Anatomy,21,tt33311086,4,This One's for the Girls,2024,"Drama,Romance",43.0,221,7.5
tt0413573,Grey's Anatomy,21,tt33528521,5,You Make My Heart Explode,2024,"Drama,Romance",43.0,206,7.5
tt0413573,Grey's Anatomy,21,tt33528524,6,Night Moves,2024,"Drama,Romance",43.0,214,7.5
tt0413573,Grey's Anatomy,21,tt33528526,7,If You Leave,2024,"Drama,Romance",43.0,235,8.1
tt0413573,Grey's Anatomy,21,tt33528529,8,Drop It Like It's Hot,2024,"Drama,Romance",44.0,187,7.3
tt2243973,Hannibal,1,tt2370419,1,Apéritif,2013,"Crime,Drama,Horror",42.0,9600,8.3
tt2243973,Hannibal,1,tt2373027,2,Amuse-Bouche,2013,"Crime,Drama,Horror",42.0,8094,8.2
tt2243973,Hannibal,1,tt2373029,3,Potage,2013,"Crime,Drama,Horror",42.0,7547,8.1
tt2243973,Hannibal,1,tt2373031,4,Oeuf,2013,"Crime,Drama,Horror",43.0,6763,7.7
tt2243973,Hannibal,1,tt2373033,5,Coquilles,2013,"Crime,Drama,Horror",41.0,6951,7.9
tt2243973,Hannibal,1,tt2373035,6,Entrée,2013,"Crime,Drama,Horror",41.0,6820,8.5
tt2243973,Hannibal,1,tt2373037,7,Sorbet,2013,"Crime,Drama,Horror",44.0,7020,8.6
tt2243973,Hannibal,1,tt2373039,8,Fromage,2013,"Crime,Drama,Horror",43.0,7271,8.9
tt2243973,Hannibal,1,tt2373041,9,Trou Normand,2013,"Crime,Drama,Horror",43.0,6492,8.2
tt2243973,Hannibal,1,tt2373019,10,Buffet Froid,2013,"Crime,Drama,Horror",44.0,6779,8.7
tt2243973,Hannibal,1,tt2373021,11,Rôti,2013,"Crime,Drama,Horror",44.0,6422,8.5
tt2243973,Hannibal,1,tt2373023,12,Relevés,2013,"Crime,Drama,Horror",44.0,6535,8.8
tt2243973,Hannibal,1,tt2373025,13,Savoureux,2013,"Crime,Drama,Horror",43.0,7907,9.2
tt2243973,Hannibal,2,tt3000124,1,Kaiseki,2014,"Crime,Drama,Horror",42.0,7188,8.8
tt2243973,Hannibal,2,tt3230882,2,Sakizuke,2014,"Crime,Drama,Horror",42,6909,9.0
tt2243973,Hannibal,2,tt3230884,3,Hassun,2014,"Crime,Drama,Horror",42,6387,8.6
tt2243973,Hannibal,2,tt3230886,4,Takiawase,2014,"Crime,Drama,Horror",42,7062,9.2
tt2243973,Hannibal,2,tt3230890,5,Mukozuke,2014,"Crime,Drama,Horror",42,7136,9.2
tt2243973,Hannibal,2,tt3230896,6,Futamono,2014,"Crime,Drama,Horror",42,7013,9.2
tt2243973,Hannibal,2,tt3230898,7,Yakimono,2014,"Crime,Drama,Horror",42,6833,9.2
tt2243973,Hannibal,2,tt3230894,8,Su-zakana,2014,"Crime,Drama,Horror",44,6150,8.4
tt2243973,Hannibal,2,tt3230900,9,Shiizakana,2014,"Crime,Drama,Horror",43,6069,8.5
tt2243973,Hannibal,2,tt3230904,10,Naka-Choko,2014,"Crime,Drama,Horror",44,6403,8.9
tt2243973,Hannibal,2,tt3230906,11,Ko no Mono,2014,"Crime,Drama,Horror",44,6273,8.9
tt2243973,Hannibal,2,tt3230910,12,Tome-wan,2014,"Crime,Drama,Horror",44,7005,9.2
tt2243973,Hannibal,2,tt3230908,13,Mizumono,2014,"Crime,Drama,Horror",44,22839,9.8
tt2243973,Hannibal,3,tt3724578,1,Antipasto,2015,"Crime,Drama,Horror",43.0,7151,8.2
tt2243973,Hannibal,3,tt3984450,2,Primavera,2015,"Crime,Drama,Horror",44,6086,7.9
tt2243973,Hannibal,3,tt3984452,3,Secondo,2015,"Crime,Drama,Horror",44,5604,7.9
tt2243973,Hannibal,3,tt3984456,4,Aperitivo,2015,"Crime,Drama,Horror",44,5503,7.9
tt2243973,Hannibal,3,tt4035340,5,Contorno,2015,"Crime,Drama,Horror",44.0,6418,9.0
tt2243973,Hannibal,3,tt4057954,6,Dolce,2015,"Crime,Drama,Horror",44.0,5684,8.7
tt2243973,Hannibal,3,tt4057962,7,Digestivo,2015,"Crime,Drama,Horror",44.0,7211,9.3
tt2243973,Hannibal,3,tt4057974,8,The Great Red Dragon,2015,"Crime,Drama,Horror",44.0,5097,8.5
tt2243973,Hannibal,3,tt4089740,9,...And the Woman Clothed with the Sun,2015,"Crime,Drama,Horror",44.0,4781,8.2
tt2243973,Hannibal,3,tt4089746,10,...And the Woman Clothed in Sun,2015,"Crime,Drama,Horror",44.0,4842,8.4
tt2243973,Hannibal,3,tt4089748,11,...And the Beast from the Sea,2015,"Crime,Drama,Horror",44.0,4829,8.6
tt2243973,Hannibal,3,tt4089752,12,The Number of the Beast Is 666,2015,"Crime,Drama,Horror",44.0,5297,8.9
tt2243973,Hannibal,3,tt4089754,13,The Wrath of the Lamb,2015,"Crime,Drama,Horror",43.0,15863,9.7
tt0813715,Heroes,1,tt1179366,0,Unaired Premiere Episode,2006,"Crime,Drama,Fantasy",85.0,1049,8.2
tt0813715,Heroes,1,tt0759572,1,Chapter One 'Genesis',2006,"Crime,Drama,Fantasy",53.0,3215,8.1
tt0813715,Heroes,1,tt0849980,2,Chapter Two 'Don't Look Back',2006,"Crime,Drama,Fantasy",43.0,2457,8.0
tt0813715,Heroes,1,tt0840551,3,Chapter Three 'One Giant Leap',2006,"Crime,Drama,Fantasy",43.0,2268,8.0
tt0813715,Heroes,1,tt0853635,4,Chapter Four 'Collision',2006,"Crime,Drama,Fantasy",43.0,2183,8.1
tt0813715,Heroes,1,tt0853636,5,Chapter Five 'Hiros',2006,"Crime,Drama,Fantasy",43.0,2125,8.1
tt0813715,Heroes,1,tt0861136,6,Chapter Six 'Better Halves',2006,"Crime,Drama,Fantasy",43.0,2011,7.7
tt0813715,Heroes,1,tt0860036,7,Chapter Seven 'Nothing to Hide',2006,"Crime,Drama,Fantasy",43.0,1972,7.8
tt0813715,Heroes,1,tt0879074,8,Chapter Eight 'Seven Minutes to Midnight',2006,"Crime,Drama,Fantasy",43.0,1989,7.9
tt0813715,Heroes,1,tt0875355,9,Chapter Nine 'Homecoming',2006,"Crime,Drama,Fantasy",43.0,2195,8.6
tt0813715,Heroes,1,tt0879577,10,Chapter Ten 'Six Months Ago',2006,"Crime,Drama,Fantasy",43.0,2061,8.3
tt0813715,Heroes,1,tt0902012,11,Chapter Eleven 'Fallout',2006,"Crime,Drama,Fantasy",43.0,1991,8.4
tt0813715,Heroes,1,tt0893453,12,Chapter Twelve 'Godsend',2007,"Crime,Drama,Fantasy",43.0,1934,7.9
tt0813715,Heroes,1,tt0901193,13,Chapter Thirteen 'The Fix',2007,"Crime,Drama,Fantasy",43.0,1888,7.8
tt0813715,Heroes,1,tt0917146,14,Chapter Fourteen 'Distractions',2007,"Crime,Drama,Fantasy",43.0,1910,8.1
tt0813715,Heroes,1,tt0928267,15,Chapter Fifteen 'Run!',2007,"Crime,Drama,Fantasy",43.0,1899,7.9
tt0813715,Heroes,1,tt0942525,16,Chapter Sixteen 'Unexpected',2007,"Crime,Drama,Fantasy",43.0,1963,8.3
tt0813715,Heroes,1,tt0950189,17,Chapter Seventeen 'Company Man',2007,"Crime,Drama,Fantasy",43.0,2614,8.9
tt0813715,Heroes,1,tt0966897,18,Chapter Eighteen 'Parasite',2007,"Crime,Drama,Fantasy",43.0,2149,8.5
tt0813715,Heroes,1,tt0969430,19,Chapter Nineteen '.07%',2007,"Crime,Drama,Fantasy",43.0,2039,8.3
tt0813715,Heroes,1,tt0988309,20,Chapter Twenty 'Five Years Gone',2007,"Crime,Drama,Fantasy",43.0,2904,9.0
tt0813715,Heroes,1,tt1000400,21,Chapter Twenty-One 'The Hard Part',2007,"Crime,Drama,Fantasy",43.0,1954,8.1
tt0813715,Heroes,1,tt0988308,22,Chapter Twenty-Two 'Landslide',2007,"Crime,Drama,Fantasy",43.0,1960,8.4
tt0813715,Heroes,1,tt0988307,23,Chapter Twenty-Three 'How to Stop an Exploding Man',2007,"Crime,Drama,Fantasy",45.0,2791,8.4
tt0813715,Heroes,2,tt1041277,1,Chapter One 'Four Months Later...',2007,"Crime,Drama,Fantasy",52.0,2189,7.7
tt0813715,Heroes,2,tt1054841,2,Chapter Two 'Lizards',2007,"Crime,Drama,Fantasy",43.0,1665,7.6
tt0813715,Heroes,2,tt1054846,3,Chapter Three 'Kindred',2007,"Crime,Drama,Fantasy",43.0,1619,7.5
tt0813715,Heroes,2,tt1054847,4,Chapter Four 'The Kindness of Strangers',2007,"Crime,Drama,Fantasy",43.0,1478,7.5
tt0813715,Heroes,2,tt1054848,5,Chapter Five 'Fight or Flight',2007,"Crime,Drama,Fantasy",43.0,1543,7.6
tt0813715,Heroes,2,tt1054849,6,Chapter Six 'The Line',2007,"Crime,Drama,Fantasy",42.0,1430,7.3
tt0813715,Heroes,2,tt1054850,7,Chapter Seven 'Out of Time',2007,"Crime,Drama,Fantasy",43.0,1490,7.8
tt0813715,Heroes,2,tt1054851,8,Chapter Eight 'Four Months Ago...',2007,"Crime,Drama,Fantasy",42.0,1565,7.9
tt0813715,Heroes,2,tt1054852,9,Chapter Nine: Cautionary Tales,2007,"Crime,Drama,Fantasy",43.0,1569,8.1
tt0813715,Heroes,2,tt1054831,10,Chapter Ten 'Truth & Consequences',2007,"Crime,Drama,Fantasy",41.0,1449,7.6
tt0813715,Heroes,2,tt1054832,11,Chapter Eleven 'Powerless',2007,"Crime,Drama,Fantasy",43.0,1650,7.9
tt0813715,Heroes,3,tt1185907,1,Chapter One 'The Second Coming',2008,"Crime,Drama,Fantasy",44,1900,7.6
tt0813715,Heroes,3,tt1185912,2,Chapter Two 'The Butterfly Effect',2008,"Crime,Drama,Fantasy",43,1521,7.5
tt0813715,Heroes,3,tt1185913,3,"Chapter Three 'One of Us, One of Them'",2008,"Crime,Drama,Fantasy",43,1404,7.4
tt0813715,Heroes,3,tt1185914,4,Chapter Four 'I Am Become Death',2008,"Crime,Drama,Fantasy",43,1417,7.5
tt0813715,Heroes,3,tt1185915,5,Chapter Five 'Angels and Monsters',2008,"Crime,Drama,Fantasy",44,1333,7.3
tt0813715,Heroes,3,tt1185916,6,Chapter Six 'Dying of the Light',2008,"Crime,Drama,Fantasy",43,1331,7.4
tt0813715,Heroes,3,tt1185917,7,Chapter Seven 'Eris Quod Sum',2008,"Crime,Drama,Fantasy",41,1229,7.2
tt0813715,Heroes,3,tt1185918,8,Chapter Eight 'Villains',2008,"Crime,Drama,Fantasy",43,1325,7.6
tt0813715,Heroes,3,tt1185919,9,Chapter Nine 'It's Coming',2008,"Crime,Drama,Fantasy",42,1224,7.3
tt0813715,Heroes,3,tt1185908,10,Chapter Ten 'The Eclipse Part 1',2008,"Crime,Drama,Fantasy",42,1230,7.4
tt0813715,Heroes,3,tt1185909,11,Chapter Eleven 'The Eclipse - Part 2',2008,"Crime,Drama,Fantasy",42,1232,7.4
tt0813715,Heroes,3,tt1054833,12,Chapter Twelve 'Our Father',2008,"Crime,Drama,Fantasy",43.0,1312,7.8
tt0813715,Heroes,3,tt1054834,13,Chapter Thirteen 'Dual',2008,"Crime,Drama,Fantasy",43.0,1319,7.5
tt0813715,Heroes,3,tt1054835,14,Chapter One 'A Clear and Present Danger',2009,"Crime,Drama,Fantasy",43.0,1285,7.6
tt0813715,Heroes,3,tt1054836,15,Chapter Two 'Trust and Blood',2009,"Crime,Drama,Fantasy",41.0,1197,7.4
tt0813715,Heroes,3,tt1054837,16,Chapter Three 'Building 26',2009,"Crime,Drama,Fantasy",43.0,1147,7.1
tt0813715,Heroes,3,tt1054838,17,Chapter Four 'Cold Wars',2009,"Crime,Drama,Fantasy",42.0,1105,7.0
tt0813715,Heroes,3,tt1054839,18,Chapter Five 'Exposed',2009,"Crime,Drama,Fantasy",43.0,1126,7.1
tt0813715,Heroes,3,tt1054840,19,Chapter Six 'Shades of Gray',2009,"Crime,Drama,Fantasy",43.0,1133,7.3
tt0813715,Heroes,3,tt1054842,20,Chapter Seven 'Cold Snap',2009,"Crime,Drama,Fantasy",43.0,1282,7.8
tt0813715,Heroes,3,tt1054843,21,Chapter Eight 'Into Asylum',2009,"Crime,Drama,Fantasy",44.0,1132,7.2
tt0813715,Heroes,3,tt1054844,22,Chapter Nine 'Turn and Face the Strange',2009,"Crime,Drama,Fantasy",43.0,1087,7.4
tt0813715,Heroes,3,tt1054845,23,Chapter Ten '1961',2009,"Crime,Drama,Fantasy",44.0,1201,7.1
tt0813715,Heroes,3,tt1385195,24,Chapter Eleven 'I Am Sylar',2009,"Crime,Drama,Fantasy",44.0,1013,7.4
tt0813715,Heroes,3,tt1394706,25,Chapter Twelve 'An Invisible Thread',2009,"Crime,Drama,Fantasy",43.0,1255,7.5
tt0813715,Heroes,4,tt1486301,1,"Chapter One 'Orientation/Jump, Push, Fall'",2009,"Crime,Drama,Fantasy",47.0,1188,7.4
tt0813715,Heroes,4,tt1508490,2,Chapter Two 'Ink',2009,"Crime,Drama,Fantasy",43.0,1002,7.2
tt0813715,Heroes,4,tt1510011,3,Chapter Three 'Acceptance',2009,"Crime,Drama,Fantasy",42.0,973,7.1
tt0813715,Heroes,4,tt1510012,4,Chapter Four 'Hysterical Blindness',2009,"Crime,Drama,Fantasy",43.0,994,7.4
tt0813715,Heroes,4,tt1510013,5,Chapter Five 'Tabula Rasa',2009,"Crime,Drama,Fantasy",43.0,965,7.3
tt0813715,Heroes,4,tt1510014,6,Chapter Six 'Strange Attractors',2009,"Crime,Drama,Fantasy",43.0,951,7.1
tt0813715,Heroes,4,tt1510015,7,Chapter Seven 'Once Upon a Time in Texas',2009,"Crime,Drama,Fantasy",43.0,1004,7.5
tt0813715,Heroes,4,tt1510016,8,Chapter Eight 'Shadowboxing',2009,"Crime,Drama,Fantasy",43.0,938,7.4
tt0813715,Heroes,4,tt1510002,9,Chapter Nine 'Brother's Keeper',2009,"Crime,Drama,Fantasy",42.0,918,7.3
tt0813715,Heroes,4,tt1510003,10,Chapter Ten 'Thanksgiving',2009,"Crime,Drama,Fantasy",43.0,918,7.2
tt0813715,Heroes,4,tt1510004,11,Chapter Eleven 'The Fifth Stage',2009,"Crime,Drama,Fantasy",43.0,947,7.1
tt0813715,Heroes,4,tt1510005,12,Chapter Twelve 'Upon This Rock',2010,"Crime,Drama,Fantasy",42.0,903,6.9
tt0813715,Heroes,4,tt1510006,13,Chapter Thirteen 'Let It Bleed',2010,"Crime,Drama,Fantasy",41.0,923,6.8
tt0813715,Heroes,4,tt1510007,14,Chapter Fourteen 'Close to You',2010,"Crime,Drama,Fantasy",41.0,911,6.9
tt0813715,Heroes,4,tt1510008,15,Chapter Fifteen 'Pass/Fail',2010,"Crime,Drama,Fantasy",42.0,965,6.8
tt0813715,Heroes,4,tt1510009,16,Chapter Sixteen 'The Art of Deception',2010,"Crime,Drama,Fantasy",43.0,909,7.2
tt0813715,Heroes,4,tt1510010,17,Chapter Seventeen 'The Wall',2010,"Crime,Drama,Fantasy",43.0,949,7.4
tt0813715,Heroes,4,tt1582860,18,Chapter Eighteen 'Brave New World',2010,"Crime,Drama,Fantasy",43.0,1299,7.6
tt1796960,Homeland,1,tt1811020,1,Pilot,2011,"Crime,Drama,Mystery",55.0,5043,8.2
tt1796960,Homeland,1,tt1988308,2,Grace,2011,"Crime,Drama,Mystery",50.0,4067,7.9
tt1796960,Homeland,1,tt1988309,3,Clean Skin,2011,"Crime,Drama,Mystery",49.0,3763,7.9
tt1796960,Homeland,1,tt2011518,4,Semper I,2011,"Crime,Drama,Mystery",50.0,3555,7.7
tt1796960,Homeland,1,tt2023998,5,Blind Spot,2011,"Crime,Drama,Mystery",55.0,3490,8.1
tt1796960,Homeland,1,tt2024865,6,The Good Soldier,2011,"Crime,Drama,Mystery",49.0,3475,8.3
tt1796960,Homeland,1,tt2043149,7,The Weekend,2011,"Crime,Drama,Mystery",58.0,3895,8.7
tt1796960,Homeland,1,tt2041952,8,Achilles Heel,2011,"Crime,Drama,Mystery",49.0,3390,8.2
tt1796960,Homeland,1,tt2081742,9,Crossfire,2011,"Crime,Drama,Mystery",49.0,3343,8.0
tt1796960,Homeland,1,tt2081741,10,Representative Brody,2011,"Crime,Drama,Mystery",48.0,3356,8.1
tt1796960,Homeland,1,tt2084389,11,The Vest,2011,"Crime,Drama,Mystery",54.0,3545,8.5
tt1796960,Homeland,1,tt2084390,12,Marine One,2011,"Crime,Drama,Mystery",84.0,4590,9.0
tt1796960,Homeland,2,tt2100961,1,The Smile,2012,"Crime,Drama,Mystery",55.0,3799,8.2
tt1796960,Homeland,2,tt2385581,2,Beirut Is Back,2012,"Crime,Drama,Mystery",48.0,3850,8.8
tt1796960,Homeland,2,tt2385583,3,State of Independence,2012,"Crime,Drama,Mystery",54.0,3363,8.1
tt1796960,Homeland,2,tt2385585,4,New Car Smell,2012,"Crime,Drama,Mystery",49.0,3494,8.6
tt1796960,Homeland,2,tt2325080,5,Q&A,2012,"Crime,Drama,Mystery",56.0,4006,8.9
tt1796960,Homeland,2,tt2352340,6,A Gettysburg Address,2012,"Crime,Drama,Mystery",49.0,3147,8.2
tt1796960,Homeland,2,tt2355180,7,The Clearing,2012,"Crime,Drama,Mystery",52.0,3040,7.7
tt1796960,Homeland,2,tt2368314,8,I'll Fly Away,2012,"Crime,Drama,Mystery",51.0,3034,8.1
tt1796960,Homeland,2,tt2368332,9,Two Hats,2012,"Crime,Drama,Mystery",47.0,3124,8.4
tt1796960,Homeland,2,tt2408792,10,Broken Hearts,2012,"Crime,Drama,Mystery",46.0,3207,8.6
tt1796960,Homeland,2,tt2408796,11,In Memoriam,2012,"Crime,Drama,Mystery",52.0,3237,8.5
tt1796960,Homeland,2,tt2408794,12,The Choice,2012,"Crime,Drama,Mystery",63.0,4829,9.2
tt1796960,Homeland,3,tt2473824,1,Tin Man Is Down,2013,"Crime,Drama,Mystery",58.0,3721,7.8
tt1796960,Homeland,3,tt2916284,2,Uh...Oo...Aw,2013,"Crime,Drama,Mystery",48,3386,7.2
tt1796960,Homeland,3,tt2916290,3,Tower of David,2013,"Crime,Drama,Mystery",54,3438,7.1
tt1796960,Homeland,3,tt2916300,4,Game On,2013,"Crime,Drama,Mystery",49,3272,8.0
tt1796960,Homeland,3,tt2916302,5,The Yoga Play,2013,"Crime,Drama,Mystery",47,2989,7.9
tt1796960,Homeland,3,tt2916304,6,Still Positive,2013,"Crime,Drama,Mystery",48,2916,7.9
tt1796960,Homeland,3,tt2916308,7,Gerontion,2013,"Crime,Drama,Mystery",48,2884,8.1
tt1796960,Homeland,3,tt2916310,8,A Red Wheel Barrow,2013,"Crime,Drama,Mystery",47,2989,8.3
tt1796960,Homeland,3,tt2916312,9,One Last Thing,2013,"Crime,Drama,Mystery",57,3097,8.4
tt1796960,Homeland,3,tt2916314,10,Good Night,2013,"Crime,Drama,Mystery",46,3236,8.7
tt1796960,Homeland,3,tt2916316,11,Big Man in Tehran,2013,"Crime,Drama,Mystery",54,4163,9.1
tt1796960,Homeland,3,tt2916318,12,The Star,2013,"Crime,Drama,Mystery",60,4292,8.3
tt1796960,Homeland,4,tt3284012,1,The Drone Queen,2014,"Crime,Drama,Mystery",49,3465,8.1
tt1796960,Homeland,4,tt3505184,2,Trylon and Perisphere,2014,"Crime,Drama,Mystery",49.0,2992,7.4
tt1796960,Homeland,4,tt3505188,3,Shalwar Kameez,2014,"Crime,Drama,Mystery",49.0,2840,7.8
tt1796960,Homeland,4,tt3505186,4,Iron in the Fire,2014,"Crime,Drama,Mystery",53.0,2745,7.7
tt1796960,Homeland,4,tt3505192,5,About a Boy,2014,"Crime,Drama,Mystery",48.0,2716,7.5
tt1796960,Homeland,4,tt3921048,6,From A to B and Back Again,2014,"Crime,Drama,Mystery",49,3399,8.8
tt1796960,Homeland,4,tt3977324,7,Redux,2014,"Crime,Drama,Mystery",51,3360,8.5
tt1796960,Homeland,4,tt3990534,8,Halfway to a Donut,2014,"Crime,Drama,Mystery",50,3635,9.0
tt1796960,Homeland,4,tt4023224,9,There's Something Else Going On,2014,"Crime,Drama,Mystery",48.0,6622,9.5
tt1796960,Homeland,4,tt3984158,10,13 Hours in Islamabad,2014,"Crime,Drama,Mystery",46,4803,9.3
tt1796960,Homeland,4,tt3960094,11,Krieg Nicht Lieb,2014,"Crime,Drama,Mystery",45,3543,8.7
tt1796960,Homeland,4,tt3952170,12,Long Time Coming,2014,"Crime,Drama,Mystery",53,5450,5.7
tt1796960,Homeland,5,tt4190442,1,Separation Anxiety,2015,"Crime,Drama,Mystery",51.0,3097,7.6
tt1796960,Homeland,5,tt4791472,2,The Tradition of Hospitality,2015,"Crime,Drama,Mystery",50.0,2787,8.1
tt1796960,Homeland,5,tt4847018,3,Super Powers,2015,"Crime,Drama,Mystery",58.0,2673,8.1
tt1796960,Homeland,5,tt4840674,4,Why Is This Night Different?,2015,"Crime,Drama,Mystery",49.0,2746,8.5
tt1796960,Homeland,5,tt4847022,5,Better Call Saul,2015,"Crime,Drama,Mystery",51.0,2453,8.0
tt1796960,Homeland,5,tt4847026,6,Parabiosis,2015,"Crime,Drama,Mystery",46.0,2355,8.0
tt1796960,Homeland,5,tt4847030,7,Oriole,2015,"Crime,Drama,Mystery",50.0,2318,7.9
tt1796960,Homeland,5,tt4847038,8,All About Allison,2015,"Crime,Drama,Mystery",52.0,2338,7.9
tt1796960,Homeland,5,tt4847040,9,The Litvinov Ruse,2015,"Crime,Drama,Mystery",55.0,2886,8.9
tt1796960,Homeland,5,tt4847044,10,New Normal,2015,"Crime,Drama,Mystery",52.0,2432,8.3
tt1796960,Homeland,5,tt4847046,11,Our Man in Damascus,2015,"Crime,Drama,Mystery",60.0,3179,9.0
tt1796960,Homeland,5,tt4626230,12,A False Glimmer,2015,"Crime,Drama,Mystery",57.0,2898,7.7
tt1796960,Homeland,6,tt5261748,1,Fair Game,2016,"Crime,Drama,Mystery",50.0,2661,7.1
tt1796960,Homeland,6,tt5314806,2,The Man in the Basement,2017,"Crime,Drama,Mystery",55.0,2315,7.3
tt1796960,Homeland,6,tt5314802,3,The Covenant,2017,"Crime,Drama,Mystery",49.0,2191,7.3
tt1796960,Homeland,6,tt5314810,4,A Flash of Light,2017,"Crime,Drama,Mystery",49.0,2203,7.8
tt1796960,Homeland,6,tt5314818,5,Casus Belli,2017,"Crime,Drama,Mystery",45.0,2751,8.6
tt1796960,Homeland,6,tt5314816,6,The Return,2017,"Crime,Drama,Mystery",47.0,2206,8.1
tt1796960,Homeland,6,tt5314822,7,Imminent Risk,2017,"Crime,Drama,Mystery",51.0,2107,7.7
tt1796960,Homeland,6,tt5314830,8,alt.truth,2017,"Crime,Drama,Mystery",54.0,2284,8.3
tt1796960,Homeland,6,tt5314824,9,Sock Puppets,2017,"Crime,Drama,Mystery",47.0,2189,8.3
tt1796960,Homeland,6,tt5314826,10,The Flag House,2017,"Crime,Drama,Mystery",52.0,2230,8.4
tt1796960,Homeland,6,tt5314832,11,R Is for Romeo,2017,"Crime,Drama,Mystery",47.0,2486,8.8
tt1796960,Homeland,6,tt5314828,12,America First,2017,"Crime,Drama,Mystery",53.0,2877,8.2
tt1796960,Homeland,7,tt5959082,1,Enemy of the State,2018,"Crime,Drama,Mystery",59.0,2392,7.6
tt1796960,Homeland,7,tt7319318,2,Rebel Rebel,2018,"Crime,Drama,Mystery",56.0,2202,7.6
tt1796960,Homeland,7,tt7367134,3,Standoff,2018,"Crime,Drama,Mystery",49.0,2034,7.5
tt1796960,Homeland,7,tt7367140,4,Like Bad at Things,2018,"Crime,Drama,Mystery",47.0,2421,8.6
tt1796960,Homeland,7,tt7386406,5,Active Measures,2018,"Crime,Drama,Mystery",50.0,2002,7.7
tt1796960,Homeland,7,tt7386408,6,Species Jump,2018,"Crime,Drama,Mystery",56.0,2138,8.2
tt1796960,Homeland,7,tt7386416,7,Andante,2018,"Crime,Drama,Mystery",53.0,1974,7.9
tt1796960,Homeland,7,tt7386420,8,"Lies, Amplifiers, Fucking Twitter",2018,"Crime,Drama,Mystery",50.0,2005,8.2
tt1796960,Homeland,7,tt7386422,9,Useful Idiot,2018,"Crime,Drama,Mystery",50.0,2366,8.5
tt1796960,Homeland,7,tt7319320,10,Clarity,2018,"Crime,Drama,Mystery",58.0,2007,7.8
tt1796960,Homeland,7,tt7319316,11,All In,2018,"Crime,Drama,Mystery",52.0,2585,8.7
tt1796960,Homeland,7,tt7126668,12,Paean to the People,2018,"Crime,Drama,Mystery",62.0,2463,8.3
tt1796960,Homeland,8,tt5959084,1,Deception Indicated,2020,"Crime,Drama,Mystery",59.0,2319,7.9
tt1796960,Homeland,8,tt8355876,2,Catch and Release,2020,"Crime,Drama,Mystery",49.0,2000,8.0
tt1796960,Homeland,8,tt8355878,3,False Friends,2020,"Crime,Drama,Mystery",50.0,1927,7.9
tt1796960,Homeland,8,tt8355882,4,Chalk One Up,2020,"Crime,Drama,Mystery",45.0,2353,8.8
tt1796960,Homeland,8,tt8355884,5,Chalk Two Down,2020,"Crime,Drama,Mystery",47.0,2300,8.9
tt1796960,Homeland,8,tt8355888,6,Two Minutes,2020,"Crime,Drama,Mystery",53.0,1956,8.3
tt1796960,Homeland,8,tt8355890,7,F**ker Shot Me,2020,"Crime,Drama,Mystery",55.0,1928,8.2
tt1796960,Homeland,8,tt8355892,8,Threnody(s),2020,"Crime,Drama,Mystery",49.0,2031,8.4
tt1796960,Homeland,8,tt8355894,9,In Full Flight,2020,"Crime,Drama,Mystery",47.0,1922,8.3
tt1796960,Homeland,8,tt8355896,10,Designated Driver,2020,"Crime,Drama,Mystery",56.0,2151,8.7
tt1796960,Homeland,8,tt8355898,11,The English Teacher,2020,"Crime,Drama,Mystery",51.0,2437,8.9
tt1796960,Homeland,8,tt7126670,12,Prisoners of War,2020,"Crime,Drama,Mystery",67.0,5500,9.4
tt0412142,House,1,tt0606035,1,Pilot,2004,"Drama,Mystery",43.0,7040,8.4
tt0412142,House,1,tt0606034,2,Paternity,2004,"Drama,Mystery",43.0,5193,8.1
tt0412142,House,1,tt0606033,3,Occam's Razor,2004,"Drama,Mystery",44.0,4887,8.1
tt0412142,House,1,tt0606030,4,Maternity,2004,"Drama,Mystery",43.0,4758,8.3
tt0412142,House,1,tt0606018,5,Damned If You Do,2004,"Drama,Mystery",44.0,4574,8.0
tt0412142,House,1,tt0606045,6,The Socratic Method,2004,"Drama,Mystery",44.0,4499,8.3
tt0412142,House,1,tt0606022,7,Fidelity,2004,"Drama,Mystery",44.0,4372,8.0
tt0412142,House,1,tt0606036,8,Poison,2005,"Drama,Mystery",44.0,4161,8.0
tt0412142,House,1,tt0606016,9,DNR,2005,"Drama,Mystery",43.0,4813,8.7
tt0412142,House,1,tt0606025,10,Histories,2005,"Drama,Mystery",44.0,4411,8.4
tt0412142,House,1,tt0606020,11,Detox,2005,"Drama,Mystery",44.0,4451,8.6
tt0412142,House,1,tt0606041,12,Sports Medicine,2005,"Drama,Mystery",43.0,3884,7.8
tt0412142,House,1,tt0606015,13,Cursed,2005,"Drama,Mystery",45.0,3932,8.0
tt0412142,House,1,tt0606014,14,Control,2005,"Drama,Mystery",45.0,4182,8.6
tt0412142,House,1,tt0606031,15,Mob Rules,2005,"Drama,Mystery",44.0,3824,7.9
tt0412142,House,1,tt0606024,16,Heavy,2005,"Drama,Mystery",45.0,3822,8.2
tt0412142,House,1,tt0606037,17,Role Model,2005,"Drama,Mystery",55.0,3955,8.4
tt0412142,House,1,tt0606013,18,Babies & Bathwater,2005,"Drama,Mystery",44.0,4315,8.8
tt0412142,House,1,tt0606028,19,Kids,2005,"Drama,Mystery",44.0,3827,8.2
tt0412142,House,1,tt0606029,20,Love Hurts,2005,"Drama,Mystery",44.0,3843,8.1
tt0412142,House,1,tt0606046,21,Three Stories,2005,"Drama,Mystery",44.0,10031,9.6
tt0412142,House,1,tt0606043,22,Honeymoon,2005,"Drama,Mystery",44.0,4087,8.6
tt0412142,House,2,tt0606011,1,Acceptance,2005,"Drama,Mystery",44.0,3913,8.3
tt0412142,House,2,tt0606012,2,Autopsy,2005,"Drama,Mystery",44.0,5724,9.1
tt0412142,House,2,tt0606026,3,Humpty Dumpty,2005,"Drama,Mystery",44.0,3571,7.8
tt0412142,House,2,tt0606042,4,TB or Not TB,2005,"Drama,Mystery",44.0,3593,7.9
tt0412142,House,2,tt0606017,5,Daddy's Boy,2005,"Drama,Mystery",43.0,3507,8.0
tt0412142,House,2,tt0606040,6,Spin,2005,"Drama,Mystery",44.0,3397,7.7
tt0412142,House,2,tt0606027,7,Hunting,2005,"Drama,Mystery",44.0,3500,8.2
tt0412142,House,2,tt0606044,8,The Mistake,2005,"Drama,Mystery",44.0,4062,8.8
tt0412142,House,2,tt0606019,9,Deception,2005,"Drama,Mystery",44.0,3441,8.3
tt0412142,House,2,tt0606021,10,Failure to Communicate,2006,"Drama,Mystery",44.0,3514,8.4
tt0412142,House,2,tt0606032,11,Need to Know,2006,"Drama,Mystery",44.0,3341,8.0
tt0412142,House,2,tt0606023,12,Distractions,2006,"Drama,Mystery",44.0,3470,8.4
tt0412142,House,2,tt0606039,13,Skin Deep,2006,"Drama,Mystery",44.0,3917,8.5
tt0412142,House,2,tt0606038,14,Sex Kills,2006,"Drama,Mystery",44.0,3410,8.3
tt0412142,House,2,tt0763992,15,Clueless,2006,"Drama,Mystery",44.0,3414,8.4
tt0412142,House,2,tt0774238,16,Safe,2006,"Drama,Mystery",43.0,3744,8.6
tt0412142,House,2,tt0774235,17,All In,2006,"Drama,Mystery",44.0,4268,8.9
tt0412142,House,2,tt0765624,18,Sleeping Dogs Lie,2006,"Drama,Mystery",44.0,3316,8.1
tt0412142,House,2,tt0774237,19,House vs. God,2006,"Drama,Mystery",44.0,3693,8.5
tt0412142,House,2,tt0774236,20,Euphoria: Part 1,2006,"Drama,Mystery",42.0,4640,9.0
tt0412142,House,2,tt0799143,21,Euphoria: Part 2,2006,"Drama,Mystery",43.0,5140,9.2
tt0412142,House,2,tt0777001,22,Forever,2006,"Drama,Mystery",44.0,3225,7.9
tt0412142,House,2,tt0784412,23,Who's Your Daddy?,2006,"Drama,Mystery",44.0,3239,7.6
tt0412142,House,2,tt0787373,24,No Reason,2006,"Drama,Mystery",44.0,6585,9.4
tt0412142,House,3,tt0828219,1,Meaning,2006,"Drama,Mystery",44.0,4130,8.8
tt0412142,House,3,tt0834714,2,Cane and Able,2006,"Drama,Mystery",44.0,3392,8.3
tt0412142,House,3,tt0834715,3,Informed Consent,2006,"Drama,Mystery",44.0,3531,8.5
tt0412142,House,3,tt0836216,4,Lines in the Sand,2006,"Drama,Mystery",44.0,4260,8.9
tt0412142,House,3,tt0873021,5,Fools for Love,2006,"Drama,Mystery",44.0,3211,8.2
tt0412142,House,3,tt0854514,6,Que Será Será,2006,"Drama,Mystery",44.0,3268,8.0
tt0412142,House,3,tt0859366,7,Son of Coma Guy,2006,"Drama,Mystery",44.0,4087,8.8
tt0412142,House,3,tt0866187,8,Whac-A-Mole,2006,"Drama,Mystery",44.0,3123,8.0
tt0412142,House,3,tt0871152,9,Finding Judas,2006,"Drama,Mystery",44.0,3225,8.4
tt0412142,House,3,tt0882414,10,Merry Little Christmas,2006,"Drama,Mystery",44.0,3395,8.6
tt0412142,House,3,tt0888858,11,Words and Deeds,2007,"Drama,Mystery",44.0,3351,8.5
tt0412142,House,3,tt0902016,12,"One Day, One Room",2007,"Drama,Mystery",44.0,6786,9.0
tt0412142,House,3,tt0897691,13,Needle in a Haystack,2007,"Drama,Mystery",44.0,3149,7.8
tt0412142,House,3,tt0917153,14,Insensitive,2007,"Drama,Mystery",44.0,3538,8.6
tt0412142,House,3,tt0942528,15,Half-Wit,2007,"Drama,Mystery",44.0,4371,9.0
tt0412142,House,3,tt0979558,16,Top Secret,2007,"Drama,Mystery",44.0,3122,8.0
tt0412142,House,3,tt0987017,17,Fetal Position,2007,"Drama,Mystery",44.0,3416,8.4
tt0412142,House,3,tt0994242,18,Airborne,2007,"Drama,Mystery",44.0,4085,8.9
tt0412142,House,3,tt0976557,19,Act Your Age,2007,"Drama,Mystery",44.0,3059,8.1
tt0412142,House,3,tt0994243,20,House Training,2007,"Drama,Mystery",44.0,3168,8.2
tt0412142,House,3,tt0994241,21,Family,2007,"Drama,Mystery",44.0,3046,8.2
tt0412142,House,3,tt0994244,22,Resignation,2007,"Drama,Mystery",44.0,3042,8.3
tt0412142,House,3,tt1023376,23,The Jerk,2007,"Drama,Mystery",44,3123,8.3
tt0412142,House,3,tt1023643,24,Human Error,2007,"Drama,Mystery",44,3726,8.8
tt0412142,House,4,tt1081396,1,Alone,2007,"Drama,Mystery",43.0,4131,8.9
tt0412142,House,4,tt1104387,2,The Right Stuff,2007,"Drama,Mystery",44.0,3645,8.7
tt0412142,House,4,tt1117787,3,97 Seconds,2007,"Drama,Mystery",44.0,3475,8.6
tt0412142,House,4,tt1117788,4,Guardian Angels,2007,"Drama,Mystery",44.0,3153,8.3
tt0412142,House,4,tt1117789,5,Mirror Mirror,2007,"Drama,Mystery",44.0,3615,8.7
tt0412142,House,4,tt1123416,6,Whatever It Takes,2007,"Drama,Mystery",44.0,3293,8.5
tt0412142,House,4,tt1136646,7,Ugly,2007,"Drama,Mystery",45.0,3182,8.1
tt0412142,House,4,tt1134258,8,You Don't Want to Know,2007,"Drama,Mystery",45.0,3192,8.5
tt0412142,House,4,tt1144658,9,Games,2007,"Drama,Mystery",45.0,3318,8.5
tt0412142,House,4,tt1172357,10,It's a Wonderful Lie,2008,"Drama,Mystery",44.0,3078,8.2
tt0412142,House,4,tt1168087,11,Frozen,2008,"Drama,Mystery",44,4430,9.1
tt0412142,House,4,tt1178841,12,Don't Ever Change,2008,"Drama,Mystery",45.0,3034,7.9
tt0412142,House,4,tt1216106,13,No More Mr. Nice Guy,2008,"Drama,Mystery",45.0,2921,8.0
tt0412142,House,4,tt1216107,14,Living the Dream,2008,"Drama,Mystery",44.0,3016,8.1
tt0412142,House,4,tt1216108,15,House's Head,2008,"Drama,Mystery",44.0,12856,9.7
tt0412142,House,4,tt1216109,16,Wilson's Heart,2008,"Drama,Mystery",45.0,11708,9.7
tt0412142,House,5,tt1274484,1,Dying Changes Everything,2008,"Drama,Mystery",44.0,3323,8.3
tt0412142,House,5,tt1273723,2,Not Cancer,2008,"Drama,Mystery",44.0,2979,8.1
tt0412142,House,5,tt1273727,3,Adverse Events,2008,"Drama,Mystery",44.0,2845,8.0
tt0412142,House,5,tt1273728,4,Birthmarks,2008,"Drama,Mystery",43.0,3745,8.9
tt0412142,House,5,tt1273729,5,Lucky Thirteen,2008,"Drama,Mystery",60.0,3160,8.4
tt0412142,House,5,tt1273730,6,Joy,2008,"Drama,Mystery",60.0,3079,8.5
tt0412142,House,5,tt1273731,7,The Itch,2008,"Drama,Mystery",44.0,2795,8.1
tt0412142,House,5,tt1273732,8,Emancipation,2008,"Drama,Mystery",44.0,2719,7.9
tt0412142,House,5,tt1273733,9,Last Resort,2008,"Drama,Mystery",43.0,4072,8.9
tt0412142,House,5,tt1273713,10,Let Them Eat Cake,2008,"Drama,Mystery",44.0,2774,8.1
tt0412142,House,5,tt1273714,11,Joy to the World,2008,"Drama,Mystery",60.0,3055,8.2
tt0412142,House,5,tt1273715,12,Painless,2009,"Drama,Mystery",44.0,2751,7.9
tt0412142,House,5,tt1273716,13,Big Baby,2009,"Drama,Mystery",45.0,2642,7.8
tt0412142,House,5,tt1273717,14,The Greater Good,2009,"Drama,Mystery",43.0,2636,7.9
tt0412142,House,5,tt1273718,15,Unfaithful,2009,"Drama,Mystery",44.0,2923,8.3
tt0412142,House,5,tt1273719,16,The Softer Side,2009,"Drama,Mystery",44.0,2929,8.5
tt0412142,House,5,tt1273720,17,The Social Contract,2009,"Drama,Mystery",44.0,3040,8.6
tt0412142,House,5,tt1273721,18,Here Kitty,2009,"Drama,Mystery",44.0,2831,8.1
tt0412142,House,5,tt1273722,19,Locked In,2009,"Drama,Mystery",43.0,4471,9.1
tt0412142,House,5,tt1273724,20,Simple Explanation,2009,"Drama,Mystery",45.0,4749,9.1
tt0412142,House,5,tt1273725,21,Saviors,2009,"Drama,Mystery",44.0,2840,8.2
tt0412142,House,5,tt1273726,22,House Divided,2009,"Drama,Mystery",44.0,3742,9.0
tt0412142,House,5,tt1399759,23,Under My Skin,2009,"Drama,Mystery",43.0,4031,9.2
tt0412142,House,5,tt1413129,24,Both Sides Now,2009,"Drama,Mystery",43.0,6529,9.6
tt0412142,House,6,tt1462220,1,Broken,2009,"Drama,Mystery",89.0,10557,9.6
tt0412142,House,6,tt1503404,2,Epic Fail,2009,"Drama,Mystery",43.0,3244,8.5
tt0412142,House,6,tt1503408,3,The Tyrant,2009,"Drama,Mystery",43.0,3683,8.9
tt0412142,House,6,tt1503409,4,Instant Karma,2009,"Drama,Mystery",43.0,2823,8.3
tt0412142,House,6,tt1503410,5,Brave Heart,2009,"Drama,Mystery",43.0,2774,8.3
tt0412142,House,6,tt1503411,6,Known Unknowns,2009,"Drama,Mystery",43.0,2754,8.2
tt0412142,House,6,tt1503412,7,Teamwork,2009,"Drama,Mystery",43.0,2776,8.0
tt0412142,House,6,tt1503414,8,Ignorance Is Bliss,2009,"Drama,Mystery",43.0,2742,8.2
tt0412142,House,6,tt1503394,9,Wilson,2009,"Drama,Mystery",43.0,3521,8.8
tt0412142,House,6,tt1564666,10,The Down Low,2010,"Drama,Mystery",43.0,3368,8.8
tt0412142,House,6,tt1503395,11,Remorse,2010,"Drama,Mystery",43.0,2950,8.6
tt0412142,House,6,tt1503396,12,Moving the Chains,2010,"Drama,Mystery",43.0,2586,7.9
tt0412142,House,6,tt1503397,13,5 to 9,2010,"Drama,Mystery",43.0,3785,8.6
tt0412142,House,6,tt1503398,14,Private Lives,2010,"Drama,Mystery",43.0,2692,7.9
tt0412142,House,6,tt1503399,15,Black Hole,2010,"Drama,Mystery",43.0,2635,7.9
tt0412142,House,6,tt1623399,16,Lockdown,2010,"Drama,Mystery",43.0,3588,8.7
tt0412142,House,6,tt1503401,17,Knight Fall,2010,"Drama,Mystery",43.0,2562,7.7
tt0412142,House,6,tt1503402,18,Open and Shut,2010,"Drama,Mystery",43.0,2531,7.7
tt0412142,House,6,tt1503403,19,The Choice,2010,"Drama,Mystery",43.0,2626,8.0
tt0412142,House,6,tt1503405,20,Baggage,2010,"Drama,Mystery",43.0,3334,8.8
tt0412142,House,6,tt1503406,21,Help Me,2010,"Drama,Mystery",43.0,5980,9.5
tt0412142,House,7,tt1697219,1,Now What?,2010,"Drama,Mystery",43.0,3199,8.2
tt0412142,House,7,tt1685104,2,Selfish,2010,"Drama,Mystery",43.0,2860,8.5
tt0412142,House,7,tt1726377,3,Unwritten,2010,"Drama,Mystery",43.0,2588,8.2
tt0412142,House,7,tt1726378,4,Massage Therapy,2010,"Drama,Mystery",44.0,2435,7.7
tt0412142,House,7,tt1726379,5,Unplanned Parenthood,2010,"Drama,Mystery",44.0,2584,8.1
tt0412142,House,7,tt1708695,6,Office Politics,2010,"Drama,Mystery",43.0,2447,8.0
tt0412142,House,7,tt1726380,7,A Pox on Our House,2010,"Drama,Mystery",43.0,2940,8.6
tt0412142,House,7,tt1726381,8,Small Sacrifices,2010,"Drama,Mystery",43.0,2438,7.6
tt0412142,House,7,tt1726382,9,Larger Than Life,2011,"Drama,Mystery",43.0,2566,8.3
tt0412142,House,7,tt1726371,10,Carrot or Stick,2011,"Drama,Mystery",43.0,2413,7.8
tt0412142,House,7,tt1726372,11,Family Practice,2011,"Drama,Mystery",44.0,2746,8.5
tt0412142,House,7,tt1726373,12,You Must Remember This,2011,"Drama,Mystery",44.0,2377,7.7
tt0412142,House,7,tt1726374,13,Two Stories,2011,"Drama,Mystery",44.0,3750,8.8
tt0412142,House,7,tt1726375,14,Recession Proof,2011,"Drama,Mystery",44.0,2411,7.8
tt0412142,House,7,tt1726376,15,Bombshells,2011,"Drama,Mystery",44.0,3359,8.5
tt0412142,House,7,tt1842688,16,Out of the Chute,2011,"Drama,Mystery",43.0,3302,8.7
tt0412142,House,7,tt1842081,17,Fall from Grace,2011,"Drama,Mystery",44.0,2703,8.3
tt0412142,House,7,tt1878391,18,The Dig,2011,"Drama,Mystery",43.0,3104,8.8
tt0412142,House,7,tt1880571,19,Last Temptation,2011,"Drama,Mystery",43.0,2583,8.4
tt0412142,House,7,tt1883788,20,Changes,2011,"Drama,Mystery",43.0,2278,7.8
tt0412142,House,7,tt1902562,21,The Fix,2011,"Drama,Mystery",43.0,2286,7.6
tt0412142,House,7,tt1900094,22,After Hours,2011,"Drama,Mystery",43.0,3712,9.1
tt0412142,House,7,tt1919895,23,Moving On,2011,"Drama,Mystery",44.0,3239,8.4
tt0412142,House,8,tt2006450,1,Twenty Vicodin,2011,"Drama,Mystery",44.0,3670,8.8
tt0412142,House,8,tt2015677,2,Transplant,2011,"Drama,Mystery",44.0,2681,8.1
tt0412142,House,8,tt2016511,3,Charity Case,2011,"Drama,Mystery",44.0,2580,8.0
tt0412142,House,8,tt2021267,4,Risky Business,2011,"Drama,Mystery",44.0,2410,7.8
tt0412142,House,8,tt2063276,5,The Confession,2011,"Drama,Mystery",44.0,2489,8.3
tt0412142,House,8,tt2084392,6,Parents,2011,"Drama,Mystery",44.0,2295,7.8
tt0412142,House,8,tt2084393,7,Dead & Buried,2011,"Drama,Mystery",44.0,2411,8.1
tt0412142,House,8,tt2084394,8,Perils of Paranoia,2011,"Drama,Mystery",44.0,2309,7.7
tt0412142,House,8,tt2092629,9,Better Half,2012,"Drama,Mystery",44.0,2381,7.9
tt0412142,House,8,tt2121953,10,Runaways,2012,"Drama,Mystery",44.0,2279,7.6
tt0412142,House,8,tt2121954,11,Nobody's Fault,2012,"Drama,Mystery",44.0,3757,9.1
tt0412142,House,8,tt2121955,12,Chase,2012,"Drama,Mystery",44.0,3238,8.8
tt0412142,House,8,tt2121956,13,Man of the House,2012,"Drama,Mystery",44.0,2274,7.9
tt0412142,House,8,tt2121957,14,Love Is Blind,2012,"Drama,Mystery",45.0,2363,7.9
tt0412142,House,8,tt2121958,15,Blowing the Whistle,2012,"Drama,Mystery",44.0,2252,7.3
tt0412142,House,8,tt2121959,16,Gut Check,2012,"Drama,Mystery",45.0,2247,7.5
tt0412142,House,8,tt2121960,17,We Need the Eggs,2012,"Drama,Mystery",44.0,2279,7.7
tt0412142,House,8,tt2121961,18,Body and Soul,2012,"Drama,Mystery",44.0,2427,7.8
tt0412142,House,8,tt2121962,19,The C Word,2012,"Drama,Mystery",44.0,3524,9.0
tt0412142,House,8,tt2121963,20,Post Mortem,2012,"Drama,Mystery",44.0,2744,8.7
tt0412142,House,8,tt2121964,21,Holding On,2012,"Drama,Mystery",45.0,3277,9.0
tt0412142,House,8,tt2121965,22,Everybody Dies,2012,"Drama,Mystery",44.0,6866,9.3
tt1856010,House of Cards,1,tt2161930,1,Chapter 1,2013,Drama,55.0,8762,8.5
tt1856010,House of Cards,1,tt2250466,2,Chapter 2,2013,Drama,47.0,7049,8.5
tt1856010,House of Cards,1,tt2248444,3,Chapter 3,2013,Drama,52.0,6285,8.2
tt1856010,House of Cards,1,tt2248422,4,Chapter 4,2013,Drama,49.0,5910,8.1
tt1856010,House of Cards,1,tt2294870,5,Chapter 5,2013,Drama,52.0,5762,8.4
tt1856010,House of Cards,1,tt2311910,6,Chapter 6,2013,Drama,51.0,5738,8.5
tt1856010,House of Cards,1,tt2311926,7,Chapter 7,2013,Drama,55.0,5399,8.0
tt1856010,House of Cards,1,tt2312714,8,Chapter 8,2013,Drama,48.0,5614,7.6
tt1856010,House of Cards,1,tt2248426,9,Chapter 9,2013,Drama,49.0,5306,8.4
tt1856010,House of Cards,1,tt2468204,10,Chapter 10,2013,Drama,53.0,5375,8.7
tt1856010,House of Cards,1,tt2440660,11,Chapter 11,2013,Drama,55.0,5914,9.0
tt1856010,House of Cards,1,tt2555986,12,Chapter 12,2013,Drama,54.0,5153,8.5
tt1856010,House of Cards,1,tt2555988,13,Chapter 13,2013,Drama,51.0,5608,8.8
tt1856010,House of Cards,2,tt2811510,1,Chapter 14,2014,Drama,50.0,9685,9.5
tt1856010,House of Cards,2,tt3221190,2,Chapter 15,2014,Drama,49,4939,8.3
tt1856010,House of Cards,2,tt2990016,3,Chapter 16,2014,Drama,51.0,4786,8.4
tt1856010,House of Cards,2,tt3001906,4,Chapter 17,2014,Drama,48.0,5380,9.0
tt1856010,House of Cards,2,tt3001926,5,Chapter 18,2014,Drama,50.0,4560,8.2
tt1856010,House of Cards,2,tt3221232,6,Chapter 19,2014,Drama,52,4432,8.2
tt1856010,House of Cards,2,tt3147682,7,Chapter 20,2014,Drama,48.0,4420,8.3
tt1856010,House of Cards,2,tt3147690,8,Chapter 21,2014,Drama,48.0,4405,8.5
tt1856010,House of Cards,2,tt3186026,9,Chapter 22,2014,Drama,49,4707,8.8
tt1856010,House of Cards,2,tt3221270,10,Chapter 23,2014,Drama,52,4330,8.3
tt1856010,House of Cards,2,tt3297502,11,Chapter 24,2014,Drama,54,4708,8.6
tt1856010,House of Cards,2,tt3326204,12,Chapter 25,2014,Drama,48.0,4509,8.8
tt1856010,House of Cards,2,tt3326208,13,Chapter 26,2014,Drama,60.0,7336,9.5
tt1856010,House of Cards,3,tt3513862,1,Chapter 27,2015,Drama,59.0,4914,8.0
tt1856010,House of Cards,3,tt3892086,2,Chapter 28,2015,Drama,55,4436,8.4
tt1856010,House of Cards,3,tt3892088,3,Chapter 29,2015,Drama,53,4704,8.5
tt1856010,House of Cards,3,tt3892094,4,Chapter 30,2015,Drama,47,4223,8.2
tt1856010,House of Cards,3,tt3897442,5,Chapter 31,2015,Drama,52,4083,8.1
tt1856010,House of Cards,3,tt3897454,6,Chapter 32,2015,Drama,54,5692,9.0
tt1856010,House of Cards,3,tt3918768,7,Chapter 33,2015,Drama,53,4152,8.1
tt1856010,House of Cards,3,tt4083028,8,Chapter 34,2015,Drama,44.0,3971,8.1
tt1856010,House of Cards,3,tt4035250,9,Chapter 35,2015,Drama,52.0,3950,8.2
tt1856010,House of Cards,3,tt4128566,10,Chapter 36,2015,Drama,57.0,3923,8.1
tt1856010,House of Cards,3,tt4128572,11,Chapter 37,2015,Drama,53.0,4556,9.0
tt1856010,House of Cards,3,tt4128574,12,Chapter 38,2015,Drama,49.0,4084,8.7
tt1856010,House of Cards,3,tt4221826,13,Chapter 39,2015,Drama,58.0,5080,8.9
tt1856010,House of Cards,4,tt4498368,1,Chapter 40,2016,Drama,49.0,4330,7.9
tt1856010,House of Cards,4,tt4817660,2,Chapter 41,2016,Drama,42.0,3922,8.1
tt1856010,House of Cards,4,tt4817664,3,Chapter 42,2016,Drama,54.0,4091,8.7
tt1856010,House of Cards,4,tt4817670,4,Chapter 43,2016,Drama,43.0,4890,9.3
tt1856010,House of Cards,4,tt4949018,5,Chapter 44,2016,Drama,47.0,3720,8.4
tt1856010,House of Cards,4,tt4949028,6,Chapter 45,2016,Drama,47.0,3835,8.5
tt1856010,House of Cards,4,tt5025272,7,Chapter 46,2016,Drama,52.0,3662,8.4
tt1856010,House of Cards,4,tt5095720,8,Chapter 47,2016,Drama,47.0,3533,8.0
tt1856010,House of Cards,4,tt5083704,9,Chapter 48,2016,Drama,46.0,3701,8.7
tt1856010,House of Cards,4,tt5095730,10,Chapter 49,2016,Drama,57.0,4713,9.2
tt1856010,House of Cards,4,tt5095732,11,Chapter 50,2016,Drama,52.0,3586,8.2
tt1856010,House of Cards,4,tt5095742,12,Chapter 51,2016,Drama,46.0,3717,8.7
tt1856010,House of Cards,4,tt5095748,13,Chapter 52,2016,Drama,55.0,6565,9.4
tt1856010,House of Cards,5,tt5419058,1,Chapter 53,2017,Drama,55.0,3910,8.2
tt1856010,House of Cards,5,tt5965956,2,Chapter 54,2017,Drama,52.0,3361,7.9
tt1856010,House of Cards,5,tt6010608,3,Chapter 55,2017,Drama,52.0,3256,8.0
tt1856010,House of Cards,5,tt6059620,4,Chapter 56,2017,Drama,45.0,3350,8.5
tt1856010,House of Cards,5,tt6110792,5,Chapter 57,2017,Drama,51.0,3140,7.9
tt1856010,House of Cards,5,tt6411836,6,Chapter 58,2017,Drama,55.0,3054,7.7
tt1856010,House of Cards,5,tt6411844,7,Chapter 59,2017,Drama,48.0,3056,8.2
tt1856010,House of Cards,5,tt6411838,8,Chapter 60,2017,Drama,45.0,3009,7.9
tt1856010,House of Cards,5,tt6411842,9,Chapter 61,2017,Drama,54.0,2992,7.8
tt1856010,House of Cards,5,tt6411846,10,Chapter 62,2017,Drama,56.0,2967,8.2
tt1856010,House of Cards,5,tt6411854,11,Chapter 63,2017,Drama,51.0,2963,8.2
tt1856010,House of Cards,5,tt6411858,12,Chapter 64,2017,Drama,54.0,3875,9.0
tt1856010,House of Cards,5,tt6411862,13,Chapter 65,2017,Drama,56.0,3776,8.3
tt1856010,House of Cards,6,tt7538918,1,Chapter 66,2018,Drama,53.0,6855,4.5
tt1856010,House of Cards,6,tt7576192,2,Chapter 67,2018,Drama,53.0,5620,4.5
tt1856010,House of Cards,6,tt7576194,3,Chapter 68,2018,Drama,53.0,5279,4.5
tt1856010,House of Cards,6,tt7576196,4,Chapter 69,2018,Drama,53.0,5097,4.6
tt1856010,House of Cards,6,tt7576198,5,Chapter 70,2018,Drama,59.0,5184,4.7
tt1856010,House of Cards,6,tt7576200,6,Chapter 71,2018,Drama,57.0,5026,4.5
tt1856010,House of Cards,6,tt7576206,7,Chapter 72,2018,Drama,57.0,5069,4.1
tt1856010,House of Cards,6,tt7576210,8,Chapter 73,2018,Drama,55.0,8452,2.6
tt11198330,House of the Dragon,1,tt11198334,1,The Heirs of the Dragon,2022,"Action,Adventure,Drama",66.0,78830,8.7
tt11198330,House of the Dragon,1,tt11198336,2,The Rogue Prince,2022,"Action,Adventure,Drama",54.0,62816,8.3
tt11198330,House of the Dragon,1,tt11198338,3,Second of His Name,2022,"Action,Adventure,Drama",63.0,64096,8.7
tt11198330,House of the Dragon,1,tt11198340,4,King of the Narrow Sea,2022,"Action,Adventure,Drama",63.0,53703,8.4
tt11198330,House of the Dragon,1,tt11198342,5,We Light the Way,2022,"Action,Adventure,Drama",59.0,54341,8.8
tt11198330,House of the Dragon,1,tt11198346,6,The Princess and the Queen,2022,"Action,Adventure,Drama",67.0,47985,8.0
tt11198330,House of the Dragon,1,tt11198348,7,Driftmark,2022,"Action,Adventure,Drama",59.0,53816,9.1
tt11198330,House of the Dragon,1,tt11198350,8,The Lord of the Tides,2022,"Action,Adventure,Drama",67.0,59390,9.3
tt11198330,House of the Dragon,1,tt11198352,9,The Green Council,2022,"Action,Adventure,Drama",58.0,46461,8.7
tt11198330,House of the Dragon,1,tt11198354,10,The Black Queen,2022,"Action,Adventure,Drama",59.0,46846,9.2
tt11198330,House of the Dragon,2,tt21912342,1,A Son for a Son,2024,"Action,Adventure,Drama",59.0,39853,8.2
tt11198330,House of the Dragon,2,tt27133251,2,Rhaenyra the Cruel,2024,"Action,Adventure,Drama",69,34481,8.2
tt11198330,House of the Dragon,2,tt27172708,3,The Burning Mill,2024,"Action,Adventure,Drama",66,32642,7.6
tt11198330,House of the Dragon,2,tt27179976,4,The Red Dragon and the Gold,2024,"Action,Adventure,Drama",55,58538,9.4
tt11198330,House of the Dragon,2,tt27146733,5,Regent,2024,"Action,Adventure,Drama",62,31215,7.3
tt11198330,House of the Dragon,2,tt26947923,6,Smallfolk,2024,"Action,Adventure,Drama",67.0,51853,6.3
tt11198330,House of the Dragon,2,tt27179981,7,The Red Sowing,2024,"Action,Adventure,Drama",64,37292,8.8
tt11198330,House of the Dragon,2,tt27160121,8,The Queen Who Ever Was,2024,"Action,Adventure,Drama",69,43214,6.4
tt0460649,How I Met Your Mother,1,tt0606110,1,Pilot,2005,"Comedy,Drama,Romance",22.0,7576,8.4
tt0460649,How I Met Your Mother,1,tt0606111,2,Purple Giraffe,2005,"Comedy,Drama,Romance",22.0,5860,8.0
tt0460649,How I Met Your Mother,1,tt0606117,3,The Sweet Taste of Liberty,2005,"Comedy,Drama,Romance",22.0,5573,8.0
tt0460649,How I Met Your Mother,1,tt0606112,4,Return of the Shirt,2005,"Comedy,Drama,Romance",22.0,5242,7.8
tt0460649,How I Met Your Mother,1,tt0606109,5,Okay Awesome,2005,"Comedy,Drama,Romance",22.0,5372,8.1
tt0460649,How I Met Your Mother,1,tt0606116,6,The Slutty Pumpkin,2005,"Comedy,Drama,Romance",23.0,5195,7.9
tt0460649,How I Met Your Mother,1,tt0606108,7,Matchmaker,2005,"Comedy,Drama,Romance",23.0,4901,7.5
tt0460649,How I Met Your Mother,1,tt0606113,8,The Duel,2005,"Comedy,Drama,Romance",22.0,4869,8.0
tt0460649,How I Met Your Mother,1,tt0606104,9,Belly Full of Turkey,2005,"Comedy,Drama,Romance",22.0,4851,7.9
tt0460649,How I Met Your Mother,1,tt0606115,10,The Pineapple Incident,2005,"Comedy,Drama,Romance",23.0,7263,9.1
tt0460649,How I Met Your Mother,1,tt0606114,11,The Limo,2005,"Comedy,Drama,Romance",23.0,5119,8.2
tt0460649,How I Met Your Mother,1,tt0606118,12,The Wedding,2006,"Comedy,Drama,Romance",23.0,4747,8.0
tt0460649,How I Met Your Mother,1,tt0606106,13,"Drumroll, Please",2006,"Comedy,Drama,Romance",23.0,5408,8.7
tt0460649,How I Met Your Mother,1,tt0606119,14,"Zip, Zip, Zip",2006,"Comedy,Drama,Romance",23.0,4655,8.1
tt0460649,How I Met Your Mother,1,tt0606107,15,Game Night,2006,"Comedy,Drama,Romance",23.0,6034,9.0
tt0460649,How I Met Your Mother,1,tt0606105,16,Cupcake,2006,"Comedy,Drama,Romance",22.0,4442,7.7
tt0460649,How I Met Your Mother,1,tt0756504,17,Life Among the Gorillas,2006,"Comedy,Drama,Romance",23.0,4397,7.5
tt0460649,How I Met Your Mother,1,tt0606103,18,Nothing Good Happens After 2 AM,2006,"Comedy,Drama,Romance",22.0,4886,8.3
tt0460649,How I Met Your Mother,1,tt0788623,19,Mary the Paralegal,2006,"Comedy,Drama,Romance",23.0,5194,8.7
tt0460649,How I Met Your Mother,1,tt0760776,20,Best Prom Ever,2006,"Comedy,Drama,Romance",22.0,4376,7.7
tt0460649,How I Met Your Mother,1,tt0801608,21,Milk,2006,"Comedy,Drama,Romance",23.0,4426,8.0
tt0460649,How I Met Your Mother,1,tt0774239,22,Come On,2006,"Comedy,Drama,Romance",23.0,5386,8.7
tt0460649,How I Met Your Mother,2,tt0863640,1,Where Were We?,2006,"Comedy,Drama,Romance",22.0,4380,8.0
tt0460649,How I Met Your Mother,2,tt0869673,2,The Scorpion and the Toad,2006,"Comedy,Drama,Romance",22.0,4282,8.1
tt0460649,How I Met Your Mother,2,tt0873024,3,Brunch,2006,"Comedy,Drama,Romance",22.0,4468,8.4
tt0460649,How I Met Your Mother,2,tt0858000,4,"Ted Mosby, Architect",2006,"Comedy,Drama,Romance",22.0,4964,8.7
tt0460649,How I Met Your Mother,2,tt0866188,5,World's Greatest Couple,2006,"Comedy,Drama,Romance",23.0,4777,8.7
tt0460649,How I Met Your Mother,2,tt0865115,6,Aldrin Justice,2006,"Comedy,Drama,Romance",23.0,4262,8.0
tt0460649,How I Met Your Mother,2,tt0875360,7,Swarley,2006,"Comedy,Drama,Romance",23.0,5790,8.9
tt0460649,How I Met Your Mother,2,tt0885871,8,Atlantic City,2006,"Comedy,Drama,Romance",23.0,4245,7.8
tt0460649,How I Met Your Mother,2,tt0885872,9,Slap Bet,2006,"Comedy,Drama,Romance",23.0,8465,9.4
tt0460649,How I Met Your Mother,2,tt0892578,10,Single Stamina,2006,"Comedy,Drama,Romance",23.0,4237,8.0
tt0460649,How I Met Your Mother,2,tt0904645,11,How Lily Stole Christmas,2006,"Comedy,Drama,Romance",23.0,4229,8.0
tt0460649,How I Met Your Mother,2,tt0897111,12,First Time in New York,2007,"Comedy,Drama,Romance",23.0,4293,8.0
tt0460649,How I Met Your Mother,2,tt0924673,13,Columns,2007,"Comedy,Drama,Romance",23.0,3971,7.8
tt0460649,How I Met Your Mother,2,tt0933496,14,Monday Night Football,2007,"Comedy,Drama,Romance",22.0,4272,8.3
tt0460649,How I Met Your Mother,2,tt0946316,15,Lucky Penny,2007,"Comedy,Drama,Romance",30.0,4200,8.3
tt0460649,How I Met Your Mother,2,tt0943657,16,Stuff,2007,"Comedy,Drama,Romance",23.0,4395,8.3
tt0460649,How I Met Your Mother,2,tt0969965,17,"Arrivederci, Fiero",2007,"Comedy,Drama,Romance",22.0,4239,8.1
tt0460649,How I Met Your Mother,2,tt0978049,18,Moving Day,2007,"Comedy,Drama,Romance",23.0,3953,7.9
tt0460649,How I Met Your Mother,2,tt0966112,19,Bachelor Party,2007,"Comedy,Drama,Romance",23.0,4205,8.3
tt0460649,How I Met Your Mother,2,tt0994245,20,Showdown,2007,"Comedy,Drama,Romance",30.0,4613,8.8
tt0460649,How I Met Your Mother,2,tt0982196,21,Something Borrowed,2007,"Comedy,Drama,Romance",22.0,4386,8.7
tt0460649,How I Met Your Mother,2,tt1017766,22,Something Blue,2007,"Comedy,Drama,Romance",23,4467,8.7
tt0460649,How I Met Your Mother,3,tt1084790,1,Wait for It,2007,"Comedy,Drama,Romance",22.0,4317,8.1
tt0460649,How I Met Your Mother,3,tt1115217,2,We're Not from Here,2007,"Comedy,Drama,Romance",22.0,3882,7.5
tt0460649,How I Met Your Mother,3,tt1097293,3,Third Wheel,2007,"Comedy,Drama,Romance",22.0,4080,8.0
tt0460649,How I Met Your Mother,3,tt1094834,4,Little Boys,2007,"Comedy,Drama,Romance",22,3856,7.6
tt0460649,How I Met Your Mother,3,tt1121411,5,How I Met Everyone Else,2007,"Comedy,Drama,Romance",22.0,5319,8.9
tt0460649,How I Met Your Mother,3,tt1117436,6,I'm Not That Guy,2007,"Comedy,Drama,Romance",22.0,3833,7.9
tt0460649,How I Met Your Mother,3,tt1120228,7,Dowisetrepla,2007,"Comedy,Drama,Romance",22.0,3880,7.8
tt0460649,How I Met Your Mother,3,tt1140904,8,Spoiler Alert,2007,"Comedy,Drama,Romance",22.0,5402,9.0
tt0460649,How I Met Your Mother,3,tt1142665,9,Slapsgiving,2007,"Comedy,Drama,Romance",22.0,5103,8.9
tt0460649,How I Met Your Mother,3,tt1155839,10,The Yips,2007,"Comedy,Drama,Romance",21.0,3912,7.8
tt0460649,How I Met Your Mother,3,tt1154186,11,The Platinum Rule,2007,"Comedy,Drama,Romance",22.0,4117,8.4
tt0460649,How I Met Your Mother,3,tt1203040,12,No Tomorrow,2008,"Comedy,Drama,Romance",22.0,3952,8.0
tt0460649,How I Met Your Mother,3,tt1204516,13,Ten Sessions,2008,"Comedy,Drama,Romance",22,4680,8.7
tt0460649,How I Met Your Mother,3,tt1206872,14,The Bracket,2008,"Comedy,Drama,Romance",21,4188,8.6
tt0460649,How I Met Your Mother,3,tt1206866,15,The Chain of Screaming,2008,"Comedy,Drama,Romance",22,3777,7.8
tt0460649,How I Met Your Mother,3,tt1206867,16,Sandcastles in the Sand,2008,"Comedy,Drama,Romance",22,4158,8.1
tt0460649,How I Met Your Mother,3,tt1206868,17,The Goat,2008,"Comedy,Drama,Romance",22,3854,8.1
tt0460649,How I Met Your Mother,3,tt1206869,18,Rebound Bro,2008,"Comedy,Drama,Romance",22,3764,7.9
tt0460649,How I Met Your Mother,3,tt1206870,19,Everything Must Go,2008,"Comedy,Drama,Romance",22,3742,7.5
tt0460649,How I Met Your Mother,3,tt1206871,20,Miracles,2008,"Comedy,Drama,Romance",22,4146,8.5
tt0460649,How I Met Your Mother,4,tt1256606,1,Do I Know You?,2008,"Comedy,Drama,Romance",22.0,4283,8.5
tt0460649,How I Met Your Mother,4,tt1256181,2,The Best Burger in New York,2008,"Comedy,Drama,Romance",30.0,4571,8.4
tt0460649,How I Met Your Mother,4,tt1256185,3,I Heart NJ,2008,"Comedy,Drama,Romance",22.0,3755,7.5
tt0460649,How I Met Your Mother,4,tt1256186,4,Intervention,2008,"Comedy,Drama,Romance",30.0,4490,8.7
tt0460649,How I Met Your Mother,4,tt1256187,5,Shelter Island,2008,"Comedy,Drama,Romance",22.0,3969,8.2
tt0460649,How I Met Your Mother,4,tt1256188,6,Happily Ever After,2008,"Comedy,Drama,Romance",21.0,3779,7.9
tt0460649,How I Met Your Mother,4,tt1256189,7,Not a Father's Day,2008,"Comedy,Drama,Romance",30.0,3672,7.6
tt0460649,How I Met Your Mother,4,tt1256190,8,Woooo!,2008,"Comedy,Drama,Romance",22.0,3908,7.9
tt0460649,How I Met Your Mother,4,tt1256191,9,The Naked Man,2008,"Comedy,Drama,Romance",30.0,6093,9.1
tt0460649,How I Met Your Mother,4,tt1256171,10,The Fight,2008,"Comedy,Drama,Romance",22.0,3909,8.2
tt0460649,How I Met Your Mother,4,tt1256172,11,Little Minnesota,2008,"Comedy,Drama,Romance",30.0,3852,8.0
tt0460649,How I Met Your Mother,4,tt1256173,12,Benefits,2009,"Comedy,Drama,Romance",30.0,4143,8.5
tt0460649,How I Met Your Mother,4,tt1256174,13,Three Days of Snow,2009,"Comedy,Drama,Romance",30.0,4105,8.4
tt0460649,How I Met Your Mother,4,tt1256175,14,The Possimpible,2009,"Comedy,Drama,Romance",30.0,3901,8.2
tt0460649,How I Met Your Mother,4,tt1256176,15,The Stinsons,2009,"Comedy,Drama,Romance",30.0,3994,8.2
tt0460649,How I Met Your Mother,4,tt1256177,16,"Sorry, Bro",2009,"Comedy,Drama,Romance",30.0,3782,7.6
tt0460649,How I Met Your Mother,4,tt1256178,17,The Front Porch,2009,"Comedy,Drama,Romance",30.0,3979,8.2
tt0460649,How I Met Your Mother,4,tt1256179,18,Old King Clancy,2009,"Comedy,Drama,Romance",30.0,3596,7.4
tt0460649,How I Met Your Mother,4,tt1256180,19,Murtaugh,2009,"Comedy,Drama,Romance",30.0,3920,8.3
tt0460649,How I Met Your Mother,4,tt1256182,20,Mosbius Designs,2009,"Comedy,Drama,Romance",30.0,3644,7.5
tt0460649,How I Met Your Mother,4,tt1256184,21,The Three Days Rule,2009,"Comedy,Drama,Romance",30.0,4103,8.6
tt0460649,How I Met Your Mother,4,tt1256183,22,Right Place Right Time,2009,"Comedy,Drama,Romance",30.0,3786,8.1
tt0460649,How I Met Your Mother,4,tt1410619,23,As Fast as She Can,2009,"Comedy,Drama,Romance",30.0,3678,7.5
tt0460649,How I Met Your Mother,4,tt1425523,24,The Leap,2009,"Comedy,Drama,Romance",30.0,4290,8.6
tt0460649,How I Met Your Mother,5,tt1491272,1,Definitions,2009,"Comedy,Drama,Romance",30.0,4083,8.4
tt0460649,How I Met Your Mother,5,tt1510422,2,Double Date,2009,"Comedy,Drama,Romance",30.0,3728,8.0
tt0460649,How I Met Your Mother,5,tt1520584,3,Robin 101,2009,"Comedy,Drama,Romance",22.0,3868,8.2
tt0460649,How I Met Your Mother,5,tt1523038,4,The Sexless Innkeeper,2009,"Comedy,Drama,Romance",22.0,3914,7.8
tt0460649,How I Met Your Mother,5,tt1523745,5,Duel Citizenship,2009,"Comedy,Drama,Romance",30.0,3691,7.6
tt0460649,How I Met Your Mother,5,tt1531287,6,Bagpipes,2009,"Comedy,Drama,Romance",30.0,3558,7.6
tt0460649,How I Met Your Mother,5,tt1536724,7,The Rough Patch,2009,"Comedy,Drama,Romance",30.0,3754,7.6
tt0460649,How I Met Your Mother,5,tt1541289,8,The Playbook,2009,"Comedy,Drama,Romance",30.0,7627,9.3
tt0460649,How I Met Your Mother,5,tt1541288,9,Slapsgiving 2: Revenge of the Slap,2009,"Comedy,Drama,Romance",22.0,3878,7.8
tt0460649,How I Met Your Mother,5,tt1553522,10,The Window,2009,"Comedy,Drama,Romance",30.0,3784,8.0
tt0460649,How I Met Your Mother,5,tt1559709,11,Last Cigarette Ever,2009,"Comedy,Drama,Romance",30.0,3960,7.7
tt0460649,How I Met Your Mother,5,tt1570154,12,Girls vs. Suits,2010,"Comedy,Drama,Romance",30.0,6155,9.0
tt0460649,How I Met Your Mother,5,tt1570155,13,Jenkins,2010,"Comedy,Drama,Romance",30.0,4164,8.5
tt0460649,How I Met Your Mother,5,tt1576524,14,Perfect Week,2010,"Comedy,Drama,Romance",30.0,4502,8.7
tt0460649,How I Met Your Mother,5,tt1589779,15,Rabbit or Duck,2010,"Comedy,Drama,Romance",30.0,3691,7.9
tt0460649,How I Met Your Mother,5,tt1595724,16,Hooked,2010,"Comedy,Drama,Romance",30.0,3612,7.6
tt0460649,How I Met Your Mother,5,tt1609315,17,Of Course,2010,"Comedy,Drama,Romance",30.0,4031,8.2
tt0460649,How I Met Your Mother,5,tt1610780,18,Say Cheese,2010,"Comedy,Drama,Romance",30.0,3736,8.1
tt0460649,How I Met Your Mother,5,tt1624286,19,Zoo or False,2010,"Comedy,Drama,Romance",30.0,3616,7.4
tt0460649,How I Met Your Mother,5,tt1631001,20,Home Wreckers,2010,"Comedy,Drama,Romance",30.0,3609,7.7
tt0460649,How I Met Your Mother,5,tt1632014,21,Twin Beds,2010,"Comedy,Drama,Romance",30.0,3523,7.6
tt0460649,How I Met Your Mother,5,tt1632015,22,Robots vs. Wrestlers,2010,"Comedy,Drama,Romance",30.0,3749,8.1
tt0460649,How I Met Your Mother,5,tt1640994,23,The Wedding Bride,2010,"Comedy,Drama,Romance",30.0,3917,7.9
tt0460649,How I Met Your Mother,5,tt1648494,24,Doppelgangers,2010,"Comedy,Drama,Romance",30.0,3845,8.3
tt0460649,How I Met Your Mother,6,tt1701804,1,Big Days,2010,"Comedy,Drama,Romance",22.0,3859,8.0
tt0460649,How I Met Your Mother,6,tt1713733,2,Cleaning House,2010,"Comedy,Drama,Romance",30.0,3972,8.2
tt0460649,How I Met Your Mother,6,tt1723669,3,Unfinished,2010,"Comedy,Drama,Romance",30.0,3558,7.6
tt0460649,How I Met Your Mother,6,tt1733369,4,Subway Wars,2010,"Comedy,Drama,Romance",30.0,4182,8.5
tt0460649,How I Met Your Mother,6,tt1737327,5,Architect of Destruction,2010,"Comedy,Drama,Romance",60.0,3477,7.6
tt0460649,How I Met Your Mother,6,tt1737328,6,Baby Talk,2010,"Comedy,Drama,Romance",30.0,3493,7.5
tt0460649,How I Met Your Mother,6,tt1746026,7,Canning Randy,2010,"Comedy,Drama,Romance",30.0,3435,7.5
tt0460649,How I Met Your Mother,6,tt1757176,8,Natural History,2010,"Comedy,Drama,Romance",22.0,3616,8.0
tt0460649,How I Met Your Mother,6,tt1763611,9,Glitter,2010,"Comedy,Drama,Romance",30.0,4179,8.4
tt0460649,How I Met Your Mother,6,tt1777828,10,Blitzgiving,2010,"Comedy,Drama,Romance",22.0,5625,9.0
tt0460649,How I Met Your Mother,6,tt1779155,11,The Mermaid Theory,2010,"Comedy,Drama,Romance",30.0,3632,7.8
tt0460649,How I Met Your Mother,6,tt1778997,12,False Positive,2010,"Comedy,Drama,Romance",30.0,3634,8.1
tt0460649,How I Met Your Mother,6,tt1795967,13,Bad News,2011,"Comedy,Drama,Romance",30.0,5411,8.9
tt0460649,How I Met Your Mother,6,tt1795956,14,Last Words,2011,"Comedy,Drama,Romance",22.0,4410,8.6
tt0460649,How I Met Your Mother,6,tt1795957,15,Oh Honey,2011,"Comedy,Drama,Romance",30.0,4704,8.7
tt0460649,How I Met Your Mother,6,tt1795958,16,Desperation Day,2011,"Comedy,Drama,Romance",30.0,3531,7.9
tt0460649,How I Met Your Mother,6,tt1795959,17,Garbage Island,2011,"Comedy,Drama,Romance",22.0,3358,7.5
tt0460649,How I Met Your Mother,6,tt1795960,18,A Change of Heart,2011,"Comedy,Drama,Romance",22.0,3651,8.1
tt0460649,How I Met Your Mother,6,tt1795961,19,Legendaddy,2011,"Comedy,Drama,Romance",22.0,3882,8.2
tt0460649,How I Met Your Mother,6,tt1795962,20,The Exploding Meatball Sub,2011,"Comedy,Drama,Romance",22.0,3357,7.5
tt0460649,How I Met Your Mother,6,tt1795963,21,Hopeless,2011,"Comedy,Drama,Romance",22.0,3370,7.8
tt0460649,How I Met Your Mother,6,tt1795964,22,The Perfect Cocktail,2011,"Comedy,Drama,Romance",21.0,3408,7.7
tt0460649,How I Met Your Mother,6,tt1795965,23,Landmarks,2011,"Comedy,Drama,Romance",21.0,3322,7.6
tt0460649,How I Met Your Mother,6,tt1795966,24,Challenge Accepted,2011,"Comedy,Drama,Romance",21.0,3863,8.4
tt0460649,How I Met Your Mother,7,tt1982341,1,The Best Man,2011,"Comedy,Drama,Romance",22.0,4592,8.4
tt0460649,How I Met Your Mother,7,tt2039807,2,The Naked Truth,2011,"Comedy,Drama,Romance",22.0,3772,7.9
tt0460649,How I Met Your Mother,7,tt2049132,3,Ducky Tie,2011,"Comedy,Drama,Romance",22.0,4875,8.8
tt0460649,How I Met Your Mother,7,tt2049980,4,The Stinson Missile Crisis,2011,"Comedy,Drama,Romance",22.0,3634,7.9
tt0460649,How I Met Your Mother,7,tt2071800,5,Field Trip,2011,"Comedy,Drama,Romance",21.0,3431,7.3
tt0460649,How I Met Your Mother,7,tt2072524,6,Mystery vs. History,2011,"Comedy,Drama,Romance",22.0,3588,7.6
tt0460649,How I Met Your Mother,7,tt2072525,7,Noretta,2011,"Comedy,Drama,Romance",22.0,3576,7.6
tt0460649,How I Met Your Mother,7,tt2072526,8,The Slutty Pumpkin Returns,2011,"Comedy,Drama,Romance",22.0,3661,7.2
tt0460649,How I Met Your Mother,7,tt2094413,9,Disaster Averted,2011,"Comedy,Drama,Romance",22.0,3838,8.2
tt0460649,How I Met Your Mother,7,tt2102769,10,Tick Tick Tick,2011,"Comedy,Drama,Romance",22.0,5495,8.9
tt0460649,How I Met Your Mother,7,tt2108075,11,The Rebound Girl,2011,"Comedy,Drama,Romance",22.0,3634,7.8
tt0460649,How I Met Your Mother,7,tt2121966,12,Symphony of Illumination,2011,"Comedy,Drama,Romance",22.0,4883,8.7
tt0460649,How I Met Your Mother,7,tt2157459,13,Tailgate,2012,"Comedy,Drama,Romance",22.0,3629,7.7
tt0460649,How I Met Your Mother,7,tt2157457,14,46 Minutes,2012,"Comedy,Drama,Romance",21.0,3682,7.5
tt0460649,How I Met Your Mother,7,tt2216757,15,The Burning Beekeeper,2012,"Comedy,Drama,Romance",20.0,3963,7.3
tt0460649,How I Met Your Mother,7,tt2216759,16,The Drunk Train,2012,"Comedy,Drama,Romance",22.0,3708,7.9
tt0460649,How I Met Your Mother,7,tt2212411,17,No Pressure,2012,"Comedy,Drama,Romance",22.0,3957,8.3
tt0460649,How I Met Your Mother,7,tt2247489,18,Karma,2012,"Comedy,Drama,Romance",22.0,3499,7.8
tt0460649,How I Met Your Mother,7,tt2265943,19,The Broath,2012,"Comedy,Drama,Romance",22.0,4021,8.5
tt0460649,How I Met Your Mother,7,tt2336905,20,Trilogy Time,2012,"Comedy,Drama,Romance",21.0,3955,8.5
tt0460649,How I Met Your Mother,7,tt2346207,21,Now We're Even,2012,"Comedy,Drama,Romance",22.0,3368,7.8
tt0460649,How I Met Your Mother,7,tt2376741,22,Good Crazy,2012,"Comedy,Drama,Romance",22.0,3260,7.6
tt0460649,How I Met Your Mother,7,tt2376743,23,The Magician's Code: Part 1,2012,"Comedy,Drama,Romance",21.0,3920,8.4
tt0460649,How I Met Your Mother,7,tt2376745,24,The Magician's Code: Part 2,2012,"Comedy,Drama,Romance",22.0,4492,8.7
tt0460649,How I Met Your Mother,8,tt2252518,1,Farhampton,2012,"Comedy,Drama,Romance",22.0,5479,8.4
tt0460649,How I Met Your Mother,8,tt2414774,2,The Pre-Nup,2012,"Comedy,Drama,Romance",22.0,3839,7.3
tt0460649,How I Met Your Mother,8,tt2428798,3,Nannies,2012,"Comedy,Drama,Romance",22.0,3568,7.2
tt0460649,How I Met Your Mother,8,tt2428796,4,Who Wants to Be a Godparent,2012,"Comedy,Drama,Romance",22.0,3718,7.4
tt0460649,How I Met Your Mother,8,tt2460610,5,The Autumn of Breakups,2012,"Comedy,Drama,Romance",22.0,3670,7.3
tt0460649,How I Met Your Mother,8,tt2460618,6,Splitsville,2012,"Comedy,Drama,Romance",22.0,3442,7.4
tt0460649,How I Met Your Mother,8,tt2460620,7,The Stamp Tramp,2012,"Comedy,Drama,Romance",22.0,3365,7.2
tt0460649,How I Met Your Mother,8,tt2445770,8,Twelve Horny Women,2012,"Comedy,Drama,Romance",22.0,3440,7.3
tt0460649,How I Met Your Mother,8,tt2466704,9,Lobster Crawl,2012,"Comedy,Drama,Romance",22.0,3386,7.3
tt0460649,How I Met Your Mother,8,tt2547538,10,The Over-Correction,2012,"Comedy,Drama,Romance",22.0,3544,7.9
tt0460649,How I Met Your Mother,8,tt2556002,11,The Final Page: Part One,2012,"Comedy,Drama,Romance",21.0,4212,8.4
tt0460649,How I Met Your Mother,8,tt2556008,12,The Final Page: Part Two,2012,"Comedy,Drama,Romance",22.0,7884,9.3
tt0460649,How I Met Your Mother,8,tt2569148,13,Band or DJ?,2013,"Comedy,Drama,Romance",20.0,3582,7.7
tt0460649,How I Met Your Mother,8,tt2630114,14,Ring Up!,2013,"Comedy,Drama,Romance",22.0,3566,7.7
tt0460649,How I Met Your Mother,8,tt2654452,15,P.S. I Love You,2013,"Comedy,Drama,Romance",22.0,4063,8.1
tt0460649,How I Met Your Mother,8,tt2676388,16,Bad Crazy,2013,"Comedy,Drama,Romance",22.0,3379,7.4
tt0460649,How I Met Your Mother,8,tt2712100,17,The Ashtray,2013,"Comedy,Drama,Romance",22,3485,7.7
tt0460649,How I Met Your Mother,8,tt2668726,18,Weekend at Barney's,2013,"Comedy,Drama,Romance",22.0,3683,7.9
tt0460649,How I Met Your Mother,8,tt2777232,19,The Fortress,2013,"Comedy,Drama,Romance",22.0,3426,7.8
tt0460649,How I Met Your Mother,8,tt2733014,20,The Time Travelers,2013,"Comedy,Drama,Romance",22,5624,8.3
tt0460649,How I Met Your Mother,8,tt2815916,21,Romeward Bound,2013,"Comedy,Drama,Romance",21.0,3312,7.2
tt0460649,How I Met Your Mother,8,tt2847436,22,The Bro Mitzvah,2013,"Comedy,Drama,Romance",22,4555,8.7
tt0460649,How I Met Your Mother,8,tt2795770,23,Something Old,2013,"Comedy,Drama,Romance",22.0,3543,7.4
tt0460649,How I Met Your Mother,8,tt2861788,24,Something New,2013,"Comedy,Drama,Romance",22.0,4901,8.7
tt0460649,How I Met Your Mother,9,tt2802532,1,The Locket,2013,"Comedy,Drama,Romance",21.0,4441,7.7
tt0460649,How I Met Your Mother,9,tt3040972,2,Coming Back,2013,"Comedy,Drama,Romance",21.0,3965,7.6
tt0460649,How I Met Your Mother,9,tt3040980,3,Last Time in New York,2013,"Comedy,Drama,Romance",22.0,3805,7.4
tt0460649,How I Met Your Mother,9,tt3113690,4,The Broken Code,2013,"Comedy,Drama,Romance",22.0,3710,7.2
tt0460649,How I Met Your Mother,9,tt3212666,5,The Poker Game,2013,"Comedy,Drama,Romance",22,3689,7.1
tt0460649,How I Met Your Mother,9,tt3268352,6,Knight Vision,2013,"Comedy,Drama,Romance",22,3663,7.3
tt0460649,How I Met Your Mother,9,tt3268354,7,No Questions Asked,2013,"Comedy,Drama,Romance",22,3694,7.2
tt0460649,How I Met Your Mother,9,tt3268356,8,The Lighthouse,2013,"Comedy,Drama,Romance",22,3728,7.1
tt0460649,How I Met Your Mother,9,tt3247720,9,Platonish,2013,"Comedy,Drama,Romance",22,4224,8.1
tt0460649,How I Met Your Mother,9,tt3317356,10,Mom and Dad,2013,"Comedy,Drama,Romance",22.0,3885,6.6
tt0460649,How I Met Your Mother,9,tt3331436,11,Bedtime Stories,2013,"Comedy,Drama,Romance",21.0,6252,5.8
tt0460649,How I Met Your Mother,9,tt3353092,12,The Rehearsal Dinner,2013,"Comedy,Drama,Romance",20.0,4056,7.6
tt0460649,How I Met Your Mother,9,tt3382270,13,Bass Player Wanted,2013,"Comedy,Drama,Romance",21.0,4124,8.1
tt0460649,How I Met Your Mother,9,tt3359400,14,Slapsgiving 3: Slappointment in Slapmarra,2014,"Comedy,Drama,Romance",22.0,6171,6.0
tt0460649,How I Met Your Mother,9,tt3390680,15,Unpause,2014,"Comedy,Drama,Romance",22.0,4230,8.2
tt0460649,How I Met Your Mother,9,tt3390684,16,How Your Mother Met Me,2014,"Comedy,Drama,Romance",23.0,11406,9.5
tt0460649,How I Met Your Mother,9,tt3415286,17,Sunrise,2014,"Comedy,Drama,Romance",22.0,4486,8.1
tt0460649,How I Met Your Mother,9,tt3415288,18,Rally,2014,"Comedy,Drama,Romance",21.0,3729,7.9
tt0460649,How I Met Your Mother,9,tt3415292,19,Vesuvius,2014,"Comedy,Drama,Romance",22.0,3791,7.5
tt0460649,How I Met Your Mother,9,tt3415296,20,Daisy,2014,"Comedy,Drama,Romance",22.0,4221,8.3
tt0460649,How I Met Your Mother,9,tt3415298,21,Gary Blauman,2014,"Comedy,Drama,Romance",22.0,4306,8.1
tt0460649,How I Met Your Mother,9,tt3415300,22,The End of the Aisle,2014,"Comedy,Drama,Romance",22.0,5462,8.8
tt0460649,How I Met Your Mother,9,tt3415302,23,Last Forever: Part One,2014,"Comedy,Drama,Romance",22.0,10986,6.6
tt0460649,How I Met Your Mother,9,tt3415304,24,Last Forever: Part Two,2014,"Comedy,Drama,Romance",22.0,20837,5.5
tt6741278,Invincible,1,tt9691152,1,It's About Time,2021,"Action,Adventure,Animation",47.0,13701,8.9
tt6741278,Invincible,1,tt9691174,2,Here Goes Nothing,2021,"Action,Adventure,Animation",44.0,10751,8.4
tt6741278,Invincible,1,tt9691178,3,Who You Calling Ugly?,2021,"Action,Adventure,Animation",42.0,10127,8.1
tt6741278,Invincible,1,tt9691180,4,"Neil Armstrong, Eat Your Heart Out",2021,"Action,Adventure,Animation",45.0,9840,7.7
tt6741278,Invincible,1,tt9691182,5,That Actually Hurt,2021,"Action,Adventure,Animation",46.0,11397,9.1
tt6741278,Invincible,1,tt9691184,6,You Look Kinda Dead,2021,"Action,Adventure,Animation",45.0,10097,7.6
tt6741278,Invincible,1,tt9691186,7,We Need to Talk,2021,"Action,Adventure,Animation",48.0,14553,9.5
tt6741278,Invincible,1,tt9691188,8,Where I Really Come From,2021,"Action,Adventure,Animation",45.0,17275,9.7
tt6741278,Invincible,2,tt14556072,1,A Lesson for Your Next Life,2023,"Action,Adventure,Animation",49.0,7419,8.1
tt6741278,Invincible,2,tt14799482,2,In About Six Hours I Lose My Virginity to a Fish,2023,"Action,Adventure,Animation",50.0,6375,7.2
tt6741278,Invincible,2,tt15057062,3,"This Missive, This Machination!",2023,"Action,Adventure,Animation",50.0,6622,8.2
tt6741278,Invincible,2,tt15268934,4,It's Been a While,2023,"Action,Adventure,Animation",47.0,8331,9.1
tt6741278,Invincible,2,tt27566321,5,This Must Come as a Shock,2024,"Action,Adventure,Animation",51,5915,8.7
tt6741278,Invincible,2,tt27566329,6,It's Not That Simple,2024,"Action,Adventure,Animation",50,5189,7.9
tt6741278,Invincible,2,tt27566495,7,I'm Not Going Anywhere,2024,"Action,Adventure,Animation",52,5824,8.7
tt6741278,Invincible,2,tt27566497,8,I Thought You Were Stronger,2024,"Action,Adventure,Animation",54,7684,9.0
tt6741278,Invincible,3,tt14556090,1,You're Not Laughing Now,2025,"Action,Adventure,Animation",49.0,2946,8.2
tt6741278,Invincible,3,tt31322395,2,A Deal with the Devil,2025,"Action,Adventure,Animation",49.0,3043,9.2
tt6741278,Invincible,3,tt33254998,3,"You Want a Real Costume, Right?",2025,"Action,Adventure,Animation",50.0,2348,8.8
tt0472954,It's Always Sunny in Philadelphia,1,tt0612823,1,The Gang Gets Racist,2005,Comedy,22.0,5592,8.1
tt0472954,It's Always Sunny in Philadelphia,1,tt0612820,2,Charlie Wants an Abortion,2005,Comedy,22.0,4962,8.1
tt0472954,It's Always Sunny in Philadelphia,1,tt0612824,3,Underage Drinking: A National Concern,2005,Comedy,22.0,4832,8.2
tt0472954,It's Always Sunny in Philadelphia,1,tt0612819,4,Charlie Has Cancer,2005,Comedy,23.0,4486,8.0
tt0472954,It's Always Sunny in Philadelphia,1,tt0612822,5,Gun Fever,2005,Comedy,21.0,4262,7.8
tt0472954,It's Always Sunny in Philadelphia,1,tt0612821,6,The Gang Finds a Dead Guy,2005,Comedy,22.0,4179,8.0
tt0472954,It's Always Sunny in Philadelphia,1,tt0612818,7,Charlie Got Molested,2005,Comedy,19.0,4481,8.4
tt0472954,It's Always Sunny in Philadelphia,2,tt0786802,1,Charlie Gets Crippled,2006,Comedy,23.0,4385,8.4
tt0472954,It's Always Sunny in Philadelphia,2,tt0818156,2,The Gang Goes Jihad,2006,Comedy,23.0,4432,8.5
tt0472954,It's Always Sunny in Philadelphia,2,tt0818015,3,Dennis and Dee Go on Welfare,2006,Comedy,22.0,5187,9.0
tt0472954,It's Always Sunny in Philadelphia,2,tt0793926,4,Mac Bangs Dennis' Mom,2006,Comedy,24.0,5535,9.2
tt0472954,It's Always Sunny in Philadelphia,2,tt0789481,5,Hundred Dollar Baby,2006,Comedy,23.0,4520,8.7
tt0472954,It's Always Sunny in Philadelphia,2,tt0829804,6,The Gang Gives Back,2006,Comedy,23.0,3925,8.4
tt0472954,It's Always Sunny in Philadelphia,2,tt0833358,7,The Gang Exploits a Miracle,2006,Comedy,23.0,3684,7.9
tt0472954,It's Always Sunny in Philadelphia,2,tt0833359,8,The Gang Runs for Office,2006,Comedy,24.0,3624,7.9
tt0472954,It's Always Sunny in Philadelphia,2,tt0826387,9,Charlie Goes America All Over Everybody's Ass,2006,Comedy,22.0,3730,8.2
tt0472954,It's Always Sunny in Philadelphia,2,tt0840884,10,Dennis and Dee Get a New Dad,2006,Comedy,24.0,3787,8.5
tt0472954,It's Always Sunny in Philadelphia,3,tt0792192,1,The Gang Finds a Dumpster Baby,2007,Comedy,23.0,4060,8.5
tt0472954,It's Always Sunny in Philadelphia,3,tt1028236,2,The Gang Gets Invincible,2007,Comedy,22.0,4126,8.6
tt0472954,It's Always Sunny in Philadelphia,3,tt1028238,3,Dennis and Dee's Mom Is Dead,2007,Comedy,30.0,3535,8.2
tt0472954,It's Always Sunny in Philadelphia,3,tt1027449,4,The Gang Gets Held Hostage,2007,Comedy,30.0,4372,8.9
tt0472954,It's Always Sunny in Philadelphia,3,tt1111000,5,The Aluminum Monster vs. Fatty Magoo,2007,Comedy,23.0,3508,7.9
tt0472954,It's Always Sunny in Philadelphia,3,tt1027450,6,The Gang Solves the North Korea Situation,2007,Comedy,23.0,3570,8.3
tt0472954,It's Always Sunny in Philadelphia,3,tt1115245,7,The Gang Sells Out,2007,Comedy,23.0,3300,8.1
tt0472954,It's Always Sunny in Philadelphia,3,tt1028242,8,Frank Sets Sweet Dee on Fire,2007,Comedy,23.0,3569,8.4
tt0472954,It's Always Sunny in Philadelphia,3,tt1124745,9,Sweet Dee's Dating a Retarded Person,2007,Comedy,21.0,5340,9.2
tt0472954,It's Always Sunny in Philadelphia,3,tt1093876,10,Mac Is a Serial Killer,2007,Comedy,23,4312,9.0
tt0472954,It's Always Sunny in Philadelphia,3,tt1028239,11,Dennis Looks Like a Registered Sex Offender,2007,Comedy,23.0,3375,8.4
tt0472954,It's Always Sunny in Philadelphia,3,tt1133002,12,The Gang Gets Whacked: Part 1,2007,Comedy,22.0,3205,8.0
tt0472954,It's Always Sunny in Philadelphia,3,tt1136349,13,The Gang Gets Whacked: Part 2,2007,Comedy,23.0,3231,8.3
tt0472954,It's Always Sunny in Philadelphia,3,tt1140907,14,Bums: Making a Mess All Over the City,2007,Comedy,21.0,3454,8.5
tt0472954,It's Always Sunny in Philadelphia,3,tt1141458,15,The Gang Dances Their Asses Off,2007,Comedy,22.0,4094,8.9
tt0472954,It's Always Sunny in Philadelphia,4,tt1265811,1,Mac and Dennis: Manhunters,2008,Comedy,22.0,3492,8.4
tt0472954,It's Always Sunny in Philadelphia,4,tt1266369,2,The Gang Solves the Gas Crisis,2008,Comedy,22.0,4670,9.1
tt0472954,It's Always Sunny in Philadelphia,4,tt1265810,3,America's Next Top Paddy's Billboard Model Contest,2008,Comedy,22.0,2924,8.3
tt0472954,It's Always Sunny in Philadelphia,4,tt1265806,4,Mac's Banging the Waitress,2008,Comedy,22.0,3345,8.5
tt0472954,It's Always Sunny in Philadelphia,4,tt1265807,5,Mac & Charlie Die: Part 1,2008,Comedy,21.0,3829,9.0
tt0472954,It's Always Sunny in Philadelphia,4,tt1265814,6,Mac & Charlie Die: Part 2,2008,Comedy,21.0,3358,8.5
tt0472954,It's Always Sunny in Philadelphia,4,tt1266368,7,Who Pooped the Bed?,2008,Comedy,22.0,3731,8.3
tt0472954,It's Always Sunny in Philadelphia,4,tt1290724,8,Paddy's Pub: The Worst Bar in Philadelphia,2008,Comedy,22.0,3291,8.5
tt0472954,It's Always Sunny in Philadelphia,4,tt1302093,9,Dennis Reynolds: An Erotic Life,2008,Comedy,24.0,3260,8.1
tt0472954,It's Always Sunny in Philadelphia,4,tt1290725,10,Sweet Dee Has a Heart Attack,2008,Comedy,22.0,4236,8.9
tt0472954,It's Always Sunny in Philadelphia,4,tt1265812,11,The Gang Cracks the Liberty Bell,2008,Comedy,22.0,3431,7.6
tt0472954,It's Always Sunny in Philadelphia,4,tt1265813,12,The Gang Gets Extreme: Home Makeover Edition,2008,Comedy,20.0,3318,8.3
tt0472954,It's Always Sunny in Philadelphia,4,tt1319916,13,The Nightman Cometh,2008,Comedy,22.0,8663,9.7
tt0472954,It's Always Sunny in Philadelphia,5,tt1475886,1,The Gang Exploits the Mortgage Crisis,2009,Comedy,22.0,3249,8.3
tt0472954,It's Always Sunny in Philadelphia,5,tt1504566,2,The Gang Hits the Road,2009,Comedy,22.0,4167,9.1
tt0472954,It's Always Sunny in Philadelphia,5,tt1521349,3,The Great Recession,2009,Comedy,22.0,2958,8.0
tt0472954,It's Always Sunny in Philadelphia,5,tt1504565,4,The Gang Gives Frank an Intervention,2009,Comedy,21.0,3621,8.7
tt0472954,It's Always Sunny in Philadelphia,5,tt1522530,5,The Waitress Is Getting Married,2009,Comedy,22.0,3521,8.8
tt0472954,It's Always Sunny in Philadelphia,5,tt1534185,6,The World Series Defense,2009,Comedy,21.0,2998,8.3
tt0472954,It's Always Sunny in Philadelphia,5,tt1537140,7,The Gang Wrestles for the Troops,2009,Comedy,22.0,3281,8.5
tt0472954,It's Always Sunny in Philadelphia,5,tt1531787,8,Paddy's Pub: Home of the Original Kitten Mittens,2009,Comedy,30.0,3680,8.9
tt0472954,It's Always Sunny in Philadelphia,5,tt1537557,9,Mac and Dennis Break Up,2009,Comedy,22.0,3151,8.5
tt0472954,It's Always Sunny in Philadelphia,5,tt1537555,10,The D.E.N.N.I.S. System,2009,Comedy,22.0,4948,9.3
tt0472954,It's Always Sunny in Philadelphia,5,tt1504564,11,Mac and Charlie Write a Movie,2009,Comedy,22.0,2900,8.0
tt0472954,It's Always Sunny in Philadelphia,5,tt1563067,12,The Gang Reignites the Rivalry,2009,Comedy,22.0,3061,8.5
tt0472954,It's Always Sunny in Philadelphia,6,tt1636170,1,Mac Fights Gay Marriage,2010,Comedy,22.0,2980,7.9
tt0472954,It's Always Sunny in Philadelphia,6,tt1636175,2,Dennis Gets Divorced,2010,Comedy,21.0,2826,7.6
tt0472954,It's Always Sunny in Philadelphia,6,tt1636176,3,The Gang Buys a Boat,2010,Comedy,22.0,3723,8.9
tt0472954,It's Always Sunny in Philadelphia,6,tt1636177,4,Mac's Big Break,2010,Comedy,22.0,2886,8.1
tt0472954,It's Always Sunny in Philadelphia,6,tt1636178,5,Mac and Charlie: White Trash,2010,Comedy,22.0,2931,8.2
tt0472954,It's Always Sunny in Philadelphia,6,tt1636179,6,Mac's Mom Burns Her House Down,2010,Comedy,22.0,2722,7.6
tt0472954,It's Always Sunny in Philadelphia,6,tt1636180,7,Who Got Dee Pregnant?,2010,Comedy,22.0,3892,9.1
tt0472954,It's Always Sunny in Philadelphia,6,tt1636181,8,The Gang Gets a New Member,2010,Comedy,22.0,2783,7.7
tt0472954,It's Always Sunny in Philadelphia,6,tt1636182,9,Dee Reynolds: Shaping America's Youth,2010,Comedy,22.0,3140,8.9
tt0472954,It's Always Sunny in Philadelphia,6,tt1636171,10,Charlie Kelly: King of the Rats,2010,Comedy,22.0,2901,8.3
tt0472954,It's Always Sunny in Philadelphia,6,tt1636172,11,The Gang Gets Stranded in the Woods,2010,Comedy,24.0,3026,8.6
tt0472954,It's Always Sunny in Philadelphia,6,tt1636173,12,Dee Gives Birth,2010,Comedy,22.0,2890,8.5
tt0472954,It's Always Sunny in Philadelphia,6,tt1478620,13,A Very Sunny Christmas,2009,Comedy,43.0,5692,9.2
tt0472954,It's Always Sunny in Philadelphia,7,tt2004627,1,Frank's Pretty Woman,2011,Comedy,23.0,3507,8.6
tt0472954,It's Always Sunny in Philadelphia,7,tt2001706,2,The Gang Goes to the Jersey Shore,2011,Comedy,22.0,4455,9.2
tt0472954,It's Always Sunny in Philadelphia,7,tt1991555,3,Frank Reynolds' Little Beauties,2011,Comedy,30.0,3381,8.4
tt0472954,It's Always Sunny in Philadelphia,7,tt2004628,4,Sweet Dee Gets Audited,2011,Comedy,22.0,2847,7.9
tt0472954,It's Always Sunny in Philadelphia,7,tt1962887,5,Frank's Brother,2011,Comedy,22.0,3329,6.8
tt0472954,It's Always Sunny in Philadelphia,7,tt2001707,6,The Storm of the Century,2011,Comedy,21.0,3048,8.2
tt0472954,It's Always Sunny in Philadelphia,7,tt2004625,7,CharDee MacDennis: The Game of Games,2011,Comedy,21.0,4434,9.2
tt0472954,It's Always Sunny in Philadelphia,7,tt2004629,8,The ANTI-Social Network,2011,Comedy,22.0,2873,8.3
tt0472954,It's Always Sunny in Philadelphia,7,tt2004630,9,The Gang Gets Trapped,2011,Comedy,21.0,3471,8.8
tt0472954,It's Always Sunny in Philadelphia,7,tt2107105,10,How Mac Got Fat,2011,Comedy,22.0,2815,7.7
tt0472954,It's Always Sunny in Philadelphia,7,tt2107106,11,Thunder Gun Express,2011,Comedy,21.0,3408,8.8
tt0472954,It's Always Sunny in Philadelphia,7,tt2004633,12,The High School Reunion,2011,Comedy,21.0,2845,8.2
tt0472954,It's Always Sunny in Philadelphia,7,tt2004632,13,The High School Reunion Part 2: The Gang's Revenge,2011,Comedy,22.0,2962,8.5
tt0472954,It's Always Sunny in Philadelphia,8,tt2135415,1,Pop-Pop: The Final Solution,2012,Comedy,22.0,2797,7.8
tt0472954,It's Always Sunny in Philadelphia,8,tt2317914,2,The Gang Recycles Their Trash,2012,Comedy,21.0,2505,8.2
tt0472954,It's Always Sunny in Philadelphia,8,tt2377298,3,The Maureen Ponderosa Wedding Massacre,2012,Comedy,24.0,3456,8.7
tt0472954,It's Always Sunny in Philadelphia,8,tt2377296,4,Charlie and Dee Find Love,2012,Comedy,21.0,3622,8.9
tt0472954,It's Always Sunny in Philadelphia,8,tt2317922,5,The Gang Gets Analyzed,2012,Comedy,22.0,3711,9.0
tt0472954,It's Always Sunny in Philadelphia,8,tt2317924,6,Charlie's Mom Has Cancer,2012,Comedy,22.0,2712,7.7
tt0472954,It's Always Sunny in Philadelphia,8,tt2411492,7,Frank's Back in Business,2012,Comedy,22.0,2710,8.1
tt0472954,It's Always Sunny in Philadelphia,8,tt2502498,8,Charlie Rules the World,2012,Comedy,22.0,2824,8.2
tt0472954,It's Always Sunny in Philadelphia,8,tt2317936,9,The Gang Dines Out,2012,Comedy,20.0,3645,9.0
tt0472954,It's Always Sunny in Philadelphia,8,tt2501838,10,Reynolds vs. Reynolds: The Cereal Defense,2012,Comedy,22.0,3535,9.0
tt0472954,It's Always Sunny in Philadelphia,9,tt2135416,1,The Gang Broke Dee,2013,Comedy,22.0,3611,8.8
tt0472954,It's Always Sunny in Philadelphia,9,tt2999348,2,Gun Fever Too: Still Hot,2013,Comedy,22.0,2815,8.2
tt0472954,It's Always Sunny in Philadelphia,9,tt2999328,3,The Gang Tries Desperately to Win an Award,2013,Comedy,21.0,4576,9.2
tt0472954,It's Always Sunny in Philadelphia,9,tt2999388,4,Mac and Dennis Buy a Timeshare,2013,Comedy,22.0,2764,8.0
tt0472954,It's Always Sunny in Philadelphia,9,tt3155916,5,Mac Day,2013,Comedy,22,3147,8.6
tt0472954,It's Always Sunny in Philadelphia,9,tt2960088,6,The Gang Saves the Day,2013,Comedy,23.0,3883,9.0
tt0472954,It's Always Sunny in Philadelphia,9,tt2999396,7,The Gang Gets Quarantined,2013,Comedy,22.0,3255,8.8
tt0472954,It's Always Sunny in Philadelphia,9,tt2999352,8,Flowers for Charlie,2013,Comedy,21.0,3484,8.8
tt0472954,It's Always Sunny in Philadelphia,9,tt3227006,9,The Gang Makes Lethal Weapon 6,2013,Comedy,19,2541,8.1
tt0472954,It's Always Sunny in Philadelphia,9,tt3247686,10,The Gang Squashes Their Beefs,2013,Comedy,20,2781,8.2
tt0472954,It's Always Sunny in Philadelphia,10,tt3111340,1,The Gang Beats Boggs,2015,Comedy,23.0,3620,8.7
tt0472954,It's Always Sunny in Philadelphia,10,tt3765158,2,The Gang Group Dates,2015,Comedy,26.0,3189,8.7
tt0472954,It's Always Sunny in Philadelphia,10,tt3743344,3,Psycho Pete Returns,2015,Comedy,25.0,2769,7.5
tt0472954,It's Always Sunny in Philadelphia,10,tt3767938,4,Charlie Work,2015,Comedy,23.0,10965,9.8
tt0472954,It's Always Sunny in Philadelphia,10,tt3878546,5,The Gang Spies Like U.S.,2015,Comedy,24,2729,8.2
tt0472954,It's Always Sunny in Philadelphia,10,tt3878568,6,The Gang Misses the Boat,2015,Comedy,24,3216,8.8
tt0472954,It's Always Sunny in Philadelphia,10,tt3878584,7,Mac Kills His Dad,2015,Comedy,22,2509,7.9
tt0472954,It's Always Sunny in Philadelphia,10,tt3878554,8,The Gang Goes on Family Fight,2015,Comedy,23,3699,9.1
tt0472954,It's Always Sunny in Philadelphia,10,tt3878558,9,Frank Retires,2015,Comedy,23,2492,8.0
tt0472954,It's Always Sunny in Philadelphia,10,tt3831568,10,Ass Kickers United: Mac and Charlie Join a Cult,2015,Comedy,24.0,2577,7.5
tt0472954,It's Always Sunny in Philadelphia,11,tt4463974,1,Chardee MacDennis 2: Electric Boogaloo,2016,Comedy,20.0,3185,8.5
tt0472954,It's Always Sunny in Philadelphia,11,tt4463972,2,Frank Falls Out the Window,2016,Comedy,24.0,2778,8.0
tt0472954,It's Always Sunny in Philadelphia,11,tt3984176,3,The Gang Hits the Slopes,2016,Comedy,23,3686,8.5
tt0472954,It's Always Sunny in Philadelphia,11,tt4463976,4,Dee Made a Smut Film,2016,Comedy,23.0,2698,7.5
tt0472954,It's Always Sunny in Philadelphia,11,tt4359300,5,Mac & Dennis Move to the Suburbs,2016,Comedy,24.0,5677,9.4
tt0472954,It's Always Sunny in Philadelphia,11,tt4463962,6,Being Frank,2016,Comedy,20.0,3429,8.3
tt0472954,It's Always Sunny in Philadelphia,11,tt4463990,7,McPoyle vs. Ponderosa: The Trial of the Century,2016,Comedy,24.0,3261,8.6
tt0472954,It's Always Sunny in Philadelphia,11,tt4463970,8,Charlie Catches a Leprechaun,2016,Comedy,24.0,2891,8.5
tt0472954,It's Always Sunny in Philadelphia,11,tt4463980,9,The Gang Goes to Hell,2016,Comedy,24.0,2762,8.4
tt0472954,It's Always Sunny in Philadelphia,11,tt4463986,10,The Gang Goes to Hell: Part Two,2016,Comedy,25.0,2834,8.4
tt0472954,It's Always Sunny in Philadelphia,12,tt3984178,1,The Gang Turns Black,2017,Comedy,24,4970,8.5
tt0472954,It's Always Sunny in Philadelphia,12,tt4463994,2,The Gang Goes to a Water Park,2017,Comedy,20.0,5925,9.5
tt0472954,It's Always Sunny in Philadelphia,12,tt4463998,3,Old Lady House: A Situation Comedy,2017,Comedy,22.0,3279,8.5
tt0472954,It's Always Sunny in Philadelphia,12,tt4464000,4,Wolf Cola: A Public Relations Nightmare,2017,Comedy,21.0,2837,8.0
tt0472954,It's Always Sunny in Philadelphia,12,tt4464004,5,Making Dennis Reynolds a Murderer,2017,Comedy,23.0,3373,8.6
tt0472954,It's Always Sunny in Philadelphia,12,tt4464006,6,Hero or Hate Crime?,2017,Comedy,23.0,5136,9.4
tt0472954,It's Always Sunny in Philadelphia,12,tt4464054,7,PTSDee,2017,Comedy,24.0,3067,8.6
tt0472954,It's Always Sunny in Philadelphia,12,tt4464056,8,The Gang Tends Bar,2017,Comedy,23.0,2607,8.1
tt0472954,It's Always Sunny in Philadelphia,12,tt4464060,9,A Cricket's Tale,2017,Comedy,19.0,2742,7.3
tt0472954,It's Always Sunny in Philadelphia,12,tt4359302,10,Dennis' Double Life,2017,Comedy,23.0,2827,8.5
tt0472954,It's Always Sunny in Philadelphia,13,tt5599480,1,The Gang Makes Paddy's Great Again,2018,Comedy,23.0,3344,7.5
tt0472954,It's Always Sunny in Philadelphia,13,tt6362480,2,The Gang Escapes,2018,Comedy,23.0,3013,8.0
tt0472954,It's Always Sunny in Philadelphia,13,tt6362482,3,The Gang Beats Boggs: Ladies Reboot,2018,Comedy,21.0,4113,6.6
tt0472954,It's Always Sunny in Philadelphia,13,tt6362484,4,Time's Up for the Gang,2018,Comedy,22.0,4220,9.2
tt0472954,It's Always Sunny in Philadelphia,13,tt6362486,5,The Gang Gets New Wheels,2018,Comedy,25.0,3577,8.9
tt0472954,It's Always Sunny in Philadelphia,13,tt6362488,6,The Gang Solves the Bathroom Problem,2018,Comedy,23.0,3023,8.2
tt0472954,It's Always Sunny in Philadelphia,13,tt6362490,7,The Gang Does a Clip Show,2018,Comedy,21.0,3051,7.5
tt0472954,It's Always Sunny in Philadelphia,13,tt6362496,8,Charlie's Home Alone,2018,Comedy,20.0,3064,6.8
tt0472954,It's Always Sunny in Philadelphia,13,tt6362494,9,The Gang Wins the Big Game,2018,Comedy,20.0,2765,7.1
tt0472954,It's Always Sunny in Philadelphia,13,tt6362498,10,Mac Finds His Pride,2018,Comedy,21.0,6273,8.7
tt0472954,It's Always Sunny in Philadelphia,14,tt5599484,1,The Gang Gets Romantic,2019,Comedy,25.0,2796,7.9
tt0472954,It's Always Sunny in Philadelphia,14,tt6362502,2,Thunder Gun 4: Maximum Cool,2019,Comedy,23.0,2617,7.8
tt0472954,It's Always Sunny in Philadelphia,14,tt6362506,3,Dee Day,2019,Comedy,25.0,2383,8.3
tt0472954,It's Always Sunny in Philadelphia,14,tt6362504,4,The Gang Chokes,2019,Comedy,25.0,2371,8.0
tt0472954,It's Always Sunny in Philadelphia,14,tt6362508,5,The Gang Texts,2019,Comedy,24.0,2580,8.0
tt0472954,It's Always Sunny in Philadelphia,14,tt6362512,6,The Janitor Always Mops Twice,2019,Comedy,23.0,3031,8.5
tt0472954,It's Always Sunny in Philadelphia,14,tt6362510,7,The Gang Solves Global Warming,2019,Comedy,20.0,2210,7.9
tt0472954,It's Always Sunny in Philadelphia,14,tt6362514,8,Paddy's Has a Jumper,2019,Comedy,20.0,2261,8.3
tt0472954,It's Always Sunny in Philadelphia,14,tt6362518,9,A Woman's Right to Chop,2019,Comedy,20.0,2091,7.8
tt0472954,It's Always Sunny in Philadelphia,14,tt6362520,10,Waiting for Big Mo,2019,Comedy,20.0,2240,7.6
tt0472954,It's Always Sunny in Philadelphia,15,tt12394874,1,2020: A Year In Review,2021,Comedy,23.0,2948,8.0
tt0472954,It's Always Sunny in Philadelphia,15,tt15853260,2,The Gang Makes Lethal Weapon 7,2021,Comedy,22.0,2469,7.7
tt0472954,It's Always Sunny in Philadelphia,15,tt15939210,3,The Gang Buys a Roller Rink,2021,Comedy,21.0,2274,7.6
tt0472954,It's Always Sunny in Philadelphia,15,tt15939220,4,The Gang Replaces Dee With a Monkey,2021,Comedy,21.0,2114,8.1
tt0472954,It's Always Sunny in Philadelphia,15,tt16112792,5,The Gang Goes to Ireland,2021,Comedy,21.0,2045,8.0
tt0472954,It's Always Sunny in Philadelphia,15,tt16112788,6,The Gang's Still in Ireland,2021,Comedy,22.0,2158,8.5
tt0472954,It's Always Sunny in Philadelphia,15,tt16280640,7,Dee Sinks in a Bog,2021,Comedy,23.0,1831,7.9
tt0472954,It's Always Sunny in Philadelphia,15,tt16280644,8,The Gang Carries a Corpse Up a Mountain,2021,Comedy,22.0,2620,8.7
tt0472954,It's Always Sunny in Philadelphia,16,tt13622886,1,The Gang Inflates,2023,Comedy,22.0,2349,8.1
tt0472954,It's Always Sunny in Philadelphia,16,tt27758877,2,Frank Shoots Every Member of the Gang,2023,Comedy,22.0,2180,7.8
tt0472954,It's Always Sunny in Philadelphia,16,tt27762407,3,The Gang Gets Cursed,2023,Comedy,21.0,1881,7.6
tt0472954,It's Always Sunny in Philadelphia,16,tt27762411,4,Frank vs. Russia,2023,Comedy,21.0,2627,8.7
tt0472954,It's Always Sunny in Philadelphia,16,tt27762419,5,Celebrity Booze: The Ultimate Cash Grab,2023,Comedy,21.0,1998,8.0
tt0472954,It's Always Sunny in Philadelphia,16,tt27762863,6,Risk E. Rat's Pizza & Amusement Center,2023,Comedy,21.0,1799,7.8
tt0472954,It's Always Sunny in Philadelphia,16,tt28056402,7,The Gang Goes Bowling,2023,Comedy,22.0,2000,8.7
tt0472954,It's Always Sunny in Philadelphia,16,tt28056422,8,Dennis Takes a Mental Health Day,2023,Comedy,23.0,2936,9.2
tt0472954,It's Always Sunny in Philadelphia,,tt2294790,,It's Always Sunny on TV,2021,Comedy,25.0,368,7.6
tt2357547,Jessica Jones,1,tt4162058,1,A.K.A. Ladies Night,2015,"Action,Crime,Drama",52.0,7692,7.9
tt2357547,Jessica Jones,1,tt4162062,2,A.K.A. Crush Syndrome,2015,"Action,Crime,Drama",52.0,6450,8.0
tt2357547,Jessica Jones,1,tt4162064,3,A.K.A. It's Called Whiskey,2015,"Action,Crime,Drama",54.0,6143,8.1
tt2357547,Jessica Jones,1,tt4162066,4,A.K.A. 99 Friends,2015,"Action,Crime,Drama",49.0,5909,7.9
tt2357547,Jessica Jones,1,tt4162072,5,A.K.A. The Sandwich Saved Me,2015,"Action,Crime,Drama",50.0,5873,8.3
tt2357547,Jessica Jones,1,tt4162076,6,A.K.A. You're a Winner!,2015,"Action,Crime,Drama",54.0,5692,8.1
tt2357547,Jessica Jones,1,tt4162080,7,A.K.A. Top Shelf Perverts,2015,"Action,Crime,Drama",55.0,5728,8.4
tt2357547,Jessica Jones,1,tt4162078,8,A.K.A. WWJD?,2015,"Action,Crime,Drama",50.0,6133,8.8
tt2357547,Jessica Jones,1,tt4162086,9,A.K.A. Sin Bin,2015,"Action,Crime,Drama",55.0,6384,9.0
tt2357547,Jessica Jones,1,tt4162088,10,"A.K.A. 1,000 Cuts",2015,"Action,Crime,Drama",46.0,5887,8.6
tt2357547,Jessica Jones,1,tt4162092,11,A.K.A. I've Got the Blues,2015,"Action,Crime,Drama",50.0,5402,8.0
tt2357547,Jessica Jones,1,tt4162094,12,A.K.A. Take a Bloody Number,2015,"Action,Crime,Drama",54.0,5428,8.3
tt2357547,Jessica Jones,1,tt4162096,13,A.K.A. Smile,2015,"Action,Crime,Drama",52.0,5938,8.6
tt2357547,Jessica Jones,2,tt5349278,1,A.K.A. Start at the Beginning,2018,"Action,Crime,Drama",54.0,3711,7.4
tt2357547,Jessica Jones,2,tt5349282,2,A.K.A. Freak Accident,2018,"Action,Crime,Drama",56.0,3378,7.4
tt2357547,Jessica Jones,2,tt5349300,3,A.K.A. Sole Survivor,2018,"Action,Crime,Drama",55.0,3259,7.6
tt2357547,Jessica Jones,2,tt5349302,4,A.K.A. God Help the Hobo,2018,"Action,Crime,Drama",50.0,3204,7.6
tt2357547,Jessica Jones,2,tt5349312,5,A.K.A. The Octopus,2018,"Action,Crime,Drama",53.0,3183,7.7
tt2357547,Jessica Jones,2,tt5349328,6,A.K.A. Facetime,2018,"Action,Crime,Drama",49.0,3153,7.6
tt2357547,Jessica Jones,2,tt5349332,7,A.K.A. I Want Your Cray Cray,2018,"Action,Crime,Drama",54.0,3388,8.2
tt2357547,Jessica Jones,2,tt5349338,8,A.K.A. Ain't We Got Fun,2018,"Action,Crime,Drama",50.0,3061,7.5
tt2357547,Jessica Jones,2,tt5349342,9,"A.K.A. Shark in the Bathtub, Monster in the Bed",2018,"Action,Crime,Drama",50.0,3048,7.6
tt2357547,Jessica Jones,2,tt5349348,10,A.K.A. Pork Chop,2018,"Action,Crime,Drama",55.0,3026,7.5
tt2357547,Jessica Jones,2,tt5349356,11,A.K.A. Three Lives and Counting,2018,"Action,Crime,Drama",49.0,3252,8.2
tt2357547,Jessica Jones,2,tt5349360,12,A.K.A. Pray for My Patsy,2018,"Action,Crime,Drama",47.0,3011,7.7
tt2357547,Jessica Jones,2,tt5349376,13,A.K.A. Playland,2018,"Action,Crime,Drama",53.0,3206,7.8
tt2357547,Jessica Jones,3,tt8272228,1,A.K.A. The Perfect Burger,2019,"Action,Crime,Drama",51.0,2438,7.4
tt2357547,Jessica Jones,3,tt8682974,2,A.K.A. You're Welcome,2019,"Action,Crime,Drama",55.0,2398,7.1
tt2357547,Jessica Jones,3,tt8960480,3,A.K.A. I Have No Spleen,2019,"Action,Crime,Drama",56.0,2220,7.3
tt2357547,Jessica Jones,3,tt8960486,4,A.K.A. Customer Service is Standing By,2019,"Action,Crime,Drama",45.0,2171,7.5
tt2357547,Jessica Jones,3,tt8978254,5,A.K.A. I Wish,2019,"Action,Crime,Drama",53.0,2142,7.7
tt2357547,Jessica Jones,3,tt9007560,6,A.K.A. Sorry Face,2019,"Action,Crime,Drama",53.0,2090,7.6
tt2357547,Jessica Jones,3,tt9046968,7,A.K.A. The Double Half-Wappinger,2019,"Action,Crime,Drama",50.0,2119,8.0
tt2357547,Jessica Jones,3,tt9341012,8,A.K.A. Camera Friendly,2019,"Action,Crime,Drama",44.0,2161,8.3
tt2357547,Jessica Jones,3,tt9341014,9,A.K.A. I Did Something Today,2019,"Action,Crime,Drama",51.0,2051,7.6
tt2357547,Jessica Jones,3,tt9238320,10,A.K.A. Hero Pants,2019,"Action,Crime,Drama",50.0,2016,7.6
tt2357547,Jessica Jones,3,tt9257820,11,A.K.A. Hellcat,2019,"Action,Crime,Drama",48.0,2094,7.5
tt2357547,Jessica Jones,3,tt9341016,12,A.K.A. A Lotta Worms,2019,"Action,Crime,Drama",49.0,2117,8.3
tt2357547,Jessica Jones,3,tt9341018,13,A.K.A. Everything,2019,"Action,Crime,Drama",51.0,2334,8.0
tt9140554,Loki,1,tt10161330,1,Glorious Purpose,2021,"Action,Adventure,Fantasy",51,34944,8.6
tt9140554,Loki,1,tt10161334,2,The Variant,2021,"Action,Adventure,Fantasy",53,31527,8.7
tt9140554,Loki,1,tt10161336,3,Lamentis,2021,"Action,Adventure,Fantasy",42,29128,7.7
tt9140554,Loki,1,tt10161340,4,The Nexus Event,2021,"Action,Adventure,Fantasy",48,30901,9.0
tt9140554,Loki,1,tt10161338,5,Journey Into Mystery,2021,"Action,Adventure,Fantasy",48,27206,8.9
tt9140554,Loki,1,tt10161342,6,For All Time. Always.,2021,"Action,Adventure,Fantasy",45,27707,8.6
tt9140554,Loki,2,tt15046608,1,Ouroboros,2023,"Action,Adventure,Fantasy",45.0,17115,8.2
tt9140554,Loki,2,tt18271346,2,Breaking Brad,2023,"Action,Adventure,Fantasy",49.0,14044,7.5
tt9140554,Loki,2,tt18271344,3,1893,2023,"Action,Adventure,Fantasy",54.0,13619,7.7
tt9140554,Loki,2,tt18271348,4,Heart of the TVA,2023,"Action,Adventure,Fantasy",50.0,15301,8.6
tt9140554,Loki,2,tt18271350,5,Science/Fiction,2023,"Action,Adventure,Fantasy",45.0,15093,8.7
tt9140554,Loki,2,tt18271352,6,Glorious Purpose,2023,"Action,Adventure,Fantasy",56.0,27339,9.4
tt0411008,Lost,1,tt0636289,1,Pilot: Part 1,2004,"Adventure,Drama,Fantasy",42.0,14493,9.1
tt0411008,Lost,1,tt0636290,2,Pilot: Part 2,2004,"Adventure,Drama,Fantasy",40.0,11252,9.1
tt0411008,Lost,1,tt0636294,3,Tabula Rasa,2004,"Adventure,Drama,Fantasy",43.0,8929,8.3
tt0411008,Lost,1,tt0636300,4,Walkabout,2004,"Adventure,Drama,Fantasy",42.0,10130,9.0
tt0411008,Lost,1,tt0636303,5,White Rabbit,2004,"Adventure,Drama,Fantasy",42.0,8127,8.3
tt0411008,Lost,1,tt0636284,6,House of the Rising Sun,2004,"Adventure,Drama,Fantasy",42.0,7937,8.0
tt0411008,Lost,1,tt0636298,7,The Moth,2004,"Adventure,Drama,Fantasy",43.0,7977,8.3
tt0411008,Lost,1,tt0636275,8,Confidence Man,2004,"Adventure,Drama,Fantasy",43.0,8105,8.6
tt0411008,Lost,1,tt0636292,9,Solitary,2004,"Adventure,Drama,Fantasy",43.0,7626,8.4
tt0411008,Lost,1,tt0636291,10,Raised by Another,2004,"Adventure,Drama,Fantasy",42.0,7738,8.5
tt0411008,Lost,1,tt0636272,11,All the Best Cowboys Have Daddy Issues,2004,"Adventure,Drama,Fantasy",42.0,7851,8.8
tt0411008,Lost,1,tt0636302,12,Whatever the Case May Be,2005,"Adventure,Drama,Fantasy",43.0,7394,7.8
tt0411008,Lost,1,tt0636282,13,Hearts and Minds,2005,"Adventure,Drama,Fantasy",43.0,7263,8.0
tt0411008,Lost,1,tt0636293,14,Special,2005,"Adventure,Drama,Fantasy",43.0,7108,8.0
tt0411008,Lost,1,tt0636283,15,Homecoming,2005,"Adventure,Drama,Fantasy",41.0,7179,8.2
tt0411008,Lost,1,tt0636288,16,Outlaws,2005,"Adventure,Drama,Fantasy",43.0,7333,8.5
tt0411008,Lost,1,tt0636268,17,...In Translation,2005,"Adventure,Drama,Fantasy",43.0,7146,8.3
tt0411008,Lost,1,tt0636286,18,Numbers,2005,"Adventure,Drama,Fantasy",43.0,8210,9.0
tt0411008,Lost,1,tt0636276,19,Deus Ex Machina,2005,"Adventure,Drama,Fantasy",43.0,8074,9.0
tt0411008,Lost,1,tt0636277,20,Do No Harm,2005,"Adventure,Drama,Fantasy",43.0,7849,8.9
tt0411008,Lost,1,tt0636296,21,The Greater Good,2005,"Adventure,Drama,Fantasy",43.0,6809,8.2
tt0411008,Lost,1,tt0636273,22,Born to Run,2005,"Adventure,Drama,Fantasy",43.0,6895,7.9
tt0411008,Lost,1,tt0636279,23,Exodus: Part 1,2005,"Adventure,Drama,Fantasy",43.0,8055,9.0
tt0411008,Lost,1,tt0636280,24,Exodus: Part 2,2005,"Adventure,Drama,Fantasy",43.0,8728,9.2
tt0411008,Lost,1,tt6222548,25,Exodus: Part 3,2005,"Adventure,Drama,Fantasy",43.0,5820,9.3
tt0411008,Lost,2,tt0636285,1,"Man of Science, Man of Faith",2005,"Adventure,Drama,Fantasy",43.0,8494,9.1
tt0411008,Lost,2,tt0636271,2,Adrift,2005,"Adventure,Drama,Fantasy",42.0,6667,8.3
tt0411008,Lost,2,tt0636287,3,Orientation,2005,"Adventure,Drama,Fantasy",43.0,6965,8.7
tt0411008,Lost,2,tt0636278,4,Everybody Hates Hugo,2005,"Adventure,Drama,Fantasy",43.0,6677,8.2
tt0411008,Lost,2,tt0636269,5,...And Found,2005,"Adventure,Drama,Fantasy",42.0,6433,7.7
tt0411008,Lost,2,tt0636270,6,Abandoned,2005,"Adventure,Drama,Fantasy",43.0,6433,8.2
tt0411008,Lost,2,tt0636299,7,The Other 48 Days,2005,"Adventure,Drama,Fantasy",46.0,7466,8.7
tt0411008,Lost,2,tt0636274,8,Collision,2005,"Adventure,Drama,Fantasy",42.0,6565,8.6
tt0411008,Lost,2,tt0636301,9,What Kate Did,2005,"Adventure,Drama,Fantasy",46.0,6384,8.2
tt0411008,Lost,2,tt0636295,10,The 23rd Psalm,2006,"Adventure,Drama,Fantasy",43.0,6738,8.6
tt0411008,Lost,2,tt0636297,11,The Hunting Party,2006,"Adventure,Drama,Fantasy",43.0,6315,8.3
tt0411008,Lost,2,tt0636281,12,Fire + Water,2006,"Adventure,Drama,Fantasy",43.0,6463,7.1
tt0411008,Lost,2,tt0756934,13,The Long Con,2006,"Adventure,Drama,Fantasy",44.0,6611,8.6
tt0411008,Lost,2,tt0758090,14,One of Them,2006,"Adventure,Drama,Fantasy",44.0,6351,8.5
tt0411008,Lost,2,tt0764076,15,Maternity Leave,2006,"Adventure,Drama,Fantasy",46.0,6291,8.2
tt0411008,Lost,2,tt0769314,16,The Whole Truth,2006,"Adventure,Drama,Fantasy",43.0,6055,8.1
tt0411008,Lost,2,tt0771860,17,Lockdown,2006,"Adventure,Drama,Fantasy",43.0,7058,9.0
tt0411008,Lost,2,tt0784695,18,Dave,2006,"Adventure,Drama,Fantasy",46.0,6559,8.2
tt0411008,Lost,2,tt0771861,19,S.O.S.,2006,"Adventure,Drama,Fantasy",43.0,6382,7.7
tt0411008,Lost,2,tt0782394,20,Two for the Road,2006,"Adventure,Drama,Fantasy",43.0,7121,8.9
tt0411008,Lost,2,tt0786169,21,?,2006,"Adventure,Drama,Fantasy",46.0,6634,8.7
tt0411008,Lost,2,tt0799198,22,Three Minutes,2006,"Adventure,Drama,Fantasy",45.0,6244,8.4
tt0411008,Lost,2,tt0793130,23,"Live Together, Die Alone: Part 1",2006,"Adventure,Drama,Fantasy",44.0,9302,9.3
tt0411008,Lost,2,tt21802166,24,"Live Together, Die Alone: Part 2",2006,"Adventure,Drama,Fantasy",43.0,2169,9.4
tt0411008,Lost,3,tt0836956,1,A Tale of Two Cities,2006,"Adventure,Drama,Fantasy",43.0,7329,8.5
tt0411008,Lost,3,tt0847791,2,The Glass Ballerina,2006,"Adventure,Drama,Fantasy",43.0,6302,7.9
tt0411008,Lost,3,tt0840616,3,Further Instructions,2006,"Adventure,Drama,Fantasy",42.0,6234,7.8
tt0411008,Lost,3,tt0850964,4,Every Man for Himself,2006,"Adventure,Drama,Fantasy",43.0,6296,8.2
tt0411008,Lost,3,tt0863695,5,The Cost of Living,2006,"Adventure,Drama,Fantasy",43.0,6282,8.0
tt0411008,Lost,3,tt0883770,6,I Do,2006,"Adventure,Drama,Fantasy",43.0,6614,8.5
tt0411008,Lost,3,tt0891077,7,Not in Portland,2007,"Adventure,Drama,Fantasy",43.0,6584,8.6
tt0411008,Lost,3,tt0928284,8,Flashes Before Your Eyes,2007,"Adventure,Drama,Fantasy",43.0,8244,9.1
tt0411008,Lost,3,tt0954439,9,Stranger in a Strange Land,2007,"Adventure,Drama,Fantasy",43.0,6466,7.1
tt0411008,Lost,3,tt0913743,10,Tricia Tanaka Is Dead,2007,"Adventure,Drama,Fantasy",43.0,6682,8.2
tt0411008,Lost,3,tt0936198,11,Enter 77,2007,"Adventure,Drama,Fantasy",43.0,6392,8.5
tt0411008,Lost,3,tt0959403,12,Par Avion,2007,"Adventure,Drama,Fantasy",43.0,6163,8.1
tt0411008,Lost,3,tt0968992,13,The Man from Tallahassee,2007,"Adventure,Drama,Fantasy",43.0,7321,9.1
tt0411008,Lost,3,tt0988050,14,Exposé,2007,"Adventure,Drama,Fantasy",42.0,7394,7.9
tt0411008,Lost,3,tt0979596,15,Left Behind,2007,"Adventure,Drama,Fantasy",43.0,6059,8.0
tt0411008,Lost,3,tt0979597,16,One of Us,2007,"Adventure,Drama,Fantasy",43.0,6300,8.6
tt0411008,Lost,3,tt0979594,17,Catch-22,2007,"Adventure,Drama,Fantasy",42.0,6059,8.3
tt0411008,Lost,3,tt0979595,18,D.O.C.,2007,"Adventure,Drama,Fantasy",43.0,6004,8.1
tt0411008,Lost,3,tt0992243,19,The Brig,2007,"Adventure,Drama,Fantasy",43.0,7154,9.0
tt0411008,Lost,3,tt0992244,20,The Man Behind the Curtain,2007,"Adventure,Drama,Fantasy",43.0,7894,9.2
tt0411008,Lost,3,tt0998660,21,Greatest Hits,2007,"Adventure,Drama,Fantasy",43.0,7856,9.1
tt0411008,Lost,3,tt1004798,22,Through the Looking Glass: Part 1,2007,"Adventure,Drama,Fantasy",43.0,14465,9.6
tt0411008,Lost,3,tt26421545,23,Through the Looking Glass: Part 2,2007,"Adventure,Drama,Fantasy",43.0,2758,9.7
tt0411008,Lost,4,tt0994348,1,The Beginning of the End,2008,"Adventure,Drama,Fantasy",43.0,7634,8.7
tt0411008,Lost,4,tt0994359,2,Confirmed Dead,2008,"Adventure,Drama,Fantasy",43.0,6553,8.6
tt0411008,Lost,4,tt0994363,3,The Economist,2008,"Adventure,Drama,Fantasy",43.0,6180,8.3
tt0411008,Lost,4,tt0994364,4,Eggtown,2008,"Adventure,Drama,Fantasy",43.0,6055,8.0
tt0411008,Lost,4,tt0994365,5,The Constant,2008,"Adventure,Drama,Fantasy",43.0,17049,9.7
tt0411008,Lost,4,tt0994366,6,The Other Woman,2008,"Adventure,Drama,Fantasy",43.0,5928,7.7
tt0411008,Lost,4,tt0994367,7,Ji Yeon,2008,"Adventure,Drama,Fantasy",43.0,6102,8.3
tt0411008,Lost,4,tt0994368,8,Meet Kevin Johnson,2008,"Adventure,Drama,Fantasy",43.0,6021,8.3
tt0411008,Lost,4,tt0994369,9,The Shape of Things to Come,2008,"Adventure,Drama,Fantasy",43.0,7106,9.0
tt0411008,Lost,4,tt0994349,10,Something Nice Back Home,2008,"Adventure,Drama,Fantasy",43.0,5787,7.9
tt0411008,Lost,4,tt0994350,11,Cabin Fever,2008,"Adventure,Drama,Fantasy",44.0,5982,8.5
tt0411008,Lost,4,tt0994351,12,There's No Place Like Home: Part 1,2008,"Adventure,Drama,Fantasy",43.0,6551,8.9
tt0411008,Lost,4,tt0994352,13,There's No Place Like Home: Part 2,2008,"Adventure,Drama,Fantasy",40.0,7711,9.2
tt0411008,Lost,4,tt1952703,14,There's No Place Like Home: Part 3,2008,"Adventure,Drama,Fantasy",44.0,5773,9.2
tt0411008,Lost,5,tt1280267,1,Because You Left,2009,"Adventure,Drama,Fantasy",43.0,6757,8.7
tt0411008,Lost,5,tt1313407,2,The Lie,2009,"Adventure,Drama,Fantasy",42.0,5826,8.1
tt0411008,Lost,5,tt1319361,3,Jughead,2009,"Adventure,Drama,Fantasy",43.0,5946,8.4
tt0411008,Lost,5,tt1321693,4,The Little Prince,2009,"Adventure,Drama,Fantasy",43.0,5641,8.2
tt0411008,Lost,5,tt1322105,5,This Place Is Death,2009,"Adventure,Drama,Fantasy",43.0,5943,8.6
tt0411008,Lost,5,tt1340502,6,316,2009,"Adventure,Drama,Fantasy",43.0,5801,8.5
tt0411008,Lost,5,tt1321692,7,The Life and Death of Jeremy Bentham,2009,"Adventure,Drama,Fantasy",46.0,6456,8.8
tt0411008,Lost,5,tt1341555,8,LaFleur,2009,"Adventure,Drama,Fantasy",43.0,6665,8.9
tt0411008,Lost,5,tt1353861,9,Namaste,2009,"Adventure,Drama,Fantasy",43.0,5554,8.4
tt0411008,Lost,5,tt1358333,10,He's Our You,2009,"Adventure,Drama,Fantasy",42.0,5489,8.4
tt0411008,Lost,5,tt1363399,11,"Whatever Happened, Happened",2009,"Adventure,Drama,Fantasy",43,5474,8.1
tt0411008,Lost,5,tt1368702,12,Dead Is Dead,2009,"Adventure,Drama,Fantasy",43,5815,8.7
tt0411008,Lost,5,tt1378943,13,Some Like It Hoth,2009,"Adventure,Drama,Fantasy",43.0,5195,8.1
tt0411008,Lost,5,tt1378944,14,The Variable,2009,"Adventure,Drama,Fantasy",43.0,6101,8.7
tt0411008,Lost,5,tt1400160,15,Follow the Leader,2009,"Adventure,Drama,Fantasy",43.0,5614,8.5
tt0411008,Lost,5,tt1399779,16,The Incident: Part 1,2009,"Adventure,Drama,Fantasy",42.0,7614,9.1
tt0411008,Lost,5,tt2197294,17,The Incident: Part 2,2009,"Adventure,Drama,Fantasy",42.0,5719,9.2
tt0411008,Lost,6,tt1453335,1,LA X: Part 1,2010,"Adventure,Drama,Fantasy",41.0,6623,8.6
tt0411008,Lost,6,tt2524344,2,LA X: Part 2,2010,"Adventure,Drama,Fantasy",43.0,4536,8.3
tt0411008,Lost,6,tt1560343,3,What Kate Does,2010,"Adventure,Drama,Fantasy",43.0,5717,7.5
tt0411008,Lost,6,tt1533421,4,The Substitute,2010,"Adventure,Drama,Fantasy",43.0,5399,8.2
tt0411008,Lost,6,tt1467640,5,Lighthouse,2010,"Adventure,Drama,Fantasy",44.0,5318,7.9
tt0411008,Lost,6,tt1467641,6,Sundown,2010,"Adventure,Drama,Fantasy",42.0,5217,7.9
tt0411008,Lost,6,tt1467642,7,Dr. Linus,2010,"Adventure,Drama,Fantasy",43.0,5495,8.4
tt0411008,Lost,6,tt1467643,8,Recon,2010,"Adventure,Drama,Fantasy",43.0,5273,7.7
tt0411008,Lost,6,tt1467644,9,Ab Aeterno,2010,"Adventure,Drama,Fantasy",48.0,8623,9.2
tt0411008,Lost,6,tt1467629,10,The Package,2010,"Adventure,Drama,Fantasy",43.0,5183,7.7
tt0411008,Lost,6,tt1467630,11,Happily Ever After,2010,"Adventure,Drama,Fantasy",43.0,6440,8.8
tt0411008,Lost,6,tt1467631,12,Everybody Loves Hugo,2010,"Adventure,Drama,Fantasy",43.0,5314,8.3
tt0411008,Lost,6,tt1603637,13,The Last Recruit,2010,"Adventure,Drama,Fantasy",43.0,5255,8.1
tt0411008,Lost,6,tt1467632,14,The Candidate,2010,"Adventure,Drama,Fantasy",43.0,6786,8.9
tt0411008,Lost,6,tt1467633,15,Across the Sea,2010,"Adventure,Drama,Fantasy",43.0,6790,8.2
tt0411008,Lost,6,tt1467634,16,What They Died For,2010,"Adventure,Drama,Fantasy",43.0,6068,8.6
tt0411008,Lost,6,tt1467635,17,The End: Part 1,2010,"Adventure,Drama,Fantasy",50.0,12939,8.3
tt0411008,Lost,6,tt15049668,18,The End: Part 2,2010,"Adventure,Drama,Fantasy",43.0,4086,9.1
tt9561862,"Love, Death & Robots",1,tt9781722,1,Sonnie's Edge,2019,"Action,Adventure,Animation",17,25403,8.2
tt9561862,"Love, Death & Robots",1,tt9788484,2,Three Robots,2019,"Action,Adventure,Animation",12,23695,7.9
tt9561862,"Love, Death & Robots",1,tt9788486,3,The Witness,2019,"Action,Adventure,Animation",12,23059,7.8
tt9561862,"Love, Death & Robots",1,tt9788490,4,Suits,2019,"Action,Adventure,Animation",17,19389,7.4
tt9561862,"Love, Death & Robots",1,tt9788492,5,Sucker of Souls,2019,"Action,Adventure,Animation",13,18014,6.4
tt9561862,"Love, Death & Robots",1,tt9788494,6,When the Yogurt Took Over,2019,"Action,Adventure,Animation",6,19622,6.7
tt9561862,"Love, Death & Robots",1,tt9788496,7,Beyond the Aquila Rift,2019,"Action,Adventure,Animation",17,25153,8.5
tt9561862,"Love, Death & Robots",1,tt9788498,8,Good Hunting,2019,"Action,Adventure,Animation",17,19813,8.0
tt9561862,"Love, Death & Robots",1,tt9788500,9,The Dump,2019,"Action,Adventure,Animation",11,16783,6.3
tt9561862,"Love, Death & Robots",1,tt9788502,10,Shape-Shifters,2019,"Action,Adventure,Animation",16,17860,7.4
tt9561862,"Love, Death & Robots",1,tt9788504,11,Helping Hand,2019,"Action,Adventure,Animation",10,16744,7.4
tt9561862,"Love, Death & Robots",1,tt9788506,12,Fish Night,2019,"Action,Adventure,Animation",10,16573,6.3
tt9561862,"Love, Death & Robots",1,tt9788508,13,Lucky 13,2019,"Action,Adventure,Animation",15,16646,7.4
tt9561862,"Love, Death & Robots",1,tt9788510,14,Zima Blue,2019,"Action,Adventure,Animation",10,21645,8.3
tt9561862,"Love, Death & Robots",1,tt9788512,15,Blindspot,2019,"Action,Adventure,Animation",9,14837,6.3
tt9561862,"Love, Death & Robots",1,tt9788514,16,Ice Age,2019,"Action,Adventure,Animation",11,18163,7.0
tt9561862,"Love, Death & Robots",1,tt9788516,17,Alternate Histories,2019,"Action,Adventure,Animation",8,16230,6.3
tt9561862,"Love, Death & Robots",1,tt9788518,18,The Secret War,2019,"Action,Adventure,Animation",16,19146,8.1
tt9561862,"Love, Death & Robots",2,tt14536130,1,Automated Customer Service,2021,"Action,Adventure,Animation",12.0,13100,6.5
tt9561862,"Love, Death & Robots",2,tt14536106,2,Ice,2021,"Action,Adventure,Animation",13.0,12342,6.1
tt9561862,"Love, Death & Robots",2,tt10468230,3,Pop Squad,2021,"Action,Adventure,Animation",18.0,14465,8.1
tt9561862,"Love, Death & Robots",2,tt14536160,4,Snow in the Desert,2021,"Action,Adventure,Animation",18.0,12894,7.8
tt9561862,"Love, Death & Robots",2,tt14536118,5,The Tall Grass,2021,"Action,Adventure,Animation",11.0,11681,7.0
tt9561862,"Love, Death & Robots",2,tt14536144,6,All Through the House,2021,"Action,Adventure,Animation",7.0,11627,7.3
tt9561862,"Love, Death & Robots",2,tt14519762,7,Life Hutch,2021,"Action,Adventure,Animation",13.0,10711,6.5
tt9561862,"Love, Death & Robots",2,tt14536156,8,The Drowned Giant,2021,"Action,Adventure,Animation",13.0,11775,6.9
tt9561862,"Love, Death & Robots",3,tt20192958,1,Three Robots: Exit Strategies,2022,"Action,Adventure,Animation",12.0,12343,7.1
tt9561862,"Love, Death & Robots",3,tt20192968,2,Bad Travelling,2022,"Action,Adventure,Animation",23.0,17143,8.7
tt9561862,"Love, Death & Robots",3,tt20193012,3,The Very Pulse of the Machine,2022,"Action,Adventure,Animation",17.0,11796,6.8
tt9561862,"Love, Death & Robots",3,tt20193098,4,Night of the Mini Dead,2022,"Action,Adventure,Animation",7.0,12341,7.5
tt9561862,"Love, Death & Robots",3,tt20235690,5,Kill Team Kill,2022,"Action,Adventure,Animation",13.0,10598,6.4
tt9561862,"Love, Death & Robots",3,tt20239248,6,Swarm,2022,"Action,Adventure,Animation",17.0,10398,6.9
tt9561862,"Love, Death & Robots",3,tt20239370,7,Mason's Rats,2022,"Action,Adventure,Animation",10.0,10991,7.6
tt9561862,"Love, Death & Robots",3,tt20239438,8,In Vaulted Halls Entombed,2022,"Action,Adventure,Animation",15.0,10265,7.2
tt9561862,"Love, Death & Robots",3,tt20239442,9,Jibaro,2022,"Action,Adventure,Animation",17.0,16408,8.1
tt4052886,Lucifer,1,tt4932378,1,Pilot,2016,"Crime,Drama,Fantasy",44.0,10471,8.5
tt4052886,Lucifer,1,tt4952848,2,"Lucifer, Stay. Good Devil.",2016,"Crime,Drama,Fantasy",44.0,7285,8.0
tt4052886,Lucifer,1,tt4952852,3,The Would-Be Prince of Darkness,2016,"Crime,Drama,Fantasy",43.0,6580,7.9
tt4052886,Lucifer,1,tt4952842,4,Manly Whatnots,2016,"Crime,Drama,Fantasy",42.0,6446,8.3
tt4052886,Lucifer,1,tt4952846,5,Sweet Kicks,2016,"Crime,Drama,Fantasy",43.0,5988,7.8
tt4052886,Lucifer,1,tt4952858,6,Favorite Son,2016,"Crime,Drama,Fantasy",43.0,6291,8.6
tt4052886,Lucifer,1,tt4952850,7,Wingman,2016,"Crime,Drama,Fantasy",43.0,5897,8.4
tt4052886,Lucifer,1,tt4952854,8,"Et Tu, Doctor?",2016,"Crime,Drama,Fantasy",43.0,5570,8.0
tt4052886,Lucifer,1,tt4952856,9,A Priest Walks Into a Bar,2016,"Crime,Drama,Fantasy",42.0,7032,8.9
tt4052886,Lucifer,1,tt4952862,10,Pops,2016,"Crime,Drama,Fantasy",44.0,5511,8.1
tt4052886,Lucifer,1,tt4952866,11,St. Lucifer,2016,"Crime,Drama,Fantasy",44.0,5566,8.5
tt4052886,Lucifer,1,tt4952864,12,#TeamLucifer,2016,"Crime,Drama,Fantasy",44.0,6039,8.9
tt4052886,Lucifer,1,tt4952868,13,Take Me Back to Hell,2016,"Crime,Drama,Fantasy",43.0,6666,9.0
tt4052886,Lucifer,2,tt5615568,1,Everything's Coming Up Lucifer,2016,"Crime,Drama,Fantasy",44.0,5281,8.2
tt4052886,Lucifer,2,tt5668562,2,"Liar, Liar, Slutty Dress on Fire",2016,"Crime,Drama,Fantasy",43.0,4923,8.3
tt4052886,Lucifer,2,tt5668566,3,Sin-Eater,2016,"Crime,Drama,Fantasy",43.0,4677,7.9
tt4052886,Lucifer,2,tt5668568,4,Lady Parts,2016,"Crime,Drama,Fantasy",42.0,4745,8.3
tt4052886,Lucifer,2,tt5668570,5,Weaponizer,2016,"Crime,Drama,Fantasy",44.0,5084,8.6
tt4052886,Lucifer,2,tt5668572,6,Monster,2016,"Crime,Drama,Fantasy",43.0,5963,9.0
tt4052886,Lucifer,2,tt5668574,7,My Little Monkey,2016,"Crime,Drama,Fantasy",43.0,4819,8.6
tt4052886,Lucifer,2,tt5668576,8,Trip to Stabby Town,2016,"Crime,Drama,Fantasy",43.0,4621,8.5
tt4052886,Lucifer,2,tt5668578,9,Homewrecker,2016,"Crime,Drama,Fantasy",43.0,4668,8.6
tt4052886,Lucifer,2,tt5668580,10,Quid Pro Ho,2016,"Crime,Drama,Fantasy",44.0,5207,8.9
tt4052886,Lucifer,2,tt5668582,11,Stewardess Interruptus,2017,"Crime,Drama,Fantasy",43.0,4707,8.6
tt4052886,Lucifer,2,tt5668584,12,Love Handles,2017,"Crime,Drama,Fantasy",43.0,4995,8.9
tt4052886,Lucifer,2,tt5668586,13,A Good Day to Die,2017,"Crime,Drama,Fantasy",43.0,7082,9.3
tt4052886,Lucifer,2,tt6208164,14,Candy Morningstar,2017,"Crime,Drama,Fantasy",43.0,4503,8.1
tt4052886,Lucifer,2,tt6208168,15,Deceptive Little Parasite,2017,"Crime,Drama,Fantasy",43.0,4176,8.0
tt4052886,Lucifer,2,tt6208170,16,God Johnson,2017,"Crime,Drama,Fantasy",43.0,4727,8.8
tt4052886,Lucifer,2,tt6208174,17,Sympathy for the Goddess,2017,"Crime,Drama,Fantasy",43.0,4157,8.3
tt4052886,Lucifer,2,tt6208182,18,"The Good, the Bad, and the Crispy",2017,"Crime,Drama,Fantasy",43.0,5083,9.0
tt4052886,Lucifer,3,tt6533292,1,"They're Back, Aren't They?",2017,"Crime,Drama,Fantasy",43.0,5005,8.3
tt4052886,Lucifer,3,tt6552784,2,The One with the Baby Carrot,2017,"Crime,Drama,Fantasy",43.0,4508,7.8
tt4052886,Lucifer,3,tt6552798,3,Mr. and Mrs. Mazikeen Smith,2017,"Crime,Drama,Fantasy",43.0,4715,8.3
tt4052886,Lucifer,3,tt6552806,4,What Would Lucifer Do?,2017,"Crime,Drama,Fantasy",43.0,4435,7.8
tt4052886,Lucifer,3,tt6552810,5,"Welcome Back, Charlotte Richards",2017,"Crime,Drama,Fantasy",43.0,4410,8.0
tt4052886,Lucifer,3,tt6552820,6,Vegas With Some Radish,2017,"Crime,Drama,Fantasy",43.0,4961,8.6
tt4052886,Lucifer,3,tt6552836,7,Off the Record,2017,"Crime,Drama,Fantasy",43.0,6563,9.1
tt4052886,Lucifer,3,tt6552842,8,Chloe Does Lucifer,2017,"Crime,Drama,Fantasy",43.0,4370,7.8
tt4052886,Lucifer,3,tt6552844,9,The Sinnerman,2017,"Crime,Drama,Fantasy",43.0,4541,8.4
tt4052886,Lucifer,3,tt6552852,10,The Sin Bin,2017,"Crime,Drama,Fantasy",43.0,4926,8.8
tt4052886,Lucifer,3,tt6552860,11,City of Angels?,2018,"Crime,Drama,Fantasy",43.0,4677,8.1
tt4052886,Lucifer,3,tt6552872,12,All About Her,2018,"Crime,Drama,Fantasy",43.0,4248,8.0
tt4052886,Lucifer,3,tt6552878,13,Til Death Do Us Part,2018,"Crime,Drama,Fantasy",43.0,4816,8.6
tt4052886,Lucifer,3,tt6552884,14,My Brother's Keeper,2018,"Crime,Drama,Fantasy",43.0,4180,7.9
tt4052886,Lucifer,3,tt6552892,15,High School Poppycock,2018,"Crime,Drama,Fantasy",43.0,4257,7.9
tt4052886,Lucifer,3,tt6552894,16,Infernal Guinea Pig,2018,"Crime,Drama,Fantasy",43.0,4209,8.0
tt4052886,Lucifer,3,tt6552896,17,Let Pinhead Sing!,2018,"Crime,Drama,Fantasy",43.0,4339,8.0
tt4052886,Lucifer,3,tt6552900,18,The Last Heartbreak,2018,"Crime,Drama,Fantasy",43.0,4212,8.0
tt4052886,Lucifer,3,tt6552904,19,Orange Is the New Maze,2018,"Crime,Drama,Fantasy",43.0,4273,8.2
tt4052886,Lucifer,3,tt6552906,20,The Angel of San Bernardino,2018,"Crime,Drama,Fantasy",43.0,5074,8.8
tt4052886,Lucifer,3,tt6552910,21,Anything Pierce Can Do I Can Do Better,2018,"Crime,Drama,Fantasy",43.0,4538,7.8
tt4052886,Lucifer,3,tt6552914,22,All Hands on Decker,2018,"Crime,Drama,Fantasy",43.0,4461,7.8
tt4052886,Lucifer,3,tt8253134,23,Quintessential Deckerstar,2018,"Crime,Drama,Fantasy",43.0,7847,9.3
tt4052886,Lucifer,3,tt8253126,24,A Devil of My Word,2018,"Crime,Drama,Fantasy",43.0,14912,9.7
tt4052886,Lucifer,3,tt8457974,25,Boo Normal,2018,"Crime,Drama,Fantasy",43.0,5340,7.5
tt4052886,Lucifer,3,tt8458056,26,Once Upon a Time,2018,"Crime,Drama,Fantasy",43.0,5402,7.5
tt4052886,Lucifer,4,tt8564388,1,Everything's Okay,2019,"Crime,Drama,Fantasy",49.0,7411,8.9
tt4052886,Lucifer,4,tt8565620,2,Somebody's Been Reading Dante's Inferno,2019,"Crime,Drama,Fantasy",50.0,6783,8.9
tt4052886,Lucifer,4,tt8565622,3,"O, Ye of Little Faith, Father",2019,"Crime,Drama,Fantasy",49.0,6617,9.0
tt4052886,Lucifer,4,tt8565624,4,All About Eve,2019,"Crime,Drama,Fantasy",48.0,6605,8.9
tt4052886,Lucifer,4,tt8565626,5,Expire Erect,2019,"Crime,Drama,Fantasy",50.0,6456,9.0
tt4052886,Lucifer,4,tt8565628,6,Orgy Pants to Work,2019,"Crime,Drama,Fantasy",50.0,6379,8.9
tt4052886,Lucifer,4,tt8565630,7,Devil Is as Devil Does,2019,"Crime,Drama,Fantasy",48.0,6586,9.1
tt4052886,Lucifer,4,tt8565634,8,Super Bad Boyfriend,2019,"Crime,Drama,Fantasy",51.0,6878,9.0
tt4052886,Lucifer,4,tt8565638,9,Save Lucifer,2019,"Crime,Drama,Fantasy",50.0,7772,9.4
tt4052886,Lucifer,4,tt8565640,10,Who's da New King of Hell?,2019,"Crime,Drama,Fantasy",55.0,11023,9.6
tt4052886,Lucifer,5,tt10447668,1,Really Sad Devil Guy,2020,"Crime,Drama,Fantasy",51.0,4710,8.0
tt4052886,Lucifer,5,tt10782342,2,Lucifer! Lucifer! Lucifer!,2020,"Crime,Drama,Fantasy",56.0,4450,8.4
tt4052886,Lucifer,5,tt11051084,3,¡Diablo!,2020,"Crime,Drama,Fantasy",54.0,4312,8.4
tt4052886,Lucifer,5,tt11096710,4,It Never Ends Well for the Chicken,2020,"Crime,Drama,Fantasy",55.0,5688,6.4
tt4052886,Lucifer,5,tt11132828,5,Detective Amenadiel,2020,"Crime,Drama,Fantasy",55.0,4302,8.7
tt4052886,Lucifer,5,tt11202864,6,BlueBallz,2020,"Crime,Drama,Fantasy",56.0,4310,8.6
tt4052886,Lucifer,5,tt11284730,7,Our Mojo,2020,"Crime,Drama,Fantasy",55.0,4339,8.8
tt4052886,Lucifer,5,tt11284738,8,Spoiler Alert,2020,"Crime,Drama,Fantasy",61.0,5948,9.3
tt4052886,Lucifer,5,tt11284740,9,Family Dinner,2021,"Crime,Drama,Fantasy",55.0,3829,8.3
tt4052886,Lucifer,5,tt10519880,10,Bloody Celestial Karaoke Jam,2021,"Crime,Drama,Fantasy",60.0,5897,7.6
tt4052886,Lucifer,5,tt11284742,11,Resting Devil Face,2021,"Crime,Drama,Fantasy",53.0,3288,8.2
tt4052886,Lucifer,5,tt11284746,12,Daniel Espinoza: Naked and Afraid,2021,"Crime,Drama,Fantasy",58.0,4293,8.2
tt4052886,Lucifer,5,tt11284748,13,A Little Harmless Stalking,2021,"Crime,Drama,Fantasy",61.0,3193,8.1
tt4052886,Lucifer,5,tt11284750,14,Nothing Lasts Forever,2021,"Crime,Drama,Fantasy",59.0,3408,8.6
tt4052886,Lucifer,5,tt11284754,15,Is This Really How It's Going To End?!,2021,"Crime,Drama,Fantasy",63.0,4549,9.2
tt4052886,Lucifer,5,tt10959182,16,A Chance at a Happy Ending,2021,"Crime,Drama,Fantasy",53,5119,9.2
tt4052886,Lucifer,6,tt12585334,1,Nothing Ever Changes Around Here,2021,"Crime,Drama,Fantasy",48.0,3288,7.6
tt4052886,Lucifer,6,tt13063432,2,Buckets of Baggage,2021,"Crime,Drama,Fantasy",56.0,3079,7.6
tt4052886,Lucifer,6,tt13063434,3,Yabba Dabba Do Me,2021,"Crime,Drama,Fantasy",45.0,3241,8.2
tt4052886,Lucifer,6,tt13063500,4,Pin the Tail on the Daddy,2021,"Crime,Drama,Fantasy",45.0,2919,8.3
tt4052886,Lucifer,6,tt13070562,5,The Murder of Lucifer Morningstar,2021,"Crime,Drama,Fantasy",47.0,2949,8.2
tt4052886,Lucifer,6,tt13070564,6,A Lot Dirtier Than That,2021,"Crime,Drama,Fantasy",55.0,3763,7.2
tt4052886,Lucifer,6,tt13070566,7,My Best Fiend's Wedding,2021,"Crime,Drama,Fantasy",59.0,3295,7.5
tt4052886,Lucifer,6,tt13063430,8,"Save the Devil, Save the World",2021,"Crime,Drama,Fantasy",56.0,3104,8.2
tt4052886,Lucifer,6,tt13070570,9,"Goodbye, Lucifer",2021,"Crime,Drama,Fantasy",66.0,3950,8.9
tt4052886,Lucifer,6,tt13070572,10,Partners 'Til the End,2021,"Crime,Drama,Fantasy",53.0,5961,8.5
tt0804503,Mad Men,1,tt1059578,1,Smoke Gets in Your Eyes,2007,Drama,49.0,5804,8.1
tt0804503,Mad Men,1,tt1049715,2,Ladies Room,2007,Drama,47.0,4340,7.5
tt0804503,Mad Men,1,tt1049716,3,Marriage of Figaro,2007,Drama,45.0,4040,7.6
tt0804503,Mad Men,1,tt1040713,4,New Amsterdam,2007,Drama,46.0,3821,7.9
tt0804503,Mad Men,1,tt1097127,5,5G,2007,Drama,49,3746,8.1
tt0804503,Mad Men,1,tt1042049,6,Babylon,2007,Drama,47.0,3679,7.9
tt0804503,Mad Men,1,tt1050979,7,Red in the Face,2007,Drama,46.0,3510,8.1
tt0804503,Mad Men,1,tt1097128,8,The Hobo Code,2007,Drama,47,3645,8.3
tt0804503,Mad Men,1,tt1097298,9,Shoot,2007,Drama,46.0,3489,8.2
tt0804503,Mad Men,1,tt1094472,10,Long Weekend,2007,Drama,46,3383,8.2
tt0804503,Mad Men,1,tt1108366,11,Indian Summer,2007,Drama,46.0,3223,8.1
tt0804503,Mad Men,1,tt1102103,12,Nixon vs. Kennedy,2007,Drama,46.0,3964,9.0
tt0804503,Mad Men,1,tt1105057,13,The Wheel,2007,Drama,52.0,4174,9.0
tt0804503,Mad Men,2,tt1118051,1,For Those Who Think Young,2008,Drama,48.0,3039,7.6
tt0804503,Mad Men,2,tt1118056,2,Flight 1,2008,Drama,48.0,2938,7.9
tt0804503,Mad Men,2,tt1118057,3,The Benefactor,2008,Drama,48.0,2892,7.8
tt0804503,Mad Men,2,tt1118058,4,Three Sundays,2008,Drama,48.0,2891,8.1
tt0804503,Mad Men,2,tt1118059,5,The New Girl,2008,Drama,48.0,2940,8.3
tt0804503,Mad Men,2,tt1118060,6,Maidenform,2008,Drama,48.0,2805,7.9
tt0804503,Mad Men,2,tt1118061,7,The Gold Violin,2008,Drama,48.0,2899,8.4
tt0804503,Mad Men,2,tt1118062,8,A Night to Remember,2008,Drama,48.0,2847,8.3
tt0804503,Mad Men,2,tt1118063,9,Six Month Leave,2008,Drama,48.0,2890,8.5
tt0804503,Mad Men,2,tt1118052,10,The Inheritance,2008,Drama,48.0,2717,7.9
tt0804503,Mad Men,2,tt1118053,11,The Jet Set,2008,Drama,60.0,3013,8.3
tt0804503,Mad Men,2,tt1118054,12,The Mountain King,2008,Drama,48.0,2906,8.5
tt0804503,Mad Men,2,tt1118055,13,Meditations in an Emergency,2008,Drama,48.0,3177,8.9
tt0804503,Mad Men,3,tt1439792,1,Out of Town,2009,Drama,60.0,2788,8.2
tt0804503,Mad Men,3,tt1449612,2,Love Among the Ruins,2009,Drama,50.0,2593,7.8
tt0804503,Mad Men,3,tt1484415,3,My Old Kentucky Home,2009,Drama,50.0,2769,8.1
tt0804503,Mad Men,3,tt1484416,4,The Arrangements,2009,Drama,60.0,2592,8.0
tt0804503,Mad Men,3,tt1484417,5,The Fog,2009,Drama,60.0,2614,8.0
tt0804503,Mad Men,3,tt1484435,6,Guy Walks Into an Advertising Agency,2009,Drama,60.0,3546,9.1
tt0804503,Mad Men,3,tt1472778,7,Seven Twenty Three,2009,Drama,60.0,2682,8.4
tt0804503,Mad Men,3,tt1484662,8,Souvenir,2009,Drama,60.0,2562,7.9
tt0804503,Mad Men,3,tt1484663,9,Wee Small Hours,2009,Drama,60.0,2527,8.2
tt0804503,Mad Men,3,tt1484249,10,The Color Blue,2009,Drama,60.0,2586,8.3
tt0804503,Mad Men,3,tt1484250,11,The Gypsy and the Hobo,2009,Drama,60.0,3504,9.2
tt0804503,Mad Men,3,tt1484251,12,The Grown-Ups,2009,Drama,60.0,3000,8.9
tt0804503,Mad Men,3,tt1484414,13,Shut the Door. Have a Seat,2009,Drama,60.0,5476,9.7
tt0804503,Mad Men,4,tt1615656,1,Public Relations,2010,Drama,48.0,2859,8.5
tt0804503,Mad Men,4,tt1615661,2,Christmas Comes But Once a Year,2010,Drama,48.0,2578,8.2
tt0804503,Mad Men,4,tt1615662,3,The Good News,2010,Drama,48.0,2839,8.7
tt0804503,Mad Men,4,tt1615663,4,The Rejected,2010,Drama,48.0,2550,8.2
tt0804503,Mad Men,4,tt1615664,5,The Chrysanthemum and the Sword,2010,Drama,48.0,2678,8.6
tt0804503,Mad Men,4,tt1615665,6,Waldorf Stories,2010,Drama,48.0,2702,8.6
tt0804503,Mad Men,4,tt1615666,7,The Suitcase,2010,Drama,48.0,6860,9.7
tt0804503,Mad Men,4,tt1615667,8,The Summer Man,2010,Drama,48.0,2792,8.6
tt0804503,Mad Men,4,tt1615668,9,The Beautiful Girls,2010,Drama,48.0,2820,8.8
tt0804503,Mad Men,4,tt1615657,10,Hands and Knees,2010,Drama,48.0,2568,8.7
tt0804503,Mad Men,4,tt1615658,11,Chinese Wall,2010,Drama,48.0,2396,8.3
tt0804503,Mad Men,4,tt1615659,12,Blowing Smoke,2010,Drama,48.0,2619,8.8
tt0804503,Mad Men,4,tt1615660,13,Tomorrowland,2010,Drama,48.0,3021,9.0
tt0804503,Mad Men,5,tt2048448,1,"A Little Kiss, Part 1",2012,Drama,48.0,2910,8.5
tt0804503,Mad Men,5,tt2049168,2,"A Little Kiss, Part 2",2012,Drama,47.0,2616,8.5
tt0804503,Mad Men,5,tt2049169,3,Tea Leaves,2012,Drama,48.0,2491,7.8
tt0804503,Mad Men,5,tt2049170,4,Mystery Date,2012,Drama,48.0,2717,8.6
tt0804503,Mad Men,5,tt2049171,5,Signal 30,2012,Drama,48.0,3315,9.0
tt0804503,Mad Men,5,tt2049172,6,Far Away Places,2012,Drama,47.0,3610,9.1
tt0804503,Mad Men,5,tt2049173,7,At the Codfish Ball,2012,Drama,48.0,2742,8.7
tt0804503,Mad Men,5,tt2049174,8,Lady Lazarus,2012,Drama,48.0,2489,8.2
tt0804503,Mad Men,5,tt2049175,9,Dark Shadows,2012,Drama,48.0,2354,8.0
tt0804503,Mad Men,5,tt2049164,10,Christmas Waltz,2012,Drama,48.0,2464,8.2
tt0804503,Mad Men,5,tt2049165,11,The Other Woman,2012,Drama,48.0,3843,9.4
tt0804503,Mad Men,5,tt2049166,12,Commissions and Fees,2012,Drama,48.0,3679,9.4
tt0804503,Mad Men,5,tt2049167,13,The Phantom,2012,Drama,48.0,2752,8.6
tt0804503,Mad Men,6,tt2470504,1,"The Doorway, Part 1",2013,Drama,48.0,2603,7.5
tt0804503,Mad Men,6,tt2649564,2,"The Doorway, Part 2",2013,Drama,48.0,2427,7.7
tt0804503,Mad Men,6,tt2551222,3,Collaborators,2013,Drama,47.0,2360,7.8
tt0804503,Mad Men,6,tt2560864,4,To Have and to Hold,2013,Drama,48.0,2331,8.0
tt0804503,Mad Men,6,tt2717848,5,The Flood,2013,Drama,48,2456,8.2
tt0804503,Mad Men,6,tt2717850,6,For Immediate Release,2013,Drama,47,2828,8.8
tt0804503,Mad Men,6,tt2663614,7,Man with a Plan,2013,Drama,48.0,2330,7.9
tt0804503,Mad Men,6,tt2882250,8,The Crash,2013,Drama,48,3050,8.7
tt0804503,Mad Men,6,tt2882248,9,The Better Half,2013,Drama,48,2417,8.3
tt0804503,Mad Men,6,tt2939966,10,A Tale of Two Cities,2013,Drama,48.0,2269,8.1
tt0804503,Mad Men,6,tt2939964,11,Favors,2013,Drama,47.0,2561,8.7
tt0804503,Mad Men,6,tt2939970,12,The Quality of Mercy,2013,Drama,47.0,2312,8.5
tt0804503,Mad Men,6,tt2939968,13,In Care Of,2013,Drama,48.0,2965,9.1
tt0804503,Mad Men,7,tt3029774,1,Time Zones,2014,Drama,48.0,2524,7.9
tt0804503,Mad Men,7,tt3669680,2,A Day's Work,2014,Drama,45.0,2400,8.3
tt0804503,Mad Men,7,tt3678086,3,Field Trip,2014,Drama,48.0,2489,8.6
tt0804503,Mad Men,7,tt3680402,4,The Monolith,2014,Drama,48.0,2356,8.5
tt0804503,Mad Men,7,tt3709284,5,The Runaways,2014,Drama,47.0,2413,8.5
tt0804503,Mad Men,7,tt3709286,6,The Strategy,2014,Drama,47.0,2766,8.9
tt0804503,Mad Men,7,tt3740788,7,Waterloo,2014,Drama,45.0,3942,9.5
tt0804503,Mad Men,7,tt3239886,8,Severance,2015,Drama,48,2493,8.1
tt0804503,Mad Men,7,tt3868862,9,New Business,2015,Drama,47,2348,7.8
tt0804503,Mad Men,7,tt3908430,10,The Forecast,2015,Drama,47,2356,8.3
tt0804503,Mad Men,7,tt3707054,11,Time & Life,2015,Drama,47.0,2553,8.9
tt0804503,Mad Men,7,tt3908436,12,Lost Horizon,2015,Drama,47,2763,9.0
tt0804503,Mad Men,7,tt3783560,13,The Milk and Honey Route,2015,Drama,53.0,3004,9.1
tt0804503,Mad Men,7,tt3756834,14,Person to Person,2015,Drama,56.0,5014,9.3
tt5290382,Mindhunter,1,tt5534132,1,Episode #1.1,2017,"Crime,Drama,Mystery",60.0,9564,7.8
tt5290382,Mindhunter,1,tt5760298,2,Episode #1.2,2017,"Crime,Drama,Mystery",56.0,8470,8.5
tt5290382,Mindhunter,1,tt6132782,3,Episode #1.3,2017,"Crime,Drama,Mystery",45.0,7565,8.2
tt5290382,Mindhunter,1,tt6321280,4,Episode #1.4,2017,"Crime,Drama,Mystery",54.0,7173,8.2
tt5290382,Mindhunter,1,tt6321282,5,Episode #1.5,2017,"Crime,Drama,Mystery",42.0,7236,8.5
tt5290382,Mindhunter,1,tt6321284,6,Episode #1.6,2017,"Crime,Drama,Mystery",34.0,6723,7.9
tt5290382,Mindhunter,1,tt5824790,7,Episode #1.7,2017,"Crime,Drama,Mystery",52.0,6621,8.2
tt5290382,Mindhunter,1,tt5824794,8,Episode #1.8,2017,"Crime,Drama,Mystery",53.0,6528,8.1
tt5290382,Mindhunter,1,tt6113642,9,Episode #1.9,2017,"Crime,Drama,Mystery",48.0,6689,8.5
tt5290382,Mindhunter,1,tt6053616,10,Episode #1.10,2017,"Crime,Drama,Mystery",52.0,8429,9.1
tt5290382,Mindhunter,2,tt6885982,1,Episode #2.1,2019,"Crime,Drama,Mystery",48.0,6428,8.1
tt5290382,Mindhunter,2,tt7740610,2,Episode #2.2,2019,"Crime,Drama,Mystery",46.0,6120,8.6
tt5290382,Mindhunter,2,tt7995808,3,Episode #2.3,2019,"Crime,Drama,Mystery",60.0,5748,8.2
tt5290382,Mindhunter,2,tt7995810,4,Episode #2.4,2019,"Crime,Drama,Mystery",51.0,5780,8.5
tt5290382,Mindhunter,2,tt7995814,5,Episode #2.5,2019,"Crime,Drama,Mystery",71.0,6615,8.9
tt5290382,Mindhunter,2,tt7996258,6,Episode #2.6,2019,"Crime,Drama,Mystery",58.0,5211,8.1
tt5290382,Mindhunter,2,tt7996262,7,Episode #2.7,2019,"Crime,Drama,Mystery",58.0,5152,8.1
tt5290382,Mindhunter,2,tt7802830,8,Episode #2.8,2019,"Crime,Drama,Mystery",53.0,5195,8.5
tt5290382,Mindhunter,2,tt10731012,9,Episode #2.9,2019,"Crime,Drama,Mystery",73.0,6109,8.7
tt1442437,Modern Family,1,tt1444504,1,Pilot,2009,"Comedy,Drama,Romance",23.0,5341,8.2
tt1442437,Modern Family,1,tt1492032,2,The Bicycle Thief,2009,"Comedy,Drama,Romance",30.0,4422,8.1
tt1442437,Modern Family,1,tt1520618,3,Come Fly with Me,2009,"Comedy,Drama,Romance",21.0,3921,7.9
tt1442437,Modern Family,1,tt1523089,4,The Incident,2009,"Comedy,Drama,Romance",21.0,4008,8.1
tt1442437,Modern Family,1,tt1530593,5,Coal Digger,2009,"Comedy,Drama,Romance",21.0,3840,8.2
tt1442437,Modern Family,1,tt1523088,6,Run for Your Wife,2009,"Comedy,Drama,Romance",21.0,3622,7.7
tt1442437,Modern Family,1,tt1530594,7,En Garde,2009,"Comedy,Drama,Romance",20.0,3565,7.9
tt1442437,Modern Family,1,tt1530595,8,Great Expectations,2009,"Comedy,Drama,Romance",21.0,3671,7.8
tt1442437,Modern Family,1,tt1528496,9,Fizbo,2009,"Comedy,Drama,Romance",21.0,4123,8.6
tt1442437,Modern Family,1,tt1536241,10,Undeck the Halls,2009,"Comedy,Drama,Romance",21.0,3429,8.0
tt1442437,Modern Family,1,tt1536765,11,Up All Night,2010,"Comedy,Drama,Romance",21.0,3372,7.9
tt1442437,Modern Family,1,tt1581054,12,Not in My House,2010,"Comedy,Drama,Romance",21.0,3272,7.7
tt1442437,Modern Family,1,tt1569106,13,Fifteen Percent,2010,"Comedy,Drama,Romance",21.0,3339,7.9
tt1442437,Modern Family,1,tt1580159,14,Moon Landing,2010,"Comedy,Drama,Romance",21.0,3311,8.0
tt1442437,Modern Family,1,tt1583904,15,My Funky Valentine,2010,"Comedy,Drama,Romance",21.0,3734,8.6
tt1442437,Modern Family,1,tt1594366,16,Fears,2010,"Comedy,Drama,Romance",21.0,3142,7.8
tt1442437,Modern Family,1,tt1596476,17,Truth Be Told,2010,"Comedy,Drama,Romance",21.0,3153,7.8
tt1442437,Modern Family,1,tt1615677,18,Starry Night,2010,"Comedy,Drama,Romance",21.0,3145,8.0
tt1442437,Modern Family,1,tt1617483,19,Game Changer,2010,"Comedy,Drama,Romance",21.0,3106,7.8
tt1442437,Modern Family,1,tt1625484,20,Benched,2010,"Comedy,Drama,Romance",21.0,3025,7.6
tt1442437,Modern Family,1,tt1625485,21,Travels with Scout,2010,"Comedy,Drama,Romance",22.0,3047,7.7
tt1442437,Modern Family,1,tt1643884,22,Airport 2010,2010,"Comedy,Drama,Romance",21.0,3203,8.2
tt1442437,Modern Family,1,tt1643885,23,Hawaii,2010,"Comedy,Drama,Romance",21.0,3404,8.5
tt1442437,Modern Family,1,tt1624700,24,Family Portrait,2010,"Comedy,Drama,Romance",21.0,3486,8.6
tt1442437,Modern Family,2,tt1627460,1,The Old Wagon,2010,"Comedy,Drama,Romance",21.0,3087,7.9
tt1442437,Modern Family,2,tt1627459,2,The Kiss,2010,"Comedy,Drama,Romance",21.0,3063,8.0
tt1442437,Modern Family,2,tt1627443,3,Earthquake,2010,"Comedy,Drama,Romance",21.0,2982,7.7
tt1442437,Modern Family,2,tt1627454,4,Strangers on a Treadmill,2010,"Comedy,Drama,Romance",21.0,2908,7.9
tt1442437,Modern Family,2,tt1627461,5,Unplugged,2010,"Comedy,Drama,Romance",21.0,2993,8.1
tt1442437,Modern Family,2,tt1627464,6,Halloween,2010,"Comedy,Drama,Romance",21.0,3266,8.4
tt1442437,Modern Family,2,tt1627458,7,Chirp,2010,"Comedy,Drama,Romance",21.0,2842,7.6
tt1442437,Modern Family,2,tt1627445,8,Manny Get Your Gun,2010,"Comedy,Drama,Romance",20.0,3201,8.3
tt1442437,Modern Family,2,tt1627462,9,Mother Tucker,2010,"Comedy,Drama,Romance",21.0,2767,7.5
tt1442437,Modern Family,2,tt1779206,10,Dance Dance Revelation,2010,"Comedy,Drama,Romance",21.0,2775,7.4
tt1442437,Modern Family,2,tt1627446,11,Slow Down Your Neighbors,2011,"Comedy,Drama,Romance",21.0,3010,8.1
tt1442437,Modern Family,2,tt1627444,12,"Our Children, Ourselves",2011,"Comedy,Drama,Romance",21.0,2862,7.7
tt1442437,Modern Family,2,tt1627447,13,Caught in the Act,2011,"Comedy,Drama,Romance",21.0,4098,8.9
tt1442437,Modern Family,2,tt1627448,14,Bixby's Back,2011,"Comedy,Drama,Romance",21.0,2818,8.0
tt1442437,Modern Family,2,tt1627449,15,Princess Party,2011,"Comedy,Drama,Romance",21.0,2774,7.5
tt1442437,Modern Family,2,tt1836487,16,Regrets Only,2011,"Comedy,Drama,Romance",21.0,2799,8.0
tt1442437,Modern Family,2,tt1841231,17,Two Monkeys and a Panda,2011,"Comedy,Drama,Romance",21.0,2715,7.6
tt1442437,Modern Family,2,tt1627452,18,Boys' Night,2011,"Comedy,Drama,Romance",21.0,2885,8.2
tt1442437,Modern Family,2,tt1627453,19,The Musical Man,2011,"Comedy,Drama,Romance",21.0,2919,8.2
tt1442437,Modern Family,2,tt1627455,20,Someone to Watch Over Lily,2011,"Comedy,Drama,Romance",21.0,2685,8.0
tt1442437,Modern Family,2,tt1627456,21,Mother's Day,2011,"Comedy,Drama,Romance",21.0,2787,8.1
tt1442437,Modern Family,2,tt1627457,22,Good Cop Bad Dog,2011,"Comedy,Drama,Romance",21.0,2803,8.1
tt1442437,Modern Family,2,tt1900347,23,See You Next Fall,2011,"Comedy,Drama,Romance",21.0,2775,8.1
tt1442437,Modern Family,2,tt1900348,24,The One That Got Away,2011,"Comedy,Drama,Romance",21.0,2702,8.0
tt1442437,Modern Family,3,tt2047147,1,Dude Ranch,2011,"Comedy,Drama,Romance",21.0,2972,7.9
tt1442437,Modern Family,3,tt2044356,2,When Good Kids Go Bad,2011,"Comedy,Drama,Romance",21.0,2793,8.1
tt1442437,Modern Family,3,tt1983675,3,Phil on Wire,2011,"Comedy,Drama,Romance",21.0,2774,8.0
tt1442437,Modern Family,3,tt2065470,4,Door to Door,2011,"Comedy,Drama,Romance",21.0,2687,7.7
tt1442437,Modern Family,3,tt2064470,5,Hit and Run,2011,"Comedy,Drama,Romance",21.0,2619,7.7
tt1442437,Modern Family,3,tt2081815,6,Go Bullfrogs!,2011,"Comedy,Drama,Romance",21.0,2624,7.7
tt1442437,Modern Family,3,tt2089248,7,Treehouse,2011,"Comedy,Drama,Romance",22.0,2816,8.1
tt1442437,Modern Family,3,tt2089249,8,After the Fire,2011,"Comedy,Drama,Romance",22.0,2578,7.8
tt1442437,Modern Family,3,tt2087341,9,Punkin Chunkin,2011,"Comedy,Drama,Romance",21.0,2638,7.8
tt1442437,Modern Family,3,tt2096098,10,Express Christmas,2011,"Comedy,Drama,Romance",22.0,2746,8.0
tt1442437,Modern Family,3,tt2105660,11,Lifetime Supply,2012,"Comedy,Drama,Romance",22.0,2592,7.7
tt1442437,Modern Family,3,tt2110811,12,Egg Drop,2012,"Comedy,Drama,Romance",22.0,2531,7.6
tt1442437,Modern Family,3,tt2181257,13,Little Bo Bleep,2012,"Comedy,Drama,Romance",22.0,2934,8.4
tt1442437,Modern Family,3,tt2189485,14,Me? Jealous?,2012,"Comedy,Drama,Romance",21.0,2576,7.8
tt1442437,Modern Family,3,tt2209159,15,Aunt Mommy,2012,"Comedy,Drama,Romance",20.0,2582,8.0
tt1442437,Modern Family,3,tt2237415,16,Virgin Territory,2012,"Comedy,Drama,Romance",22.0,2585,7.7
tt1442437,Modern Family,3,tt2244103,17,Leap Day,2012,"Comedy,Drama,Romance",22.0,2653,7.9
tt1442437,Modern Family,3,tt2239817,18,Send Out the Clowns,2012,"Comedy,Drama,Romance",21.0,2527,7.4
tt1442437,Modern Family,3,tt2305713,19,Election Day,2012,"Comedy,Drama,Romance",21.0,2538,7.7
tt1442437,Modern Family,3,tt2305715,20,The Last Walt,2012,"Comedy,Drama,Romance",20.0,2453,7.5
tt1442437,Modern Family,3,tt2247703,21,"Planes, Trains and Cars",2012,"Comedy,Drama,Romance",21.0,2463,7.6
tt1442437,Modern Family,3,tt2342897,22,Disneyland,2012,"Comedy,Drama,Romance",21.0,2656,8.1
tt1442437,Modern Family,3,tt2303805,23,Tableau Vivant,2012,"Comedy,Drama,Romance",20.0,2470,7.9
tt1442437,Modern Family,3,tt2358075,24,Baby on Board,2012,"Comedy,Drama,Romance",20.0,2889,8.6
tt1442437,Modern Family,4,tt2397171,1,Bringing Up Baby,2012,"Comedy,Drama,Romance",22.0,2897,8.2
tt1442437,Modern Family,4,tt2360776,2,Schooled,2012,"Comedy,Drama,Romance",22.0,3171,8.6
tt1442437,Modern Family,4,tt2362724,3,Snip,2012,"Comedy,Drama,Romance",22.0,2495,7.9
tt1442437,Modern Family,4,tt2404438,4,The Butler's Escape,2012,"Comedy,Drama,Romance",22.0,2421,7.6
tt1442437,Modern Family,4,tt2393824,5,Open House of Horrors,2012,"Comedy,Drama,Romance",21.0,2532,7.9
tt1442437,Modern Family,4,tt2488642,6,Yard Sale,2012,"Comedy,Drama,Romance",21.0,2455,7.7
tt1442437,Modern Family,4,tt2488644,7,Arrested,2012,"Comedy,Drama,Romance",22.0,2740,8.4
tt1442437,Modern Family,4,tt2488652,8,Mistery Date,2012,"Comedy,Drama,Romance",22.0,2633,8.2
tt1442437,Modern Family,4,tt2459378,9,When a Tree Falls,2012,"Comedy,Drama,Romance",22.0,2419,7.6
tt1442437,Modern Family,4,tt2543110,10,Diamond in the Rough,2012,"Comedy,Drama,Romance",22.0,2416,7.7
tt1442437,Modern Family,4,tt2586840,11,New Year's Eve,2013,"Comedy,Drama,Romance",22.0,2499,8.0
tt1442437,Modern Family,4,tt2507294,12,Party Crasher,2013,"Comedy,Drama,Romance",22.0,2767,8.4
tt1442437,Modern Family,4,tt2517458,13,Fulgencio,2013,"Comedy,Drama,Romance",22.0,4505,8.9
tt1442437,Modern Family,4,tt2568884,14,A Slight at the Opera,2013,"Comedy,Drama,Romance",22.0,2370,7.5
tt1442437,Modern Family,4,tt2691640,15,Heart Broken,2013,"Comedy,Drama,Romance",22.0,2336,7.7
tt1442437,Modern Family,4,tt2708166,16,Bad Hair Day,2013,"Comedy,Drama,Romance",22,2328,7.3
tt1442437,Modern Family,4,tt2573094,17,Best Men,2013,"Comedy,Drama,Romance",22.0,2482,8.0
tt1442437,Modern Family,4,tt2586848,18,The Wow Factor,2013,"Comedy,Drama,Romance",22.0,2324,7.6
tt1442437,Modern Family,4,tt2799086,19,The Future Dunphys,2013,"Comedy,Drama,Romance",22.0,2471,7.9
tt1442437,Modern Family,4,tt2799078,20,Flip Flop,2013,"Comedy,Drama,Romance",22.0,2317,7.7
tt1442437,Modern Family,4,tt2716564,21,Career Day,2013,"Comedy,Drama,Romance",22,2255,7.5
tt1442437,Modern Family,4,tt2720510,22,My Hero,2013,"Comedy,Drama,Romance",22,2335,7.8
tt1442437,Modern Family,4,tt2814070,23,Games People Play,2013,"Comedy,Drama,Romance",22.0,2274,7.7
tt1442437,Modern Family,4,tt2770826,24,Goodnight Gracie,2013,"Comedy,Drama,Romance",22,2633,8.2
tt1442437,Modern Family,5,tt2911820,1,"Suddenly, Last Summer",2013,"Comedy,Drama,Romance",22,2717,8.1
tt1442437,Modern Family,5,tt3116354,2,First Days,2013,"Comedy,Drama,Romance",21.0,2450,7.7
tt1442437,Modern Family,5,tt3172360,3,Larry's Wife,2013,"Comedy,Drama,Romance",22,2349,7.5
tt1442437,Modern Family,5,tt3183992,4,Farm Strong,2013,"Comedy,Drama,Romance",21,2339,7.7
tt1442437,Modern Family,5,tt3237940,5,The Late Show,2013,"Comedy,Drama,Romance",21,2555,8.1
tt1442437,Modern Family,5,tt3267504,6,The Help,2013,"Comedy,Drama,Romance",22,2362,7.6
tt1442437,Modern Family,5,tt3292104,7,A Fair to Remember,2013,"Comedy,Drama,Romance",22,2540,7.8
tt1442437,Modern Family,5,tt3293410,8,ClosetCon '13,2013,"Comedy,Drama,Romance",21,2348,7.6
tt1442437,Modern Family,5,tt3266712,9,The Big Game,2013,"Comedy,Drama,Romance",21,2256,7.5
tt1442437,Modern Family,5,tt3335562,10,The Old Man & the Tree,2013,"Comedy,Drama,Romance",21.0,2330,7.8
tt1442437,Modern Family,5,tt3344996,11,And One to Grow On,2014,"Comedy,Drama,Romance",21.0,2239,7.5
tt1442437,Modern Family,5,tt3328416,12,Under Pressure,2014,"Comedy,Drama,Romance",22.0,2816,8.4
tt1442437,Modern Family,5,tt3410062,13,Three Dinners,2014,"Comedy,Drama,Romance",21.0,2429,8.0
tt1442437,Modern Family,5,tt3410066,14,iSpy,2014,"Comedy,Drama,Romance",21.0,2332,7.9
tt1442437,Modern Family,5,tt3508790,15,The Feud,2014,"Comedy,Drama,Romance",21.0,2290,7.6
tt1442437,Modern Family,5,tt3508794,16,Spring-A-Ding-Fling,2014,"Comedy,Drama,Romance",21.0,2249,7.6
tt1442437,Modern Family,5,tt3508792,17,Other People's Children,2014,"Comedy,Drama,Romance",22.0,2255,7.8
tt1442437,Modern Family,5,tt3508788,18,Las Vegas,2014,"Comedy,Drama,Romance",21.0,5034,9.2
tt1442437,Modern Family,5,tt3508796,19,A Hard Jay's Night,2014,"Comedy,Drama,Romance",21.0,2236,7.7
tt1442437,Modern Family,5,tt3675476,20,Australia,2014,"Comedy,Drama,Romance",22.0,2499,8.1
tt1442437,Modern Family,5,tt3684710,21,Sleeper,2014,"Comedy,Drama,Romance",21.0,2160,7.5
tt1442437,Modern Family,5,tt3684716,22,Message Received,2014,"Comedy,Drama,Romance",22.0,2317,8.2
tt1442437,Modern Family,5,tt3588986,23,"The Wedding, Part 1",2014,"Comedy,Drama,Romance",22.0,2401,8.2
tt1442437,Modern Family,5,tt3687550,24,"The Wedding, Part 2",2014,"Comedy,Drama,Romance",21.0,2874,8.6
tt1442437,Modern Family,6,tt3722370,1,The Long Honeymoon,2014,"Comedy,Drama,Romance",21.0,2528,7.9
tt1442437,Modern Family,6,tt4063326,2,Don't Push,2014,"Comedy,Drama,Romance",22.0,2385,7.9
tt1442437,Modern Family,6,tt4071558,3,The Cold,2014,"Comedy,Drama,Romance",22.0,2291,7.8
tt1442437,Modern Family,6,tt4085200,4,Marco Polo,2014,"Comedy,Drama,Romance",22.0,2317,7.8
tt1442437,Modern Family,6,tt4102996,5,Won't You Be Our Neighbor,2014,"Comedy,Drama,Romance",22.0,2301,7.8
tt1442437,Modern Family,6,tt4132862,6,Halloween 3: AwesomeLand,2014,"Comedy,Drama,Romance",22.0,2262,7.5
tt1442437,Modern Family,6,tt4166966,7,"Queer Eyes, Full Hearts",2014,"Comedy,Drama,Romance",21.0,2333,8.0
tt1442437,Modern Family,6,tt4106068,8,Three Turkeys,2014,"Comedy,Drama,Romance",21.0,2579,8.3
tt1442437,Modern Family,6,tt4203910,9,Strangers in the Night,2014,"Comedy,Drama,Romance",21.0,2228,7.5
tt1442437,Modern Family,6,tt4241440,10,Haley's 21st Birthday,2014,"Comedy,Drama,Romance",21.0,2317,8.0
tt1442437,Modern Family,6,tt4303618,11,The Day We Almost Died,2015,"Comedy,Drama,Romance",22.0,2671,8.3
tt1442437,Modern Family,6,tt4303620,12,The Big Guns,2015,"Comedy,Drama,Romance",21.0,2221,7.6
tt1442437,Modern Family,6,tt4389738,13,Rash Decisions,2015,"Comedy,Drama,Romance",22.0,2181,7.5
tt1442437,Modern Family,6,tt4389740,14,Valentine's Day 4: Twisted Sister,2015,"Comedy,Drama,Romance",22.0,2224,7.7
tt1442437,Modern Family,6,tt4389742,15,Fight or Flight,2015,"Comedy,Drama,Romance",21.0,2271,7.8
tt1442437,Modern Family,6,tt4389744,16,Connection Lost,2015,"Comedy,Drama,Romance",22.0,9017,9.5
tt1442437,Modern Family,6,tt4454724,17,Closet? You'll Love It!,2015,"Comedy,Drama,Romance",22.0,2279,7.8
tt1442437,Modern Family,6,tt4464076,18,Spring Break,2015,"Comedy,Drama,Romance",21.0,2147,7.3
tt1442437,Modern Family,6,tt4464078,19,"Grill, Interrupted",2015,"Comedy,Drama,Romance",22.0,2139,7.6
tt1442437,Modern Family,6,tt4454702,20,Knock 'Em Down,2015,"Comedy,Drama,Romance",21.0,2231,8.1
tt1442437,Modern Family,6,tt4464080,21,Integrity,2015,"Comedy,Drama,Romance",22.0,2053,7.6
tt1442437,Modern Family,6,tt4464088,22,Patriot Games,2015,"Comedy,Drama,Romance",21.0,2158,7.9
tt1442437,Modern Family,6,tt4464092,23,Crying Out Loud,2015,"Comedy,Drama,Romance",22.0,2218,8.2
tt1442437,Modern Family,6,tt4464094,24,American Skyper,2015,"Comedy,Drama,Romance",21.0,2822,8.7
tt1442437,Modern Family,7,tt4695160,1,Summer Lovin',2015,"Comedy,Drama,Romance",22.0,2288,7.7
tt1442437,Modern Family,7,tt4941946,2,The Day Alex Left for College,2015,"Comedy,Drama,Romance",22.0,2159,7.6
tt1442437,Modern Family,7,tt5056418,3,The Closet Case,2015,"Comedy,Drama,Romance",22.0,2089,7.7
tt1442437,Modern Family,7,tt5015956,4,She Crazy,2015,"Comedy,Drama,Romance",22.0,2095,7.6
tt1442437,Modern Family,7,tt5115000,5,The Verdict,2015,"Comedy,Drama,Romance",22.0,2039,7.4
tt1442437,Modern Family,7,tt5143558,6,The More You Ignore Me,2015,"Comedy,Drama,Romance",21.0,1966,7.4
tt1442437,Modern Family,7,tt5143564,7,"Phil's Sexy, Sexy House",2015,"Comedy,Drama,Romance",21.0,2736,8.6
tt1442437,Modern Family,7,tt5197990,8,Clean Out Your Junk Drawer,2015,"Comedy,Drama,Romance",21.0,2383,7.9
tt1442437,Modern Family,7,tt5209922,9,White Christmas,2015,"Comedy,Drama,Romance",21.0,2347,8.3
tt1442437,Modern Family,7,tt5042714,10,Playdates,2016,"Comedy,Drama,Romance",21.0,2058,7.6
tt1442437,Modern Family,7,tt5042722,11,Spread Your Wings,2016,"Comedy,Drama,Romance",21.0,2157,7.9
tt1442437,Modern Family,7,tt5200458,12,Clean for a Day,2016,"Comedy,Drama,Romance",21.0,1941,7.4
tt1442437,Modern Family,7,tt5244906,13,Thunk in the Trunk,2016,"Comedy,Drama,Romance",21.0,1984,7.5
tt1442437,Modern Family,7,tt5259588,14,The Storm,2016,"Comedy,Drama,Romance",21.0,2184,8.1
tt1442437,Modern Family,7,tt5265080,15,I Don't Know How She Does It,2016,"Comedy,Drama,Romance",21.0,1935,7.6
tt1442437,Modern Family,7,tt5357382,16,The Cover-Up,2016,"Comedy,Drama,Romance",21.0,2052,8.0
tt1442437,Modern Family,7,tt5357386,17,Express Yourself,2016,"Comedy,Drama,Romance",21.0,1919,7.6
tt1442437,Modern Family,7,tt5357390,18,The Party,2016,"Comedy,Drama,Romance",21.0,2632,8.6
tt1442437,Modern Family,7,tt5357396,19,Man Shouldn't Lie,2016,"Comedy,Drama,Romance",21.0,1970,7.6
tt1442437,Modern Family,7,tt5357398,20,Promposal,2016,"Comedy,Drama,Romance",21.0,1881,7.4
tt1442437,Modern Family,7,tt5357400,21,Crazy Train,2016,"Comedy,Drama,Romance",21.0,2080,8.0
tt1442437,Modern Family,7,tt5357406,22,Double Click,2016,"Comedy,Drama,Romance",21.0,2049,8.1
tt1442437,Modern Family,8,tt5530750,1,A Tale of Three Cities,2016,"Comedy,Drama,Romance",21.0,2247,8.1
tt1442437,Modern Family,8,tt5357404,2,A Stereotypical Day,2016,"Comedy,Drama,Romance",21.0,1980,7.5
tt1442437,Modern Family,8,tt5042724,3,Blindsided,2016,"Comedy,Drama,Romance",21.0,1888,7.4
tt1442437,Modern Family,8,tt6014414,4,Weathering Heights,2016,"Comedy,Drama,Romance",21.0,1857,7.5
tt1442437,Modern Family,8,tt6074728,5,Halloween 4: The Revenge of Rod Skyhook,2016,"Comedy,Drama,Romance",21.0,1934,7.6
tt1442437,Modern Family,8,tt6074546,6,Grab It,2016,"Comedy,Drama,Romance",21.0,1830,7.2
tt1442437,Modern Family,8,tt6184702,7,Thanksgiving Jamboree,2016,"Comedy,Drama,Romance",21.0,1878,7.3
tt1442437,Modern Family,8,tt6189510,8,The Alliance,2016,"Comedy,Drama,Romance",21.0,2473,8.4
tt1442437,Modern Family,8,tt6254222,9,Snow Ball,2016,"Comedy,Drama,Romance",21.0,1823,7.3
tt1442437,Modern Family,8,tt6199718,10,Ringmaster Keifth,2017,"Comedy,Drama,Romance",21.0,1843,7.4
tt1442437,Modern Family,8,tt6300118,11,Sarge & Pea,2017,"Comedy,Drama,Romance",21.0,1796,7.2
tt1442437,Modern Family,8,tt6300120,12,Do You Believe in Magic,2017,"Comedy,Drama,Romance",21.0,1858,7.7
tt1442437,Modern Family,8,tt6264670,13,Do It Yourself,2017,"Comedy,Drama,Romance",20.0,1717,7.3
tt1442437,Modern Family,8,tt6320554,14,Heavy Is the Head,2017,"Comedy,Drama,Romance",21.0,1686,7.1
tt1442437,Modern Family,8,tt6412096,15,Finding Fizbo,2017,"Comedy,Drama,Romance",21.0,1723,6.8
tt1442437,Modern Family,8,tt6412100,16,Basketball,2017,"Comedy,Drama,Romance",21.0,1730,7.2
tt1442437,Modern Family,8,tt6421476,17,Pig Moon Rising,2017,"Comedy,Drama,Romance",21.0,1762,7.6
tt1442437,Modern Family,8,tt6421472,18,Five Minutes,2017,"Comedy,Drama,Romance",21.0,2087,7.6
tt1442437,Modern Family,8,tt6421474,19,Frank's Wedding,2017,"Comedy,Drama,Romance",21.0,1759,7.4
tt1442437,Modern Family,8,tt6421480,20,All Things Being Equal,2017,"Comedy,Drama,Romance",21.0,2162,6.4
tt1442437,Modern Family,8,tt6421484,21,Alone Time,2017,"Comedy,Drama,Romance",21.0,1750,7.6
tt1442437,Modern Family,8,tt5915114,22,The Graduates,2017,"Comedy,Drama,Romance",21.0,1804,7.8
tt1442437,Modern Family,9,tt6876608,1,Lake Life,2017,"Comedy,Drama,Romance",21.0,2344,7.9
tt1442437,Modern Family,9,tt7339924,2,The Long Goodbye,2017,"Comedy,Drama,Romance",21.0,1778,7.3
tt1442437,Modern Family,9,tt7339922,3,Catch of the Day,2017,"Comedy,Drama,Romance",21.0,1704,7.4
tt1442437,Modern Family,9,tt7459358,4,"Sex, Lies & Kickball",2017,"Comedy,Drama,Romance",21.0,1716,7.1
tt1442437,Modern Family,9,tt7476576,5,"It's the Great Pumpkin, Phil Dunphy",2017,"Comedy,Drama,Romance",21.0,1677,7.2
tt1442437,Modern Family,9,tt7514012,6,Ten Years Later,2017,"Comedy,Drama,Romance",21.0,1701,7.2
tt1442437,Modern Family,9,tt7569884,7,Winner Winner Turkey Dinner,2017,"Comedy,Drama,Romance",21.0,1761,7.6
tt1442437,Modern Family,9,tt7578286,8,Brushes with Celebrity,2017,"Comedy,Drama,Romance",21.0,1798,7.3
tt1442437,Modern Family,9,tt7656366,9,Tough Love,2017,"Comedy,Drama,Romance",21.0,1609,7.2
tt1442437,Modern Family,9,tt7671206,10,No Small Feet,2017,"Comedy,Drama,Romance",21.0,1611,7.1
tt1442437,Modern Family,9,tt7740568,11,"He Said, She Shed",2018,"Comedy,Drama,Romance",21.0,1586,7.1
tt1442437,Modern Family,9,tt7768278,12,Dear Beloved Family,2018,"Comedy,Drama,Romance",21.0,1656,7.4
tt1442437,Modern Family,9,tt7768276,13,In Your Head,2018,"Comedy,Drama,Romance",21.0,1714,7.3
tt1442437,Modern Family,9,tt7781868,14,Written in the Stars,2018,"Comedy,Drama,Romance",21.0,1680,7.5
tt1442437,Modern Family,9,tt7822362,15,Spanks for the Memories,2018,"Comedy,Drama,Romance",21.0,1602,6.9
tt1442437,Modern Family,9,tt7822374,16,Wine Weekend,2018,"Comedy,Drama,Romance",21.0,1735,7.5
tt1442437,Modern Family,9,tt7822378,17,Royal Visit,2018,"Comedy,Drama,Romance",21.0,1559,7.2
tt1442437,Modern Family,9,tt7822380,18,Daddy Issues,2018,"Comedy,Drama,Romance",21.0,1842,8.1
tt1442437,Modern Family,9,tt7822384,19,CHiPs and Salsa,2018,"Comedy,Drama,Romance",21.0,1535,6.9
tt1442437,Modern Family,9,tt7822370,20,Mother!,2018,"Comedy,Drama,Romance",21.0,1610,7.4
tt1442437,Modern Family,9,tt7822366,21,The Escape,2018,"Comedy,Drama,Romance",21.0,1592,7.6
tt1442437,Modern Family,9,tt6876612,22,Clash of Swords,2018,"Comedy,Drama,Romance",21.0,1598,6.8
tt1442437,Modern Family,10,tt6876616,1,I Love a Parade,2018,"Comedy,Drama,Romance",21.0,1818,6.7
tt1442437,Modern Family,10,tt8428516,2,Kiss and Tell,2018,"Comedy,Drama,Romance",21.0,1885,7.9
tt1442437,Modern Family,10,tt8428520,3,A Sketchy Area,2018,"Comedy,Drama,Romance",21.0,1696,7.2
tt1442437,Modern Family,10,tt8428522,4,Torn Between Two Lovers,2018,"Comedy,Drama,Romance",21.0,1713,7.3
tt1442437,Modern Family,10,tt8428526,5,Good Grief,2018,"Comedy,Drama,Romance",21.0,1777,7.3
tt1442437,Modern Family,10,tt8428530,6,On the Same Paige,2018,"Comedy,Drama,Romance",21.0,1628,7.4
tt1442437,Modern Family,10,tt8428610,7,Did the Chicken Cross the Road?,2018,"Comedy,Drama,Romance",21.0,1545,7.4
tt1442437,Modern Family,10,tt8428532,8,Kids These Days,2018,"Comedy,Drama,Romance",21.0,1573,7.2
tt1442437,Modern Family,10,tt8428548,9,Putting Down Roots,2018,"Comedy,Drama,Romance",21.0,1526,7.4
tt1442437,Modern Family,10,tt8428534,10,Stuck in a Moment,2018,"Comedy,Drama,Romance",21.0,1555,7.5
tt1442437,Modern Family,10,tt8428554,11,A Moving Day,2019,"Comedy,Drama,Romance",21.0,1494,7.0
tt1442437,Modern Family,10,tt8428562,12,Blasts from the Past,2019,"Comedy,Drama,Romance",21.0,1503,6.7
tt1442437,Modern Family,10,tt8428572,13,Whanex?,2019,"Comedy,Drama,Romance",21.0,1469,6.8
tt1442437,Modern Family,10,tt8428576,14,We Need to Talk About Lily,2019,"Comedy,Drama,Romance",21.0,1509,7.3
tt1442437,Modern Family,10,tt8428590,15,SuperShowerBabyBowl,2019,"Comedy,Drama,Romance",21.0,1470,7.3
tt1442437,Modern Family,10,tt8428602,16,Red Alert,2019,"Comedy,Drama,Romance",21.0,1483,6.9
tt1442437,Modern Family,10,tt8428622,17,The Wild,2019,"Comedy,Drama,Romance",21.0,1544,7.2
tt1442437,Modern Family,10,tt8428626,18,Stand by Your Man,2019,"Comedy,Drama,Romance",21.0,1453,7.2
tt1442437,Modern Family,10,tt8428632,19,Yes-Woman,2019,"Comedy,Drama,Romance",21.0,1544,7.5
tt1442437,Modern Family,10,tt8428638,20,Can't Elope,2019,"Comedy,Drama,Romance",21.0,1596,7.9
tt1442437,Modern Family,10,tt8428648,21,Commencement,2019,"Comedy,Drama,Romance",21.0,1504,7.2
tt1442437,Modern Family,10,tt6876620,22,A Year of Birthdays,2019,"Comedy,Drama,Romance",21.0,2064,8.6
tt1442437,Modern Family,11,tt9728344,1,New Kids on the Block,2019,"Comedy,Drama,Romance",21,1771,6.6
tt1442437,Modern Family,11,tt10815674,2,Snapped,2019,"Comedy,Drama,Romance",21.0,1629,7.3
tt1442437,Modern Family,11,tt10851244,3,Perfect Pairs,2019,"Comedy,Drama,Romance",21.0,1520,7.2
tt1442437,Modern Family,11,tt10926374,4,Pool Party,2019,"Comedy,Drama,Romance",21,1534,7.1
tt1442437,Modern Family,11,tt11022174,5,The Last Halloween,2019,"Comedy,Drama,Romance",21.0,1621,7.7
tt1442437,Modern Family,11,tt10964158,6,A Game of Chicken,2019,"Comedy,Drama,Romance",20,1509,6.8
tt1442437,Modern Family,11,tt11224340,7,The Last Thanksgiving,2019,"Comedy,Drama,Romance",21.0,1506,7.3
tt1442437,Modern Family,11,tt11248096,8,Tree's a Crowd,2019,"Comedy,Drama,Romance",21.0,1460,7.0
tt1442437,Modern Family,11,tt11248100,9,The Last Christmas,2019,"Comedy,Drama,Romance",20.0,1653,7.6
tt1442437,Modern Family,11,tt11248102,10,The Prescott,2020,"Comedy,Drama,Romance",21.0,2285,8.1
tt1442437,Modern Family,11,tt11248106,11,Legacy,2020,"Comedy,Drama,Romance",21.0,1799,7.7
tt1442437,Modern Family,11,tt11248108,12,Dead on a Rival,2020,"Comedy,Drama,Romance",21.0,1422,6.8
tt1442437,Modern Family,11,tt11248110,13,Paris,2020,"Comedy,Drama,Romance",21.0,1701,7.7
tt1442437,Modern Family,11,tt11248112,14,Spuds,2020,"Comedy,Drama,Romance",21.0,1571,7.6
tt1442437,Modern Family,11,tt11248114,15,Baby Steps,2020,"Comedy,Drama,Romance",21.0,1415,7.2
tt1442437,Modern Family,11,tt11248116,16,I'm Going to Miss This,2020,"Comedy,Drama,Romance",21.0,1394,7.3
tt1442437,Modern Family,11,tt11248118,17,Finale: Part 1,2020,"Comedy,Drama,Romance",43.0,1920,8.2
tt1442437,Modern Family,11,tt10584958,18,Finale: Part 2,2020,"Comedy,Drama,Romance",20.0,2617,8.6
tt6468322,Money Heist,1,tt6807344,1,Efectuar lo acordado,2017,"Action,Crime,Drama",90.0,10122,8.1
tt6468322,Money Heist,1,tt6798708,2,Imprudencias letales,2017,"Action,Crime,Drama",64.0,8669,8.2
tt6468322,Money Heist,1,tt6851488,3,Errar al disparar,2017,"Action,Crime,Drama",68.0,8055,8.1
tt6468322,Money Heist,1,tt6851490,4,Caballo de Troya,2017,"Action,Crime,Drama",69.0,7704,8.1
tt6468322,Money Heist,1,tt6851492,5,El día de la marmota,2017,"Action,Crime,Drama",72.0,7414,8.2
tt6468322,Money Heist,1,tt6851494,6,La cálida Guerra Fría,2017,"Action,Crime,Drama",78.0,7197,8.1
tt6468322,Money Heist,1,tt6851496,7,Refrigerada inestabilidad,2017,"Action,Crime,Drama",70.0,7169,8.3
tt6468322,Money Heist,1,tt6851500,8,Tú lo has buscado,2017,"Action,Crime,Drama",71.0,7010,8.1
tt6468322,Money Heist,1,tt6851502,9,El que la sigue la consigue,2017,"Action,Crime,Drama",75.0,7474,8.5
tt6468322,Money Heist,2,tt6851504,1,Se acabaron las máscaras,2017,"Action,Crime,Drama",69.0,6856,8.4
tt6468322,Money Heist,2,tt6851506,2,La cabeza del plan,2017,"Action,Crime,Drama",67.0,6603,8.3
tt6468322,Money Heist,2,tt6851508,3,Cuestión de eficacia,2017,"Action,Crime,Drama",70.0,6634,8.5
tt6468322,Money Heist,2,tt6851512,4,¿Qué hemos hecho?,2017,"Action,Crime,Drama",74.0,6694,8.6
tt6468322,Money Heist,2,tt6851516,5,A contrarreloj,2017,"Action,Crime,Drama",69.0,6830,8.6
tt6468322,Money Heist,2,tt6816492,6,Bella ciao,2017,"Action,Crime,Drama",73.0,11367,9.2
tt6468322,Money Heist,3,tt8299494,1,Hemos vuelto,2019,"Action,Crime,Drama",50.0,8591,8.0
tt6468322,Money Heist,3,tt8299496,2,Aikido,2019,"Action,Crime,Drama",41.0,7564,8.2
tt6468322,Money Heist,3,tt8299498,3,48 metros bajo el suelo,2019,"Action,Crime,Drama",49.0,7200,8.2
tt6468322,Money Heist,3,tt8299500,4,La hora del delfín,2019,"Action,Crime,Drama",43.0,6871,7.9
tt6468322,Money Heist,3,tt8299502,5,"Bum, bum, ciao",2019,"Action,Crime,Drama",49.0,7015,7.8
tt6468322,Money Heist,3,tt8299504,6,Todo pareció insignificante,2019,"Action,Crime,Drama",46.0,6813,8.1
tt6468322,Money Heist,3,tt8299506,7,Pequeñas vacaciones,2019,"Action,Crime,Drama",44.0,6950,8.2
tt6468322,Money Heist,3,tt8299508,8,La deriva,2019,"Action,Crime,Drama",57.0,14452,9.3
tt6468322,Money Heist,4,tt11312408,1,Game over,2020,"Action,Crime,Drama",52.0,7811,7.4
tt6468322,Money Heist,4,tt11410648,2,La boda de Berlín,2020,"Action,Crime,Drama",44.0,7200,7.1
tt6468322,Money Heist,4,tt11410656,3,Lección de anatomía,2020,"Action,Crime,Drama",42.0,7054,7.0
tt6468322,Money Heist,4,tt11410662,4,Suspiros de España,2020,"Action,Crime,Drama",53.0,6951,7.4
tt6468322,Money Heist,4,tt11410670,5,5 minutos antes,2020,"Action,Crime,Drama",42.0,7770,6.8
tt6468322,Money Heist,4,tt11410672,6,KO técnico,2020,"Action,Crime,Drama",45.0,7984,7.2
tt6468322,Money Heist,4,tt11410682,7,Tumbar la carpa,2020,"Action,Crime,Drama",52.0,7636,8.1
tt6468322,Money Heist,4,tt11417776,8,Plan París,2020,"Action,Crime,Drama",60.0,9173,8.2
tt6468322,Money Heist,5,tt12806954,1,El final del camino,2021,"Action,Crime,Drama",49.0,7268,7.3
tt6468322,Money Heist,5,tt14534006,2,¿Crees en la reencarnación?,2021,"Action,Crime,Drama",52.0,6940,7.0
tt6468322,Money Heist,5,tt14534008,3,El espectáculo de la vida,2021,"Action,Crime,Drama",49.0,6380,7.2
tt6468322,Money Heist,5,tt14534010,4,Tu sitio en el cielo,2021,"Action,Crime,Drama",51.0,6402,7.5
tt6468322,Money Heist,5,tt14534012,5,Vivir muchas vidas,2021,"Action,Crime,Drama",54.0,8779,8.2
tt6468322,Money Heist,5,tt14534014,6,Válvulas de escape,2021,"Action,Crime,Drama",53.0,4703,7.2
tt6468322,Money Heist,5,tt14534016,7,Ciencia ilusionada,2021,"Action,Crime,Drama",54.0,4547,7.8
tt6468322,Money Heist,5,tt14534018,8,La teoría de la elegancia,2021,"Action,Crime,Drama",50.0,4776,7.9
tt6468322,Money Heist,5,tt14534020,9,Lo que se habla en la cama,2021,"Action,Crime,Drama",52.0,5142,8.4
tt6468322,Money Heist,5,tt14534022,10,Una tradición familiar,2021,"Action,Crime,Drama",76.0,8290,8.5
tt4158110,Mr. Robot,1,tt4652838,1,eps1.0_hellofriend.mov,2015,"Crime,Drama,Thriller",62.0,20090,9.2
tt4158110,Mr. Robot,1,tt4686038,2,eps1.1_ones-and-zer0es.mpeg,2015,"Crime,Drama,Thriller",48.0,14053,8.5
tt4158110,Mr. Robot,1,tt4730002,3,eps1.2_d3bug.mkv,2015,"Crime,Drama,Thriller",46.0,12610,8.1
tt4158110,Mr. Robot,1,tt4659980,4,eps1.3_da3m0ns.mp4,2015,"Crime,Drama,Thriller",46.0,12899,7.9
tt4158110,Mr. Robot,1,tt4730012,5,eps1.4_3xpl0its.wmv,2015,"Crime,Drama,Thriller",45.0,11356,8.4
tt4158110,Mr. Robot,1,tt4730014,6,eps1.5_br4ve-trave1er.asf,2015,"Crime,Drama,Thriller",45.0,13538,9.1
tt4158110,Mr. Robot,1,tt4730018,7,eps1.6_v1ew-s0urce.flv,2015,"Crime,Drama,Thriller",45.0,10782,8.4
tt4158110,Mr. Robot,1,tt4730026,8,eps1.7_wh1ter0se.m4v,2015,"Crime,Drama,Thriller",45.0,15845,9.4
tt4158110,Mr. Robot,1,tt4799588,9,eps1.8_m1rr0r1ng.qt,2015,"Crime,Drama,Thriller",49.0,13233,9.2
tt4158110,Mr. Robot,1,tt4652854,10,eps1.9_zer0-day.avi,2015,"Crime,Drama,Thriller",54.0,11594,8.7
tt4158110,Mr. Robot,2,tt4901088,1,eps2.0_unm4sk-pt1.tc,2016,"Crime,Drama,Thriller",41.0,9189,8.1
tt4158110,Mr. Robot,2,tt5342606,2,eps2.0_unm4sk-pt2.tc,2016,"Crime,Drama,Thriller",42.0,8593,8.1
tt4158110,Mr. Robot,2,tt5344704,3,eps2.1_k3rnel-pan1c.ksd,2016,"Crime,Drama,Thriller",63.0,8388,8.3
tt4158110,Mr. Robot,2,tt5344766,4,eps2.2_init_1.asec,2016,"Crime,Drama,Thriller",65.0,7935,8.2
tt4158110,Mr. Robot,2,tt5344796,5,eps2.3_logic-b0mb.hc,2016,"Crime,Drama,Thriller",51.0,8141,8.8
tt4158110,Mr. Robot,2,tt5345894,6,eps2.4_m4ster-s1ave.aes,2016,"Crime,Drama,Thriller",50.0,9484,9.0
tt4158110,Mr. Robot,2,tt5347278,7,eps2.5_h4ndshake.sme,2016,"Crime,Drama,Thriller",49.0,9794,9.2
tt4158110,Mr. Robot,2,tt5347318,8,eps2.6_succ3ss0r.p12,2016,"Crime,Drama,Thriller",46.0,7330,8.5
tt4158110,Mr. Robot,2,tt5347322,9,eps2.7_init_5.fve,2016,"Crime,Drama,Thriller",49.0,7110,8.5
tt4158110,Mr. Robot,2,tt5347330,10,eps2.8_h1dden-pr0cess.axx,2016,"Crime,Drama,Thriller",43.0,8889,9.2
tt4158110,Mr. Robot,2,tt5831628,11,eps2.9_pyth0n-pt1.p7z,2016,"Crime,Drama,Thriller",47.0,7249,8.4
tt4158110,Mr. Robot,2,tt5831630,12,eps2.9_pyth0n-pt2.p7z,2016,"Crime,Drama,Thriller",47.0,7972,8.8
tt4158110,Mr. Robot,3,tt5970530,1,eps3.0_power-saver-mode.h,2017,"Crime,Drama,Thriller",53.0,8070,8.7
tt4158110,Mr. Robot,3,tt6633686,2,eps3.1_undo.gz,2017,"Crime,Drama,Thriller",47.0,7764,9.1
tt4158110,Mr. Robot,3,tt6633688,3,eps3.2_legacy.so,2017,"Crime,Drama,Thriller",49.0,7290,8.7
tt4158110,Mr. Robot,3,tt6633692,4,eps3.3_m3tadata.par2,2017,"Crime,Drama,Thriller",46.0,6700,8.2
tt4158110,Mr. Robot,3,tt6633696,5,eps3.4_runtime-err0r.r00,2017,"Crime,Drama,Thriller",45.0,14611,9.7
tt4158110,Mr. Robot,3,tt6635194,6,eps3.5_kill-pr0cess.inc,2017,"Crime,Drama,Thriller",45.0,12759,9.6
tt4158110,Mr. Robot,3,tt6635200,7,eps3.6_fredrick+tanya.chk,2017,"Crime,Drama,Thriller",47.0,7785,9.0
tt4158110,Mr. Robot,3,tt6635212,8,eps3.7_dont-delete-me.ko,2017,"Crime,Drama,Thriller",47.0,9450,9.1
tt4158110,Mr. Robot,3,tt6635210,9,eps3.8_stage3.torrent,2017,"Crime,Drama,Thriller",48.0,6491,8.6
tt4158110,Mr. Robot,3,tt6633682,10,shutdown -r,2017,"Crime,Drama,Thriller",57.0,10711,9.5
tt4158110,Mr. Robot,4,tt7748418,1,401 Unauthorized,2019,"Crime,Drama,Thriller",61.0,10271,9.2
tt4158110,Mr. Robot,4,tt8084154,2,402 Payment Required,2019,"Crime,Drama,Thriller",48.0,8253,8.7
tt4158110,Mr. Robot,4,tt8084160,3,403 Forbidden,2019,"Crime,Drama,Thriller",47.0,8286,8.6
tt4158110,Mr. Robot,4,tt8084164,4,404 Not Found,2019,"Crime,Drama,Thriller",49.0,9464,8.7
tt4158110,Mr. Robot,4,tt8084166,5,405 Method Not Allowed,2019,"Crime,Drama,Thriller",49.0,16324,9.7
tt4158110,Mr. Robot,4,tt8084172,6,406 Not Acceptable,2019,"Crime,Drama,Thriller",46.0,9019,9.1
tt4158110,Mr. Robot,4,tt8084176,7,407 Proxy Authentication Required,2019,"Crime,Drama,Thriller",56.0,36974,9.9
tt4158110,Mr. Robot,4,tt8084178,8,408 Request Timeout,2019,"Crime,Drama,Thriller",44.0,9857,9.2
tt4158110,Mr. Robot,4,tt8084180,9,409 Conflict,2019,"Crime,Drama,Thriller",47.0,15808,9.7
tt4158110,Mr. Robot,4,tt8084184,10,410 Gone,2019,"Crime,Drama,Thriller",45.0,9496,8.2
tt4158110,Mr. Robot,4,tt8919312,11,eXit,2019,"Crime,Drama,Thriller",52.0,11541,9.4
tt4158110,Mr. Robot,4,tt8919318,12,whoami,2019,"Crime,Drama,Thriller",44.0,12588,9.5
tt4158110,Mr. Robot,4,tt10883092,13,"Hello, Elliot",2019,"Crime,Drama,Thriller",51,23332,9.8
tt2707408,Narcos,1,tt3591824,1,Descenso,2015,"Biography,Crime,Drama",57.0,10029,8.8
tt2707408,Narcos,1,tt3736868,2,The Sword of Simón Bolivar,2015,"Biography,Crime,Drama",46.0,7616,8.4
tt2707408,Narcos,1,tt3736866,3,The Men of Always,2015,"Biography,Crime,Drama",46.0,6972,8.4
tt2707408,Narcos,1,tt3736870,4,The Palace in Flames,2015,"Biography,Crime,Drama",44.0,6869,8.6
tt2707408,Narcos,1,tt3736874,5,There Will Be a Future,2015,"Biography,Crime,Drama",55.0,6377,8.3
tt2707408,Narcos,1,tt3736872,6,Explosivos,2015,"Biography,Crime,Drama",49.0,7118,9.0
tt2707408,Narcos,1,tt3736876,7,You Will Cry Tears of Blood,2015,"Biography,Crime,Drama",51.0,6133,8.5
tt2707408,Narcos,1,tt3736878,8,La Gran Mentira,2015,"Biography,Crime,Drama",51.0,6596,8.9
tt2707408,Narcos,1,tt3736882,9,La Catedral,2015,"Biography,Crime,Drama",51.0,6034,8.6
tt2707408,Narcos,1,tt3736880,10,Despegue,2015,"Biography,Crime,Drama",45.0,6495,8.8
tt2707408,Narcos,2,tt5011946,1,Free at Last,2016,"Biography,Crime,Drama",53.0,5660,8.3
tt2707408,Narcos,2,tt5714376,2,Cambalache,2016,"Biography,Crime,Drama",46.0,5385,8.5
tt2707408,Narcos,2,tt5714386,3,Our Man in Madrid,2016,"Biography,Crime,Drama",46.0,5271,8.6
tt2707408,Narcos,2,tt5714396,4,"The Good, the Bad, and the Dead",2016,"Biography,Crime,Drama",56.0,6923,9.3
tt2707408,Narcos,2,tt5714398,5,The Enemies of My Enemy,2016,"Biography,Crime,Drama",52.0,5031,8.5
tt2707408,Narcos,2,tt5714400,6,Los Pepes,2016,"Biography,Crime,Drama",54.0,5890,9.1
tt2707408,Narcos,2,tt5714402,7,Deutschland 93,2016,"Biography,Crime,Drama",56.0,5135,8.6
tt2707408,Narcos,2,tt5714404,8,Exit El Patrón,2016,"Biography,Crime,Drama",54.0,5116,8.7
tt2707408,Narcos,2,tt5714406,9,Nuestra Finca,2016,"Biography,Crime,Drama",56.0,5087,8.5
tt2707408,Narcos,2,tt5714408,10,Al Fin Cayó!,2016,"Biography,Crime,Drama",53.0,8231,9.4
tt2707408,Narcos,3,tt6038952,1,The Kingpin Strategy,2017,"Biography,Crime,Drama",54.0,5018,7.9
tt2707408,Narcos,3,tt6038958,2,The Cali KGB,2017,"Biography,Crime,Drama",49.0,4259,7.9
tt2707408,Narcos,3,tt6038962,3,Follow the Money,2017,"Biography,Crime,Drama",59.0,4176,8.0
tt2707408,Narcos,3,tt6038964,4,Checkmate,2017,"Biography,Crime,Drama",52.0,4500,8.9
tt2707408,Narcos,3,tt6038966,5,MRO,2017,"Biography,Crime,Drama",60.0,4081,8.4
tt2707408,Narcos,3,tt6038968,6,Best Laid Plans,2017,"Biography,Crime,Drama",57.0,4218,8.8
tt2707408,Narcos,3,tt6038970,7,Sin Salida,2017,"Biography,Crime,Drama",50.0,4294,8.9
tt2707408,Narcos,3,tt6038972,8,Convivir,2017,"Biography,Crime,Drama",51.0,4155,8.7
tt2707408,Narcos,3,tt6038974,9,Todos Los Hombres del Presidente,2017,"Biography,Crime,Drama",47.0,4968,9.3
tt2707408,Narcos,3,tt6038976,10,Going Back to Cali,2017,"Biography,Crime,Drama",50.0,4769,9.1
tt1826940,New Girl,1,tt1941258,1,Pilot,2011,"Comedy,Romance",24.0,3092,7.6
tt1826940,New Girl,1,tt2043470,2,Kryptonite,2011,"Comedy,Romance",21.0,2243,7.2
tt1826940,New Girl,1,tt2043471,3,Wedding,2011,"Comedy,Romance",22.0,2154,7.5
tt1826940,New Girl,1,tt2065492,4,Naked,2011,"Comedy,Romance",22.0,2116,7.9
tt1826940,New Girl,1,tt2043472,5,Cece Crashes,2011,"Comedy,Romance",20.0,1928,7.7
tt1826940,New Girl,1,tt2043474,6,Thanksgiving,2011,"Comedy,Romance",22.0,1915,7.7
tt1826940,New Girl,1,tt2043473,7,Bells,2011,"Comedy,Romance",22.0,1827,7.0
tt1826940,New Girl,1,tt2043476,8,Bad in Bed,2011,"Comedy,Romance",23.0,1791,7.4
tt1826940,New Girl,1,tt2125218,9,The 23rd,2011,"Comedy,Romance",22.0,1768,7.6
tt1826940,New Girl,1,tt2043466,10,The Story of the 50,2012,"Comedy,Romance",22.0,1798,7.6
tt1826940,New Girl,1,tt2043468,11,Jess & Julia,2012,"Comedy,Romance",20.0,1756,7.8
tt1826940,New Girl,1,tt2043467,12,The Landlord,2012,"Comedy,Romance",22.0,1884,8.0
tt1826940,New Girl,1,tt2043469,13,Valentine's Day,2012,"Comedy,Romance",21.0,1700,7.7
tt1826940,New Girl,1,tt2201825,14,Bully,2012,"Comedy,Romance",20.0,1575,7.3
tt1826940,New Girl,1,tt2043477,15,Injured,2012,"Comedy,Romance",22.0,1784,7.8
tt1826940,New Girl,1,tt2196901,16,Control,2012,"Comedy,Romance",22.0,1546,7.3
tt1826940,New Girl,1,tt2289125,17,Fancyman Part 1,2012,"Comedy,Romance",21.0,1644,7.8
tt1826940,New Girl,1,tt2324699,18,Fancyman Part 2,2012,"Comedy,Romance",22.0,1580,7.9
tt1826940,New Girl,1,tt2274825,19,Secrets,2012,"Comedy,Romance",21.0,1669,8.1
tt1826940,New Girl,1,tt2332173,20,Normal,2012,"Comedy,Romance",20.0,1521,7.6
tt1826940,New Girl,1,tt2344845,21,Kids,2012,"Comedy,Romance",22.0,1581,7.8
tt1826940,New Girl,1,tt2358139,22,Tomatoes,2012,"Comedy,Romance",22.0,1534,7.5
tt1826940,New Girl,1,tt2367667,23,Backslide,2012,"Comedy,Romance",22.0,1505,7.5
tt1826940,New Girl,1,tt2393167,24,See Ya,2012,"Comedy,Romance",22.0,1598,7.8
tt1826940,New Girl,2,tt2217758,1,Re-launch,2012,"Comedy,Romance",22.0,1604,7.3
tt1826940,New Girl,2,tt2217760,2,Katie,2012,"Comedy,Romance",20.0,1623,7.7
tt1826940,New Girl,2,tt2409188,3,Fluffer,2012,"Comedy,Romance",20.0,1491,7.6
tt1826940,New Girl,2,tt2367868,4,Neighbors,2012,"Comedy,Romance",20.0,1486,7.1
tt1826940,New Girl,2,tt2449072,5,Models,2012,"Comedy,Romance",20.0,1510,7.7
tt1826940,New Girl,2,tt2459178,6,Halloween,2012,"Comedy,Romance",21.0,1494,7.8
tt1826940,New Girl,2,tt2487744,7,Menzies,2012,"Comedy,Romance",20.0,1532,7.7
tt1826940,New Girl,2,tt2450694,8,Parents,2012,"Comedy,Romance",20.0,1430,7.6
tt1826940,New Girl,2,tt2516090,9,Eggs,2012,"Comedy,Romance",20.0,1396,7.5
tt1826940,New Girl,2,tt2528700,10,Bathtub,2012,"Comedy,Romance",22.0,1394,7.7
tt1826940,New Girl,2,tt2544546,11,Santa,2012,"Comedy,Romance",20.0,1532,8.1
tt1826940,New Girl,2,tt2595828,12,Cabin,2013,"Comedy,Romance",20.0,1439,7.7
tt1826940,New Girl,2,tt2608888,13,A Father's Love,2013,"Comedy,Romance",20.0,1339,7.0
tt1826940,New Girl,2,tt2623294,14,Pepperwood,2013,"Comedy,Romance",20.0,1511,7.9
tt1826940,New Girl,2,tt2636338,15,Cooler,2013,"Comedy,Romance",21.0,2780,9.1
tt1826940,New Girl,2,tt2650840,16,Table 34,2013,"Comedy,Romance",20.0,1480,8.0
tt1826940,New Girl,2,tt2675986,17,Parking Spot,2013,"Comedy,Romance",20.0,1470,8.1
tt1826940,New Girl,2,tt2651994,18,Tinfinity,2013,"Comedy,Romance",20.0,1348,7.7
tt1826940,New Girl,2,tt2738570,19,Quick Hardening Caulk,2013,"Comedy,Romance",20,1716,8.4
tt1826940,New Girl,2,tt2772150,20,Chicago,2013,"Comedy,Romance",21,1478,7.6
tt1826940,New Girl,2,tt2792628,21,First Date,2013,"Comedy,Romance",20.0,1386,7.7
tt1826940,New Girl,2,tt2734476,22,Bachelorette Party,2013,"Comedy,Romance",21,1287,7.5
tt1826940,New Girl,2,tt2846178,23,Virgins,2013,"Comedy,Romance",20,1791,8.4
tt1826940,New Girl,2,tt2802994,24,Winston's Birthday,2013,"Comedy,Romance",20.0,1392,8.0
tt1826940,New Girl,2,tt2833784,25,Elaine's Big Day,2013,"Comedy,Romance",20,1775,8.6
tt1826940,New Girl,3,tt2752714,1,All In,2013,"Comedy,Romance",21,1452,7.6
tt1826940,New Girl,3,tt3179610,2,Nerd,2013,"Comedy,Romance",21,1274,7.5
tt1826940,New Girl,3,tt3216892,3,Double Date,2013,"Comedy,Romance",21,1267,7.6
tt1826940,New Girl,3,tt3216020,4,The Captain,2013,"Comedy,Romance",21,1225,7.4
tt1826940,New Girl,3,tt3216898,5,The Box,2013,"Comedy,Romance",21,1196,7.1
tt1826940,New Girl,3,tt3251424,6,Keaton,2013,"Comedy,Romance",21,1200,7.6
tt1826940,New Girl,3,tt3216958,7,Coach,2013,"Comedy,Romance",21,1228,7.6
tt1826940,New Girl,3,tt3301670,8,Menus,2013,"Comedy,Romance",22,1165,7.3
tt1826940,New Girl,3,tt3295812,9,Longest Night Ever,2013,"Comedy,Romance",21,1156,7.4
tt1826940,New Girl,3,tt3352356,10,Thanksgiving III,2013,"Comedy,Romance",21.0,1153,7.3
tt1826940,New Girl,3,tt3323830,11,Clavado En Un Bar,2014,"Comedy,Romance",21.0,1152,7.4
tt1826940,New Girl,3,tt3460686,12,Basketsball,2014,"Comedy,Romance",22.0,1085,7.2
tt1826940,New Girl,3,tt3352334,13,Birthday,2014,"Comedy,Romance",22.0,1421,8.3
tt1826940,New Girl,3,tt3487686,14,Prince,2014,"Comedy,Romance",22.0,1992,8.6
tt1826940,New Girl,3,tt3485572,15,Exes,2014,"Comedy,Romance",21.0,1114,7.5
tt1826940,New Girl,3,tt3502694,16,Sister,2014,"Comedy,Romance",22.0,1096,7.2
tt1826940,New Girl,3,tt3546832,17,Sister II,2014,"Comedy,Romance",21,1051,7.1
tt1826940,New Girl,3,tt3546836,18,Sister III,2014,"Comedy,Romance",22,1031,7.2
tt1826940,New Girl,3,tt3565648,19,Fired Up,2014,"Comedy,Romance",22,1033,7.6
tt1826940,New Girl,3,tt3594630,20,Mars Landing,2014,"Comedy,Romance",22.0,1096,7.2
tt1826940,New Girl,3,tt3663548,21,Big News,2014,"Comedy,Romance",22.0,1058,7.5
tt1826940,New Girl,3,tt3680374,22,Dance,2014,"Comedy,Romance",21.0,1032,7.4
tt1826940,New Girl,3,tt3626422,23,Cruise,2014,"Comedy,Romance",22.0,1063,7.7
tt1826940,New Girl,4,tt3587384,1,The Last Wedding,2014,"Comedy,Romance",21.0,1181,7.6
tt1826940,New Girl,4,tt4029624,2,Dice,2014,"Comedy,Romance",21.0,1108,7.5
tt1826940,New Girl,4,tt4063176,3,Julie Berkman's Older Sister,2014,"Comedy,Romance",21.0,1050,7.2
tt1826940,New Girl,4,tt4064296,4,Micro,2014,"Comedy,Romance",21.0,1064,7.2
tt1826940,New Girl,4,tt4085018,5,Landline,2014,"Comedy,Romance",21.0,1172,7.9
tt1826940,New Girl,4,tt4085022,6,Background Check,2014,"Comedy,Romance",21.0,1854,8.7
tt1826940,New Girl,4,tt4085026,7,Goldmine,2014,"Comedy,Romance",21.0,1206,8.1
tt1826940,New Girl,4,tt4085024,8,Teachers,2014,"Comedy,Romance",21.0,1122,7.9
tt1826940,New Girl,4,tt4085028,9,Thanksgiving IV,2014,"Comedy,Romance",21.0,1140,8.1
tt1826940,New Girl,4,tt4085030,10,Girl Fight,2014,"Comedy,Romance",22.0,1019,7.6
tt1826940,New Girl,4,tt4232492,11,LAXmas,2014,"Comedy,Romance",22.0,1065,7.5
tt1826940,New Girl,4,tt4333024,12,Shark,2015,"Comedy,Romance",22.0,947,7.3
tt1826940,New Girl,4,tt4219932,13,Coming Out,2015,"Comedy,Romance",22.0,938,7.1
tt1826940,New Girl,4,tt4423176,14,Swuit,2015,"Comedy,Romance",22.0,946,7.1
tt1826940,New Girl,4,tt4273804,15,The Crawl,2015,"Comedy,Romance",22.0,1000,7.6
tt1826940,New Girl,4,tt4290752,16,Oregon,2015,"Comedy,Romance",20.0,980,7.4
tt1826940,New Girl,4,tt4479538,17,Spiderhunt,2015,"Comedy,Romance",22.0,1197,8.2
tt1826940,New Girl,4,tt4498402,18,Walk of Shame,2015,"Comedy,Romance",22.0,1013,7.4
tt1826940,New Girl,4,tt4421228,19,The Right Thing,2015,"Comedy,Romance",22.0,946,7.4
tt1826940,New Girl,4,tt4462274,20,Par 5,2015,"Comedy,Romance",22.0,956,7.3
tt1826940,New Girl,4,tt4568398,21,Panty Gate,2015,"Comedy,Romance",22.0,964,7.6
tt1826940,New Girl,4,tt4568392,22,Clean Break,2015,"Comedy,Romance",22.0,1948,9.0
tt1826940,New Girl,5,tt4568418,1,Big Mama P,2016,"Comedy,Romance",20.0,1144,7.8
tt1826940,New Girl,5,tt4625200,2,What About Fred,2016,"Comedy,Romance",23.0,977,7.2
tt1826940,New Girl,5,tt4586310,3,Jury Duty,2016,"Comedy,Romance",22.0,948,7.5
tt1826940,New Girl,5,tt4568440,4,No Girl,2016,"Comedy,Romance",21.0,981,7.3
tt1826940,New Girl,5,tt5150014,5,Bob & Carol & Nick & Schmidt,2016,"Comedy,Romance",21.0,973,7.3
tt1826940,New Girl,5,tt5039226,6,Reagan,2016,"Comedy,Romance",21.0,1109,7.5
tt1826940,New Girl,5,tt5275816,7,Wig,2016,"Comedy,Romance",21.0,971,7.2
tt1826940,New Girl,5,tt5275814,8,The Decision,2016,"Comedy,Romance",21.0,951,7.3
tt1826940,New Girl,5,tt5390498,9,Heat Wave,2016,"Comedy,Romance",21.0,958,7.3
tt1826940,New Girl,5,tt5243392,10,Goosebumps Walkaway,2016,"Comedy,Romance",22.0,963,7.4
tt1826940,New Girl,5,tt5503762,11,The Apartment,2016,"Comedy,Romance",22.0,896,7.3
tt1826940,New Girl,5,tt5537194,12,D-Day,2016,"Comedy,Romance",22.0,931,7.8
tt1826940,New Girl,5,tt5540822,13,"Sam, Again",2016,"Comedy,Romance",22.0,907,7.1
tt1826940,New Girl,5,tt5357834,14,300 Feet,2016,"Comedy,Romance",22.0,916,7.0
tt1826940,New Girl,5,tt5459972,15,Jeff Day,2016,"Comedy,Romance",22.0,889,7.1
tt1826940,New Girl,5,tt5459978,16,Helmet,2016,"Comedy,Romance",22.0,880,7.5
tt1826940,New Girl,5,tt5613938,17,Road Trip,2016,"Comedy,Romance",23.0,1016,7.6
tt1826940,New Girl,5,tt5668094,18,A Chill Day In,2016,"Comedy,Romance",21.0,1056,8.1
tt1826940,New Girl,5,tt5688966,19,Dress,2016,"Comedy,Romance",23.0,830,7.2
tt1826940,New Girl,5,tt5689276,20,Return to Sender,2016,"Comedy,Romance",23.0,843,7.4
tt1826940,New Girl,5,tt5691440,21,Wedding Eve,2016,"Comedy,Romance",23.0,998,8.1
tt1826940,New Girl,5,tt5691442,22,Landing Gear,2016,"Comedy,Romance",23.0,1361,8.8
tt1826940,New Girl,6,tt5646580,1,House Hunt,2016,"Comedy,Romance",23.0,912,7.5
tt1826940,New Girl,6,tt6055160,2,Hubbedy Bubby,2016,"Comedy,Romance",21.0,1130,6.5
tt1826940,New Girl,6,tt6068200,3,Single and Sufficient,2016,"Comedy,Romance",21.0,844,7.1
tt1826940,New Girl,6,tt6043856,4,Homecoming,2016,"Comedy,Romance",21.0,1044,7.5
tt1826940,New Girl,6,tt6115064,5,Jaipur Aviv,2016,"Comedy,Romance",21.0,823,7.4
tt1826940,New Girl,6,tt6199278,6,Ready,2016,"Comedy,Romance",21.0,803,7.2
tt1826940,New Girl,6,tt6212512,7,Last Thanksgiving,2016,"Comedy,Romance",22.0,794,7.1
tt1826940,New Girl,6,tt6115072,8,James Wonder,2016,"Comedy,Romance",21.0,811,7.3
tt1826940,New Girl,6,tt6212518,9,Es Good,2016,"Comedy,Romance",22.0,787,7.1
tt1826940,New Girl,6,tt6212520,10,Christmas Eve Eve,2016,"Comedy,Romance",23.0,845,7.5
tt1826940,New Girl,6,tt6334446,11,Raisin's Back,2017,"Comedy,Romance",23.0,800,7.3
tt1826940,New Girl,6,tt6236606,12,The Cubicle,2017,"Comedy,Romance",21.0,762,7.2
tt1826940,New Girl,6,tt6287826,13,Cece's Boys,2017,"Comedy,Romance",21.0,812,7.3
tt1826940,New Girl,6,tt6397802,14,The Hike,2017,"Comedy,Romance",21.0,807,7.4
tt1826940,New Girl,6,tt6340854,15,Glue,2017,"Comedy,Romance",22.0,825,7.7
tt1826940,New Girl,6,tt6334588,16,Operation: Bobcat,2017,"Comedy,Romance",22.0,830,7.7
tt1826940,New Girl,6,tt6523030,17,Rumspringa,2017,"Comedy,Romance",23.0,776,7.0
tt1826940,New Girl,6,tt6523102,18,Young Adult,2017,"Comedy,Romance",21.0,767,7.5
tt1826940,New Girl,6,tt6598320,19,Socalyalcon VI,2017,"Comedy,Romance",21.0,789,7.5
tt1826940,New Girl,6,tt6598312,20,Misery,2017,"Comedy,Romance",21.0,785,7.4
tt1826940,New Girl,6,tt6570004,21,San Diego,2017,"Comedy,Romance",21.0,871,8.1
tt1826940,New Girl,6,tt6628452,22,Five Stars for Beezus,2017,"Comedy,Romance",21.0,1690,9.1
tt1826940,New Girl,7,tt6888528,1,About Three Years Later,2018,"Comedy,Romance",22.0,982,7.2
tt1826940,New Girl,7,tt6903804,2,Tuesday Meeting,2018,"Comedy,Romance",22.0,813,7.1
tt1826940,New Girl,7,tt6903806,3,Lillypads,2018,"Comedy,Romance",21.0,803,7.2
tt1826940,New Girl,7,tt6903810,4,Where the Road Goes,2018,"Comedy,Romance",22.0,823,7.4
tt1826940,New Girl,7,tt6903814,5,Godparents,2018,"Comedy,Romance",21.0,776,7.2
tt1826940,New Girl,7,tt6903820,6,Mario,2018,"Comedy,Romance",21.0,815,7.8
tt1826940,New Girl,7,tt6903822,7,The Curse of the Pirate Bride,2018,"Comedy,Romance",22.0,876,7.9
tt1826940,New Girl,7,tt6888532,8,Engram Pattersky,2018,"Comedy,Romance",21.0,1266,8.3
tt1843230,Once Upon a Time,1,tt1983723,1,Pilot,2011,"Adventure,Fantasy,Romance",42.0,4153,8.1
tt1843230,Once Upon a Time,1,tt2002088,2,The Thing You Love Most,2011,"Adventure,Fantasy,Romance",41.0,3081,7.9
tt1843230,Once Upon a Time,1,tt2011727,3,Snow Falls,2011,"Adventure,Fantasy,Romance",42.0,2931,8.0
tt1843230,Once Upon a Time,1,tt2033761,4,The Price of Gold,2011,"Adventure,Fantasy,Romance",45.0,2741,7.8
tt1843230,Once Upon a Time,1,tt2083662,5,That Still Small Voice,2011,"Adventure,Fantasy,Romance",45.0,2566,7.8
tt1843230,Once Upon a Time,1,tt2083663,6,The Shepherd,2011,"Adventure,Fantasy,Romance",45.0,2470,7.7
tt1843230,Once Upon a Time,1,tt2083664,7,The Heart Is a Lonely Hunter,2011,"Adventure,Fantasy,Romance",45.0,2884,8.6
tt1843230,Once Upon a Time,1,tt2076579,8,Desperate Souls,2012,"Adventure,Fantasy,Romance",45.0,2517,8.2
tt1843230,Once Upon a Time,1,tt2081915,9,True North,2012,"Adventure,Fantasy,Romance",45.0,2407,7.8
tt1843230,Once Upon a Time,1,tt2104513,10,7:15 A.M.,2012,"Adventure,Fantasy,Romance",45.0,2401,8.1
tt1843230,Once Upon a Time,1,tt2104514,11,Fruit of the Poisonous Tree,2012,"Adventure,Fantasy,Romance",45.0,2290,7.8
tt1843230,Once Upon a Time,1,tt2104515,12,Skin Deep,2012,"Adventure,Fantasy,Romance",45.0,2953,8.7
tt1843230,Once Upon a Time,1,tt2104516,13,What Happened to Frederick,2012,"Adventure,Fantasy,Romance",45.0,2215,7.7
tt1843230,Once Upon a Time,1,tt2104517,14,Dreamy,2012,"Adventure,Fantasy,Romance",45.0,2292,7.8
tt1843230,Once Upon a Time,1,tt2104518,15,Red-Handed,2012,"Adventure,Fantasy,Romance",45.0,2411,8.5
tt1843230,Once Upon a Time,1,tt2104519,16,Heart of Darkness,2012,"Adventure,Fantasy,Romance",45.0,2152,8.1
tt1843230,Once Upon a Time,1,tt2104520,17,Hat Trick,2012,"Adventure,Fantasy,Romance",45.0,2509,8.5
tt1843230,Once Upon a Time,1,tt2104521,18,The Stable Boy,2012,"Adventure,Fantasy,Romance",45.0,2363,8.5
tt1843230,Once Upon a Time,1,tt2104522,19,The Return,2012,"Adventure,Fantasy,Romance",45.0,2136,8.1
tt1843230,Once Upon a Time,1,tt2104523,20,The Stranger,2012,"Adventure,Fantasy,Romance",45.0,2116,8.3
tt1843230,Once Upon a Time,1,tt2104524,21,An Apple Red as Blood,2012,"Adventure,Fantasy,Romance",45.0,2199,8.3
tt1843230,Once Upon a Time,1,tt2104525,22,A Land Without Magic,2012,"Adventure,Fantasy,Romance",45.0,2886,8.9
tt1843230,Once Upon a Time,2,tt2216108,1,Broken,2012,"Adventure,Fantasy,Romance",44.0,2593,8.2
tt1843230,Once Upon a Time,2,tt2359202,2,We Are Both,2012,"Adventure,Fantasy,Romance",44.0,1993,7.9
tt1843230,Once Upon a Time,2,tt2359174,3,Lady of the Lake,2012,"Adventure,Fantasy,Romance",44.0,1980,7.9
tt1843230,Once Upon a Time,2,tt2371818,4,The Crocodile,2012,"Adventure,Fantasy,Romance",44.0,2133,8.4
tt1843230,Once Upon a Time,2,tt2359168,5,The Doctor,2012,"Adventure,Fantasy,Romance",44.0,1961,7.8
tt1843230,Once Upon a Time,2,tt2401230,6,Tallahassee,2012,"Adventure,Fantasy,Romance",44.0,2055,8.2
tt1843230,Once Upon a Time,2,tt2458602,7,Child of the Moon,2012,"Adventure,Fantasy,Romance",44.0,1852,7.8
tt1843230,Once Upon a Time,2,tt2476644,8,Into the Deep,2012,"Adventure,Fantasy,Romance",44.0,1770,7.9
tt1843230,Once Upon a Time,2,tt2478072,9,Queen of Hearts,2012,"Adventure,Fantasy,Romance",44.0,1903,8.5
tt1843230,Once Upon a Time,2,tt2536254,10,The Cricket Game,2013,"Adventure,Fantasy,Romance",44.0,1737,8.1
tt1843230,Once Upon a Time,2,tt2536258,11,The Outsider,2013,"Adventure,Fantasy,Romance",44.0,1735,8.2
tt1843230,Once Upon a Time,2,tt2547418,12,In the Name of the Brother,2013,"Adventure,Fantasy,Romance",44.0,1694,7.5
tt1843230,Once Upon a Time,2,tt2588092,13,Tiny,2013,"Adventure,Fantasy,Romance",44.0,1679,7.7
tt1843230,Once Upon a Time,2,tt2630486,14,Manhattan,2013,"Adventure,Fantasy,Romance",44.0,1959,8.7
tt1843230,Once Upon a Time,2,tt2630488,15,The Queen Is Dead,2013,"Adventure,Fantasy,Romance",44.0,1716,7.8
tt1843230,Once Upon a Time,2,tt2620930,16,The Miller's Daughter,2013,"Adventure,Fantasy,Romance",44.0,1926,8.6
tt1843230,Once Upon a Time,2,tt2633182,17,Welcome to Storybrooke,2013,"Adventure,Fantasy,Romance",44.0,1745,8.2
tt1843230,Once Upon a Time,2,tt2633190,18,"Selfless, Brave and True",2013,"Adventure,Fantasy,Romance",44.0,1656,7.7
tt1843230,Once Upon a Time,2,tt2633188,19,Lacey,2013,"Adventure,Fantasy,Romance",44.0,1659,7.7
tt1843230,Once Upon a Time,2,tt2633194,20,The Evil Queen,2013,"Adventure,Fantasy,Romance",44.0,1574,7.8
tt1843230,Once Upon a Time,2,tt2633192,21,Second Star to the Right,2013,"Adventure,Fantasy,Romance",44.0,1650,8.1
tt1843230,Once Upon a Time,2,tt2633196,22,And Straight on 'til Morning,2013,"Adventure,Fantasy,Romance",44.0,1888,8.6
tt1843230,Once Upon a Time,3,tt2911806,1,The Heart of the Truest Believer,2013,"Adventure,Fantasy,Romance",43,2024,8.2
tt1843230,Once Upon a Time,3,tt3126290,2,Lost Girl,2013,"Adventure,Fantasy,Romance",43.0,1654,7.8
tt1843230,Once Upon a Time,3,tt3126292,3,Quite a Common Fairy,2013,"Adventure,Fantasy,Romance",43.0,1638,7.9
tt1843230,Once Upon a Time,3,tt3103122,4,Nasty Habits,2013,"Adventure,Fantasy,Romance",44.0,1553,7.9
tt1843230,Once Upon a Time,3,tt3196200,5,Good Form,2013,"Adventure,Fantasy,Romance",44,1771,8.3
tt1843230,Once Upon a Time,3,tt3126296,6,Ariel,2013,"Adventure,Fantasy,Romance",44.0,1697,8.2
tt1843230,Once Upon a Time,3,tt3229384,7,Dark Hollow,2013,"Adventure,Fantasy,Romance",44,1562,8.0
tt1843230,Once Upon a Time,3,tt3201946,8,Think Lovely Thoughts,2013,"Adventure,Fantasy,Romance",44,1778,8.6
tt1843230,Once Upon a Time,3,tt3280694,9,Save Henry,2013,"Adventure,Fantasy,Romance",44,1596,8.2
tt1843230,Once Upon a Time,3,tt3282768,10,The New Neverland,2013,"Adventure,Fantasy,Romance",44,1503,8.0
tt1843230,Once Upon a Time,3,tt3282766,11,Going Home,2013,"Adventure,Fantasy,Romance",44,2562,9.1
tt1843230,Once Upon a Time,3,tt3282772,12,New York City Serenade,2014,"Adventure,Fantasy,Romance",43,1869,8.6
tt1843230,Once Upon a Time,3,tt3282774,13,Witch Hunt,2014,"Adventure,Fantasy,Romance",44,1607,8.4
tt1843230,Once Upon a Time,3,tt3502872,14,The Tower,2014,"Adventure,Fantasy,Romance",44.0,1476,7.7
tt1843230,Once Upon a Time,3,tt3505760,15,Quiet Minds,2014,"Adventure,Fantasy,Romance",44.0,1553,8.4
tt1843230,Once Upon a Time,3,tt3466494,16,It's Not Easy Being Green,2014,"Adventure,Fantasy,Romance",44.0,1528,8.4
tt1843230,Once Upon a Time,3,tt3496740,17,The Jolly Roger,2014,"Adventure,Fantasy,Romance",44.0,1569,8.2
tt1843230,Once Upon a Time,3,tt3511184,18,Bleeding Through,2014,"Adventure,Fantasy,Romance",44.0,1514,8.3
tt1843230,Once Upon a Time,3,tt3511194,19,A Curious Thing,2014,"Adventure,Fantasy,Romance",44.0,1550,8.5
tt1843230,Once Upon a Time,3,tt3569048,20,Kansas,2014,"Adventure,Fantasy,Romance",44.0,1539,8.4
tt1843230,Once Upon a Time,3,tt3602308,21,Snow Drifts,2014,"Adventure,Fantasy,Romance",44.0,1953,9.0
tt1843230,Once Upon a Time,3,tt3635890,22,There's No Place Like Home,2014,"Adventure,Fantasy,Romance",45.0,2725,9.2
tt1843230,Once Upon a Time,4,tt3720984,1,A Tale of Two Sisters,2014,"Adventure,Fantasy,Romance",43.0,2073,8.2
tt1843230,Once Upon a Time,4,tt3885100,2,White Out,2014,"Adventure,Fantasy,Romance",44,1719,8.0
tt1843230,Once Upon a Time,4,tt3919294,3,Rocky Road,2014,"Adventure,Fantasy,Romance",44,1621,8.0
tt1843230,Once Upon a Time,4,tt3913498,4,The Apprentice,2014,"Adventure,Fantasy,Romance",44,1609,8.1
tt1843230,Once Upon a Time,4,tt3980352,5,Breaking Glass,2014,"Adventure,Fantasy,Romance",44,1568,8.1
tt1843230,Once Upon a Time,4,tt4045658,6,Family Business,2014,"Adventure,Fantasy,Romance",44.0,1453,7.8
tt1843230,Once Upon a Time,4,tt4045660,7,The Snow Queen,2014,"Adventure,Fantasy,Romance",43.0,1508,8.1
tt1843230,Once Upon a Time,4,tt4064654,8,Smash the Mirror: Part 1,2014,"Adventure,Fantasy,Romance",41.0,1607,8.4
tt1843230,Once Upon a Time,4,tt4589038,9,Smash the Mirror: Part 2,2014,"Adventure,Fantasy,Romance",44.0,1132,8.3
tt1843230,Once Upon a Time,4,tt4105490,10,Fall,2014,"Adventure,Fantasy,Romance",44.0,1617,8.6
tt1843230,Once Upon a Time,4,tt4129344,11,Shattered Sight,2014,"Adventure,Fantasy,Romance",44.0,1638,8.6
tt1843230,Once Upon a Time,4,tt4142072,12,Heroes and Villains,2014,"Adventure,Fantasy,Romance",43.0,1614,8.5
tt1843230,Once Upon a Time,4,tt4203690,13,Darkness on the Edge of Town,2015,"Adventure,Fantasy,Romance",44.0,1473,8.0
tt1843230,Once Upon a Time,4,tt4230126,14,Unforgiven,2015,"Adventure,Fantasy,Romance",44.0,1384,7.7
tt1843230,Once Upon a Time,4,tt4273302,15,Enter the Dragon,2015,"Adventure,Fantasy,Romance",44.0,1346,7.9
tt1843230,Once Upon a Time,4,tt4282636,16,Poor Unfortunate Soul,2015,"Adventure,Fantasy,Romance",44.0,1477,8.0
tt1843230,Once Upon a Time,4,tt4282632,17,Best Laid Plans,2015,"Adventure,Fantasy,Romance",44.0,1350,7.8
tt1843230,Once Upon a Time,4,tt4282640,18,Heart of Gold,2015,"Adventure,Fantasy,Romance",44.0,1391,7.9
tt1843230,Once Upon a Time,4,tt4282638,19,Sympathy for the De Vil,2015,"Adventure,Fantasy,Romance",44.0,1460,8.1
tt1843230,Once Upon a Time,4,tt4282642,20,Lily,2015,"Adventure,Fantasy,Romance",44.0,1379,7.9
tt1843230,Once Upon a Time,4,tt4282648,21,Mother,2015,"Adventure,Fantasy,Romance",44.0,1293,7.9
tt1843230,Once Upon a Time,4,tt4282650,22,Operation Mongoose: Part 1,2015,"Adventure,Fantasy,Romance",44.0,1661,8.6
tt1843230,Once Upon a Time,4,tt4500028,23,Operation Mongoose: Part 2,2015,"Adventure,Fantasy,Romance",45.0,2002,9.0
tt1843230,Once Upon a Time,5,tt4673478,1,The Dark Swan,2015,"Adventure,Fantasy,Romance",44.0,1832,8.4
tt1843230,Once Upon a Time,5,tt4799910,2,The Price,2015,"Adventure,Fantasy,Romance",44.0,1448,8.1
tt1843230,Once Upon a Time,5,tt4799912,3,Siege Perilous,2015,"Adventure,Fantasy,Romance",44.0,1297,7.8
tt1843230,Once Upon a Time,5,tt4799914,4,The Broken Kingdom,2015,"Adventure,Fantasy,Romance",44.0,1295,7.7
tt1843230,Once Upon a Time,5,tt4799922,5,Dreamcatcher,2015,"Adventure,Fantasy,Romance",43.0,1328,8.1
tt1843230,Once Upon a Time,5,tt4868836,6,The Bear and the Bow,2015,"Adventure,Fantasy,Romance",43.0,1370,7.7
tt1843230,Once Upon a Time,5,tt4799960,7,Nimue,2015,"Adventure,Fantasy,Romance",43.0,1339,8.2
tt1843230,Once Upon a Time,5,tt4799998,8,Birth,2015,"Adventure,Fantasy,Romance",43.0,1529,8.6
tt1843230,Once Upon a Time,5,tt4800000,9,The Bear King,2015,"Adventure,Fantasy,Romance",43.0,1355,7.6
tt1843230,Once Upon a Time,5,tt4908176,10,Broken Heart,2015,"Adventure,Fantasy,Romance",43.0,1306,8.1
tt1843230,Once Upon a Time,5,tt5100994,11,Swan Song,2015,"Adventure,Fantasy,Romance",43.0,1492,8.1
tt1843230,Once Upon a Time,5,tt5122182,12,Souls of the Departed,2016,"Adventure,Fantasy,Romance",43.0,1316,8.1
tt1843230,Once Upon a Time,5,tt5166198,13,Labor of Love,2016,"Adventure,Fantasy,Romance",43.0,1194,7.9
tt1843230,Once Upon a Time,5,tt5201948,14,Devil's Due,2016,"Adventure,Fantasy,Romance",43.0,1135,8.0
tt1843230,Once Upon a Time,5,tt5218026,15,The Brothers Jones,2016,"Adventure,Fantasy,Romance",43.0,1143,7.5
tt1843230,Once Upon a Time,5,tt5267786,16,Our Decay,2016,"Adventure,Fantasy,Romance",43.0,1114,7.7
tt1843230,Once Upon a Time,5,tt5283514,17,Her Handsome Hero,2016,"Adventure,Fantasy,Romance",43.0,1076,7.5
tt1843230,Once Upon a Time,5,tt5348112,18,Ruby Slippers,2016,"Adventure,Fantasy,Romance",43.0,1556,6.9
tt1843230,Once Upon a Time,5,tt5348116,19,Sisters,2016,"Adventure,Fantasy,Romance",43.0,1138,8.0
tt1843230,Once Upon a Time,5,tt5367598,20,Firebird,2016,"Adventure,Fantasy,Romance",42.0,1153,8.1
tt1843230,Once Upon a Time,5,tt5445356,21,Last Rites,2016,"Adventure,Fantasy,Romance",43.0,1191,8.3
tt1843230,Once Upon a Time,5,tt5506228,22,Only You,2016,"Adventure,Fantasy,Romance",43.0,1101,7.9
tt1843230,Once Upon a Time,5,tt5512824,23,An Untold Story,2016,"Adventure,Fantasy,Romance",44.0,1177,8.0
tt1843230,Once Upon a Time,6,tt5522900,1,The Savior,2016,"Adventure,Fantasy,Romance",43.0,1184,7.6
tt1843230,Once Upon a Time,6,tt5785794,2,A Bitter Draught,2016,"Adventure,Fantasy,Romance",43.0,1076,7.5
tt1843230,Once Upon a Time,6,tt5898200,3,The Other Shoe,2016,"Adventure,Fantasy,Romance",43.0,1065,7.7
tt1843230,Once Upon a Time,6,tt5924250,4,Strange Case,2016,"Adventure,Fantasy,Romance",43.0,997,7.8
tt1843230,Once Upon a Time,6,tt5962420,5,Street Rats,2016,"Adventure,Fantasy,Romance",43.0,1003,7.4
tt1843230,Once Upon a Time,6,tt5985308,6,Dark Waters,2016,"Adventure,Fantasy,Romance",43.0,1005,7.3
tt1843230,Once Upon a Time,6,tt6032614,7,Heartless,2016,"Adventure,Fantasy,Romance",43.0,986,7.8
tt1843230,Once Upon a Time,6,tt6063486,8,I'll Be Your Mirror,2016,"Adventure,Fantasy,Romance",43.0,966,7.7
tt1843230,Once Upon a Time,6,tt6092960,9,Changelings,2016,"Adventure,Fantasy,Romance",43.0,936,7.6
tt1843230,Once Upon a Time,6,tt6135792,10,Wish You Were Here,2016,"Adventure,Fantasy,Romance",43.0,1131,8.3
tt1843230,Once Upon a Time,6,tt6154298,11,Tougher Than the Rest,2017,"Adventure,Fantasy,Romance",43.0,973,7.9
tt1843230,Once Upon a Time,6,tt6199800,12,Murder Most Foul,2017,"Adventure,Fantasy,Romance",43.0,909,7.8
tt1843230,Once Upon a Time,6,tt6220390,13,Ill-Boding Patterns,2017,"Adventure,Fantasy,Romance",43.0,854,7.4
tt1843230,Once Upon a Time,6,tt6259924,14,Page 23,2017,"Adventure,Fantasy,Romance",43.0,922,8.0
tt1843230,Once Upon a Time,6,tt6323076,15,A Wondrous Place,2017,"Adventure,Fantasy,Romance",43.0,850,7.4
tt1843230,Once Upon a Time,6,tt6343852,16,Mother's Little Helper,2017,"Adventure,Fantasy,Romance",43.0,846,7.7
tt1843230,Once Upon a Time,6,tt6426124,17,Awake,2017,"Adventure,Fantasy,Romance",43.0,930,8.1
tt1843230,Once Upon a Time,6,tt6476376,18,Where Bluebirds Fly,2017,"Adventure,Fantasy,Romance",43.0,850,7.8
tt1843230,Once Upon a Time,6,tt6502530,19,The Black Fairy,2017,"Adventure,Fantasy,Romance",43.0,919,8.1
tt1843230,Once Upon a Time,6,tt6550284,20,The Song in Your Heart,2017,"Adventure,Fantasy,Romance",43.0,1796,8.1
tt1843230,Once Upon a Time,6,tt6607760,21,The Final Battle: Part 1,2017,"Adventure,Fantasy,Romance",41.0,1005,8.3
tt1843230,Once Upon a Time,6,tt6670128,22,The Final Battle: Part 2,2017,"Adventure,Fantasy,Romance",45.0,1224,8.7
tt1843230,Once Upon a Time,7,tt6878636,1,Hyperion Heights,2017,"Adventure,Fantasy,Romance",44.0,1575,6.5
tt1843230,Once Upon a Time,7,tt7086992,2,A Pirate's Life,2017,"Adventure,Fantasy,Romance",43.0,1277,7.3
tt1843230,Once Upon a Time,7,tt7088762,3,The Garden of Forking Paths,2017,"Adventure,Fantasy,Romance",43.0,1163,6.7
tt1843230,Once Upon a Time,7,tt7088766,4,Beauty,2017,"Adventure,Fantasy,Romance",43.0,1390,8.3
tt1843230,Once Upon a Time,7,tt7088782,5,Greenbacks,2017,"Adventure,Fantasy,Romance",43.0,1089,7.0
tt1843230,Once Upon a Time,7,tt7088784,6,Wake Up Call,2017,"Adventure,Fantasy,Romance",43.0,1088,7.7
tt1843230,Once Upon a Time,7,tt7088794,7,Eloise Gardener,2017,"Adventure,Fantasy,Romance",43.0,1054,7.4
tt1843230,Once Upon a Time,7,tt7088808,8,Pretty in Blue,2017,"Adventure,Fantasy,Romance",43.0,1018,7.2
tt1843230,Once Upon a Time,7,tt7088812,9,One Little Tear,2017,"Adventure,Fantasy,Romance",43.0,1069,7.7
tt1843230,Once Upon a Time,7,tt7088788,10,The Eighth Witch,2017,"Adventure,Fantasy,Romance",43.0,1045,7.9
tt1843230,Once Upon a Time,7,tt7100024,11,Secret Garden,2018,"Adventure,Fantasy,Romance",43.0,648,7.2
tt1843230,Once Upon a Time,7,tt7100028,12,A Taste of the Heights,2018,"Adventure,Fantasy,Romance",43.0,614,6.9
tt1843230,Once Upon a Time,7,tt7100102,13,Knightfall,2018,"Adventure,Fantasy,Romance",43.0,614,7.1
tt1843230,Once Upon a Time,7,tt7100106,14,The Girl in the Tower,2018,"Adventure,Fantasy,Romance",43.0,647,7.5
tt1843230,Once Upon a Time,7,tt7100112,15,Sisterhood,2018,"Adventure,Fantasy,Romance",43.0,592,7.4
tt1843230,Once Upon a Time,7,tt7100116,16,Breadcrumbs,2018,"Adventure,Fantasy,Romance",43.0,586,7.2
tt1843230,Once Upon a Time,7,tt7100122,17,Chosen,2018,"Adventure,Fantasy,Romance",43.0,631,7.5
tt1843230,Once Upon a Time,7,tt7100126,18,The Guardian,2018,"Adventure,Fantasy,Romance",43.0,611,7.5
tt1843230,Once Upon a Time,7,tt7100132,19,Flower Child,2018,"Adventure,Fantasy,Romance",43.0,606,7.5
tt1843230,Once Upon a Time,7,tt7100138,20,Is This Henry Mills?,2018,"Adventure,Fantasy,Romance",43.0,793,8.6
tt1843230,Once Upon a Time,7,tt7105592,21,Homecoming,2018,"Adventure,Fantasy,Romance",43.0,631,7.7
tt1843230,Once Upon a Time,7,tt6885784,22,Leaving Storybrooke,2018,"Adventure,Fantasy,Romance",42.0,1173,8.9
tt2372162,Orange Is the New Black,1,tt2400770,1,I Wasn't Ready,2013,"Comedy,Crime,Drama",52.0,4484,7.6
tt2372162,Orange Is the New Black,1,tt2431596,2,Tit Punch,2013,"Comedy,Crime,Drama",51.0,3691,7.9
tt2372162,Orange Is the New Black,1,tt2451520,3,Lesbian Request Denied,2013,"Comedy,Crime,Drama",56.0,3496,7.9
tt2372162,Orange Is the New Black,1,tt2577286,4,Imaginary Enemies,2013,"Comedy,Crime,Drama",54.0,3294,8.0
tt2372162,Orange Is the New Black,1,tt2511030,5,The Chickening,2013,"Comedy,Crime,Drama",54.0,3235,7.8
tt2372162,Orange Is the New Black,1,tt2511028,6,WAC Pack,2013,"Comedy,Crime,Drama",56.0,3053,7.8
tt2372162,Orange Is the New Black,1,tt2595996,7,Blood Donut,2013,"Comedy,Crime,Drama",57.0,2924,7.7
tt2372162,Orange Is the New Black,1,tt2620550,8,Moscow Mule,2013,"Comedy,Crime,Drama",58.0,2884,7.7
tt2372162,Orange Is the New Black,1,tt2640490,9,Fucksgiving,2013,"Comedy,Crime,Drama",58.0,3043,8.3
tt2372162,Orange Is the New Black,1,tt2692410,10,Bora Bora Bora,2013,"Comedy,Crime,Drama",53.0,3036,8.5
tt2372162,Orange Is the New Black,1,tt2739642,11,Tall Men with Feelings,2013,"Comedy,Crime,Drama",59,2932,8.4
tt2372162,Orange Is the New Black,1,tt2754710,12,Fool Me Once,2013,"Comedy,Crime,Drama",60,2771,8.1
tt2372162,Orange Is the New Black,1,tt2754708,13,Can't Fix Crazy,2013,"Comedy,Crime,Drama",61,3558,8.8
tt2372162,Orange Is the New Black,2,tt3015084,1,Thirsty Bird,2014,"Comedy,Crime,Drama",56.0,3095,8.3
tt2372162,Orange Is the New Black,2,tt3099720,2,"Looks Blue, Tastes Red",2014,"Comedy,Crime,Drama",55.0,2612,7.8
tt2372162,Orange Is the New Black,2,tt3262412,3,Hugs Can Be Deceiving,2014,"Comedy,Crime,Drama",60,2501,8.0
tt2372162,Orange Is the New Black,2,tt3262414,4,A Whole Other Hole,2014,"Comedy,Crime,Drama",60,2549,8.3
tt2372162,Orange Is the New Black,2,tt3262416,5,Low Self Esteem City,2014,"Comedy,Crime,Drama",51,2415,7.8
tt2372162,Orange Is the New Black,2,tt3262410,6,You Also Have a Pizza,2014,"Comedy,Crime,Drama",59,2488,8.1
tt2372162,Orange Is the New Black,2,tt3262424,7,Comic Sans,2014,"Comedy,Crime,Drama",53,2347,7.9
tt2372162,Orange Is the New Black,2,tt3262418,8,Appropriately Sized Pots,2014,"Comedy,Crime,Drama",58,2322,8.1
tt2372162,Orange Is the New Black,2,tt3262426,9,40 Oz. of Furlough,2014,"Comedy,Crime,Drama",59,2384,8.3
tt2372162,Orange Is the New Black,2,tt3262428,10,Little Mustachioed Shit,2014,"Comedy,Crime,Drama",59,2383,8.4
tt2372162,Orange Is the New Black,2,tt3262420,11,Take a Break from Your Values,2014,"Comedy,Crime,Drama",57,2309,8.2
tt2372162,Orange Is the New Black,2,tt3262422,12,It Was the Change,2014,"Comedy,Crime,Drama",60,2453,8.6
tt2372162,Orange Is the New Black,2,tt3262434,13,We Have Manners. We're Polite.,2014,"Comedy,Crime,Drama",92,4304,9.3
tt2372162,Orange Is the New Black,3,tt3713502,1,Mother's Day,2015,"Comedy,Crime,Drama",52.0,2612,7.6
tt2372162,Orange Is the New Black,3,tt3807516,2,Bed Bugs and Beyond,2015,"Comedy,Crime,Drama",57.0,2318,7.7
tt2372162,Orange Is the New Black,3,tt3807522,3,Empathy Is a Boner Killer,2015,"Comedy,Crime,Drama",55.0,2287,8.0
tt2372162,Orange Is the New Black,3,tt3807518,4,Finger in the Dyke,2015,"Comedy,Crime,Drama",58.0,2179,7.8
tt2372162,Orange Is the New Black,3,tt3807524,5,Fake It Till You Fake It Some More,2015,"Comedy,Crime,Drama",58.0,2099,7.6
tt2372162,Orange Is the New Black,3,tt3807528,6,Ching Chong Chang,2015,"Comedy,Crime,Drama",53.0,2180,7.9
tt2372162,Orange Is the New Black,3,tt3807532,7,Tongue-Tied,2015,"Comedy,Crime,Drama",58.0,2068,7.8
tt2372162,Orange Is the New Black,3,tt3807534,8,"Fear, and Other Smells",2015,"Comedy,Crime,Drama",59.0,2039,7.8
tt2372162,Orange Is the New Black,3,tt3807526,9,Where My Dreidel At,2015,"Comedy,Crime,Drama",52.0,2029,7.8
tt2372162,Orange Is the New Black,3,tt3807546,10,A Tittin' and a Hairin',2015,"Comedy,Crime,Drama",58.0,2175,8.2
tt2372162,Orange Is the New Black,3,tt3807540,11,We Can Be Heroes,2015,"Comedy,Crime,Drama",59.0,2025,8.1
tt2372162,Orange Is the New Black,3,tt3807544,12,Don't Make Me Come Back There,2015,"Comedy,Crime,Drama",59.0,2053,8.0
tt2372162,Orange Is the New Black,3,tt3807538,13,Trust No Bitch,2015,"Comedy,Crime,Drama",88.0,3118,8.8
tt2372162,Orange Is the New Black,4,tt4645280,1,Work That Body for Me,2016,"Comedy,Crime,Drama",53.0,2277,8.4
tt2372162,Orange Is the New Black,4,tt4800062,2,Power Suit,2016,"Comedy,Crime,Drama",59.0,1915,7.7
tt2372162,Orange Is the New Black,4,tt4848198,3,(Don't) Say Anything,2016,"Comedy,Crime,Drama",56.0,1869,7.9
tt2372162,Orange Is the New Black,4,tt4943588,4,Doctor Psycho,2016,"Comedy,Crime,Drama",59.0,1831,7.9
tt2372162,Orange Is the New Black,4,tt4964764,5,We'll Always Have Baltimore,2016,"Comedy,Crime,Drama",57.0,1762,7.8
tt2372162,Orange Is the New Black,4,tt4955850,6,Piece of Sh*t,2016,"Comedy,Crime,Drama",58.0,1905,8.4
tt2372162,Orange Is the New Black,4,tt4982080,7,It Sounded Nicer in My Head,2016,"Comedy,Crime,Drama",57.0,1942,8.6
tt2372162,Orange Is the New Black,4,tt5208156,8,Friends in Low Places,2016,"Comedy,Crime,Drama",58.0,1857,8.3
tt2372162,Orange Is the New Black,4,tt5197318,9,Turn Table Turn,2016,"Comedy,Crime,Drama",56.0,1786,8.0
tt2372162,Orange Is the New Black,4,tt5208192,10,"Bunny, Skull, Bunny, Skull",2016,"Comedy,Crime,Drama",59.0,1810,8.1
tt2372162,Orange Is the New Black,4,tt5188388,11,People Persons,2016,"Comedy,Crime,Drama",59.0,2529,9.1
tt2372162,Orange Is the New Black,4,tt5193130,12,The Animals,2016,"Comedy,Crime,Drama",59.0,3161,9.3
tt2372162,Orange Is the New Black,4,tt5193132,13,Toast Can't Never Be Bread Again,2016,"Comedy,Crime,Drama",76.0,4379,9.4
tt2372162,Orange Is the New Black,5,tt5440228,1,Riot FOMO,2017,"Comedy,Crime,Drama",52.0,1939,8.1
tt2372162,Orange Is the New Black,5,tt6007580,2,"F*ck, Marry, Frieda",2017,"Comedy,Crime,Drama",51.0,1726,7.9
tt2372162,Orange Is the New Black,5,tt5949054,3,Pissters!,2017,"Comedy,Crime,Drama",57.0,1658,7.6
tt2372162,Orange Is the New Black,5,tt5948520,4,Litchfield's Got Talent,2017,"Comedy,Crime,Drama",60.0,1760,7.6
tt2372162,Orange Is the New Black,5,tt5974194,5,"Sing It, White Effie",2017,"Comedy,Crime,Drama",59.0,1686,8.0
tt2372162,Orange Is the New Black,5,tt6007582,6,"Flaming Hot Cheetos, Literally",2017,"Comedy,Crime,Drama",56.0,1577,7.7
tt2372162,Orange Is the New Black,5,tt6007584,7,"Full Bush, Half Snickers",2017,"Comedy,Crime,Drama",57.0,1594,7.6
tt2372162,Orange Is the New Black,5,tt6007588,8,Tied to the Tracks,2017,"Comedy,Crime,Drama",56.0,1560,7.9
tt2372162,Orange Is the New Black,5,tt6007596,9,The Tightening,2017,"Comedy,Crime,Drama",54.0,1618,8.1
tt2372162,Orange Is the New Black,5,tt6007600,10,The Reverse Midas Touch,2017,"Comedy,Crime,Drama",57.0,1705,8.4
tt2372162,Orange Is the New Black,5,tt6007602,11,Breaking the Fiberboard Ceiling,2017,"Comedy,Crime,Drama",54.0,1539,7.7
tt2372162,Orange Is the New Black,5,tt6007608,12,Tattoo You,2017,"Comedy,Crime,Drama",59.0,1611,8.0
tt2372162,Orange Is the New Black,5,tt5842030,13,Storm-y Weather,2017,"Comedy,Crime,Drama",53.0,2363,8.9
tt2372162,Orange Is the New Black,6,tt5440234,1,Who Knows Better Than I,2018,"Comedy,Crime,Drama",55.0,1814,7.2
tt2372162,Orange Is the New Black,6,tt7294194,2,Sh*tstorm Coming,2018,"Comedy,Crime,Drama",58.0,1467,7.5
tt2372162,Orange Is the New Black,6,tt7312846,3,Look Out for Number One,2018,"Comedy,Crime,Drama",50.0,1424,7.8
tt2372162,Orange Is the New Black,6,tt7435422,4,I'm the Talking Ass,2018,"Comedy,Crime,Drama",56.0,1377,7.7
tt2372162,Orange Is the New Black,6,tt7601504,5,Mischief Mischief,2018,"Comedy,Crime,Drama",61.0,1341,7.5
tt2372162,Orange Is the New Black,6,tt7539856,6,State of the Uterus,2018,"Comedy,Crime,Drama",57.0,1323,7.5
tt2372162,Orange Is the New Black,6,tt7563092,7,Changing Winds,2018,"Comedy,Crime,Drama",58.0,1285,7.6
tt2372162,Orange Is the New Black,6,tt7601506,8,Gordons,2018,"Comedy,Crime,Drama",59.0,1294,7.6
tt2372162,Orange Is the New Black,6,tt7601508,9,Break the String,2018,"Comedy,Crime,Drama",60.0,1274,7.7
tt2372162,Orange Is the New Black,6,tt7601510,10,Chocolate Chip Nookie,2018,"Comedy,Crime,Drama",60.0,1293,7.7
tt2372162,Orange Is the New Black,6,tt7601514,11,Well This Took a Dark Turn,2018,"Comedy,Crime,Drama",61.0,1327,8.0
tt2372162,Orange Is the New Black,6,tt7601516,12,Double Trouble,2018,"Comedy,Crime,Drama",60.0,1322,8.1
tt2372162,Orange Is the New Black,6,tt6360850,13,Be Free,2018,"Comedy,Crime,Drama",85.0,1891,8.7
tt2372162,Orange Is the New Black,7,tt5440238,1,Beginning of the End,2019,"Comedy,Crime,Drama",55.0,1551,7.4
tt2372162,Orange Is the New Black,7,tt7825778,2,Just Desserts,2019,"Comedy,Crime,Drama",56.0,1431,7.7
tt2372162,Orange Is the New Black,7,tt8972784,3,And Brown Is the New Orange,2019,"Comedy,Crime,Drama",60.0,1392,7.9
tt2372162,Orange Is the New Black,7,tt9032546,4,How to Do Life,2019,"Comedy,Crime,Drama",60.0,1442,8.2
tt2372162,Orange Is the New Black,7,tt9097630,5,Minority Deport,2019,"Comedy,Crime,Drama",60.0,1418,8.0
tt2372162,Orange Is the New Black,7,tt9144536,6,Trapped in an Elevator,2019,"Comedy,Crime,Drama",60.0,1331,8.0
tt2372162,Orange Is the New Black,7,tt9144540,7,Me as Well,2019,"Comedy,Crime,Drama",60.0,1306,7.7
tt2372162,Orange Is the New Black,7,tt9144542,8,Baker's Dozen,2019,"Comedy,Crime,Drama",60.0,1284,7.5
tt2372162,Orange Is the New Black,7,tt9144546,9,The Hidey Hole,2019,"Comedy,Crime,Drama",60.0,1316,8.1
tt2372162,Orange Is the New Black,7,tt9144550,10,The Thirteenth,2019,"Comedy,Crime,Drama",60.0,1302,8.0
tt2372162,Orange Is the New Black,7,tt9144552,11,God Bless America,2019,"Comedy,Crime,Drama",60.0,1734,8.8
tt2372162,Orange Is the New Black,7,tt9144554,12,The Big House,2019,"Comedy,Crime,Drama",75.0,1593,8.9
tt2372162,Orange Is the New Black,7,tt7607724,13,Here's Where We Get Off,2019,"Comedy,Crime,Drama",89.0,2506,9.1
tt5071412,Ozark,1,tt5770168,1,Sugarwood,2017,"Crime,Drama,Thriller",58.0,9093,8.4
tt5071412,Ozark,1,tt5974776,2,Blue Cat,2017,"Crime,Drama,Thriller",56.0,7047,8.0
tt5071412,Ozark,1,tt6021898,3,My Dripping Sleep,2017,"Crime,Drama,Thriller",59.0,6575,7.6
tt5071412,Ozark,1,tt6021900,4,Tonight We Improvise,2017,"Crime,Drama,Thriller",60.0,6233,8.0
tt5071412,Ozark,1,tt6021904,5,Ruling Days,2017,"Crime,Drama,Thriller",56.0,5981,7.8
tt5071412,Ozark,1,tt6021906,6,Book of Ruth,2017,"Crime,Drama,Thriller",59.0,5921,8.0
tt5071412,Ozark,1,tt6021918,7,Nest Box,2017,"Crime,Drama,Thriller",59.0,5848,8.0
tt5071412,Ozark,1,tt6021922,8,Kaleidoscope,2017,"Crime,Drama,Thriller",52.0,6440,7.5
tt5071412,Ozark,1,tt6021926,9,"Coffee, Black",2017,"Crime,Drama,Thriller",59.0,6456,8.7
tt5071412,Ozark,1,tt6021928,10,The Toll,2017,"Crime,Drama,Thriller",80.0,8040,9.1
tt5071412,Ozark,2,tt7258794,1,Reparations,2018,"Crime,Drama,Thriller",61.0,5427,8.2
tt5071412,Ozark,2,tt7757530,2,The Precious Blood of Jesus,2018,"Crime,Drama,Thriller",61.0,4911,8.0
tt5071412,Ozark,2,tt8014750,3,Once a Langmore...,2018,"Crime,Drama,Thriller",56.0,4793,7.8
tt5071412,Ozark,2,tt7831074,4,Stag,2018,"Crime,Drama,Thriller",62.0,4757,8.1
tt5071412,Ozark,2,tt8014756,5,Game Day,2018,"Crime,Drama,Thriller",60.0,5367,8.7
tt5071412,Ozark,2,tt7986260,6,Outer Darkness,2018,"Crime,Drama,Thriller",67.0,4869,8.4
tt5071412,Ozark,2,tt8014758,7,One Way Out,2018,"Crime,Drama,Thriller",60.0,5164,8.3
tt5071412,Ozark,2,tt8022752,8,The Big Sleep,2018,"Crime,Drama,Thriller",63.0,4572,8.1
tt5071412,Ozark,2,tt8022760,9,The Badger,2018,"Crime,Drama,Thriller",64.0,4887,8.6
tt5071412,Ozark,2,tt8022768,10,The Gold Coast,2018,"Crime,Drama,Thriller",65.0,5491,8.9
tt5071412,Ozark,3,tt9108660,1,Wartime,2020,"Crime,Drama,Thriller",60.0,5191,8.1
tt5071412,Ozark,3,tt9108662,2,Civil Union,2020,"Crime,Drama,Thriller",64.0,4922,8.3
tt5071412,Ozark,3,tt9108664,3,Kevin Cronin Was Here,2020,"Crime,Drama,Thriller",59.0,4808,8.3
tt5071412,Ozark,3,tt9108666,4,Boss Fight,2020,"Crime,Drama,Thriller",53.0,4829,8.5
tt5071412,Ozark,3,tt9108670,5,It Came from Michoacán,2020,"Crime,Drama,Thriller",61.0,4539,8.1
tt5071412,Ozark,3,tt9108676,6,Su Casa Es Mi Casa,2020,"Crime,Drama,Thriller",58.0,4712,8.5
tt5071412,Ozark,3,tt9108674,7,In Case of Emergency,2020,"Crime,Drama,Thriller",61.0,4587,8.2
tt5071412,Ozark,3,tt9108678,8,BFF,2020,"Crime,Drama,Thriller",57.0,5331,8.7
tt5071412,Ozark,3,tt9108686,9,Fire Pink,2020,"Crime,Drama,Thriller",62.0,8704,9.3
tt5071412,Ozark,3,tt9108684,10,All In,2020,"Crime,Drama,Thriller",66.0,8912,9.4
tt5071412,Ozark,4,tt12621154,1,The Beginning of the End,2022,"Crime,Drama,Thriller",62.0,5038,8.2
tt5071412,Ozark,4,tt12696124,2,Let the Great World Spin,2022,"Crime,Drama,Thriller",67.0,4334,8.1
tt5071412,Ozark,4,tt12696128,3,City on the Make,2022,"Crime,Drama,Thriller",58.0,4234,8.2
tt5071412,Ozark,4,tt12696130,4,Ace Deuce,2022,"Crime,Drama,Thriller",51.0,4185,8.1
tt5071412,Ozark,4,tt12696132,5,Ellie,2022,"Crime,Drama,Thriller",55.0,4231,8.4
tt5071412,Ozark,4,tt12696136,6,Sangre Sobre Todo,2022,"Crime,Drama,Thriller",64.0,4335,8.5
tt5071412,Ozark,4,tt12696138,7,Sanctified,2022,"Crime,Drama,Thriller",56.0,7411,9.3
tt5071412,Ozark,4,tt12712624,8,The Cousin of Death,2022,"Crime,Drama,Thriller",55.0,5024,8.7
tt5071412,Ozark,4,tt12712630,9,Pick a God and Pray,2022,"Crime,Drama,Thriller",62.0,3646,7.8
tt5071412,Ozark,4,tt12712632,10,You're the Boss,2022,"Crime,Drama,Thriller",63.0,3704,8.1
tt5071412,Ozark,4,tt12712634,11,Pound of Flesh and Still Kickin',2022,"Crime,Drama,Thriller",65.0,3789,8.1
tt5071412,Ozark,4,tt12712638,12,Trouble the Water,2022,"Crime,Drama,Thriller",54.0,3653,8.0
tt5071412,Ozark,4,tt12712640,13,Mud,2022,"Crime,Drama,Thriller",58.0,3737,8.1
tt5071412,Ozark,4,tt12621156,14,A Hard Way to Go,2022,"Crime,Drama,Thriller",71.0,10318,7.2
tt1266020,Parks and Recreation,1,tt1363447,1,Pilot,2009,Comedy,21,4298,6.9
tt1266020,Parks and Recreation,1,tt1366779,2,Canvassing,2009,Comedy,21,3685,7.0
tt1266020,Parks and Recreation,1,tt1366780,3,The Reporter,2009,Comedy,21,3448,7.1
tt1266020,Parks and Recreation,1,tt1366781,4,Boys' Club,2009,Comedy,21,3350,7.2
tt1266020,Parks and Recreation,1,tt1366782,5,The Banquet,2009,Comedy,21,3230,7.1
tt1266020,Parks and Recreation,1,tt1366783,6,Rock Show,2009,Comedy,21,3266,7.6
tt1266020,Parks and Recreation,2,tt1467703,1,Pawnee Zoo,2009,Comedy,21.0,3384,7.8
tt1266020,Parks and Recreation,2,tt1490874,2,The Stakeout,2009,Comedy,21.0,3227,8.0
tt1266020,Parks and Recreation,2,tt1490293,3,Beauty Pageant,2009,Comedy,21.0,3101,7.6
tt1266020,Parks and Recreation,2,tt1504600,4,Practice Date,2009,Comedy,21.0,3170,8.2
tt1266020,Parks and Recreation,2,tt1504148,5,Sister City,2009,Comedy,21.0,3329,7.6
tt1266020,Parks and Recreation,2,tt1509675,6,Kaboom,2009,Comedy,21.0,2919,7.6
tt1266020,Parks and Recreation,2,tt1523800,7,Greg Pikitis,2009,Comedy,21.0,3176,8.2
tt1266020,Parks and Recreation,2,tt1531526,8,Ron and Tammy,2009,Comedy,21.0,3174,8.3
tt1266020,Parks and Recreation,2,tt1536813,9,The Camel,2009,Comedy,21.0,2888,7.7
tt1266020,Parks and Recreation,2,tt1539432,10,Hunting Trip,2009,Comedy,21.0,3454,8.6
tt1266020,Parks and Recreation,2,tt1541365,11,Tom's Divorce,2009,Comedy,21.0,2811,7.7
tt1266020,Parks and Recreation,2,tt1545370,12,Christmas Scandal,2009,Comedy,21.0,2846,7.9
tt1266020,Parks and Recreation,2,tt1559848,13,The Set Up,2010,Comedy,21.0,2853,7.9
tt1266020,Parks and Recreation,2,tt1559849,14,Leslie's House,2010,Comedy,21.0,2779,7.8
tt1266020,Parks and Recreation,2,tt1559850,15,Sweetums,2010,Comedy,21.0,2732,7.8
tt1266020,Parks and Recreation,2,tt1559851,16,Galentine's Day,2010,Comedy,21.0,2738,7.5
tt1266020,Parks and Recreation,2,tt1559852,17,Woman of the Year,2010,Comedy,21.0,2721,7.9
tt1266020,Parks and Recreation,2,tt1559853,18,The Possum,2010,Comedy,21.0,2727,7.9
tt1266020,Parks and Recreation,2,tt1559854,19,Park Safety,2010,Comedy,21.0,2823,8.0
tt1266020,Parks and Recreation,2,tt1559855,20,Summer Catalog,2010,Comedy,21.0,2671,7.8
tt1266020,Parks and Recreation,2,tt1559856,21,94 Meetings,2010,Comedy,30.0,2895,8.4
tt1266020,Parks and Recreation,2,tt1559857,22,Telethon,2010,Comedy,21.0,2788,8.2
tt1266020,Parks and Recreation,2,tt1587572,23,The Master Plan,2010,Comedy,21.0,2854,8.4
tt1266020,Parks and Recreation,2,tt1587573,24,Freddy Spaghetti,2010,Comedy,21.0,2885,8.5
tt1266020,Parks and Recreation,3,tt1636224,1,Go Big or Go Home,2011,Comedy,21.0,2764,8.1
tt1266020,Parks and Recreation,3,tt1636235,2,Flu Season,2011,Comedy,21.0,3479,8.9
tt1266020,Parks and Recreation,3,tt1636239,3,Time Capsule,2011,Comedy,21.0,2718,8.0
tt1266020,Parks and Recreation,3,tt1636240,4,Ron & Tammy 2,2011,Comedy,21.0,2957,8.5
tt1266020,Parks and Recreation,3,tt1636241,5,Media Blitz,2011,Comedy,21.0,2667,7.9
tt1266020,Parks and Recreation,3,tt1636242,6,Indianapolis,2011,Comedy,21.0,2652,8.0
tt1266020,Parks and Recreation,3,tt1636243,7,Harvest Festival,2011,Comedy,21.0,3032,8.7
tt1266020,Parks and Recreation,3,tt1636244,8,Camping,2011,Comedy,21.0,2666,7.9
tt1266020,Parks and Recreation,3,tt1636245,9,Andy and April's Fancy Party,2011,Comedy,21.0,3393,8.9
tt1266020,Parks and Recreation,3,tt1636225,10,Soulmates,2011,Comedy,21.0,2803,8.4
tt1266020,Parks and Recreation,3,tt1636226,11,Jerry's Painting,2011,Comedy,21.0,2821,8.6
tt1266020,Parks and Recreation,3,tt1636227,12,Eagleton,2011,Comedy,21.0,2676,8.1
tt1266020,Parks and Recreation,3,tt1636228,13,The Fight,2011,Comedy,21.0,3383,8.8
tt1266020,Parks and Recreation,3,tt1636229,14,Road Trip,2011,Comedy,21.0,2835,8.4
tt1266020,Parks and Recreation,3,tt1636230,15,The Bubble,2011,Comedy,21.0,2571,8.1
tt1266020,Parks and Recreation,3,tt1636231,16,Li'l Sebastian,2011,Comedy,21.0,3036,8.8
tt1266020,Parks and Recreation,4,tt1986601,1,I'm Leslie Knope,2011,Comedy,21.0,2596,8.0
tt1266020,Parks and Recreation,4,tt2015058,2,Ron and Tammys,2011,Comedy,21.0,2838,8.6
tt1266020,Parks and Recreation,4,tt2040001,3,Born and Raised,2011,Comedy,21.0,2537,8.0
tt1266020,Parks and Recreation,4,tt2041051,4,Pawnee Rangers,2011,Comedy,21.0,2760,8.2
tt1266020,Parks and Recreation,4,tt2087381,5,Meet 'N' Greet,2011,Comedy,22.0,2479,7.7
tt1266020,Parks and Recreation,4,tt2088449,6,End of the World,2011,Comedy,27.0,2828,8.5
tt1266020,Parks and Recreation,4,tt2089306,7,The Treaty,2011,Comedy,21.0,2524,7.8
tt1266020,Parks and Recreation,4,tt2095350,8,Smallest Park,2011,Comedy,21.0,2498,7.9
tt1266020,Parks and Recreation,4,tt2108220,9,The Trial of Leslie Knope,2011,Comedy,21.0,2593,8.4
tt1266020,Parks and Recreation,4,tt2113422,10,Citizen Knope,2011,Comedy,21.0,2531,8.4
tt1266020,Parks and Recreation,4,tt2143605,11,The Comeback Kid,2012,Comedy,21.0,2842,8.5
tt1266020,Parks and Recreation,4,tt2156103,12,Campaign Ad,2012,Comedy,21.0,2470,8.3
tt1266020,Parks and Recreation,4,tt2164475,13,Bowling for Votes,2012,Comedy,22.0,2586,8.5
tt1266020,Parks and Recreation,4,tt2183551,14,Operation Ann,2012,Comedy,21.0,2430,8.1
tt1266020,Parks and Recreation,4,tt2201899,15,Dave Returns,2012,Comedy,21.0,2359,7.8
tt1266020,Parks and Recreation,4,tt2213145,16,Sweet Sixteen,2012,Comedy,21.0,2329,7.6
tt1266020,Parks and Recreation,4,tt2230337,17,Campaign Shake-Up,2012,Comedy,21.0,2315,7.9
tt1266020,Parks and Recreation,4,tt2235069,18,Lucky,2012,Comedy,21.0,2326,7.8
tt1266020,Parks and Recreation,4,tt2235067,19,Live Ammo,2012,Comedy,22.0,2297,7.9
tt1266020,Parks and Recreation,4,tt2235071,20,The Debate,2012,Comedy,21.0,2699,8.7
tt1266020,Parks and Recreation,4,tt2235065,21,Bus Tour,2012,Comedy,22.0,2377,8.2
tt1266020,Parks and Recreation,4,tt2235063,22,"Win, Lose or Draw",2012,Comedy,22.0,2865,9.0
tt1266020,Parks and Recreation,5,tt2337844,1,Ms. Knope Goes to Washington,2012,Comedy,22.0,2378,7.8
tt1266020,Parks and Recreation,5,tt2372202,2,Soda Tax,2012,Comedy,22.0,2335,7.8
tt1266020,Parks and Recreation,5,tt2387570,3,How a Bill Becomes a Law,2012,Comedy,22.0,2313,7.9
tt1266020,Parks and Recreation,5,tt2368492,4,Sex Education,2012,Comedy,22.0,2353,8.0
tt1266020,Parks and Recreation,5,tt2414120,5,Halloween Surprise,2012,Comedy,22.0,2609,8.6
tt1266020,Parks and Recreation,5,tt2414122,6,Ben's Parents,2012,Comedy,22.0,2280,7.7
tt1266020,Parks and Recreation,5,tt2415146,7,Leslie vs. April,2012,Comedy,22.0,2264,7.7
tt1266020,Parks and Recreation,5,tt2459040,8,Pawnee Commons,2012,Comedy,22.0,2236,7.7
tt1266020,Parks and Recreation,5,tt2466936,9,Ron and Diane,2012,Comedy,22.0,2893,8.9
tt1266020,Parks and Recreation,5,tt2629728,10,Two Parties,2013,Comedy,22.0,2801,8.8
tt1266020,Parks and Recreation,5,tt2570016,11,Women in Garbage,2013,Comedy,22.0,2290,8.0
tt1266020,Parks and Recreation,5,tt2639376,12,Ann's Decision,2013,Comedy,22.0,2203,7.6
tt1266020,Parks and Recreation,5,tt2658686,13,Emergency Response,2013,Comedy,22.0,2355,8.5
tt1266020,Parks and Recreation,5,tt2699702,14,Leslie and Ben,2013,Comedy,22.0,3208,9.2
tt1266020,Parks and Recreation,5,tt2629240,15,Correspondents' Lunch,2013,Comedy,22.0,2129,7.8
tt1266020,Parks and Recreation,5,tt2649404,16,Bailout,2013,Comedy,22.0,2208,8.0
tt1266020,Parks and Recreation,5,tt2747032,17,Partridge,2013,Comedy,22,2111,7.5
tt1266020,Parks and Recreation,5,tt2747036,18,Animal Control,2013,Comedy,22,2201,8.2
tt1266020,Parks and Recreation,5,tt2747038,19,Article Two,2013,Comedy,22,2143,7.9
tt1266020,Parks and Recreation,5,tt2795868,20,Jerry's Retirement,2013,Comedy,22.0,2143,8.0
tt1266020,Parks and Recreation,5,tt2795870,21,Swing Vote,2013,Comedy,22.0,2063,7.5
tt1266020,Parks and Recreation,5,tt2759004,22,Are You Better Off?,2013,Comedy,22,2180,8.2
tt1266020,Parks and Recreation,6,tt2909126,1,London: Part 1,2013,Comedy,19,2471,8.5
tt1266020,Parks and Recreation,6,tt3334072,2,London: Part 2,2013,Comedy,22.0,2320,8.6
tt1266020,Parks and Recreation,6,tt3186496,3,The Pawnee-Eagleton Tip Off Classic,2013,Comedy,22,2132,7.6
tt1266020,Parks and Recreation,6,tt3205444,4,Doppelgängers,2013,Comedy,22,2226,7.9
tt1266020,Parks and Recreation,6,tt3248698,5,Gin It Up!,2013,Comedy,22,2083,7.7
tt1266020,Parks and Recreation,6,tt3189126,6,Filibuster,2013,Comedy,22,2141,8.0
tt1266020,Parks and Recreation,6,tt3261934,7,Recall Vote,2013,Comedy,22,2048,7.5
tt1266020,Parks and Recreation,6,tt3197812,8,Fluoride,2013,Comedy,22,2087,7.6
tt1266020,Parks and Recreation,6,tt3305414,9,The Cones of Dunshire,2013,Comedy,22,2153,8.1
tt1266020,Parks and Recreation,6,tt3371312,10,Second Chunce,2014,Comedy,22.0,2021,7.5
tt1266020,Parks and Recreation,6,tt3429722,11,New Beginnings,2014,Comedy,22,1986,7.6
tt1266020,Parks and Recreation,6,tt3442160,12,Farmers Market,2014,Comedy,22,2030,7.6
tt1266020,Parks and Recreation,6,tt3460878,13,Ann and Chris,2014,Comedy,22.0,2659,8.8
tt1266020,Parks and Recreation,6,tt3511740,14,Anniversaries,2014,Comedy,22.0,2023,7.9
tt1266020,Parks and Recreation,6,tt3479254,15,The Wall,2014,Comedy,22.0,1945,7.6
tt1266020,Parks and Recreation,6,tt3547114,16,New Slogan,2014,Comedy,22,1932,7.4
tt1266020,Parks and Recreation,6,tt3571458,17,Galentine's Day,2014,Comedy,22.0,1926,7.6
tt1266020,Parks and Recreation,6,tt3559602,18,Prom,2014,Comedy,22,1939,7.6
tt1266020,Parks and Recreation,6,tt3561964,19,Flu Season 2,2014,Comedy,22,2149,8.3
tt1266020,Parks and Recreation,6,tt3575408,20,"One in 8,000",2014,Comedy,22.0,1967,8.1
tt1266020,Parks and Recreation,6,tt3575412,21,Moving Up: Part 1,2014,Comedy,21.0,2486,8.8
tt1266020,Parks and Recreation,6,tt3575414,22,Moving Up: Part 2,2014,Comedy,22.0,3284,9.2
tt1266020,Parks and Recreation,7,tt3609484,1,2017,2015,Comedy,21.0,2335,7.5
tt1266020,Parks and Recreation,7,tt3784118,2,Ron & Jammy,2015,Comedy,21.0,2244,8.1
tt1266020,Parks and Recreation,7,tt3784616,3,William Henry Harrison,2015,Comedy,22.0,2085,7.3
tt1266020,Parks and Recreation,7,tt3784778,4,Leslie and Ron,2015,Comedy,22.0,4659,9.5
tt1266020,Parks and Recreation,7,tt3785430,5,Gryzzlbox,2015,Comedy,22.0,2069,8.1
tt1266020,Parks and Recreation,7,tt3785530,6,Save JJ's,2015,Comedy,22.0,2025,7.9
tt1266020,Parks and Recreation,7,tt3785532,7,Donna and Joe,2015,Comedy,22.0,2118,8.3
tt1266020,Parks and Recreation,7,tt3785534,8,Ms. Ludgate-Dwyer Goes to Washington,2015,Comedy,22.0,2071,8.0
tt1266020,Parks and Recreation,7,tt3785432,9,Pie-Mary,2015,Comedy,22.0,2163,8.2
tt1266020,Parks and Recreation,7,tt3784782,10,The Johnny Karate Super Awesome Musical Explosion Show,2015,Comedy,22.0,2886,8.3
tt1266020,Parks and Recreation,7,tt3784620,11,Two Funerals,2015,Comedy,22.0,2205,8.4
tt1266020,Parks and Recreation,7,tt3748226,12,One Last Ride,2015,Comedy,60.0,5509,9.5
tt2442560,Peaky Blinders,1,tt2471500,1,Episode #1.1,2013,"Crime,Drama",58.0,14519,8.0
tt2442560,Peaky Blinders,1,tt2471502,2,Episode #1.2,2013,"Crime,Drama",58.0,12218,8.2
tt2442560,Peaky Blinders,1,tt2471506,3,Episode #1.3,2013,"Crime,Drama",56.0,11455,8.1
tt2442560,Peaky Blinders,1,tt2461634,4,Episode #1.4,2013,"Crime,Drama",59.0,11200,8.5
tt2442560,Peaky Blinders,1,tt2461632,5,Episode #1.5,2013,"Crime,Drama",57.0,11770,8.8
tt2442560,Peaky Blinders,1,tt2461638,6,Episode #1.6,2013,"Crime,Drama",55.0,13095,9.1
tt2442560,Peaky Blinders,2,tt3655782,1,Episode #2.1,2014,"Crime,Drama",59.0,10174,8.4
tt2442560,Peaky Blinders,2,tt3683570,2,Episode #2.2,2014,"Crime,Drama",58.0,9494,8.2
tt2442560,Peaky Blinders,2,tt3683572,3,Episode #2.3,2014,"Crime,Drama",59.0,9317,8.5
tt2442560,Peaky Blinders,2,tt3683574,4,Episode #2.4,2014,"Crime,Drama",58.0,9106,8.3
tt2442560,Peaky Blinders,2,tt3683578,5,Episode #2.5,2014,"Crime,Drama",58.0,9295,8.7
tt2442560,Peaky Blinders,2,tt3683576,6,Episode #2.6,2014,"Crime,Drama",59.0,15517,9.5
tt2442560,Peaky Blinders,3,tt4277144,1,Episode #3.1,2016,"Crime,Drama",56.0,9293,8.1
tt2442560,Peaky Blinders,3,tt4370544,2,Episode #3.2,2016,"Crime,Drama",57.0,9255,8.8
tt2442560,Peaky Blinders,3,tt4370546,3,Episode #3.3,2016,"Crime,Drama",58.0,8540,8.5
tt2442560,Peaky Blinders,3,tt4370550,4,Episode #3.4,2016,"Crime,Drama",54.0,8582,8.6
tt2442560,Peaky Blinders,3,tt4370554,5,Episode #3.5,2016,"Crime,Drama",56.0,8337,8.3
tt2442560,Peaky Blinders,3,tt4370552,6,Episode #3.6,2016,"Crime,Drama",57.0,13564,9.5
tt2442560,Peaky Blinders,4,tt5755998,1,The Noose,2017,"Crime,Drama",60.0,12967,9.4
tt2442560,Peaky Blinders,4,tt6227888,2,Heathens,2017,"Crime,Drama",57.0,10040,9.0
tt2442560,Peaky Blinders,4,tt6227890,3,Blackbird,2017,"Crime,Drama",59.0,8702,8.5
tt2442560,Peaky Blinders,4,tt6227892,4,Dangerous,2017,"Crime,Drama",57.0,8502,8.5
tt2442560,Peaky Blinders,4,tt6227900,5,The Duel,2017,"Crime,Drama",57.0,8876,8.7
tt2442560,Peaky Blinders,4,tt6056650,6,The Company,2017,"Crime,Drama",60.0,13041,9.4
tt2442560,Peaky Blinders,5,tt5756000,1,Black Tuesday,2019,"Crime,Drama",56.0,9751,8.2
tt2442560,Peaky Blinders,5,tt6227902,2,Black Cats,2019,"Crime,Drama",58.0,9176,8.7
tt2442560,Peaky Blinders,5,tt6229668,3,Strategy,2019,"Crime,Drama",58.0,8105,8.3
tt2442560,Peaky Blinders,5,tt6229670,4,The Loop,2019,"Crime,Drama",57.0,8534,8.8
tt2442560,Peaky Blinders,5,tt6229672,5,The Shock,2019,"Crime,Drama",55.0,7675,8.5
tt2442560,Peaky Blinders,5,tt6056652,6,Mr. Jones,2019,"Crime,Drama",65.0,11282,9.2
tt2442560,Peaky Blinders,6,tt10698464,1,Black Day,2022,"Crime,Drama",58.0,12696,8.8
tt2442560,Peaky Blinders,6,tt10906292,2,Black Shirt,2022,"Crime,Drama",59,8968,8.2
tt2442560,Peaky Blinders,6,tt10906296,3,Gold,2022,"Crime,Drama",55,8279,8.0
tt2442560,Peaky Blinders,6,tt10906300,4,Sapphire,2022,"Crime,Drama",58,7739,8.0
tt2442560,Peaky Blinders,6,tt10906306,5,The Road to Hell,2022,"Crime,Drama",59,7351,8.0
tt2442560,Peaky Blinders,6,tt10906308,6,Lock and Key,2022,"Crime,Drama",81,14749,9.3
tt0455275,Prison Break,1,tt0678483,1,Pilot,2005,"Action,Crime,Drama",42.0,9278,8.7
tt0455275,Prison Break,1,tt0678475,2,Allen,2005,"Action,Crime,Drama",44.0,6550,8.5
tt0455275,Prison Break,1,tt0678477,3,Cell Test,2005,"Action,Crime,Drama",43.0,6107,8.3
tt0455275,Prison Break,1,tt0678478,4,Cute Poison,2005,"Action,Crime,Drama",44.0,5903,8.5
tt0455275,Prison Break,1,tt0678480,5,"English, Fitz or Percy",2005,"Action,Crime,Drama",44.0,6091,8.8
tt0455275,Prison Break,1,tt0678484,6,"Riots, Drills and the Devil: Part 1",2005,"Action,Crime,Drama",60.0,7400,9.2
tt0455275,Prison Break,1,tt0678482,7,"Riots, Drills and the Devil: Part 2",2005,"Action,Crime,Drama",60.0,6712,9.1
tt0455275,Prison Break,1,tt0678486,8,The Old Head,2005,"Action,Crime,Drama",60.0,5487,8.6
tt0455275,Prison Break,1,tt0678487,9,Tweener,2005,"Action,Crime,Drama",60.0,5366,8.4
tt0455275,Prison Break,1,tt0678485,10,Sleight of Hand,2005,"Action,Crime,Drama",60.0,5294,8.5
tt0455275,Prison Break,1,tt0678476,11,And Then There Were 7,2005,"Action,Crime,Drama",60.0,5277,8.5
tt0455275,Prison Break,1,tt0678481,12,Odd Man Out,2005,"Action,Crime,Drama",60.0,5286,8.7
tt0455275,Prison Break,1,tt0678479,13,End of the Tunnel,2005,"Action,Crime,Drama",60.0,5841,9.0
tt0455275,Prison Break,1,tt0761211,14,The Rat,2006,"Action,Crime,Drama",60.0,5607,8.9
tt0455275,Prison Break,1,tt0761209,15,By the Skin and the Teeth,2006,"Action,Crime,Drama",60.0,5136,8.3
tt0455275,Prison Break,1,tt0761208,16,Brother's Keeper,2006,"Action,Crime,Drama",60.0,5387,8.4
tt0455275,Prison Break,1,tt0782518,17,J-Cat,2006,"Action,Crime,Drama",60.0,5110,8.5
tt0455275,Prison Break,1,tt0789620,18,Bluff,2006,"Action,Crime,Drama",60.0,5177,8.7
tt0455275,Prison Break,1,tt0761210,19,The Key,2006,"Action,Crime,Drama",60.0,5321,8.7
tt0455275,Prison Break,1,tt0761212,20,Tonight,2006,"Action,Crime,Drama",60.0,6072,9.1
tt0455275,Prison Break,1,tt0769383,21,Go,2006,"Action,Crime,Drama",60.0,9364,9.5
tt0455275,Prison Break,1,tt0799332,22,Flight,2006,"Action,Crime,Drama",60.0,8110,9.3
tt0455275,Prison Break,2,tt0839360,1,Manhunt,2006,"Action,Crime,Drama",41.0,5498,8.8
tt0455275,Prison Break,2,tt0843217,2,Otis,2006,"Action,Crime,Drama",43.0,4527,8.3
tt0455275,Prison Break,2,tt0847410,3,Scan,2006,"Action,Crime,Drama",60.0,4449,8.3
tt0455275,Prison Break,2,tt0845343,4,First Down,2006,"Action,Crime,Drama",60.0,4524,8.4
tt0455275,Prison Break,2,tt0847409,5,Map 1213,2006,"Action,Crime,Drama",44.0,4299,8.2
tt0455275,Prison Break,2,tt0865197,6,Subdivision,2006,"Action,Crime,Drama",44.0,4239,8.3
tt0455275,Prison Break,2,tt0866270,7,Buried,2006,"Action,Crime,Drama",44.0,4389,8.5
tt0455275,Prison Break,2,tt0861280,8,Dead Fall,2006,"Action,Crime,Drama",60.0,4222,8.2
tt0455275,Prison Break,2,tt0866271,9,Unearthed,2006,"Action,Crime,Drama",44.0,4173,8.4
tt0455275,Prison Break,2,tt0876831,10,Rendezvous,2006,"Action,Crime,Drama",44.0,4177,8.3
tt0455275,Prison Break,2,tt0882544,11,Bolshoi Booze,2006,"Action,Crime,Drama",44.0,4157,8.4
tt0455275,Prison Break,2,tt0882545,12,Disconnect,2006,"Action,Crime,Drama",44.0,4107,8.3
tt0455275,Prison Break,2,tt0900686,13,The Killing Box,2006,"Action,Crime,Drama",44.0,4675,8.9
tt0455275,Prison Break,2,tt0909711,14,John Doe,2007,"Action,Crime,Drama",60.0,4231,8.6
tt0455275,Prison Break,2,tt0922226,15,The Message,2007,"Action,Crime,Drama",60.0,4109,8.3
tt0455275,Prison Break,2,tt0921562,16,Chicago,2007,"Action,Crime,Drama",60.0,4202,8.4
tt0455275,Prison Break,2,tt0934263,17,Bad Blood,2007,"Action,Crime,Drama",60.0,4133,8.5
tt0455275,Prison Break,2,tt0959184,18,Wash,2007,"Action,Crime,Drama",60.0,4139,8.5
tt0455275,Prison Break,2,tt0928317,19,Sweet Caroline,2007,"Action,Crime,Drama",60.0,4469,8.8
tt0455275,Prison Break,2,tt0963626,20,Panama,2007,"Action,Crime,Drama",60.0,4100,8.2
tt0455275,Prison Break,2,tt0972484,21,Fin del camino,2007,"Action,Crime,Drama",60.0,4241,8.5
tt0455275,Prison Break,2,tt0974324,22,Sona,2007,"Action,Crime,Drama",43.0,4815,8.6
tt0455275,Prison Break,3,tt0994491,1,Orientación,2007,"Action,Crime,Drama",43.0,5195,8.5
tt0455275,Prison Break,3,tt0994502,2,Fire/Water,2007,"Action,Crime,Drama",44.0,4062,8.0
tt0455275,Prison Break,3,tt0994506,3,Call Waiting,2007,"Action,Crime,Drama",43.0,3893,8.0
tt0455275,Prison Break,3,tt0994507,4,Good Fences,2007,"Action,Crime,Drama",44.0,3844,7.9
tt0455275,Prison Break,3,tt0994508,5,Interference,2007,"Action,Crime,Drama",44.0,3816,7.9
tt0455275,Prison Break,3,tt0994509,6,Photo Finish,2007,"Action,Crime,Drama",45.0,3817,8.2
tt0455275,Prison Break,3,tt0994510,7,Vamonos,2007,"Action,Crime,Drama",44.0,3798,8.2
tt0455275,Prison Break,3,tt0994511,8,Bang and Burn,2007,"Action,Crime,Drama",44.0,3786,8.3
tt0455275,Prison Break,3,tt0994512,9,Boxed In,2008,"Action,Crime,Drama",44.0,3794,7.8
tt0455275,Prison Break,3,tt0994492,10,Dirt Nap,2008,"Action,Crime,Drama",45.0,3735,8.2
tt0455275,Prison Break,3,tt0994493,11,Under & Out,2008,"Action,Crime,Drama",42.0,3752,8.3
tt0455275,Prison Break,3,tt0994494,12,Hell or High Water,2008,"Action,Crime,Drama",42.0,4129,8.7
tt0455275,Prison Break,3,tt0994495,13,The Art of the Deal,2008,"Action,Crime,Drama",43.0,4499,8.7
tt0455275,Prison Break,4,tt0994496,1,Scylla,2008,"Action,Crime,Drama",42.0,4688,7.9
tt0455275,Prison Break,4,tt6826536,2,Breaking and Entering,2008,"Action,Crime,Drama",42.0,2296,7.6
tt0455275,Prison Break,4,tt0994498,3,Shut Down,2008,"Action,Crime,Drama",42.0,3742,7.8
tt0455275,Prison Break,4,tt0994499,4,Eagles and Angels,2008,"Action,Crime,Drama",42.0,3671,7.9
tt0455275,Prison Break,4,tt0994500,5,Safe and Sound,2008,"Action,Crime,Drama",42.0,3611,8.0
tt0455275,Prison Break,4,tt0994501,6,Blow Out,2008,"Action,Crime,Drama",42.0,3578,8.0
tt0455275,Prison Break,4,tt0994503,7,Five the Hard Way,2008,"Action,Crime,Drama",42.0,3553,8.0
tt0455275,Prison Break,4,tt0994504,8,The Price,2008,"Action,Crime,Drama",42.0,3543,8.1
tt0455275,Prison Break,4,tt0994505,9,Greatness Achieved,2008,"Action,Crime,Drama",55.0,4180,8.7
tt0455275,Prison Break,4,tt1224477,10,The Legend,2008,"Action,Crime,Drama",55.0,3517,8.0
tt0455275,Prison Break,4,tt1224478,11,Quiet Riot,2008,"Action,Crime,Drama",45.0,3654,8.4
tt0455275,Prison Break,4,tt1224483,12,Selfless,2008,"Action,Crime,Drama",44.0,4620,9.0
tt0455275,Prison Break,4,tt1224482,13,Deal or No Deal,2008,"Action,Crime,Drama",44.0,3494,8.1
tt0455275,Prison Break,4,tt1224481,14,Just Business,2008,"Action,Crime,Drama",45.0,3472,8.0
tt0455275,Prison Break,4,tt1224479,15,Going Under,2008,"Action,Crime,Drama",55.0,3459,7.7
tt0455275,Prison Break,4,tt1224480,16,The Sunshine State,2008,"Action,Crime,Drama",44.0,3547,7.6
tt0455275,Prison Break,4,tt1349175,17,The Mother Lode,2009,"Action,Crime,Drama",45.0,3528,7.5
tt0455275,Prison Break,4,tt1349174,18,VS.,2009,"Action,Crime,Drama",44.0,3434,7.4
tt0455275,Prison Break,4,tt1361190,19,S.O.B.,2009,"Action,Crime,Drama",45.0,3400,7.5
tt0455275,Prison Break,4,tt1368328,20,Cowboys and Indians,2009,"Action,Crime,Drama",44,3455,8.0
tt0455275,Prison Break,4,tt1395529,21,Rate of Exchange,2009,"Action,Crime,Drama",44.0,3467,8.2
tt0455275,Prison Break,4,tt1394850,22,Killing Your Number,2009,"Action,Crime,Drama",43.0,4957,8.9
tt0455275,Prison Break,4,tt1478107,23,The Old Ball and Chain,2009,"Action,Crime,Drama",42.0,3369,7.8
tt0455275,Prison Break,4,tt1478106,24,Free,2009,"Action,Crime,Drama",44.0,4159,8.5
tt0455275,Prison Break,5,tt5537374,1,Ogygia,2017,"Action,Crime,Drama",45.0,8214,8.4
tt0455275,Prison Break,5,tt5562080,2,Kaniel Outis,2017,"Action,Crime,Drama",45.0,5903,8.1
tt0455275,Prison Break,5,tt5562088,3,The Liar,2017,"Action,Crime,Drama",45.0,5093,8.0
tt0455275,Prison Break,5,tt5564478,4,The Prisoner's Dilemma,2017,"Action,Crime,Drama",45.0,5289,8.6
tt0455275,Prison Break,5,tt5577002,5,Contingency,2017,"Action,Crime,Drama",45.0,4418,7.7
tt0455275,Prison Break,5,tt5577008,6,Phaecia,2017,"Action,Crime,Drama",45.0,4166,7.5
tt0455275,Prison Break,5,tt5577018,7,Wine Dark Sea,2017,"Action,Crime,Drama",45.0,4164,7.9
tt0455275,Prison Break,5,tt5577024,8,Progeny,2017,"Action,Crime,Drama",45.0,4663,8.6
tt0455275,Prison Break,5,tt5538198,9,Behind the Eyes,2017,"Action,Crime,Drama",45.0,5215,8.4
tt9288030,Reacher,1,tt11609062,1,Welcome to Margrave,2022,"Action,Crime,Drama",54,8063,8.3
tt9288030,Reacher,1,tt14503476,2,First Dance,2022,"Action,Crime,Drama",52.0,6533,8.1
tt9288030,Reacher,1,tt14503478,3,Spoonful,2022,"Action,Crime,Drama",47.0,6049,8.0
tt9288030,Reacher,1,tt15792596,4,In a Tree,2022,"Action,Crime,Drama",46.0,5883,8.2
tt9288030,Reacher,1,tt14503494,5,No Apologies,2022,"Action,Crime,Drama",48.0,5727,8.2
tt9288030,Reacher,1,tt14503480,6,Papier,2022,"Action,Crime,Drama",48.0,5577,8.2
tt9288030,Reacher,1,tt14503470,7,Reacher Said Nothing,2022,"Action,Crime,Drama",41.0,6006,8.5
tt9288030,Reacher,1,tt14503474,8,Pie,2022,"Action,Crime,Drama",52.0,6405,8.3
tt9288030,Reacher,2,tt18071558,1,ATM,2023,"Action,Crime,Drama",56.0,6003,8.1
tt9288030,Reacher,2,tt27830315,2,What Happens in Atlantic City,2023,"Action,Crime,Drama",50.0,5081,8.0
tt9288030,Reacher,2,tt27830321,3,Picture Says a Thousand Words,2023,"Action,Crime,Drama",47.0,5106,8.2
tt9288030,Reacher,2,tt27830327,4,A Night at the Symphony,2023,"Action,Crime,Drama",46.0,4593,8.0
tt9288030,Reacher,2,tt27830339,5,Burial,2023,"Action,Crime,Drama",43.0,4329,7.7
tt9288030,Reacher,2,tt27830343,6,New York's Finest,2024,"Action,Crime,Drama",45.0,4562,7.7
tt9288030,Reacher,2,tt27830353,7,The Man Goes Through,2024,"Action,Crime,Drama",45.0,4065,7.8
tt9288030,Reacher,2,tt27830361,8,Fly Boy,2024,"Action,Crime,Drama",43.0,5170,7.8
tt2861424,Rick and Morty,1,tt2169080,1,Pilot,2013,"Adventure,Animation,Comedy",22.0,18240,7.9
tt2861424,Rick and Morty,1,tt3333824,2,Lawnmower Dog,2013,"Adventure,Animation,Comedy",22.0,18105,8.6
tt2861424,Rick and Morty,1,tt3333828,3,Anatomy Park,2013,"Adventure,Animation,Comedy",22.0,16510,8.3
tt2861424,Rick and Morty,1,tt3333830,4,M. Night Shaym-Aliens!,2014,"Adventure,Animation,Comedy",22.0,16595,8.6
tt2861424,Rick and Morty,1,tt3333832,5,Meeseeks and Destroy,2014,"Adventure,Animation,Comedy",22.0,18434,9.0
tt2861424,Rick and Morty,1,tt3333834,6,Rick Potion #9,2014,"Adventure,Animation,Comedy",22.0,18220,9.1
tt2861424,Rick and Morty,1,tt3333836,7,Raising Gazorpazorp,2014,"Adventure,Animation,Comedy",23.0,15264,7.9
tt2861424,Rick and Morty,1,tt3333838,8,Rixty Minutes,2014,"Adventure,Animation,Comedy",23.0,16701,8.7
tt2861424,Rick and Morty,1,tt3333840,9,Something Ricked This Way Comes,2014,"Adventure,Animation,Comedy",23.0,15084,8.4
tt2861424,Rick and Morty,1,tt3333846,10,Close Rick-Counters of the Rick Kind,2014,"Adventure,Animation,Comedy",23.0,18983,9.3
tt2861424,Rick and Morty,1,tt3333854,11,Ricksy Business,2014,"Adventure,Animation,Comedy",23.0,14725,8.4
tt2861424,Rick and Morty,2,tt4462494,1,A Rickle in Time,2015,"Adventure,Animation,Comedy",23.0,16380,8.8
tt2861424,Rick and Morty,2,tt4832254,2,Mortynight Run,2015,"Adventure,Animation,Comedy",23.0,15498,8.8
tt2861424,Rick and Morty,2,tt4832260,3,Auto Erotic Assimilation,2015,"Adventure,Animation,Comedy",23.0,15116,8.5
tt2861424,Rick and Morty,2,tt4832262,4,Total Rickall,2015,"Adventure,Animation,Comedy",22.0,21818,9.5
tt2861424,Rick and Morty,2,tt4832266,5,Get Schwifty,2015,"Adventure,Animation,Comedy",24.0,15112,8.2
tt2861424,Rick and Morty,2,tt4832268,6,The Ricks Must Be Crazy,2015,"Adventure,Animation,Comedy",23.0,18035,9.3
tt2861424,Rick and Morty,2,tt4832272,7,Big Trouble in Little Sanchez,2015,"Adventure,Animation,Comedy",23.0,14131,8.4
tt2861424,Rick and Morty,2,tt4832274,8,Interdimensional Cable 2: Tempting Fate,2015,"Adventure,Animation,Comedy",23.0,14641,7.6
tt2861424,Rick and Morty,2,tt4832276,9,Look Who's Purging Now,2015,"Adventure,Animation,Comedy",23.0,14601,8.5
tt2861424,Rick and Morty,2,tt4832278,10,The Wedding Squanchers,2015,"Adventure,Animation,Comedy",23.0,17828,9.3
tt2861424,Rick and Morty,3,tt5218228,1,The Rickshank Rickdemption,2017,"Adventure,Animation,Comedy",22.0,25504,9.6
tt2861424,Rick and Morty,3,tt5218256,2,Rickmancing the Stone,2017,"Adventure,Animation,Comedy",22.0,15102,8.1
tt2861424,Rick and Morty,3,tt5218268,3,Pickle Rick,2017,"Adventure,Animation,Comedy",23.0,23103,9.3
tt2861424,Rick and Morty,3,tt5218288,4,Vindicators 3: The Return of Worldender,2017,"Adventure,Animation,Comedy",23.0,14903,8.1
tt2861424,Rick and Morty,3,tt5218310,5,The Whirly Dirly Conspiracy,2017,"Adventure,Animation,Comedy",22.0,14197,8.4
tt2861424,Rick and Morty,3,tt5218318,6,Rest and Ricklaxation,2017,"Adventure,Animation,Comedy",22.0,15411,8.8
tt2861424,Rick and Morty,3,tt5218332,7,The Ricklantis Mixup,2017,"Adventure,Animation,Comedy",22.0,37569,9.8
tt2861424,Rick and Morty,3,tt5218350,8,Morty's Mind Blowers,2017,"Adventure,Animation,Comedy",22.0,15029,8.9
tt2861424,Rick and Morty,3,tt5218370,9,The ABCs of Beth,2017,"Adventure,Animation,Comedy",22.0,12974,7.9
tt2861424,Rick and Morty,3,tt5218386,10,The Rickchurian Mortydate,2017,"Adventure,Animation,Comedy",22.0,13208,8.2
tt2861424,Rick and Morty,4,tt7446798,1,Edge of Tomorty: Rick Die Rickpeat,2019,"Adventure,Animation,Comedy",22.0,16625,8.9
tt2861424,Rick and Morty,4,tt10655676,2,The Old Man and the Seat,2019,"Adventure,Animation,Comedy",22.0,14714,8.2
tt2861424,Rick and Morty,4,tt10655678,3,One Crew over the Crewcoo's Morty,2019,"Adventure,Animation,Comedy",22.0,14214,8.2
tt2861424,Rick and Morty,4,tt10655680,4,Claw and Hoarder: Special Ricktim's Morty,2019,"Adventure,Animation,Comedy",22.0,14360,7.3
tt2861424,Rick and Morty,4,tt10655682,5,Rattlestar Ricklactica,2019,"Adventure,Animation,Comedy",22.0,13932,8.8
tt2861424,Rick and Morty,4,tt10655686,6,Never Ricking Morty,2020,"Adventure,Animation,Comedy",21.0,13177,8.0
tt2861424,Rick and Morty,4,tt10655690,7,Promortyus,2020,"Adventure,Animation,Comedy",21.0,11212,8.0
tt2861424,Rick and Morty,4,tt10655692,8,The Vat of Acid Episode,2020,"Adventure,Animation,Comedy",22.0,17481,9.5
tt2861424,Rick and Morty,4,tt10655694,9,Childrick of Mort,2020,"Adventure,Animation,Comedy",22.0,10859,7.7
tt2861424,Rick and Morty,4,tt10655696,10,Star Mort Rickturn of the Jerri,2020,"Adventure,Animation,Comedy",22.0,12649,9.0
tt2861424,Rick and Morty,5,tt12396812,1,Mort Dinner Rick Andre,2021,"Adventure,Animation,Comedy",22.0,16092,9.0
tt2861424,Rick and Morty,5,tt14889190,2,Mortyplicity,2021,"Adventure,Animation,Comedy",22.0,14176,8.7
tt2861424,Rick and Morty,5,tt14889192,3,A Rickconvenient Mort,2021,"Adventure,Animation,Comedy",22.0,13165,7.8
tt2861424,Rick and Morty,5,tt14898020,4,Rickdependence Spray,2021,"Adventure,Animation,Comedy",22.0,15054,5.8
tt2861424,Rick and Morty,5,tt15000920,5,Amortycan Grickfitti,2021,"Adventure,Animation,Comedy",22.0,10760,7.0
tt2861424,Rick and Morty,5,tt15041140,6,Rick & Morty's Thanksploitation Spectacular,2021,"Adventure,Animation,Comedy",23.0,10738,7.1
tt2861424,Rick and Morty,5,tt15041318,7,Gotron Jerrysis Rickvangelion,2021,"Adventure,Animation,Comedy",23.0,10449,6.3
tt2861424,Rick and Morty,5,tt15041146,8,Rickternal Friendshine of the Spotless Mort,2021,"Adventure,Animation,Comedy",22.0,10596,8.2
tt2861424,Rick and Morty,5,tt15041328,9,Forgetting Sarick Mortshall,2021,"Adventure,Animation,Comedy",21.0,9336,8.2
tt2861424,Rick and Morty,5,tt15041334,10,Rickmurai Jack,2021,"Adventure,Animation,Comedy",22.0,14441,9.3
tt2861424,Rick and Morty,6,tt21599650,1,Solaricks,2022,"Adventure,Animation,Comedy",22.0,10447,8.5
tt2861424,Rick and Morty,6,tt21601996,2,Rick: A Mort Well Lived,2022,"Adventure,Animation,Comedy",22.0,8634,7.8
tt2861424,Rick and Morty,6,tt15389382,3,Bethic Twinstinct,2022,"Adventure,Animation,Comedy",22.0,8974,7.7
tt2861424,Rick and Morty,6,tt21599640,4,Night Family,2022,"Adventure,Animation,Comedy",22.0,9119,8.5
tt2861424,Rick and Morty,6,tt21599628,5,Final DeSmithation,2022,"Adventure,Animation,Comedy",23.0,8018,8.2
tt2861424,Rick and Morty,6,tt21599634,6,Juricksic Mort,2022,"Adventure,Animation,Comedy",22.0,7415,7.8
tt2861424,Rick and Morty,6,tt21599638,7,Full Meta Jackrick,2022,"Adventure,Animation,Comedy",21.0,7265,7.8
tt2861424,Rick and Morty,6,tt21599642,8,Analyze Piss,2022,"Adventure,Animation,Comedy",22.0,6883,8.3
tt2861424,Rick and Morty,6,tt21599652,9,A Rick in King Mortur's Mort,2022,"Adventure,Animation,Comedy",22.0,6103,7.4
tt2861424,Rick and Morty,6,tt21599658,10,Ricktional Mortpoon's Rickmas Mortcation,2022,"Adventure,Animation,Comedy",23.0,6024,8.0
tt2861424,Rick and Morty,7,tt28244512,1,How Poopy Got His Poop Back,2023,"Adventure,Animation,Comedy",22,9213,6.1
tt2861424,Rick and Morty,7,tt28252882,2,The Jerrick Trap,2023,"Adventure,Animation,Comedy",22,7673,7.3
tt2861424,Rick and Morty,7,tt29371866,3,Air Force Wong,2023,"Adventure,Animation,Comedy",22.0,6962,6.8
tt2861424,Rick and Morty,7,tt29371869,4,That's Amorte,2023,"Adventure,Animation,Comedy",22.0,8692,8.3
tt2861424,Rick and Morty,7,tt29371870,5,Unmortricken,2023,"Adventure,Animation,Comedy",22.0,10970,9.2
tt2861424,Rick and Morty,7,tt29371871,6,Rickfending Your Mort,2023,"Adventure,Animation,Comedy",22.0,6445,7.8
tt2861424,Rick and Morty,7,tt29371872,7,Wet Kuat Amortican Summer,2023,"Adventure,Animation,Comedy",22.0,6199,6.4
tt2861424,Rick and Morty,7,tt29371874,8,Rise of the Numbericons: The Movie,2023,"Adventure,Animation,Comedy",22.0,8741,4.5
tt2861424,Rick and Morty,7,tt29371875,9,Mort: Ragnarick,2023,"Adventure,Animation,Comedy",22.0,6115,7.9
tt2861424,Rick and Morty,7,tt29371876,10,Fear No Mort,2023,"Adventure,Animation,Comedy",24.0,9688,9.4
tt0285403,Scrubs,1,tt0696640,1,My First Day,2001,"Comedy,Drama",24.0,2761,8.3
tt0285403,Scrubs,1,tt0696602,2,My Mentor,2001,"Comedy,Drama",24.0,2118,8.0
tt0285403,Scrubs,1,tt0696547,3,My Best Friend's Mistake,2001,"Comedy,Drama",24.0,1988,7.9
tt0285403,Scrubs,1,tt0696616,4,My Old Lady,2001,"Comedy,Drama",24.0,3042,9.1
tt0285403,Scrubs,1,tt0696636,5,My Two Dads,2001,"Comedy,Drama",24.0,1838,8.1
tt0285403,Scrubs,1,tt0696544,6,My Bad,2001,"Comedy,Drama",24.0,1818,8.1
tt0285403,Scrubs,1,tt0696632,7,My Super Ego,2001,"Comedy,Drama",24.0,1741,7.9
tt0285403,Scrubs,1,tt0696579,8,My Fifteen Minutes,2001,"Comedy,Drama",24.0,1729,8.1
tt0285403,Scrubs,1,tt0696569,9,My Day Off,2001,"Comedy,Drama",24.0,1673,8.0
tt0285403,Scrubs,1,tt0696610,10,My Nickname,2001,"Comedy,Drama",24.0,1692,8.0
tt0285403,Scrubs,1,tt0696619,11,My Own Personal Jesus,2001,"Comedy,Drama",24.0,1723,7.8
tt0285403,Scrubs,1,tt0696555,12,My Blind Date,2002,"Comedy,Drama",24.0,1634,8.1
tt0285403,Scrubs,1,tt0696545,13,My Balancing Act,2002,"Comedy,Drama",24.0,1598,7.8
tt0285403,Scrubs,1,tt0696574,14,My Drug Buddy,2002,"Comedy,Drama",24.0,1632,8.1
tt0285403,Scrubs,1,tt0696546,15,My Bed Banter & Beyond,2002,"Comedy,Drama",24.0,1786,8.4
tt0285403,Scrubs,1,tt0696585,16,My Heavy Meddle,2002,"Comedy,Drama",24.0,1522,7.7
tt0285403,Scrubs,1,tt0696631,17,My Student,2002,"Comedy,Drama",24.0,1549,7.9
tt0285403,Scrubs,1,tt0696635,18,My Tuscaloosa Heart,2002,"Comedy,Drama",24.0,1523,7.8
tt0285403,Scrubs,1,tt0696617,19,My Old Man,2002,"Comedy,Drama",24.0,1530,8.0
tt0285403,Scrubs,1,tt0696638,20,My Way or the Highway,2002,"Comedy,Drama",24.0,1464,7.9
tt0285403,Scrubs,1,tt0696627,21,My Sacrificial Clam,2002,"Comedy,Drama",24.0,1450,7.6
tt0285403,Scrubs,1,tt0696613,22,My Occurrence,2002,"Comedy,Drama",24.0,2093,9.0
tt0285403,Scrubs,1,tt0696586,23,My Hero,2002,"Comedy,Drama",24.0,1728,8.7
tt0285403,Scrubs,1,tt0696595,24,My Last Day,2002,"Comedy,Drama",24.0,1597,8.7
tt0285403,Scrubs,2,tt0696618,1,My Overkill,2002,"Comedy,Drama",24.0,1723,8.5
tt0285403,Scrubs,2,tt0696611,2,My Nightingale,2002,"Comedy,Drama",24.0,1394,7.8
tt0285403,Scrubs,2,tt0696562,3,My Case Study,2002,"Comedy,Drama",24.0,1349,7.9
tt0285403,Scrubs,2,tt0696553,4,My Big Mouth,2002,"Comedy,Drama",24.0,1336,7.8
tt0285403,Scrubs,2,tt0696606,5,My New Coat,2002,"Comedy,Drama",24.0,1322,7.8
tt0285403,Scrubs,2,tt0696552,6,My Big Brother,2002,"Comedy,Drama",24.0,1344,7.9
tt0285403,Scrubs,2,tt0696582,7,My First Step,2002,"Comedy,Drama",24.0,1323,7.9
tt0285403,Scrubs,2,tt0696584,8,My Fruit Cups,2002,"Comedy,Drama",24.0,1358,8.1
tt0285403,Scrubs,2,tt0696599,9,My Lucky Day,2002,"Comedy,Drama",24.0,1336,8.0
tt0285403,Scrubs,2,tt0696605,10,My Monster,2002,"Comedy,Drama",24.0,1347,8.0
tt0285403,Scrubs,2,tt0696630,11,My Sex Buddy,2003,"Comedy,Drama",24.0,1328,8.1
tt0285403,Scrubs,2,tt0696609,12,My New Old Friend,2003,"Comedy,Drama",24.0,1305,8.0
tt0285403,Scrubs,2,tt0696621,13,My Philosophy,2003,"Comedy,Drama",24.0,1548,8.5
tt0285403,Scrubs,2,tt0696557,14,"My Brother, My Keeper",2003,"Comedy,Drama",24.0,1298,7.8
tt0285403,Scrubs,2,tt0696540,15,His Story,2003,"Comedy,Drama",24.0,1454,8.6
tt0285403,Scrubs,2,tt0696592,16,My Karma,2003,"Comedy,Drama",24.0,1262,8.0
tt0285403,Scrubs,2,tt0696620,17,My Own Private Practice Guy,2003,"Comedy,Drama",24.0,1253,7.9
tt0285403,Scrubs,2,tt0696633,18,My T.C.W.,2003,"Comedy,Drama",24.0,1426,8.5
tt0285403,Scrubs,2,tt0696593,19,My Kingdom,2003,"Comedy,Drama",24.0,1229,7.8
tt0285403,Scrubs,2,tt0696589,20,My Interpretation,2003,"Comedy,Drama",24.0,1291,8.2
tt0285403,Scrubs,2,tt0696571,21,My Drama Queen,2003,"Comedy,Drama",24.0,1225,7.9
tt0285403,Scrubs,2,tt0696572,22,My Dream Job,2003,"Comedy,Drama",24.0,1383,8.5
tt0285403,Scrubs,3,tt0696543,1,My Own American Girl,2003,"Comedy,Drama",24.0,1260,8.0
tt0285403,Scrubs,3,tt0696591,2,My Journey,2003,"Comedy,Drama",24.0,1241,7.8
tt0285403,Scrubs,3,tt0696639,3,My White Whale,2003,"Comedy,Drama",24.0,1249,7.8
tt0285403,Scrubs,3,tt0696600,4,My Lucky Night,2003,"Comedy,Drama",24.0,1216,8.0
tt0285403,Scrubs,3,tt0696558,5,"My Brother, Where Art Thou?",2003,"Comedy,Drama",24.0,1229,8.1
tt0285403,Scrubs,3,tt0696542,6,My Advice to You,2003,"Comedy,Drama",24.0,1194,7.9
tt0285403,Scrubs,3,tt0696580,7,My Fifteen Seconds,2003,"Comedy,Drama",24.0,1304,8.4
tt0285403,Scrubs,3,tt0696583,8,My Friend the Doctor,2003,"Comedy,Drama",24.0,1224,8.2
tt0285403,Scrubs,3,tt0696570,9,My Dirty Secret,2003,"Comedy,Drama",24.0,1174,7.9
tt0285403,Scrubs,3,tt0696626,10,My Rule of Thumb,2004,"Comedy,Drama",24.0,1161,7.7
tt0285403,Scrubs,3,tt0696566,11,My Clean Break,2004,"Comedy,Drama",24.0,1157,7.8
tt0285403,Scrubs,3,tt0696563,12,My Catalyst,2004,"Comedy,Drama",24.0,1644,8.9
tt0285403,Scrubs,3,tt0696622,13,My Porcelain God,2004,"Comedy,Drama",24.0,1410,8.6
tt0285403,Scrubs,3,tt0696628,14,My Screwup,2004,"Comedy,Drama",24.0,6286,9.7
tt0285403,Scrubs,3,tt0696634,15,My Tormented Mentor,2004,"Comedy,Drama",24.0,1226,8.0
tt0285403,Scrubs,3,tt0696560,16,My Butterfly,2004,"Comedy,Drama",24.0,1468,8.7
tt0285403,Scrubs,3,tt0696604,17,My Moment of Un-Truth,2004,"Comedy,Drama",24.0,1143,7.9
tt0285403,Scrubs,3,tt0696541,18,His Story II,2004,"Comedy,Drama",24.0,1160,8.0
tt0285403,Scrubs,3,tt0696565,19,My Choosiest Choice of All,2004,"Comedy,Drama",24.0,1210,8.1
tt0285403,Scrubs,3,tt0696577,20,My Fault,2004,"Comedy,Drama",24.0,1168,8.2
tt0285403,Scrubs,3,tt0696629,21,My Self-Examination,2004,"Comedy,Drama",24.0,1179,8.1
tt0285403,Scrubs,3,tt0696548,22,My Best Friend's Wedding,2004,"Comedy,Drama",24.0,1265,8.4
tt0285403,Scrubs,4,tt0696615,1,My Old Friend's New Friend,2004,"Comedy,Drama",24.0,1203,8.4
tt0285403,Scrubs,4,tt0696614,2,My Office,2004,"Comedy,Drama",24.0,1126,8.1
tt0285403,Scrubs,4,tt0696607,3,My New Game,2004,"Comedy,Drama",24.0,1114,8.0
tt0285403,Scrubs,4,tt0696581,4,My First Kill,2004,"Comedy,Drama",24.0,1119,8.0
tt0285403,Scrubs,4,tt0696538,5,Her Story,2004,"Comedy,Drama",24.0,1118,8.0
tt0285403,Scrubs,4,tt0696561,6,My Cake,2004,"Comedy,Drama",24.0,1455,8.8
tt0285403,Scrubs,4,tt0696567,7,My Common Enemy,2004,"Comedy,Drama",24.0,1123,7.8
tt0285403,Scrubs,4,tt0696594,8,My Last Chance,2004,"Comedy,Drama",24.0,1377,8.7
tt0285403,Scrubs,4,tt0696601,9,My Malpractical Decision,2004,"Comedy,Drama",24.0,1123,8.0
tt0285403,Scrubs,4,tt0696578,10,My Female Trouble,2004,"Comedy,Drama",24.0,1162,8.1
tt0285403,Scrubs,4,tt0696637,11,My Unicorn,2004,"Comedy,Drama",24.0,1307,8.2
tt0285403,Scrubs,4,tt0696550,12,My Best Moment,2004,"Comedy,Drama",24.0,1309,8.6
tt0285403,Scrubs,4,tt0696612,13,My Ocardial Infarction,2005,"Comedy,Drama",24.0,1085,7.9
tt0285403,Scrubs,4,tt0696598,14,My Lucky Charm,2005,"Comedy,Drama",24.0,1329,8.2
tt0285403,Scrubs,4,tt0696587,15,My Hypocritical Oath,2005,"Comedy,Drama",24.0,1085,8.0
tt0285403,Scrubs,4,tt0696623,16,My Quarantine,2005,"Comedy,Drama",24.0,1103,8.0
tt0285403,Scrubs,4,tt0696596,17,My Life in Four Cameras,2005,"Comedy,Drama",24.0,1322,8.3
tt0285403,Scrubs,4,tt0696625,18,My Roommates,2005,"Comedy,Drama",24.0,1083,8.2
tt0285403,Scrubs,4,tt0696549,19,My Best Laid Plans,2005,"Comedy,Drama",24.0,1211,8.4
tt0285403,Scrubs,4,tt0696556,20,My Boss's Free Haircut,2005,"Comedy,Drama",24.0,1126,8.3
tt0285403,Scrubs,4,tt0696597,21,My Lips Are Sealed,2005,"Comedy,Drama",24.0,1041,8.0
tt0285403,Scrubs,4,tt0696554,22,My Big Move,2005,"Comedy,Drama",24.0,1059,8.2
tt0285403,Scrubs,4,tt0696576,23,My Faith in Humanity,2005,"Comedy,Drama",24.0,1058,7.8
tt0285403,Scrubs,4,tt0696573,24,My Drive By,2005,"Comedy,Drama",24.0,1035,7.9
tt0285403,Scrubs,4,tt0696564,25,My Changing Ways,2005,"Comedy,Drama",24.0,1036,8.0
tt0285403,Scrubs,5,tt0696588,1,My Intern's Eyes,2006,"Comedy,Drama",24.0,1118,7.9
tt0285403,Scrubs,5,tt0696624,2,My Rite of Passage,2006,"Comedy,Drama",24.0,1047,7.8
tt0285403,Scrubs,5,tt0696568,3,My Day at the Races,2006,"Comedy,Drama",24.0,1151,8.1
tt0285403,Scrubs,5,tt0696590,4,My Jiggly Ball,2006,"Comedy,Drama",24.0,1184,8.4
tt0285403,Scrubs,5,tt0696608,5,My New God,2006,"Comedy,Drama",24.0,1138,7.9
tt0285403,Scrubs,5,tt0696603,6,My Missed Perception,2006,"Comedy,Drama",24.0,1055,7.8
tt0285403,Scrubs,5,tt0756592,7,My Way Home,2006,"Comedy,Drama",24.0,2068,9.1
tt0285403,Scrubs,5,tt0696551,8,My Big Bird,2006,"Comedy,Drama",24.0,1144,8.2
tt0285403,Scrubs,5,tt0763007,9,My Half-Acre,2006,"Comedy,Drama",24.0,1349,8.6
tt0285403,Scrubs,5,tt0696539,10,Her Story II,2006,"Comedy,Drama",24.0,1148,8.3
tt0285403,Scrubs,5,tt0696559,11,My Buddy's Booty,2006,"Comedy,Drama",24.0,1021,7.8
tt0285403,Scrubs,5,tt0771285,12,My Cabbage,2006,"Comedy,Drama",24.0,1118,8.2
tt0285403,Scrubs,5,tt0773975,13,My Five Stages,2006,"Comedy,Drama",24.0,1181,8.4
tt0285403,Scrubs,5,tt0768528,14,My Own Personal Hell,2006,"Comedy,Drama",24.0,1021,7.9
tt0285403,Scrubs,5,tt0696575,15,My Extra Mile,2006,"Comedy,Drama",24.0,1093,8.1
tt0285403,Scrubs,5,tt0763006,16,My Bright Idea,2006,"Comedy,Drama",24.0,1112,8.4
tt0285403,Scrubs,5,tt0786613,17,My Chopped Liver,2006,"Comedy,Drama",24.0,1052,8.0
tt0285403,Scrubs,5,tt0787406,18,My New Suit,2006,"Comedy,Drama",24.0,1041,7.8
tt0285403,Scrubs,5,tt0787404,19,His Story III,2006,"Comedy,Drama",24.0,1227,8.5
tt0285403,Scrubs,5,tt0796524,20,My Lunch,2006,"Comedy,Drama",24.0,3958,9.6
tt0285403,Scrubs,5,tt0794967,21,My Fallen Idol,2006,"Comedy,Drama",24.0,1883,9.2
tt0285403,Scrubs,5,tt0794966,22,"My Déjà Vu, My Déjà Vu",2006,"Comedy,Drama",24.0,1090,7.9
tt0285403,Scrubs,5,tt0790331,23,My Urologist,2006,"Comedy,Drama",24.0,1086,8.0
tt0285403,Scrubs,5,tt0805126,24,My Transition,2006,"Comedy,Drama",24.0,1093,8.4
tt0285403,Scrubs,6,tt0864026,1,My Mirror Image,2006,"Comedy,Drama",24.0,1141,8.0
tt0285403,Scrubs,6,tt0865242,2,My Best Friend's Baby's Baby and My Baby's Baby,2006,"Comedy,Drama",24.0,1131,8.1
tt0285403,Scrubs,6,tt0851853,3,My Coffee,2006,"Comedy,Drama",24.0,1036,7.8
tt0285403,Scrubs,6,tt0922244,4,My House,2007,"Comedy,Drama",24.0,1111,8.1
tt0285403,Scrubs,6,tt0900728,5,My Friend with Money,2007,"Comedy,Drama",24.0,1042,7.7
tt0285403,Scrubs,6,tt0937129,6,My Musical,2007,"Comedy,Drama",24.0,3635,8.9
tt0285403,Scrubs,6,tt0884666,7,His Story IV,2007,"Comedy,Drama",24.0,1196,8.1
tt0285403,Scrubs,6,tt0942765,8,My Road to Nowhere,2007,"Comedy,Drama",24.0,1119,8.5
tt0285403,Scrubs,6,tt0917951,9,My Perspective,2007,"Comedy,Drama",24.0,1025,8.0
tt0285403,Scrubs,6,tt0968157,10,My Therapeutic Month,2007,"Comedy,Drama",24.0,1032,7.8
tt0285403,Scrubs,6,tt0942764,11,My Night to Remember,2007,"Comedy,Drama",24.0,1540,5.3
tt0285403,Scrubs,6,tt0975411,12,My Fishbowl,2007,"Comedy,Drama",24.0,1102,7.8
tt0285403,Scrubs,6,tt0987601,13,My Scrubs,2007,"Comedy,Drama",24.0,1070,8.1
tt0285403,Scrubs,6,tt0925636,14,My No Good Reason,2007,"Comedy,Drama",24.0,1360,8.7
tt0285403,Scrubs,6,tt0954233,15,My Long Goodbye,2007,"Comedy,Drama",24.0,1608,9.0
tt0285403,Scrubs,6,tt0952264,16,My Words of Wisdom,2007,"Comedy,Drama",24.0,1071,8.1
tt0285403,Scrubs,6,tt0967251,17,Their Story,2007,"Comedy,Drama",24.0,1183,8.4
tt0285403,Scrubs,6,tt0991334,18,My Turf War,2007,"Comedy,Drama",24.0,1049,7.9
tt0285403,Scrubs,6,tt0991331,19,My Cold Shower,2007,"Comedy,Drama",24.0,1270,8.4
tt0285403,Scrubs,6,tt1008488,20,My Conventional Wisdom,2007,"Comedy,Drama",24.0,1132,8.4
tt0285403,Scrubs,6,tt0991333,21,My Rabbit,2007,"Comedy,Drama",24.0,1032,8.0
tt0285403,Scrubs,6,tt0991332,22,My Point of No Return,2007,"Comedy,Drama",24.0,1251,8.4
tt0285403,Scrubs,7,tt1031511,1,My Own Worst Enemy,2007,"Comedy,Drama",24.0,1257,8.1
tt0285403,Scrubs,7,tt1031521,2,My Hard Labor,2007,"Comedy,Drama",24.0,1029,7.9
tt0285403,Scrubs,7,tt1031522,3,My Inconvenient Truth,2007,"Comedy,Drama",24.0,994,7.7
tt0285403,Scrubs,7,tt1031523,4,My Identity Crisis,2007,"Comedy,Drama",24.0,979,7.8
tt0285403,Scrubs,7,tt1031524,5,My Growing Pains,2007,"Comedy,Drama",24.0,983,7.9
tt0285403,Scrubs,7,tt1031525,6,My Number One Doctor,2007,"Comedy,Drama",24.0,997,8.0
tt0285403,Scrubs,7,tt1031526,7,My Bad Too,2008,"Comedy,Drama",24.0,982,7.7
tt0285403,Scrubs,7,tt1031527,8,My Manhood,2008,"Comedy,Drama",24.0,964,7.8
tt0285403,Scrubs,7,tt1031528,9,My Dumb Luck,2008,"Comedy,Drama",24.0,1139,8.5
tt0285403,Scrubs,7,tt1031512,10,My Waste of Time,2008,"Comedy,Drama",24.0,970,7.8
tt0285403,Scrubs,7,tt1031513,11,My Princess,2008,"Comedy,Drama",22.0,1365,8.0
tt0285403,Scrubs,8,tt1031516,1,My Jerks,2009,"Comedy,Drama",24.0,1208,8.0
tt0285403,Scrubs,8,tt1031515,2,My Last Words,2009,"Comedy,Drama",21.0,2456,9.3
tt0285403,Scrubs,8,tt1224484,3,My Saving Grace,2009,"Comedy,Drama",21.0,1008,7.7
tt0285403,Scrubs,8,tt1031517,4,My Happy Place,2009,"Comedy,Drama",21.0,1057,8.1
tt0285403,Scrubs,8,tt1031518,5,My ABC's,2009,"Comedy,Drama",21.0,1081,8.2
tt0285403,Scrubs,8,tt1031519,6,My Cookie Pants,2009,"Comedy,Drama",21.0,1001,8.1
tt0285403,Scrubs,8,tt1031520,7,My New Role,2009,"Comedy,Drama",21.0,973,7.8
tt0285403,Scrubs,8,tt1049305,8,My Lawyer's in Love,2009,"Comedy,Drama",21.0,1188,8.3
tt0285403,Scrubs,8,tt1370703,9,My Absence,2009,"Comedy,Drama",21,1028,7.5
tt0285403,Scrubs,8,tt1372678,10,My Comedy Show,2009,"Comedy,Drama",21,951,7.6
tt0285403,Scrubs,8,tt1385813,11,My Nah Nah Nah,2009,"Comedy,Drama",21.0,963,7.5
tt0285403,Scrubs,8,tt1385807,12,Their Story II,2009,"Comedy,Drama",21.0,943,7.6
tt0285403,Scrubs,8,tt1385805,13,My Full Moon,2009,"Comedy,Drama",21.0,1008,7.7
tt0285403,Scrubs,8,tt1385814,14,My Soul on Fire: Part 1,2009,"Comedy,Drama",22.0,1021,7.9
tt0285403,Scrubs,8,tt1385815,15,My Soul on Fire: Part 2,2009,"Comedy,Drama",21.0,1132,8.2
tt0285403,Scrubs,8,tt1385804,16,My Cuz,2009,"Comedy,Drama",21.0,943,7.7
tt0285403,Scrubs,8,tt1385803,17,My Chief Concern,2009,"Comedy,Drama",21.0,1067,8.1
tt0285403,Scrubs,8,tt1385811,18,My Finale: Part 1,2009,"Comedy,Drama",21.0,2104,9.1
tt0285403,Scrubs,8,tt1385812,19,My Finale: Part 2,2009,"Comedy,Drama",22.0,5118,9.7
tt0285403,Scrubs,9,tt1500054,1,Our First Day of School,2009,"Comedy,Drama",22.0,1120,6.5
tt0285403,Scrubs,9,tt1546705,2,Our Drunk Friend,2009,"Comedy,Drama",22.0,912,6.5
tt0285403,Scrubs,9,tt1546707,3,Our Role Models,2009,"Comedy,Drama",30.0,852,6.4
tt0285403,Scrubs,9,tt1546706,4,Our Histories,2009,"Comedy,Drama",22.0,885,6.5
tt0285403,Scrubs,9,tt1568221,5,Our Mysteries,2009,"Comedy,Drama",30.0,767,6.2
tt0285403,Scrubs,9,tt1571101,6,Our New Girl-Bro,2010,"Comedy,Drama",22.0,769,6.1
tt0285403,Scrubs,9,tt1571324,7,Our White Coats,2010,"Comedy,Drama",22.0,762,6.3
tt0285403,Scrubs,9,tt1571100,8,Our Couples,2010,"Comedy,Drama",22.0,786,5.9
tt0285403,Scrubs,9,tt1571102,9,Our Stuff Gets Real,2010,"Comedy,Drama",22.0,777,6.5
tt0285403,Scrubs,9,tt1571322,10,Our True Lies,2010,"Comedy,Drama",22.0,744,6.3
tt0285403,Scrubs,9,tt1564292,11,Our Dear Leaders,2010,"Comedy,Drama",30.0,759,5.9
tt0285403,Scrubs,9,tt1571323,12,Our Driving Issues,2010,"Comedy,Drama",30.0,756,6.0
tt0285403,Scrubs,9,tt1568222,13,Our Thanks,2010,"Comedy,Drama",30.0,858,6.1
tt11280740,Severance,1,tt11650328,1,Good News About Hell,2022,"Drama,Mystery,Sci-Fi",57,10682,8.1
tt11280740,Severance,1,tt13393872,2,Half Loop,2022,"Drama,Mystery,Sci-Fi",53.0,9050,8.0
tt11280740,Severance,1,tt13399816,3,In Perpetuity,2022,"Drama,Mystery,Sci-Fi",56.0,8546,7.7
tt11280740,Severance,1,tt13411248,4,The You You Are,2022,"Drama,Mystery,Sci-Fi",46.0,8539,8.2
tt11280740,Severance,1,tt13424090,5,The Grim Barbarity of Optics and Design,2022,"Drama,Mystery,Sci-Fi",43.0,8114,7.7
tt11280740,Severance,1,tt13424092,6,Hide and Seek,2022,"Drama,Mystery,Sci-Fi",40.0,7971,7.9
tt11280740,Severance,1,tt13424094,7,Defiant Jazz,2022,"Drama,Mystery,Sci-Fi",49.0,9893,8.8
tt11280740,Severance,1,tt13424096,8,What's for Dinner?,2022,"Drama,Mystery,Sci-Fi",46.0,9774,8.9
tt11280740,Severance,1,tt13424098,9,The We We Are,2022,"Drama,Mystery,Sci-Fi",40.0,21884,9.7
tt11280740,Severance,2,tt15180436,1,"Hello, Ms. Cobel",2025,"Drama,Mystery,Sci-Fi",48.0,6628,8.2
tt11280740,Severance,2,tt15237910,2,"Goodbye, Mrs. Selvig",2025,"Drama,Mystery,Sci-Fi",46.0,5357,8.5
tt11280740,Severance,2,tt15241840,3,Who Is Alive?,2025,"Drama,Mystery,Sci-Fi",53.0,5253,8.8
tt11280740,Severance,2,tt15241844,4,Woe's Hollow,2025,"Drama,Mystery,Sci-Fi",50.0,6122,9.2
tt7767422,Sex Education,1,tt8431282,1,Episode 1,2019,"Comedy,Drama,Romance",52.0,6893,7.9
tt7767422,Sex Education,1,tt8601954,2,Episode 2,2019,"Comedy,Drama,Romance",49.0,6014,7.9
tt7767422,Sex Education,1,tt8601956,3,Episode 3,2019,"Comedy,Drama,Romance",50.0,6012,8.3
tt7767422,Sex Education,1,tt8601960,4,Episode 4,2019,"Comedy,Drama,Romance",47.0,5552,8.1
tt7767422,Sex Education,1,tt8601970,5,Episode 5,2019,"Comedy,Drama,Romance",46.0,6217,8.7
tt7767422,Sex Education,1,tt8601972,6,Episode 6,2019,"Comedy,Drama,Romance",49.0,5297,8.0
tt7767422,Sex Education,1,tt8601978,7,Episode 7,2019,"Comedy,Drama,Romance",51.0,5870,8.6
tt7767422,Sex Education,1,tt8601980,8,Episode 8,2019,"Comedy,Drama,Romance",52.0,5601,8.3
tt7767422,Sex Education,2,tt9699184,1,Episode 1,2020,"Comedy,Drama,Romance",51,5423,8.1
tt7767422,Sex Education,2,tt9699190,2,Episode 2,2020,"Comedy,Drama,Romance",50,4972,7.9
tt7767422,Sex Education,2,tt9699186,3,Episode 3,2020,"Comedy,Drama,Romance",48,4970,8.2
tt7767422,Sex Education,2,tt9699192,4,Episode 4,2020,"Comedy,Drama,Romance",51,4829,8.0
tt7767422,Sex Education,2,tt9699194,5,Episode 5,2020,"Comedy,Drama,Romance",53,4885,7.7
tt7767422,Sex Education,2,tt9699196,6,Episode 6,2020,"Comedy,Drama,Romance",54,5198,8.4
tt7767422,Sex Education,2,tt9699204,7,Episode 7,2020,"Comedy,Drama,Romance",49,7087,8.9
tt7767422,Sex Education,2,tt9699202,8,Episode 8,2020,"Comedy,Drama,Romance",59,6716,7.8
tt7767422,Sex Education,3,tt11761560,1,Episode 1,2021,"Comedy,Drama,Romance",54.0,5185,8.4
tt7767422,Sex Education,3,tt13945444,2,Episode 2,2021,"Comedy,Drama,Romance",61.0,4492,8.2
tt7767422,Sex Education,3,tt13945446,3,Episode 3,2021,"Comedy,Drama,Romance",53.0,4951,8.6
tt7767422,Sex Education,3,tt13945454,4,Episode 4,2021,"Comedy,Drama,Romance",54.0,4313,8.1
tt7767422,Sex Education,3,tt13945456,5,Episode 5,2021,"Comedy,Drama,Romance",54.0,5651,8.9
tt7767422,Sex Education,3,tt13986132,6,Episode 6,2021,"Comedy,Drama,Romance",59.0,4273,7.8
tt7767422,Sex Education,3,tt13986134,7,Episode 7,2021,"Comedy,Drama,Romance",58.0,4784,8.7
tt7767422,Sex Education,3,tt14923652,8,Episode 8,2021,"Comedy,Drama,Romance",60.0,5075,8.5
tt7767422,Sex Education,4,tt15494890,1,Episode 1,2023,"Comedy,Drama,Romance",54.0,4151,6.7
tt7767422,Sex Education,4,tt28941726,2,Episode 2,2023,"Comedy,Drama,Romance",51,3493,6.6
tt7767422,Sex Education,4,tt28941739,3,Episode 3,2023,"Comedy,Drama,Romance",54,3343,7.1
tt7767422,Sex Education,4,tt28941769,4,Episode 4,2023,"Comedy,Drama,Romance",55,3169,7.2
tt7767422,Sex Education,4,tt28941778,5,Episode 5,2023,"Comedy,Drama,Romance",54,3098,6.7
tt7767422,Sex Education,4,tt28941928,6,Episode 6,2023,"Comedy,Drama,Romance",64,3451,7.5
tt7767422,Sex Education,4,tt28942002,7,Episode 7,2023,"Comedy,Drama,Romance",58,3359,7.2
tt7767422,Sex Education,4,tt28942282,8,Episode 8,2023,"Comedy,Drama,Romance",83,5057,6.5
tt1586680,Shameless,1,tt1589573,1,Pilot,2011,"Comedy,Drama",58.0,4331,8.4
tt1586680,Shameless,1,tt1717968,2,Frank the Plank,2011,"Comedy,Drama",54.0,3405,8.0
tt1586680,Shameless,1,tt1732475,3,Aunt Ginger,2011,"Comedy,Drama",51.0,3287,8.4
tt1586680,Shameless,1,tt1733025,4,Casey Casden,2011,"Comedy,Drama",44.0,3124,8.3
tt1586680,Shameless,1,tt1744244,5,Three Boys,2011,"Comedy,Drama",43.0,2965,7.8
tt1586680,Shameless,1,tt1751740,6,Killer Carl,2011,"Comedy,Drama",49.0,2889,7.9
tt1586680,Shameless,1,tt1814411,7,"Frank Gallagher: Loving Husband, Devoted Father",2011,"Comedy,Drama",43.0,2847,8.2
tt1586680,Shameless,1,tt1812446,8,It's Time to Kill the Turtle,2011,"Comedy,Drama",46.0,2812,8.4
tt1586680,Shameless,1,tt1812447,9,But at Last Came a Knock,2011,"Comedy,Drama",50.0,2920,8.6
tt1586680,Shameless,1,tt1814409,10,Nana Gallagher Had an Affair,2011,"Comedy,Drama",48.0,2757,8.5
tt1586680,Shameless,1,tt1814410,11,Daddyz Girl,2011,"Comedy,Drama",45.0,2712,8.4
tt1586680,Shameless,1,tt1812445,12,"Father Frank, Full of Grace",2011,"Comedy,Drama",50.0,2958,8.8
tt1586680,Shameless,2,tt1988453,1,Summertime,2012,"Comedy,Drama",52.0,2739,8.0
tt1586680,Shameless,2,tt2004908,2,Summer Loving,2012,"Comedy,Drama",52.0,2559,7.8
tt1586680,Shameless,2,tt2108266,3,I'll Light a Candle for You Every Day,2012,"Comedy,Drama",47.0,2528,8.0
tt1586680,Shameless,2,tt2108267,4,A Beautiful Mess,2012,"Comedy,Drama",53.0,2468,8.4
tt1586680,Shameless,2,tt2108268,5,Father's Day,2012,"Comedy,Drama",53.0,2391,8.2
tt1586680,Shameless,2,tt2048583,6,Can I Have a Mother,2012,"Comedy,Drama",53.0,2383,8.3
tt1586680,Shameless,2,tt2064556,7,A Bottle of Jean Nate,2012,"Comedy,Drama",48.0,2338,7.9
tt1586680,Shameless,2,tt2105878,8,Parenthood,2012,"Comedy,Drama",54.0,2383,8.4
tt1586680,Shameless,2,tt2080942,9,Hurricane Monica,2012,"Comedy,Drama",51.0,2345,8.1
tt1586680,Shameless,2,tt2093744,10,A Great Cause,2012,"Comedy,Drama",54.0,2357,8.4
tt1586680,Shameless,2,tt2091073,11,Just Like the Pilgrims Intended,2012,"Comedy,Drama",50.0,3154,9.1
tt1586680,Shameless,2,tt2104602,12,Fiona Interrupted,2012,"Comedy,Drama",56.0,2492,8.6
tt1586680,Shameless,3,tt2316912,1,El Gran Cañon,2013,"Comedy,Drama",59.0,2451,8.4
tt1586680,Shameless,3,tt2316918,2,The American Dream,2013,"Comedy,Drama",56.0,2327,8.3
tt1586680,Shameless,3,tt2316924,3,May I Trim Your Hedges?,2013,"Comedy,Drama",53.0,2491,8.6
tt1586680,Shameless,3,tt2316926,4,The Helpful Gallaghers,2013,"Comedy,Drama",51.0,2300,8.3
tt1586680,Shameless,3,tt2316928,5,The Sins of My Caretaker,2013,"Comedy,Drama",56.0,2369,8.6
tt1586680,Shameless,3,tt2386512,6,Cascading Failures,2013,"Comedy,Drama",54.0,2451,8.8
tt1586680,Shameless,3,tt2666306,7,A Long Way from Home,2013,"Comedy,Drama",52.0,2271,8.6
tt1586680,Shameless,3,tt2666310,8,Where There's a Will,2013,"Comedy,Drama",54.0,2182,8.3
tt1586680,Shameless,3,tt2666316,9,Frank the Plumber,2013,"Comedy,Drama",56.0,2366,8.8
tt1586680,Shameless,3,tt2666312,10,Civil Wrongs,2013,"Comedy,Drama",51.0,2140,8.2
tt1586680,Shameless,3,tt2666314,11,Order Room Service,2013,"Comedy,Drama",54.0,2253,8.5
tt1586680,Shameless,3,tt2747042,12,Survival of the Fittest,2013,"Comedy,Drama",57,2756,9.1
tt1586680,Shameless,4,tt2785156,1,Simple Pleasures,2014,"Comedy,Drama",56.0,2358,8.1
tt1586680,Shameless,4,tt3391660,2,My Oldest Daughter,2014,"Comedy,Drama",49.0,2197,8.3
tt1586680,Shameless,4,tt3380306,3,"Like Father, Like Daughter",2014,"Comedy,Drama",55.0,2198,8.2
tt1586680,Shameless,4,tt3332046,4,Strangers on a Train,2014,"Comedy,Drama",56.0,2179,8.4
tt1586680,Shameless,4,tt3437538,5,There's the Rub,2014,"Comedy,Drama",51,2561,9.0
tt1586680,Shameless,4,tt3437540,6,Iron City,2014,"Comedy,Drama",56,2314,8.8
tt1586680,Shameless,4,tt3391558,7,"A Jailbird, Invalid, Martyr, Cutter, Retard, and Parasitic Twin",2014,"Comedy,Drama",50.0,2360,8.8
tt1586680,Shameless,4,tt3507312,8,Hope Springs Paternal,2014,"Comedy,Drama",55.0,2286,8.6
tt1586680,Shameless,4,tt3478768,9,The Legend of Bonnie and Carl,2014,"Comedy,Drama",53.0,2415,8.8
tt1586680,Shameless,4,tt3507322,10,"Liver, I Hardly Know Her",2014,"Comedy,Drama",51.0,2234,8.7
tt1586680,Shameless,4,tt3507316,11,Emily,2014,"Comedy,Drama",49.0,3274,9.3
tt1586680,Shameless,4,tt3570280,12,Lazarus,2014,"Comedy,Drama",57.0,4553,9.4
tt1586680,Shameless,5,tt3547068,1,Milk of the Gods,2015,"Comedy,Drama",55,2365,8.2
tt1586680,Shameless,5,tt3858936,2,I'm the Liver,2015,"Comedy,Drama",54.0,2170,8.3
tt1586680,Shameless,5,tt3858934,3,The Two Lisas,2015,"Comedy,Drama",53.0,2262,8.6
tt1586680,Shameless,5,tt3878444,4,"A Night to Remem... Wait, What?",2015,"Comedy,Drama",52,2332,8.6
tt1586680,Shameless,5,tt3904378,5,Rite of Passage,2015,"Comedy,Drama",51,2298,8.7
tt1586680,Shameless,5,tt3953104,6,Crazy Love,2015,"Comedy,Drama",57,3074,9.1
tt1586680,Shameless,5,tt3979142,7,Tell Me You F**King Need Me,2015,"Comedy,Drama",51,2205,8.5
tt1586680,Shameless,5,tt4056348,8,Uncle Carl,2015,"Comedy,Drama",52.0,2304,8.8
tt1586680,Shameless,5,tt4080744,9,Carl's First Sentencing,2015,"Comedy,Drama",58.0,2441,9.0
tt1586680,Shameless,5,tt4079958,10,South Side Rules,2015,"Comedy,Drama",53.0,2240,8.7
tt1586680,Shameless,5,tt4112036,11,Drugs Actually,2015,"Comedy,Drama",55.0,2309,8.9
tt1586680,Shameless,5,tt3902188,12,Love Songs (In the Key of Gallagher),2015,"Comedy,Drama",59,2732,8.2
tt1586680,Shameless,6,tt4368544,1,I Only Miss Her When I'm Breathing,2016,"Comedy,Drama",57.0,2222,8.3
tt1586680,Shameless,6,tt4815168,2,#AbortionRules,2016,"Comedy,Drama",55.0,2045,7.9
tt1586680,Shameless,6,tt4881556,3,The F Word,2016,"Comedy,Drama",53.0,2066,8.4
tt1586680,Shameless,6,tt4850056,4,"Going Once, Going Twice",2016,"Comedy,Drama",57.0,1964,8.4
tt1586680,Shameless,6,tt5037490,5,Refugees,2016,"Comedy,Drama",55.0,1992,8.3
tt1586680,Shameless,6,tt5056040,6,NSFW,2016,"Comedy,Drama",54.0,2185,8.5
tt1586680,Shameless,6,tt5090596,7,Pimp's Paradise,2016,"Comedy,Drama",53.0,1893,7.9
tt1586680,Shameless,6,tt5152654,8,Be a Good Boy. Come for Grandma,2016,"Comedy,Drama",57.0,1872,8.3
tt1586680,Shameless,6,tt5159602,9,A Yurt of One's Own,2016,"Comedy,Drama",54.0,1927,8.5
tt1586680,Shameless,6,tt5205752,10,Paradise Lost,2016,"Comedy,Drama",49.0,1791,8.2
tt1586680,Shameless,6,tt5208858,11,Sleep No More,2016,"Comedy,Drama",50.0,2000,8.8
tt1586680,Shameless,6,tt4393194,12,Familia Supra Gallegorious Omnia!,2016,"Comedy,Drama",56.0,2232,8.9
tt1586680,Shameless,7,tt5338242,1,Hiraeth,2016,"Comedy,Drama",54.0,2006,8.4
tt1586680,Shameless,7,tt5521840,2,"Swipe, Fuck, Leave",2016,"Comedy,Drama",50.0,1864,8.1
tt1586680,Shameless,7,tt5585914,3,Home Sweet Homeless Shelter,2016,"Comedy,Drama",55.0,1841,8.3
tt1586680,Shameless,7,tt5602264,4,I Am A Storm,2016,"Comedy,Drama",55.0,1931,8.4
tt1586680,Shameless,7,tt5638836,5,Own Your Sh*t,2016,"Comedy,Drama",53.0,1773,7.9
tt1586680,Shameless,7,tt5678448,6,The Defenestration of Frank,2016,"Comedy,Drama",58.0,1760,8.4
tt1586680,Shameless,7,tt5688526,7,You'll Never Ever Get a Chicken in Your Whole Entire Life,2016,"Comedy,Drama",54.0,1777,8.1
tt1586680,Shameless,7,tt5745128,8,"You Sold Me the Laundromat, Remember?",2016,"Comedy,Drama",54.0,2182,8.9
tt1586680,Shameless,7,tt5745132,9,Ouroboros,2016,"Comedy,Drama",52.0,1793,8.4
tt1586680,Shameless,7,tt5745134,10,Ride or Die,2016,"Comedy,Drama",55.0,2060,8.7
tt1586680,Shameless,7,tt5745136,11,Happily Ever After,2016,"Comedy,Drama",56.0,2436,9.1
tt1586680,Shameless,7,tt5507134,12,Requiem for a Slut,2016,"Comedy,Drama",60.0,2533,9.2
tt1586680,Shameless,8,tt6347410,1,We Become What We... Frank!,2017,"Comedy,Drama",55.0,1762,8.3
tt1586680,Shameless,8,tt6349112,2,Where's My Meth?,2017,"Comedy,Drama",55.0,1510,8.1
tt1586680,Shameless,8,tt6360832,3,God Bless Her Rotting Soul,2017,"Comedy,Drama",53.0,1830,8.9
tt1586680,Shameless,8,tt6402814,4,F**k Paying It Forward,2017,"Comedy,Drama",53.0,1484,8.3
tt1586680,Shameless,8,tt6423672,5,The (Mis)Education of Liam Fergus Beircheart Gallagher,2017,"Comedy,Drama",58.0,1406,8.1
tt1586680,Shameless,8,tt6428796,6,Icarus Fell. And Rusty Ate Him.,2017,"Comedy,Drama",54.0,1414,8.1
tt1586680,Shameless,8,tt6428802,7,Occupy Fiona,2017,"Comedy,Drama",54.0,1404,8.0
tt1586680,Shameless,8,tt6428804,8,Frank's Northern Shuttle Express,2017,"Comedy,Drama",55.0,1417,8.0
tt1586680,Shameless,8,tt6428808,9,The Fugees,2018,"Comedy,Drama",57.0,1370,7.8
tt1586680,Shameless,8,tt6428800,10,Church of Gay Jesus,2018,"Comedy,Drama",57.0,1401,7.7
tt1586680,Shameless,8,tt6428798,11,A Gallagher Pedicure,2018,"Comedy,Drama",53.0,1482,8.4
tt1586680,Shameless,8,tt6360834,12,Sleepwalking,2018,"Comedy,Drama",57.0,1468,8.1
tt1586680,Shameless,9,tt7613412,1,"Are You There Shim? It's Me, Ian.",2018,"Comedy,Drama",55.0,1607,8.0
tt1586680,Shameless,9,tt8245452,2,Mo White!,2018,"Comedy,Drama",55.0,1426,7.3
tt1586680,Shameless,9,tt8245454,3,Weirdo Gallagher Vortex,2018,"Comedy,Drama",55.0,1348,7.4
tt1586680,Shameless,9,tt8245456,4,"Do Right, Vote White!",2018,"Comedy,Drama",56.0,1436,7.6
tt1586680,Shameless,9,tt8245464,5,Black-Haired Ginger,2018,"Comedy,Drama",56.0,1359,8.1
tt1586680,Shameless,9,tt8245466,6,"Face It, You're Gorgeous",2018,"Comedy,Drama",54.0,1891,8.9
tt1586680,Shameless,9,tt8245470,7,Down Like the Titanic,2018,"Comedy,Drama",58.0,1376,8.2
tt1586680,Shameless,9,tt8245468,8,The Apple Doesn't Fall Far From the Alibi,2019,"Comedy,Drama",53.0,1293,7.5
tt1586680,Shameless,9,tt8245474,9,BOOOOOOOOOOOONE!,2019,"Comedy,Drama",56.0,1282,7.8
tt1586680,Shameless,9,tt8245476,10,Los Diablos!,2019,"Comedy,Drama",58.0,1244,7.8
tt1586680,Shameless,9,tt8245478,11,The Hobo Games,2019,"Comedy,Drama",58.0,1342,8.2
tt1586680,Shameless,9,tt8245480,12,You'll Know the Bottom When You Hit It,2019,"Comedy,Drama",57.0,1317,8.3
tt1586680,Shameless,9,tt8810000,13,Lost,2019,"Comedy,Drama",58.0,1255,8.3
tt1586680,Shameless,9,tt8810002,14,Found,2019,"Comedy,Drama",56.0,2043,9.0
tt1586680,Shameless,10,tt9694620,1,"We Few, We Lucky Few, We Band of Gallaghers!",2019,"Comedy,Drama",55,1405,7.5
tt1586680,Shameless,10,tt10611688,2,Sleep Well My Prince for Tomorrow You Shall Be King,2019,"Comedy,Drama",56.0,1247,7.3
tt1586680,Shameless,10,tt10547562,3,Which America?,2019,"Comedy,Drama",58.0,1225,7.4
tt1586680,Shameless,10,tt10547564,4,A Little Gallagher Goes a Long Way,2019,"Comedy,Drama",56.0,1224,7.1
tt1586680,Shameless,10,tt10547570,5,Sparky,2019,"Comedy,Drama",55.0,1181,7.5
tt1586680,Shameless,10,tt10547578,6,Adios Gringos,2019,"Comedy,Drama",57.0,1145,7.1
tt1586680,Shameless,10,tt10547580,7,Citizen Carl,2019,"Comedy,Drama",53.0,1136,7.5
tt1586680,Shameless,10,tt10547584,8,Debbie Might Be a Prostitute,2019,"Comedy,Drama",58.0,1130,7.4
tt1586680,Shameless,10,tt10740404,9,"O Captain, My Captain",2020,"Comedy,Drama",52.0,1192,6.9
tt1586680,Shameless,10,tt10547586,10,Now Leaving Illinois,2020,"Comedy,Drama",58.0,1110,7.5
tt1586680,Shameless,10,tt10547592,11,"Location, Location, Location",2020,"Comedy,Drama",56.0,1092,7.6
tt1586680,Shameless,10,tt10001184,12,Gallavich!,2020,"Comedy,Drama",58.0,1952,8.9
tt1586680,Shameless,11,tt11600240,1,This Is Chicago,2020,"Comedy,Drama",55,1484,7.1
tt1586680,Shameless,11,tt11600242,2,"Go Home, Gentrifier!",2020,"Comedy,Drama",52,1214,7.3
tt1586680,Shameless,11,tt11600246,3,Frances Francis Franny Frank,2020,"Comedy,Drama",57,1271,7.7
tt1586680,Shameless,11,tt13236040,4,NIMBY,2021,"Comedy,Drama",57.0,1146,7.3
tt1586680,Shameless,11,tt13389224,5,Slaughter,2021,"Comedy,Drama",56.0,1128,7.2
tt1586680,Shameless,11,tt13389234,6,"Do Not Go Gentle Into That Good... Eh, Screw It",2021,"Comedy,Drama",57.0,1176,7.8
tt1586680,Shameless,11,tt13389238,7,"Two at a Biker Bar, One in the Lake",2021,"Comedy,Drama",55.0,1168,7.8
tt1586680,Shameless,11,tt13389246,8,Cancelled,2021,"Comedy,Drama",,1089,7.8
tt1586680,Shameless,11,tt13389248,9,Survivors,2021,"Comedy,Drama",,1028,7.3
tt1586680,Shameless,11,tt13389254,10,DNR,2021,"Comedy,Drama",,1067,7.4
tt1586680,Shameless,11,tt13389260,11,The Fickle Lady Is Calling It Quits,2021,"Comedy,Drama",,1391,8.4
tt1586680,Shameless,11,tt11622612,12,"Father Frank, Full of Grace",2021,"Comedy,Drama",50,2723,6.7
tt1475582,Sherlock,1,tt1815240,0,Unaired Pilot,2010,"Crime,Drama,Mystery",55.0,12727,8.7
tt1475582,Sherlock,1,tt1665071,1,A Study in Pink,2010,"Crime,Drama,Mystery",88.0,34590,8.9
tt1475582,Sherlock,1,tt1664529,2,The Blind Banker,2010,"Crime,Drama,Mystery",89.0,29889,7.9
tt1475582,Sherlock,1,tt1664530,3,The Great Game,2010,"Crime,Drama,Mystery",89.0,30471,9.0
tt1475582,Sherlock,2,tt1942612,1,A Scandal in Belgravia,2012,"Crime,Drama,Mystery",89.0,42811,9.4
tt1475582,Sherlock,2,tt1942613,2,The Hounds of Baskerville,2012,"Crime,Drama,Mystery",88.0,28686,8.3
tt1475582,Sherlock,2,tt1942614,3,The Reichenbach Fall,2012,"Crime,Drama,Mystery",88.0,41834,9.6
tt1475582,Sherlock,3,tt3381878,0,Many Happy Returns,2013,"Crime,Drama,Mystery",7.0,12814,8.4
tt1475582,Sherlock,3,tt2189771,1,The Empty Hearse,2014,"Crime,Drama,Mystery",88.0,32553,8.8
tt1475582,Sherlock,3,tt2781042,2,The Sign of Three,2014,"Crime,Drama,Mystery",86.0,29603,8.9
tt1475582,Sherlock,3,tt2781046,3,His Last Vow,2014,"Crime,Drama,Mystery",89.0,32708,9.2
tt1475582,Sherlock,4,tt3845232,0,The Abominable Bride,2016,"Crime,Drama,Mystery",89.0,36657,8.0
tt1475582,Sherlock,4,tt3538760,1,The Six Thatchers,2017,"Crime,Drama,Mystery",88,26493,7.6
tt1475582,Sherlock,4,tt3845888,2,The Lying Detective,2017,"Crime,Drama,Mystery",89.0,29580,9.1
tt1475582,Sherlock,4,tt3845892,3,The Final Problem,2017,"Crime,Drama,Mystery",89.0,29940,8.2
tt2788316,Shōgun,1,tt8888592,1,Anjin,2024,"Adventure,Drama,History",70.0,14207,8.4
tt2788316,Shōgun,1,tt8888594,2,Servants of Two Masters,2024,"Adventure,Drama,History",58.0,13359,8.9
tt2788316,Shōgun,1,tt8888596,3,Tomorrow Is Tomorrow,2024,"Adventure,Drama,History",53.0,11763,8.7
tt2788316,Shōgun,1,tt8888598,4,The Eightfold Fence,2024,"Adventure,Drama,History",57.0,11027,8.9
tt2788316,Shōgun,1,tt8888600,5,Broken to the Fist,2024,"Adventure,Drama,History",56.0,9973,8.7
tt2788316,Shōgun,1,tt8888602,6,Ladies of the Willow World,2024,"Adventure,Drama,History",57.0,9019,8.1
tt2788316,Shōgun,1,tt8888604,7,A Stick of Time,2024,"Adventure,Drama,History",55.0,8699,8.3
tt2788316,Shōgun,1,tt8888606,8,The Abyss of Life,2024,"Adventure,Drama,History",58.0,9774,8.9
tt2788316,Shōgun,1,tt8888610,9,Crimson Sky,2024,"Adventure,Drama,History",60.0,12243,9.4
tt2788316,Shōgun,1,tt8888612,10,A Dream of a Dream,2024,"Adventure,Drama,History",63.0,10036,8.5
tt1124373,Sons of Anarchy,1,tt1284388,1,Pilot,2008,"Crime,Drama,Thriller",56.0,5267,8.0
tt1124373,Sons of Anarchy,1,tt1259489,2,Seeds,2008,"Crime,Drama,Thriller",46.0,3930,7.8
tt1124373,Sons of Anarchy,1,tt1261700,3,Fun Town,2008,"Crime,Drama,Thriller",55.0,3691,8.0
tt1124373,Sons of Anarchy,1,tt1261701,4,Patch Over,2008,"Crime,Drama,Thriller",55.0,3648,7.9
tt1124373,Sons of Anarchy,1,tt1261702,5,Giving Back,2008,"Crime,Drama,Thriller",55.0,3448,8.2
tt1124373,Sons of Anarchy,1,tt1261703,6,AK-51,2008,"Crime,Drama,Thriller",55.0,3301,8.0
tt1124373,Sons of Anarchy,1,tt1261704,7,Old Bones,2008,"Crime,Drama,Thriller",55.0,3261,8.0
tt1124373,Sons of Anarchy,1,tt1261705,8,The Pull,2008,"Crime,Drama,Thriller",50.0,3599,8.7
tt1124373,Sons of Anarchy,1,tt1261706,9,Hell Followed,2008,"Crime,Drama,Thriller",50.0,3131,8.1
tt1124373,Sons of Anarchy,1,tt1261707,10,Better Half,2008,"Crime,Drama,Thriller",50.0,3127,8.2
tt1124373,Sons of Anarchy,1,tt1261696,11,Capybara,2008,"Crime,Drama,Thriller",50.0,3113,8.3
tt1124373,Sons of Anarchy,1,tt1261697,12,The Sleep of Babies,2008,"Crime,Drama,Thriller",50.0,4164,9.1
tt1124373,Sons of Anarchy,1,tt1261698,13,The Revelator,2008,"Crime,Drama,Thriller",59.0,3967,9.1
tt1124373,Sons of Anarchy,2,tt1303554,1,Albification,2009,"Crime,Drama,Thriller",55.0,3211,8.6
tt1124373,Sons of Anarchy,2,tt1303559,2,Small Tears,2009,"Crime,Drama,Thriller",55.0,2884,8.1
tt1124373,Sons of Anarchy,2,tt1303560,3,Fix,2009,"Crime,Drama,Thriller",55.0,2844,8.0
tt1124373,Sons of Anarchy,2,tt1303561,4,Eureka,2009,"Crime,Drama,Thriller",55.0,2818,8.1
tt1124373,Sons of Anarchy,2,tt1303562,5,Smite,2009,"Crime,Drama,Thriller",60.0,2843,8.5
tt1124373,Sons of Anarchy,2,tt1303563,6,Falx Cerebri,2009,"Crime,Drama,Thriller",55.0,2860,8.6
tt1124373,Sons of Anarchy,2,tt1303564,7,Gilead,2009,"Crime,Drama,Thriller",45.0,3011,8.8
tt1124373,Sons of Anarchy,2,tt1303565,8,Potlatch,2009,"Crime,Drama,Thriller",55.0,2852,8.5
tt1124373,Sons of Anarchy,2,tt1303566,9,Fa Guan,2009,"Crime,Drama,Thriller",60.0,2770,8.1
tt1124373,Sons of Anarchy,2,tt1303555,10,Balm,2009,"Crime,Drama,Thriller",60.0,3417,9.1
tt1124373,Sons of Anarchy,2,tt1303556,11,Service,2009,"Crime,Drama,Thriller",55.0,2953,8.7
tt1124373,Sons of Anarchy,2,tt1303557,12,The Culling,2009,"Crime,Drama,Thriller",70.0,3264,9.0
tt1124373,Sons of Anarchy,2,tt1303558,13,Na Triobloidi,2009,"Crime,Drama,Thriller",62.0,4091,9.3
tt1124373,Sons of Anarchy,3,tt1559905,1,So,2010,"Crime,Drama,Thriller",60.0,3499,9.0
tt1124373,Sons of Anarchy,3,tt1559910,2,Oiled,2010,"Crime,Drama,Thriller",60.0,2694,7.9
tt1124373,Sons of Anarchy,3,tt1559911,3,Caregiver,2010,"Crime,Drama,Thriller",60.0,2746,7.9
tt1124373,Sons of Anarchy,3,tt1559912,4,Home,2010,"Crime,Drama,Thriller",60.0,2653,8.0
tt1124373,Sons of Anarchy,3,tt1559913,5,Turning and Turning,2010,"Crime,Drama,Thriller",46.0,2586,8.0
tt1124373,Sons of Anarchy,3,tt1559914,6,The Push,2010,"Crime,Drama,Thriller",42.0,2604,7.9
tt1124373,Sons of Anarchy,3,tt1559915,7,Widening Gyre,2010,"Crime,Drama,Thriller",44.0,2560,8.0
tt1124373,Sons of Anarchy,3,tt1559916,8,Lochan Mor,2010,"Crime,Drama,Thriller",53.0,2657,7.8
tt1124373,Sons of Anarchy,3,tt1559917,9,Turas,2010,"Crime,Drama,Thriller",44.0,2570,8.1
tt1124373,Sons of Anarchy,3,tt1559906,10,Fírinne,2010,"Crime,Drama,Thriller",47.0,2671,8.6
tt1124373,Sons of Anarchy,3,tt1559907,11,Bainne,2010,"Crime,Drama,Thriller",47.0,2730,8.7
tt1124373,Sons of Anarchy,3,tt1559908,12,June Wedding,2010,"Crime,Drama,Thriller",47.0,2657,8.5
tt1124373,Sons of Anarchy,3,tt1559909,13,NS,2010,"Crime,Drama,Thriller",57.0,7443,9.7
tt1124373,Sons of Anarchy,4,tt1989270,1,Out,2011,"Crime,Drama,Thriller",57.0,3496,8.8
tt1124373,Sons of Anarchy,4,tt1974884,2,Booster,2011,"Crime,Drama,Thriller",48.0,2521,8.2
tt1124373,Sons of Anarchy,4,tt1989269,3,Dorylus,2011,"Crime,Drama,Thriller",43.0,2452,8.2
tt1124373,Sons of Anarchy,4,tt1977537,4,Una Venta,2011,"Crime,Drama,Thriller",43.0,2740,7.9
tt1124373,Sons of Anarchy,4,tt1989268,5,Brick,2011,"Crime,Drama,Thriller",45.0,2429,8.1
tt1124373,Sons of Anarchy,4,tt2016680,6,With an X,2011,"Crime,Drama,Thriller",42.0,3021,8.8
tt1124373,Sons of Anarchy,4,tt2010656,7,Fruit for the Crows,2011,"Crime,Drama,Thriller",43.0,2711,8.6
tt1124373,Sons of Anarchy,4,tt2021956,8,Family Recipe,2011,"Crime,Drama,Thriller",46.0,2957,9.0
tt1124373,Sons of Anarchy,4,tt2050258,9,Kiss,2011,"Crime,Drama,Thriller",46.0,2514,8.5
tt1124373,Sons of Anarchy,4,tt2049291,10,Hands,2011,"Crime,Drama,Thriller",42.0,3411,9.2
tt1124373,Sons of Anarchy,4,tt2085522,11,Call of Duty,2011,"Crime,Drama,Thriller",56.0,3048,9.0
tt1124373,Sons of Anarchy,4,tt2083709,12,Burnt and Purged Away,2011,"Crime,Drama,Thriller",48.0,3141,9.2
tt1124373,Sons of Anarchy,4,tt2105914,13,"To Be, Act 1",2011,"Crime,Drama,Thriller",46.0,2987,9.1
tt1124373,Sons of Anarchy,4,tt2105915,14,"To Be, Act 2",2011,"Crime,Drama,Thriller",42.0,3366,9.1
tt1124373,Sons of Anarchy,5,tt2175526,1,Sovereign,2012,"Crime,Drama,Thriller",58.0,3944,8.9
tt1124373,Sons of Anarchy,5,tt2254710,2,Authority Vested,2012,"Crime,Drama,Thriller",49.0,3230,8.4
tt1124373,Sons of Anarchy,5,tt2222136,3,Laying Pipe,2012,"Crime,Drama,Thriller",47.0,6085,9.4
tt1124373,Sons of Anarchy,5,tt2254722,4,Stolen Huffy,2012,"Crime,Drama,Thriller",45.0,2622,8.4
tt1124373,Sons of Anarchy,5,tt2254728,5,Orca Shrugged,2012,"Crime,Drama,Thriller",45.0,2559,8.2
tt1124373,Sons of Anarchy,5,tt2315090,6,Small World,2012,"Crime,Drama,Thriller",47.0,2401,8.3
tt1124373,Sons of Anarchy,5,tt2315092,7,Toad's Wild Ride,2012,"Crime,Drama,Thriller",44.0,2411,8.4
tt1124373,Sons of Anarchy,5,tt2315094,8,Ablation,2012,"Crime,Drama,Thriller",46.0,2356,8.5
tt1124373,Sons of Anarchy,5,tt2315100,9,Andare Pescare,2012,"Crime,Drama,Thriller",50.0,2380,8.0
tt1124373,Sons of Anarchy,5,tt2315096,10,Crucifixed,2012,"Crime,Drama,Thriller",59.0,2390,8.4
tt1124373,Sons of Anarchy,5,tt2315098,11,To Thine Own Self,2012,"Crime,Drama,Thriller",59.0,2745,8.7
tt1124373,Sons of Anarchy,5,tt2315102,12,Darthy,2012,"Crime,Drama,Thriller",59.0,2958,8.9
tt1124373,Sons of Anarchy,5,tt2315104,13,J'ai Obtenu Cette,2012,"Crime,Drama,Thriller",60.0,3453,9.3
tt1124373,Sons of Anarchy,6,tt2524432,1,Straw,2013,"Crime,Drama,Thriller",62.0,3324,8.2
tt1124373,Sons of Anarchy,6,tt2966864,2,One One Six,2013,"Crime,Drama,Thriller",60.0,2618,7.7
tt1124373,Sons of Anarchy,6,tt2980966,3,Poenitentia,2013,"Crime,Drama,Thriller",54.0,2773,8.0
tt1124373,Sons of Anarchy,6,tt3155914,4,Wolfsangel,2013,"Crime,Drama,Thriller",65,3649,9.1
tt1124373,Sons of Anarchy,6,tt3180174,5,The Mad King,2013,"Crime,Drama,Thriller",65,2745,8.8
tt1124373,Sons of Anarchy,6,tt3198434,6,Salvage,2013,"Crime,Drama,Thriller",65,2504,8.5
tt1124373,Sons of Anarchy,6,tt3212886,7,Sweet and Vaded,2013,"Crime,Drama,Thriller",52,2522,8.1
tt1124373,Sons of Anarchy,6,tt3147428,8,Los Fantasmas,2013,"Crime,Drama,Thriller",55.0,2249,7.8
tt1124373,Sons of Anarchy,6,tt3175848,9,John 8:32,2013,"Crime,Drama,Thriller",65,2767,8.7
tt1124373,Sons of Anarchy,6,tt3188850,10,Huang Wu,2013,"Crime,Drama,Thriller",64,2329,8.2
tt1124373,Sons of Anarchy,6,tt3240506,11,Aon Rud Persanta,2013,"Crime,Drama,Thriller",64,3718,9.4
tt1124373,Sons of Anarchy,6,tt3240508,12,You Are My Sunshine,2013,"Crime,Drama,Thriller",66,2889,8.8
tt1124373,Sons of Anarchy,6,tt3240510,13,A Mother's Work,2013,"Crime,Drama,Thriller",84,5351,9.5
tt1124373,Sons of Anarchy,7,tt3383464,1,Black Widower,2014,"Crime,Drama,Thriller",73.0,3478,8.1
tt1124373,Sons of Anarchy,7,tt3894464,2,Toil and Till,2014,"Crime,Drama,Thriller",52,2593,8.0
tt1124373,Sons of Anarchy,7,tt3838552,3,Playing with Monsters,2014,"Crime,Drama,Thriller",53.0,2523,7.8
tt1124373,Sons of Anarchy,7,tt3898634,4,Poor Little Lambs,2014,"Crime,Drama,Thriller",51,3114,8.7
tt1124373,Sons of Anarchy,7,tt3901218,5,Some Strange Eruption,2014,"Crime,Drama,Thriller",55,2544,8.6
tt1124373,Sons of Anarchy,7,tt3901214,6,Smoke 'em If You Got 'em,2014,"Crime,Drama,Thriller",61,2452,8.0
tt1124373,Sons of Anarchy,7,tt3902190,7,Greensleeves,2014,"Crime,Drama,Thriller",61,2558,8.4
tt1124373,Sons of Anarchy,7,tt3902192,8,The Separation of Crows,2014,"Crime,Drama,Thriller",57,3177,7.9
tt1124373,Sons of Anarchy,7,tt3908440,9,What a Piece of Work Is Man,2014,"Crime,Drama,Thriller",61,3305,8.5
tt1124373,Sons of Anarchy,7,tt3903590,10,Faith and Despondency,2014,"Crime,Drama,Thriller",70,3621,9.1
tt1124373,Sons of Anarchy,7,tt3908442,11,Suits of Woe,2014,"Crime,Drama,Thriller",72,4615,9.4
tt1124373,Sons of Anarchy,7,tt3903588,12,Red Rose,2014,"Crime,Drama,Thriller",77,4567,9.4
tt1124373,Sons of Anarchy,7,tt3885886,13,Papa's Goods,2014,"Crime,Drama,Thriller",77,9542,9.6
tt1442449,Spartacus,1,tt1452802,1,The Red Serpent,2010,"Action,Adventure,Biography",55.0,5264,7.6
tt1442449,Spartacus,1,tt1472900,2,Sacramentum Gladiatorum,2010,"Action,Adventure,Biography",52.0,3998,7.9
tt1442449,Spartacus,1,tt1472901,3,Legends,2010,"Action,Adventure,Biography",55.0,3748,8.0
tt1442449,Spartacus,1,tt1472902,4,The Thing in the Pit,2010,"Action,Adventure,Biography",49.0,3739,8.3
tt1442449,Spartacus,1,tt1464469,5,Shadow Games,2010,"Action,Adventure,Biography",55.0,4177,8.9
tt1442449,Spartacus,1,tt1472903,6,Delicate Things,2010,"Action,Adventure,Biography",54.0,3659,8.5
tt1442449,Spartacus,1,tt1472904,7,Great and Unfortunate Things,2010,"Action,Adventure,Biography",51.0,3393,8.2
tt1442449,Spartacus,1,tt1472905,8,Mark of the Brotherhood,2010,"Action,Adventure,Biography",51.0,3387,8.3
tt1442449,Spartacus,1,tt1472906,9,Whore,2010,"Action,Adventure,Biography",50.0,3709,8.7
tt1442449,Spartacus,1,tt1472899,10,Party Favors,2010,"Action,Adventure,Biography",52.0,3940,9.0
tt1442449,Spartacus,1,tt1503509,11,Old Wounds,2010,"Action,Adventure,Biography",52.0,3517,8.6
tt1442449,Spartacus,1,tt1502626,12,Revelations,2010,"Action,Adventure,Biography",55.0,3730,9.0
tt1442449,Spartacus,1,tt1521502,13,Kill Them All,2010,"Action,Adventure,Biography",54.0,7273,9.6
tt1442449,Spartacus,2,tt1833511,1,Fugitivus,2012,"Action,Adventure,Biography",56.0,3662,8.1
tt1442449,Spartacus,2,tt1929963,2,A Place in This World,2012,"Action,Adventure,Biography",51.0,2888,8.0
tt1442449,Spartacus,2,tt2132029,3,The Greater Good,2012,"Action,Adventure,Biography",52.0,2855,8.2
tt1442449,Spartacus,2,tt2132025,4,Empty Hands,2012,"Action,Adventure,Biography",57.0,2748,8.0
tt1442449,Spartacus,2,tt2132026,5,Libertus,2012,"Action,Adventure,Biography",54.0,4057,9.2
tt1442449,Spartacus,2,tt2132024,6,Chosen Path,2012,"Action,Adventure,Biography",54.0,2674,8.0
tt1442449,Spartacus,2,tt2132028,7,Sacramentum,2012,"Action,Adventure,Biography",54.0,2863,8.5
tt1442449,Spartacus,2,tt2132023,8,Balance,2012,"Action,Adventure,Biography",56.0,2674,8.3
tt1442449,Spartacus,2,tt2132027,9,Monsters,2012,"Action,Adventure,Biography",54.0,3053,8.8
tt1442449,Spartacus,2,tt2132030,10,Wrath of the Gods,2012,"Action,Adventure,Biography",59.0,4644,9.3
tt1442449,Spartacus,3,tt2396394,1,Enemies of Rome,2013,"Action,Adventure,Biography",51.0,3528,8.6
tt1442449,Spartacus,3,tt2553384,2,Wolves at the Gate,2013,"Action,Adventure,Biography",52.0,2849,8.4
tt1442449,Spartacus,3,tt2553386,3,Men of Honor,2013,"Action,Adventure,Biography",56.0,2712,8.3
tt1442449,Spartacus,3,tt2553392,4,Decimation,2013,"Action,Adventure,Biography",56.0,2730,8.4
tt1442449,Spartacus,3,tt2553394,5,Blood Brothers,2013,"Action,Adventure,Biography",53.0,2949,8.8
tt1442449,Spartacus,3,tt2553398,6,Spoils of War,2013,"Action,Adventure,Biography",56.0,2788,8.6
tt1442449,Spartacus,3,tt2553404,7,Mors Indecepta,2013,"Action,Adventure,Biography",53.0,2674,8.4
tt1442449,Spartacus,3,tt2553406,8,Separate Paths,2013,"Action,Adventure,Biography",53.0,3311,8.9
tt1442449,Spartacus,3,tt2553410,9,The Dead and the Dying,2013,"Action,Adventure,Biography",57.0,3428,9.1
tt1442449,Spartacus,3,tt2553414,10,Victory,2013,"Action,Adventure,Biography",58.0,8555,9.7
tt10919420,Squid Game,1,tt11979940,1,Mugunghwa Kkochi Pideon Nal,2021,"Action,Drama,Mystery",59.0,21825,8.3
tt10919420,Squid Game,1,tt15215362,2,Jiok,2021,"Action,Drama,Mystery",62.0,17757,7.5
tt10919420,Squid Game,1,tt15215360,3,Usan-eul Sseun Namja,2021,"Action,Drama,Mystery",54.0,17128,8.0
tt10919420,Squid Game,1,tt15215364,4,Jollyeodo Pyeonmeokgi,2021,"Action,Drama,Mystery",54.0,17405,8.4
tt10919420,Squid Game,1,tt15215458,5,Pyeongdeung-han Sesang,2021,"Action,Drama,Mystery",51.0,16210,7.6
tt10919420,Squid Game,1,tt15215460,6,Kkanbu,2021,"Action,Drama,Mystery",61.0,27704,9.2
tt10919420,Squid Game,1,tt15215462,7,VIPS,2021,"Action,Drama,Mystery",57.0,16661,7.9
tt10919420,Squid Game,1,tt14459174,8,Peuronteumaen,2021,"Action,Drama,Mystery",32.0,16172,7.8
tt10919420,Squid Game,1,tt15269884,9,Unsu Joeun Nal,2021,"Action,Drama,Mystery",55.0,18104,7.6
tt10919420,Squid Game,2,tt15939754,1,Ppang-gwa Bokgwon,2024,"Action,Drama,Mystery",65.0,16124,7.9
tt10919420,Squid Game,2,tt34382288,2,Hallowin Pati,2024,"Action,Drama,Mystery",51,12744,7.3
tt10919420,Squid Game,2,tt35149224,3,001,2024,"Action,Drama,Mystery",61.0,12130,7.8
tt10919420,Squid Game,2,tt35154728,4,Yeoseot Gaeui Dari,2024,"Action,Drama,Mystery",62.0,11412,7.6
tt10919420,Squid Game,2,tt35154733,5,Han Pan Deo,2024,"Action,Drama,Mystery",76.0,11275,7.2
tt10919420,Squid Game,2,tt35149232,6,O X,2024,"Action,Drama,Mystery",52.0,11453,7.8
tt10919420,Squid Game,2,tt35153959,7,Chinguwa Jeok,2024,"Action,Drama,Mystery",60.0,15037,6.9
tt4574334,Stranger Things,1,tt4593118,1,Chapter One: The Vanishing of Will Byers,2016,"Drama,Fantasy,Horror",47.0,28863,8.5
tt4574334,Stranger Things,1,tt4593122,2,Chapter Two: The Weirdo on Maple Street,2016,"Drama,Fantasy,Horror",55.0,25508,8.4
tt4574334,Stranger Things,1,tt4593126,3,"Chapter Three: Holly, Jolly",2016,"Drama,Fantasy,Horror",51.0,25351,8.8
tt4574334,Stranger Things,1,tt4593124,4,Chapter Four: The Body,2016,"Drama,Fantasy,Horror",49.0,24968,8.9
tt4574334,Stranger Things,1,tt4593128,5,Chapter Five: The Flea and the Acrobat,2016,"Drama,Fantasy,Horror",52.0,23617,8.6
tt4574334,Stranger Things,1,tt4593132,6,Chapter Six: The Monster,2016,"Drama,Fantasy,Horror",46.0,23527,8.8
tt4574334,Stranger Things,1,tt4593134,7,Chapter Seven: The Bathtub,2016,"Drama,Fantasy,Horror",41.0,24579,9.0
tt4574334,Stranger Things,1,tt4593138,8,Chapter Eight: The Upside Down,2016,"Drama,Fantasy,Horror",54.0,28810,9.3
tt4574334,Stranger Things,2,tt6020684,1,Chapter One: MADMAX,2017,"Drama,Fantasy,Horror",48.0,22753,8.1
tt4574334,Stranger Things,2,tt6020792,2,"Chapter Two: Trick or Treat, Freak",2017,"Drama,Fantasy,Horror",56.0,21338,8.3
tt4574334,Stranger Things,2,tt6020796,3,Chapter Three: The Pollywog,2017,"Drama,Fantasy,Horror",51.0,20898,8.5
tt4574334,Stranger Things,2,tt6020802,4,Chapter Four: Will the Wise,2017,"Drama,Fantasy,Horror",46.0,20648,8.5
tt4574334,Stranger Things,2,tt6020806,5,Chapter Five: Dig Dug,2017,"Drama,Fantasy,Horror",58.0,21110,8.8
tt4574334,Stranger Things,2,tt6020808,6,Chapter Six: The Spy,2017,"Drama,Fantasy,Horror",51.0,22630,9.1
tt4574334,Stranger Things,2,tt6020810,7,Chapter Seven: The Lost Sister,2017,"Drama,Fantasy,Horror",45.0,31462,6.1
tt4574334,Stranger Things,2,tt6020812,8,Chapter Eight: The Mind Flayer,2017,"Drama,Fantasy,Horror",47.0,24476,9.2
tt4574334,Stranger Things,2,tt6020876,9,Chapter Nine: The Gate,2017,"Drama,Fantasy,Horror",62.0,27209,9.3
tt4574334,Stranger Things,3,tt7445494,1,"Chapter One: Suzie, Do You Copy?",2019,"Drama,Fantasy,Horror",50.0,24116,7.8
tt4574334,Stranger Things,3,tt7640050,2,Chapter Two: The Mall Rats,2019,"Drama,Fantasy,Horror",50.0,22044,7.9
tt4574334,Stranger Things,3,tt7911866,3,Chapter Three: The Case of the Missing Lifeguard,2019,"Drama,Fantasy,Horror",49.0,21343,8.2
tt4574334,Stranger Things,3,tt7911884,4,Chapter Four: The Sauna Test,2019,"Drama,Fantasy,Horror",52.0,22876,8.9
tt4574334,Stranger Things,3,tt7911894,5,Chapter Five: The Flayed,2019,"Drama,Fantasy,Horror",51.0,20874,8.5
tt4574334,Stranger Things,3,tt7911914,6,Chapter Six: E Pluribus Unum,2019,"Drama,Fantasy,Horror",59.0,21046,8.5
tt4574334,Stranger Things,3,tt7911930,7,Chapter Seven: The Bite,2019,"Drama,Fantasy,Horror",55.0,21748,8.7
tt4574334,Stranger Things,3,tt7911942,8,Chapter Eight: The Battle of Starcourt,2019,"Drama,Fantasy,Horror",76.0,32453,9.2
tt4574334,Stranger Things,4,tt11043488,1,Chapter One: The Hellfire Club,2022,"Drama,Fantasy,Horror",78.0,25103,8.1
tt4574334,Stranger Things,4,tt11171932,2,Chapter Two: Vecna's Curse,2022,"Drama,Fantasy,Horror",77.0,22013,8.1
tt4574334,Stranger Things,4,tt11171954,3,Chapter Three: The Monster and the Superhero,2022,"Drama,Fantasy,Horror",63.0,21256,8.3
tt4574334,Stranger Things,4,tt11171978,4,Chapter Four: Dear Billy,2022,"Drama,Fantasy,Horror",78.0,39829,9.4
tt4574334,Stranger Things,4,tt11172000,5,Chapter Five: The Nina Project,2022,"Drama,Fantasy,Horror",76.0,20449,8.1
tt4574334,Stranger Things,4,tt11172012,6,Chapter Six: The Dive,2022,"Drama,Fantasy,Horror",75.0,20906,8.5
tt4574334,Stranger Things,4,tt11172022,7,Chapter Seven: The Massacre at Hawkins Lab,2022,"Drama,Fantasy,Horror",98.0,43679,9.6
tt4574334,Stranger Things,4,tt11172054,8,Chapter Eight: Papa,2022,"Drama,Fantasy,Horror",85.0,23050,8.6
tt4574334,Stranger Things,4,tt12810166,9,Chapter Nine: The Piggyback,2022,"Drama,Fantasy,Horror",139.0,34677,9.1
tt7660850,Succession,1,tt5791038,1,Celebration,2018,"Comedy,Drama",65.0,11276,7.8
tt7660850,Succession,1,tt7660884,2,Sh*t Show at the F**k Factory,2018,"Comedy,Drama",64.0,9548,7.6
tt7660850,Succession,1,tt7660888,3,Lifeboats,2018,"Comedy,Drama",63.0,8855,7.6
tt7660850,Succession,1,tt7660890,4,Sad Sack Wasp Trap,2018,"Comedy,Drama",63.0,8714,7.9
tt7660850,Succession,1,tt7660892,5,I Went to Market,2018,"Comedy,Drama",62.0,8405,8.1
tt7660850,Succession,1,tt7660896,6,Which Side Are You On?,2018,"Comedy,Drama",63.0,11002,9.1
tt7660850,Succession,1,tt7660898,7,Austerlitz,2018,"Comedy,Drama",62.0,8566,8.4
tt7660850,Succession,1,tt7660900,8,Prague,2018,"Comedy,Drama",61.0,8161,8.1
tt7660850,Succession,1,tt7660912,9,Pre-Nuptial,2018,"Comedy,Drama",64.0,8089,8.4
tt7660850,Succession,1,tt7660914,10,Nobody Is Ever Missing,2018,"Comedy,Drama",66.0,11446,9.2
tt7660850,Succession,2,tt8543048,1,The Summer Palace,2019,"Comedy,Drama",65.0,8044,8.3
tt7660850,Succession,2,tt9899086,2,Vaulter,2019,"Comedy,Drama",62,7724,8.3
tt7660850,Succession,2,tt9899090,3,Hunting,2019,"Comedy,Drama",64,9393,9.0
tt7660850,Succession,2,tt10100382,4,Safe Room,2019,"Comedy,Drama",63.0,9042,9.0
tt7660850,Succession,2,tt10478714,5,Tern Haven,2019,"Comedy,Drama",64.0,10180,9.3
tt7660850,Succession,2,tt10495506,6,Argestes,2019,"Comedy,Drama",63.0,7591,8.5
tt7660850,Succession,2,tt10495518,7,Return,2019,"Comedy,Drama",64.0,7166,8.1
tt7660850,Succession,2,tt10495526,8,Dundee,2019,"Comedy,Drama",65.0,7693,8.6
tt7660850,Succession,2,tt10882002,9,DC,2019,"Comedy,Drama",65,8611,9.1
tt7660850,Succession,2,tt11079892,10,This Is Not for Tears,2019,"Comedy,Drama",74.0,17310,9.7
tt7660850,Succession,3,tt11099454,1,Secession,2021,"Comedy,Drama",58.0,9084,8.8
tt7660850,Succession,3,tt14074458,2,Mass in Time of War,2021,"Comedy,Drama",60.0,7990,8.6
tt7660850,Succession,3,tt14577732,3,The Disruption,2021,"Comedy,Drama",59.0,8580,9.0
tt7660850,Succession,3,tt14577736,4,Lion in the Meadow,2021,"Comedy,Drama",59.0,7593,8.2
tt7660850,Succession,3,tt14163702,5,Retired Janitors of Idaho,2021,"Comedy,Drama",61.0,8652,9.0
tt7660850,Succession,3,tt14577734,6,What It Takes,2021,"Comedy,Drama",59.0,7414,8.1
tt7660850,Succession,3,tt14497926,7,Too Much Birthday,2021,"Comedy,Drama",58.0,8711,8.8
tt7660850,Succession,3,tt15423194,8,Chiantishire,2021,"Comedy,Drama",65.0,9226,9.1
tt7660850,Succession,3,tt15423196,9,All the Bells Say,2021,"Comedy,Drama",66.0,18206,9.7
tt7660850,Succession,4,tt15771446,1,The Munsters,2023,"Comedy,Drama",65.0,10923,8.6
tt7660850,Succession,4,tt21151972,2,Rehearsal,2023,"Comedy,Drama",58.0,10421,8.9
tt7660850,Succession,4,tt21151974,3,Connor's Wedding,2023,"Comedy,Drama",62.0,38912,9.9
tt7660850,Succession,4,tt21152028,4,Honeymoon States,2023,"Comedy,Drama",59.0,10400,9.0
tt7660850,Succession,4,tt21152030,5,Kill List,2023,"Comedy,Drama",60.0,10413,9.0
tt7660850,Succession,4,tt21152032,6,Living+,2023,"Comedy,Drama",62.0,9687,8.6
tt7660850,Succession,4,tt21152034,7,Tailgate Party,2023,"Comedy,Drama",61.0,10339,9.1
tt7660850,Succession,4,tt21152036,8,America Decides,2023,"Comedy,Drama",62.0,12728,9.4
tt7660850,Succession,4,tt21152038,9,Church and State,2023,"Comedy,Drama",73.0,13946,9.4
tt7660850,Succession,4,tt21152040,10,With Open Eyes,2023,"Comedy,Drama",88.0,22996,9.5
tt1632701,Suits,1,tt1973786,1,Pilot,2011,"Comedy,Drama",90.0,7299,8.7
tt1632701,Suits,1,tt1973785,2,Errors and Omissions,2011,"Comedy,Drama",60.0,4625,8.2
tt1632701,Suits,1,tt1976882,3,Inside Track,2011,"Comedy,Drama",60.0,4205,8.0
tt1632701,Suits,1,tt1977541,4,Dirty Little Secrets,2011,"Comedy,Drama",45.0,4003,8.0
tt1632701,Suits,1,tt2003931,5,Bail Out,2011,"Comedy,Drama",45.0,3856,8.1
tt1632701,Suits,1,tt1973787,6,Tricks of the Trade,2011,"Comedy,Drama",42.0,3795,8.0
tt1632701,Suits,1,tt1987364,7,Play the Man,2011,"Comedy,Drama",42.0,3964,8.5
tt1632701,Suits,1,tt1987365,8,Identity Crisis,2011,"Comedy,Drama",43.0,3667,8.0
tt1632701,Suits,1,tt1985804,9,Undefeated,2011,"Comedy,Drama",45.0,3574,8.3
tt1632701,Suits,1,tt1986650,10,The Shelf Life,2011,"Comedy,Drama",45.0,3506,8.3
tt1632701,Suits,1,tt1995990,11,Rules of the Game,2011,"Comedy,Drama",45.0,3498,8.4
tt1632701,Suits,1,tt2014019,12,Dog Fight,2011,"Comedy,Drama",45.0,3939,8.8
tt1632701,Suits,2,tt2185442,1,She Knows,2012,"Comedy,Drama",48.0,4156,8.9
tt1632701,Suits,2,tt2397283,2,The Choice,2012,"Comedy,Drama",43.0,3364,8.2
tt1632701,Suits,2,tt2199752,3,Meet the New Boss,2012,"Comedy,Drama",43.0,3241,8.2
tt1632701,Suits,2,tt2199756,4,Discovery,2012,"Comedy,Drama",43.0,3254,8.4
tt1632701,Suits,2,tt2253942,5,Break Point,2012,"Comedy,Drama",43.0,3490,8.7
tt1632701,Suits,2,tt2199758,6,All In,2012,"Comedy,Drama",43.0,3225,8.4
tt1632701,Suits,2,tt2268628,7,Sucker Punch,2012,"Comedy,Drama",43.0,3859,9.0
tt1632701,Suits,2,tt2305044,8,Rewind,2012,"Comedy,Drama",43.0,3439,8.5
tt1632701,Suits,2,tt2310538,9,Asterisk,2012,"Comedy,Drama",43.0,3294,8.7
tt1632701,Suits,2,tt2310526,10,High Noon,2012,"Comedy,Drama",43.0,4371,9.1
tt1632701,Suits,2,tt2583678,11,Blind-Sided,2013,"Comedy,Drama",43.0,3237,8.0
tt1632701,Suits,2,tt2583680,12,Blood in the Water,2013,"Comedy,Drama",43.0,3104,8.4
tt1632701,Suits,2,tt2583682,13,Zane vs. Zane,2013,"Comedy,Drama",43.0,3020,8.2
tt1632701,Suits,2,tt2660120,14,He's Back,2013,"Comedy,Drama",43.0,2986,8.4
tt1632701,Suits,2,tt2671864,15,Normandy,2013,"Comedy,Drama",43.0,2985,8.3
tt1632701,Suits,2,tt2560618,16,War,2013,"Comedy,Drama",50.0,3563,8.6
tt1632701,Suits,3,tt2529130,1,The Arrangement,2013,"Comedy,Drama",47.0,3517,8.3
tt1632701,Suits,3,tt2850832,2,I Want You to Want Me,2013,"Comedy,Drama",43,2987,8.3
tt1632701,Suits,3,tt2983982,3,Unfinished Business,2013,"Comedy,Drama",44.0,2899,8.2
tt1632701,Suits,3,tt2983986,4,Conflict of Interest,2013,"Comedy,Drama",43.0,2835,8.2
tt1632701,Suits,3,tt2983988,5,Shadow of a Doubt,2013,"Comedy,Drama",42.0,2734,8.0
tt1632701,Suits,3,tt2983994,6,The Other Time,2013,"Comedy,Drama",43.0,2978,8.5
tt1632701,Suits,3,tt2983996,7,She's Mine,2013,"Comedy,Drama",43.0,3085,8.6
tt1632701,Suits,3,tt3053154,8,Endgame,2013,"Comedy,Drama",42.0,2814,8.5
tt1632701,Suits,3,tt3132574,9,Bad Faith,2013,"Comedy,Drama",43.0,2722,8.2
tt1632701,Suits,3,tt3132584,10,Stay,2013,"Comedy,Drama",47.0,2861,8.4
tt1632701,Suits,3,tt3563802,11,Buried Secrets,2014,"Comedy,Drama",43,2665,8.2
tt1632701,Suits,3,tt3570124,12,Yesterday's Gone,2014,"Comedy,Drama",43.0,3145,8.9
tt1632701,Suits,3,tt3591456,13,Moot Point,2014,"Comedy,Drama",42.0,2504,8.3
tt1632701,Suits,3,tt3599424,14,Heartburn,2014,"Comedy,Drama",43.0,2788,8.8
tt1632701,Suits,3,tt3607734,15,Know When to Fold 'Em,2014,"Comedy,Drama",43.0,2660,8.6
tt1632701,Suits,3,tt3639420,16,No Way Out,2014,"Comedy,Drama",46.0,4051,9.2
tt1632701,Suits,4,tt3285896,1,One-Two-Three Go...,2014,"Comedy,Drama",43,3095,8.4
tt1632701,Suits,4,tt3783016,2,"Breakfast, Lunch and Dinner",2014,"Comedy,Drama",43.0,2595,8.2
tt1632701,Suits,4,tt3800126,3,Two in the Knees,2014,"Comedy,Drama",43.0,2576,8.2
tt1632701,Suits,4,tt3832646,4,Leveraged,2014,"Comedy,Drama",44.0,2494,8.1
tt1632701,Suits,4,tt3839596,5,Pound of Flesh,2014,"Comedy,Drama",43.0,2481,8.2
tt1632701,Suits,4,tt3839598,6,Litt the Hell Up,2014,"Comedy,Drama",43.0,2769,8.7
tt1632701,Suits,4,tt3881112,7,We're Done,2014,"Comedy,Drama",43,2857,8.7
tt1632701,Suits,4,tt3895112,8,Exposure,2014,"Comedy,Drama",42,2732,8.8
tt1632701,Suits,4,tt3953700,9,Gone,2014,"Comedy,Drama",42,3221,9.2
tt1632701,Suits,4,tt3923868,10,This Is Rome,2014,"Comedy,Drama",44,4506,9.4
tt1632701,Suits,4,tt4231052,11,Enough Is Enough,2015,"Comedy,Drama",43.0,2921,8.8
tt1632701,Suits,4,tt4383488,12,Respect,2015,"Comedy,Drama",43.0,2407,8.2
tt1632701,Suits,4,tt4410566,13,Fork in the Road,2015,"Comedy,Drama",45.0,2713,8.7
tt1632701,Suits,4,tt3951374,14,Derailed,2015,"Comedy,Drama",43,2520,8.4
tt1632701,Suits,4,tt4434386,15,Intent,2015,"Comedy,Drama",43.0,3243,9.1
tt1632701,Suits,4,tt4454772,16,Not Just a Pretty Face,2015,"Comedy,Drama",45.0,2964,9.0
tt1632701,Suits,5,tt4503862,1,Denial,2015,"Comedy,Drama",43.0,3408,8.8
tt1632701,Suits,5,tt4649068,2,Compensation,2015,"Comedy,Drama",43.0,2750,8.4
tt1632701,Suits,5,tt4649074,3,No Refills,2015,"Comedy,Drama",43.0,2707,8.7
tt1632701,Suits,5,tt4800888,4,No Puedo Hacerlo,2015,"Comedy,Drama",44.0,2924,8.8
tt1632701,Suits,5,tt4845228,5,Toe to Toe,2015,"Comedy,Drama",43.0,2507,8.4
tt1632701,Suits,5,tt4779252,6,Privilege,2015,"Comedy,Drama",42.0,2515,8.5
tt1632701,Suits,5,tt4815634,7,Hitting Home,2015,"Comedy,Drama",44.0,3471,9.2
tt1632701,Suits,5,tt4905626,8,Mea Culpa,2015,"Comedy,Drama",44.0,2868,8.9
tt1632701,Suits,5,tt4923722,9,Uninvited Guests,2015,"Comedy,Drama",44.0,2756,8.8
tt1632701,Suits,5,tt4938410,10,Faith,2015,"Comedy,Drama",45.0,10739,9.7
tt1632701,Suits,5,tt5176286,11,Blowback,2016,"Comedy,Drama",45.0,3698,9.2
tt1632701,Suits,5,tt5181364,12,Live to Fight...,2016,"Comedy,Drama",43.0,2731,8.9
tt1632701,Suits,5,tt5181368,13,God's Green Earth,2016,"Comedy,Drama",42.0,2590,8.7
tt1632701,Suits,5,tt5181370,14,Self Defense,2016,"Comedy,Drama",42.0,3247,9.2
tt1632701,Suits,5,tt5181372,15,Tick Tock,2016,"Comedy,Drama",43.0,4584,9.5
tt1632701,Suits,5,tt5181374,16,25th Hour,2016,"Comedy,Drama",45.0,4408,9.3
tt1632701,Suits,6,tt5498940,1,To Trouble,2016,"Comedy,Drama",41.0,3001,8.1
tt1632701,Suits,6,tt5513372,2,Accounts Payable,2016,"Comedy,Drama",42.0,2367,8.0
tt1632701,Suits,6,tt5895102,3,Back on the Map,2016,"Comedy,Drama",41.0,2231,8.2
tt1632701,Suits,6,tt5895096,4,Turn,2016,"Comedy,Drama",42.0,2181,8.1
tt1632701,Suits,6,tt5895106,5,Trust,2016,"Comedy,Drama",42.0,2034,8.0
tt1632701,Suits,6,tt5895108,6,Spain,2016,"Comedy,Drama",43.0,2044,7.9
tt1632701,Suits,6,tt5895110,7,Shake the Trees,2016,"Comedy,Drama",42.0,2029,8.0
tt1632701,Suits,6,tt5895112,8,Borrowed Time,2016,"Comedy,Drama",42.0,2169,8.4
tt1632701,Suits,6,tt5880940,9,The Hand That Feeds You,2016,"Comedy,Drama",41.0,3003,9.0
tt1632701,Suits,6,tt5880946,10,P.S.L.,2016,"Comedy,Drama",44.0,4710,9.4
tt1632701,Suits,6,tt5880950,11,She's Gone,2017,"Comedy,Drama",43.0,2275,8.1
tt1632701,Suits,6,tt5880956,12,The Painting,2017,"Comedy,Drama",42.0,2236,8.6
tt1632701,Suits,6,tt5880960,13,"Teeth, Nose, Teeth",2017,"Comedy,Drama",43.0,1983,8.2
tt1632701,Suits,6,tt5895116,14,Admission of Guilt,2017,"Comedy,Drama",41.0,1850,8.1
tt1632701,Suits,6,tt5937920,15,Quid Pro Quo,2017,"Comedy,Drama",41.0,1860,8.1
tt1632701,Suits,6,tt5937924,16,Character and Fitness,2017,"Comedy,Drama",44.0,5307,9.5
tt1632701,Suits,7,tt5934988,1,Skin in the Game,2017,"Comedy,Drama",45.0,2666,8.5
tt1632701,Suits,7,tt5937932,2,The Statue,2017,"Comedy,Drama",41.0,1938,8.1
tt1632701,Suits,7,tt7006210,3,Mudmare,2017,"Comedy,Drama",41.0,1808,7.7
tt1632701,Suits,7,tt6896678,4,Divide and Conquer,2017,"Comedy,Drama",41.0,1728,7.9
tt1632701,Suits,7,tt6949856,5,Brooklyn Housing,2017,"Comedy,Drama",43.0,1656,7.7
tt1632701,Suits,7,tt7022000,6,Home to Roost,2017,"Comedy,Drama",41.0,1728,8.1
tt1632701,Suits,7,tt7016302,7,Full Disclosure,2017,"Comedy,Drama",43.0,1749,8.2
tt1632701,Suits,7,tt7027760,8,100,2017,"Comedy,Drama",44.0,1814,8.5
tt1632701,Suits,7,tt7222256,9,Shame,2017,"Comedy,Drama",42.0,1623,7.8
tt1632701,Suits,7,tt7222258,10,Donna,2017,"Comedy,Drama",45.0,2409,8.8
tt1632701,Suits,7,tt7222260,11,Hard Truths,2018,"Comedy,Drama",41.0,1739,8.0
tt1632701,Suits,7,tt7222262,12,Bad Man,2018,"Comedy,Drama",43.0,1570,7.6
tt1632701,Suits,7,tt7222264,13,Inevitable,2018,"Comedy,Drama",44.0,1845,8.4
tt1632701,Suits,7,tt7222268,14,Pulling the Goalie,2018,"Comedy,Drama",44.0,1617,8.2
tt1632701,Suits,7,tt7222270,15,Tiny Violin,2018,"Comedy,Drama",42.0,1551,8.2
tt1632701,Suits,7,tt7222272,16,Good-Bye,2018,"Comedy,Drama",55.0,2123,7.8
tt1632701,Suits,8,tt8258536,1,Right-Hand Man,2018,"Comedy,Drama",42.0,1859,7.2
tt1632701,Suits,8,tt8717372,2,Pecking Order,2018,"Comedy,Drama",43.0,1551,7.3
tt1632701,Suits,8,tt8726852,3,"Promises, Promises",2018,"Comedy,Drama",41.0,1504,7.5
tt1632701,Suits,8,tt8744648,4,Revenue Per Square Foot,2018,"Comedy,Drama",42.0,1499,7.5
tt1632701,Suits,8,tt8788454,5,Good Mudding,2018,"Comedy,Drama",42.0,1468,7.6
tt1632701,Suits,8,tt8790900,6,"Cats, Ballet, Harvey Specter",2018,"Comedy,Drama",42.0,1533,7.9
tt1632701,Suits,8,tt8885702,7,Sour Grapes,2018,"Comedy,Drama",42.0,1405,7.5
tt1632701,Suits,8,tt8885706,8,Coral Gables,2018,"Comedy,Drama",44.0,1359,7.2
tt1632701,Suits,8,tt8967858,9,Motion to Delay,2018,"Comedy,Drama",43.0,1325,7.4
tt1632701,Suits,8,tt8947536,10,Managing Partner,2018,"Comedy,Drama",45.0,1850,8.7
tt1632701,Suits,8,tt9068346,11,Rocky 8,2019,"Comedy,Drama",43.0,1320,7.6
tt1632701,Suits,8,tt9318630,12,Whale Hunt,2019,"Comedy,Drama",43.0,1261,7.6
tt1632701,Suits,8,tt9318632,13,The Greater Good,2019,"Comedy,Drama",41.0,1223,7.6
tt1632701,Suits,8,tt9318634,14,Peas in a Pod,2019,"Comedy,Drama",43.0,1276,8.0
tt1632701,Suits,8,tt9318636,15,Stalking Horse,2019,"Comedy,Drama",43.0,1239,7.9
tt1632701,Suits,8,tt9318638,16,Harvey,2019,"Comedy,Drama",45.0,1911,8.7
tt1632701,Suits,9,tt9654274,1,Everything's Changed,2019,"Comedy,Drama",44.0,1562,8.0
tt1632701,Suits,9,tt9788428,2,Special Master,2019,"Comedy,Drama",43,1327,7.6
tt1632701,Suits,9,tt9788430,3,Windmills,2019,"Comedy,Drama",43,1289,7.5
tt1632701,Suits,9,tt9788432,4,Cairo,2019,"Comedy,Drama",42,1293,7.8
tt1632701,Suits,9,tt9788434,5,If the Shoe Fits,2019,"Comedy,Drama",43,1479,8.3
tt1632701,Suits,9,tt9788436,6,Whatever It Takes,2019,"Comedy,Drama",42,1279,7.6
tt1632701,Suits,9,tt9788438,7,Scenic Route,2019,"Comedy,Drama",43,1455,7.5
tt1632701,Suits,9,tt9788440,8,Prisoner's Dilemma,2019,"Comedy,Drama",43,1643,8.7
tt1632701,Suits,9,tt9788442,9,Thunder Away,2019,"Comedy,Drama",45,1980,9.1
tt1632701,Suits,9,tt9788424,10,One Last Con,2019,"Comedy,Drama",47,4159,9.4
tt0460681,Supernatural,1,tt0713618,1,Pilot,2005,"Drama,Fantasy,Horror",44.0,11777,8.5
tt0460681,Supernatural,1,tt0713624,2,Wendigo,2005,"Drama,Fantasy,Horror",44.0,9412,7.8
tt0460681,Supernatural,1,tt0713613,3,Dead in the Water,2005,"Drama,Fantasy,Horror",44.0,8718,7.9
tt0460681,Supernatural,1,tt0713617,4,Phantom Traveler,2005,"Drama,Fantasy,Horror",43.0,8267,8.0
tt0460681,Supernatural,1,tt0713611,5,Bloody Mary,2005,"Drama,Fantasy,Horror",44.0,8380,8.2
tt0460681,Supernatural,1,tt0713622,6,Skin,2005,"Drama,Fantasy,Horror",42.0,7907,8.2
tt0460681,Supernatural,1,tt0713615,7,Hook Man,2005,"Drama,Fantasy,Horror",41.0,7658,7.8
tt0460681,Supernatural,1,tt0713612,8,Bugs,2005,"Drama,Fantasy,Horror",44.0,8184,6.8
tt0460681,Supernatural,1,tt0713623,9,Home,2005,"Drama,Fantasy,Horror",43.0,8137,8.8
tt0460681,Supernatural,1,tt0713610,10,Asylum,2005,"Drama,Fantasy,Horror",44.0,7542,8.3
tt0460681,Supernatural,1,tt0713620,11,Scarecrow,2006,"Drama,Fantasy,Horror",43.0,7788,8.6
tt0460681,Supernatural,1,tt0713614,12,Faith,2006,"Drama,Fantasy,Horror",44.0,8137,8.7
tt0460681,Supernatural,1,tt0713619,13,Route 666,2006,"Drama,Fantasy,Horror",50.0,7487,7.3
tt0460681,Supernatural,1,tt0713616,14,Nightmare,2006,"Drama,Fantasy,Horror",55.0,7065,8.1
tt0460681,Supernatural,1,tt0757750,15,The Benders,2006,"Drama,Fantasy,Horror",55.0,7288,8.2
tt0460681,Supernatural,1,tt0713621,16,Shadow,2006,"Drama,Fantasy,Horror",55.0,6993,8.5
tt0460681,Supernatural,1,tt0763064,17,Hell House,2006,"Drama,Fantasy,Horror",55.0,7127,8.2
tt0460681,Supernatural,1,tt0763065,18,Something Wicked,2006,"Drama,Fantasy,Horror",55.0,7062,8.5
tt0460681,Supernatural,1,tt0761316,19,Provenance,2006,"Drama,Fantasy,Horror",44.0,7374,8.6
tt0460681,Supernatural,1,tt0767486,20,Dead Man's Blood,2006,"Drama,Fantasy,Horror",55.0,6845,8.4
tt0460681,Supernatural,1,tt0772002,21,Salvation,2006,"Drama,Fantasy,Horror",60.0,7088,8.8
tt0460681,Supernatural,1,tt0775325,22,Devil's Trap,2006,"Drama,Fantasy,Horror",55.0,8105,9.2
tt0460681,Supernatural,2,tt0829063,1,In My Time of Dying,2006,"Drama,Fantasy,Horror",50.0,8376,9.2
tt0460681,Supernatural,2,tt0829062,2,Everybody Loves a Clown,2006,"Drama,Fantasy,Horror",55.0,6806,8.1
tt0460681,Supernatural,2,tt0835248,3,Bloodlust,2006,"Drama,Fantasy,Horror",50.0,6537,8.2
tt0460681,Supernatural,2,tt0837741,4,Children Shouldn't Play with Dead Things,2006,"Drama,Fantasy,Horror",42.0,6399,7.8
tt0460681,Supernatural,2,tt0851031,5,Simon Said,2006,"Drama,Fantasy,Horror",48.0,6475,8.4
tt0460681,Supernatural,2,tt0855641,6,No Exit,2006,"Drama,Fantasy,Horror",47.0,6401,8.2
tt0460681,Supernatural,2,tt0859555,7,The Usual Suspects,2006,"Drama,Fantasy,Horror",50.0,6679,8.5
tt0460681,Supernatural,2,tt0868625,8,Crossroad Blues,2006,"Drama,Fantasy,Horror",42.0,6685,8.6
tt0460681,Supernatural,2,tt0878590,9,Croatoan,2006,"Drama,Fantasy,Horror",47.0,6792,8.6
tt0460681,Supernatural,2,tt0883872,10,Hunted,2007,"Drama,Fantasy,Horror",49.0,6239,8.4
tt0460681,Supernatural,2,tt0890836,11,Playthings,2007,"Drama,Fantasy,Horror",49.0,6408,8.2
tt0460681,Supernatural,2,tt0942145,12,Nightshifter,2007,"Drama,Fantasy,Horror",47.0,7012,8.9
tt0460681,Supernatural,2,tt0921622,13,Houses of the Holy,2007,"Drama,Fantasy,Horror",50.0,6230,7.9
tt0460681,Supernatural,2,tt0940441,14,Born Under a Bad Sign,2007,"Drama,Fantasy,Horror",50.0,6591,8.7
tt0460681,Supernatural,2,tt0939444,15,Tall Tales,2007,"Drama,Fantasy,Horror",48.0,8096,9.1
tt0460681,Supernatural,2,tt0942786,16,Roadkill,2007,"Drama,Fantasy,Horror",40.0,7336,8.8
tt0460681,Supernatural,2,tt0959976,17,Heart,2007,"Drama,Fantasy,Horror",47.0,7424,8.7
tt0460681,Supernatural,2,tt0964436,18,Hollywood Babylon,2007,"Drama,Fantasy,Horror",50.0,6861,8.4
tt0460681,Supernatural,2,tt1000536,19,Folsom Prison Blues,2007,"Drama,Fantasy,Horror",41.0,6546,8.6
tt0460681,Supernatural,2,tt0987715,20,What Is and What Should Never Be,2007,"Drama,Fantasy,Horror",50.0,8271,9.3
tt0460681,Supernatural,2,tt0987713,21,All Hell Breaks Loose: Part 1,2007,"Drama,Fantasy,Horror",50.0,7155,9.1
tt0460681,Supernatural,2,tt0987714,22,All Hell Breaks Loose: Part 2,2007,"Drama,Fantasy,Horror",55.0,8246,9.4
tt0460681,Supernatural,3,tt1032129,1,The Magnificent Seven,2007,"Drama,Fantasy,Horror",49.0,6490,8.4
tt0460681,Supernatural,3,tt1032134,2,The Kids Are Alright,2007,"Drama,Fantasy,Horror",43.0,6294,8.6
tt0460681,Supernatural,3,tt1107710,3,Bad Day at Black Rock,2007,"Drama,Fantasy,Horror",50.0,7940,9.2
tt0460681,Supernatural,3,tt1032135,4,Sin City,2007,"Drama,Fantasy,Horror",50.0,6046,8.2
tt0460681,Supernatural,3,tt1032137,5,Bedtime Stories,2007,"Drama,Fantasy,Horror",50.0,6122,8.2
tt0460681,Supernatural,3,tt1032138,6,Red Sky at Morning,2007,"Drama,Fantasy,Horror",50.0,6076,8.0
tt0460681,Supernatural,3,tt1032139,7,Fresh Blood,2007,"Drama,Fantasy,Horror",50.0,5997,8.4
tt0460681,Supernatural,3,tt1032140,8,A Very Supernatural Christmas,2007,"Drama,Fantasy,Horror",42.0,6896,8.6
tt0460681,Supernatural,3,tt1032141,9,Malleus Maleficarum,2008,"Drama,Fantasy,Horror",40.0,5996,8.4
tt0460681,Supernatural,3,tt1032130,10,Dream a Little Dream of Me,2008,"Drama,Fantasy,Horror",55.0,6021,8.4
tt0460681,Supernatural,3,tt1032132,11,Mystery Spot,2008,"Drama,Fantasy,Horror",55.0,9943,9.5
tt0460681,Supernatural,3,tt1032131,12,Jus in Bello,2008,"Drama,Fantasy,Horror",55.0,7798,9.3
tt0460681,Supernatural,3,tt1032133,13,Ghostfacers,2008,"Drama,Fantasy,Horror",42.0,7253,7.6
tt0460681,Supernatural,3,tt1206073,14,Long Distance Call,2008,"Drama,Fantasy,Horror",41,5738,7.8
tt0460681,Supernatural,3,tt1222593,15,Time Is on My Side,2008,"Drama,Fantasy,Horror",50.0,5883,8.4
tt0460681,Supernatural,3,tt1222594,16,No Rest for the Wicked,2008,"Drama,Fantasy,Horror",50.0,7368,9.2
tt0460681,Supernatural,4,tt1222595,1,Lazarus Rising,2008,"Drama,Fantasy,Horror",55.0,9399,9.4
tt0460681,Supernatural,4,tt1222606,2,"Are You There, God? It's Me, Dean Winchester",2008,"Drama,Fantasy,Horror",50.0,6015,8.5
tt0460681,Supernatural,4,tt1222611,3,In the Beginning,2008,"Drama,Fantasy,Horror",50.0,7387,9.2
tt0460681,Supernatural,4,tt1222612,4,Metamorphosis,2008,"Drama,Fantasy,Horror",60.0,5232,8.0
tt0460681,Supernatural,4,tt1222610,5,Monster Movie,2008,"Drama,Fantasy,Horror",55.0,6741,8.4
tt0460681,Supernatural,4,tt1222613,6,Yellow Fever,2008,"Drama,Fantasy,Horror",43.0,7878,9.1
tt0460681,Supernatural,4,tt1222614,7,"It's the Great Pumpkin, Sam Winchester",2008,"Drama,Fantasy,Horror",42.0,5751,8.4
tt0460681,Supernatural,4,tt1222615,8,Wishful Thinking,2008,"Drama,Fantasy,Horror",41.0,5625,8.6
tt0460681,Supernatural,4,tt1222616,9,I Know What You Did Last Summer,2008,"Drama,Fantasy,Horror",43.0,5827,8.6
tt0460681,Supernatural,4,tt1222596,10,Heaven and Hell,2008,"Drama,Fantasy,Horror",43.0,6266,8.8
tt0460681,Supernatural,4,tt1222597,11,Family Remains,2009,"Drama,Fantasy,Horror",43.0,5299,7.9
tt0460681,Supernatural,4,tt1222598,12,Criss Angel Is a Douche Bag,2009,"Drama,Fantasy,Horror",43.0,5173,7.9
tt0460681,Supernatural,4,tt1222599,13,After School Special,2009,"Drama,Fantasy,Horror",55.0,6167,8.6
tt0460681,Supernatural,4,tt1222600,14,Sex and Violence,2009,"Drama,Fantasy,Horror",43.0,5440,8.3
tt0460681,Supernatural,4,tt1222601,15,Death Takes a Holiday,2009,"Drama,Fantasy,Horror",43.0,5695,8.6
tt0460681,Supernatural,4,tt1222602,16,On the Head of a Pin,2009,"Drama,Fantasy,Horror",43.0,6511,9.1
tt0460681,Supernatural,4,tt1222603,17,It's a Terrible Life,2009,"Drama,Fantasy,Horror",43.0,6005,8.6
tt0460681,Supernatural,4,tt1222604,18,The Monster at the End of This Book,2009,"Drama,Fantasy,Horror",43.0,7074,9.2
tt0460681,Supernatural,4,tt1222605,19,Jump the Shark,2009,"Drama,Fantasy,Horror",43.0,4938,8.2
tt0460681,Supernatural,4,tt1222607,20,The Rapture,2009,"Drama,Fantasy,Horror",40.0,5770,8.7
tt0460681,Supernatural,4,tt1222608,21,When the Levee Breaks,2009,"Drama,Fantasy,Horror",43.0,5457,8.5
tt0460681,Supernatural,4,tt1222609,22,Lucifer Rising,2009,"Drama,Fantasy,Horror",43.0,7075,9.3
tt0460681,Supernatural,5,tt1461906,1,Sympathy for the Devil,2009,"Drama,Fantasy,Horror",60.0,5670,8.7
tt0460681,Supernatural,5,tt1464088,2,"Good God, Y'All",2009,"Drama,Fantasy,Horror",60.0,5317,8.6
tt0460681,Supernatural,5,tt1464089,3,Free to Be You and Me,2009,"Drama,Fantasy,Horror",60.0,5431,8.5
tt0460681,Supernatural,5,tt1488984,4,The End,2009,"Drama,Fantasy,Horror",60.0,6403,9.1
tt0460681,Supernatural,5,tt1488983,5,Fallen Idols,2009,"Drama,Fantasy,Horror",60.0,5183,7.9
tt0460681,Supernatural,5,tt1506849,6,I Believe the Children Are Our Future,2009,"Drama,Fantasy,Horror",42.0,5236,8.5
tt0460681,Supernatural,5,tt1507550,7,The Curious Case of Dean Winchester,2009,"Drama,Fantasy,Horror",42.0,5664,8.7
tt0460681,Supernatural,5,tt1511910,8,Changing Channels,2009,"Drama,Fantasy,Horror",60.0,11514,9.6
tt0460681,Supernatural,5,tt1533530,9,The Real Ghostbusters,2009,"Drama,Fantasy,Horror",60.0,5748,8.8
tt0460681,Supernatural,5,tt1532469,10,Abandon All Hope,2009,"Drama,Fantasy,Horror",60.0,6459,9.2
tt0460681,Supernatural,5,tt1543420,11,"Sam, Interrupted",2010,"Drama,Fantasy,Horror",60.0,5244,8.5
tt0460681,Supernatural,5,tt1552579,12,Swap Meat,2010,"Drama,Fantasy,Horror",60.0,4948,8.1
tt0460681,Supernatural,5,tt1541419,13,The Song Remains the Same,2010,"Drama,Fantasy,Horror",60.0,5791,9.0
tt0460681,Supernatural,5,tt1588681,14,My Bloody Valentine,2010,"Drama,Fantasy,Horror",60.0,5492,8.8
tt0460681,Supernatural,5,tt1588682,15,Dead Men Don't Wear Plaid,2010,"Drama,Fantasy,Horror",60.0,4749,8.4
tt0460681,Supernatural,5,tt1588256,16,Dark Side of the Moon,2010,"Drama,Fantasy,Horror",60.0,5386,8.7
tt0460681,Supernatural,5,tt1588255,17,99 Problems,2010,"Drama,Fantasy,Horror",60.0,4921,8.3
tt0460681,Supernatural,5,tt1594854,18,Point of No Return,2010,"Drama,Fantasy,Horror",60.0,5317,8.8
tt0460681,Supernatural,5,tt1598673,19,Hammer of the Gods,2010,"Drama,Fantasy,Horror",60.0,6005,9.0
tt0460681,Supernatural,5,tt1599805,20,The Devil You Know,2010,"Drama,Fantasy,Horror",60.0,4700,8.6
tt0460681,Supernatural,5,tt1626754,21,Two Minutes to Midnight,2010,"Drama,Fantasy,Horror",60.0,6063,9.2
tt0460681,Supernatural,5,tt1626753,22,Swan Song,2010,"Drama,Fantasy,Horror",42.0,12271,9.7
tt0460681,Supernatural,6,tt1627706,1,Exile on Main St.,2010,"Drama,Fantasy,Horror",42.0,4961,7.6
tt0460681,Supernatural,6,tt1627717,2,Two and a Half Men,2010,"Drama,Fantasy,Horror",41.0,4375,7.8
tt0460681,Supernatural,6,tt1627721,3,The Third Man,2010,"Drama,Fantasy,Horror",41.0,4336,8.1
tt0460681,Supernatural,6,tt1627722,4,Weekend at Bobby's,2010,"Drama,Fantasy,Horror",40.0,5623,9.1
tt0460681,Supernatural,6,tt1627724,5,Live Free or Twi-hard,2010,"Drama,Fantasy,Horror",42.0,4441,8.3
tt0460681,Supernatural,6,tt1627723,6,You Can't Handle the Truth,2010,"Drama,Fantasy,Horror",60.0,4341,8.4
tt0460681,Supernatural,6,tt1627725,7,Family Matters,2010,"Drama,Fantasy,Horror",41.0,4115,8.0
tt0460681,Supernatural,6,tt1627726,8,All Dogs Go to Heaven,2010,"Drama,Fantasy,Horror",42.0,4090,7.6
tt0460681,Supernatural,6,tt1627727,9,Clap Your Hands If You Believe,2010,"Drama,Fantasy,Horror",43.0,4715,8.3
tt0460681,Supernatural,6,tt1627707,10,Caged Heat,2010,"Drama,Fantasy,Horror",60.0,4368,8.5
tt0460681,Supernatural,6,tt1627708,11,Appointment in Samarra,2010,"Drama,Fantasy,Horror",42.0,4831,9.1
tt0460681,Supernatural,6,tt1627709,12,Like a Virgin,2011,"Drama,Fantasy,Horror",60.0,4248,8.2
tt0460681,Supernatural,6,tt1627710,13,Unforgiven,2011,"Drama,Fantasy,Horror",60.0,3955,7.9
tt0460681,Supernatural,6,tt1627711,14,Mannequin 3: The Reckoning,2011,"Drama,Fantasy,Horror",60.0,4079,7.4
tt0460681,Supernatural,6,tt1627712,15,The French Mistake,2011,"Drama,Fantasy,Horror",42.0,11872,9.6
tt0460681,Supernatural,6,tt1627713,16,And Then There Were None,2011,"Drama,Fantasy,Horror",60.0,4019,8.2
tt0460681,Supernatural,6,tt1627715,17,My Heart Will Go On,2011,"Drama,Fantasy,Horror",60.0,4612,8.6
tt0460681,Supernatural,6,tt1627714,18,Frontierland,2011,"Drama,Fantasy,Horror",60.0,5201,9.0
tt0460681,Supernatural,6,tt1627716,19,Mommy Dearest,2011,"Drama,Fantasy,Horror",60.0,4222,8.5
tt0460681,Supernatural,6,tt1627718,20,The Man Who Would Be King,2011,"Drama,Fantasy,Horror",60.0,5225,8.9
tt0460681,Supernatural,6,tt1627719,21,Let It Bleed,2011,"Drama,Fantasy,Horror",60.0,4211,8.5
tt0460681,Supernatural,6,tt1864037,22,The Man Who Knew Too Much,2011,"Drama,Fantasy,Horror",43.0,4931,8.9
tt0460681,Supernatural,7,tt1995102,1,Meet the New Boss,2011,"Drama,Fantasy,Horror",43.0,5365,8.9
tt0460681,Supernatural,7,tt1995113,2,"Hello, Cruel World",2011,"Drama,Fantasy,Horror",43.0,4200,8.3
tt0460681,Supernatural,7,tt1995118,3,The Girl Next Door,2011,"Drama,Fantasy,Horror",42.0,4274,8.0
tt0460681,Supernatural,7,tt1995119,4,Defending Your Life,2011,"Drama,Fantasy,Horror",43.0,4035,7.8
tt0460681,Supernatural,7,tt1995120,5,"Shut Up, Dr. Phil",2011,"Drama,Fantasy,Horror",42.0,4370,8.0
tt0460681,Supernatural,7,tt1995121,6,Slash Fiction,2011,"Drama,Fantasy,Horror",43.0,4278,8.5
tt0460681,Supernatural,7,tt1995122,7,The Mentalists,2011,"Drama,Fantasy,Horror",42.0,3883,7.8
tt0460681,Supernatural,7,tt1995123,8,"Season Seven, Time for a Wedding!",2011,"Drama,Fantasy,Horror",40.0,4312,7.8
tt0460681,Supernatural,7,tt1995124,9,How to Win Friends and Influence Monsters,2011,"Drama,Fantasy,Horror",41.0,3970,8.3
tt0460681,Supernatural,7,tt1995103,10,Death's Door,2011,"Drama,Fantasy,Horror",42.0,5365,9.2
tt0460681,Supernatural,7,tt1995104,11,Adventures in Babysitting,2012,"Drama,Fantasy,Horror",43.0,4045,7.9
tt0460681,Supernatural,7,tt1995105,12,Time After Time,2012,"Drama,Fantasy,Horror",43.0,4758,8.8
tt0460681,Supernatural,7,tt1995106,13,The Slice Girls,2012,"Drama,Fantasy,Horror",42.0,4062,8.0
tt0460681,Supernatural,7,tt1995107,14,Plucky Pennywhistle's Magical Menagerie,2012,"Drama,Fantasy,Horror",42.0,4130,8.0
tt0460681,Supernatural,7,tt1995108,15,Repo Man,2012,"Drama,Fantasy,Horror",43.0,3918,8.1
tt0460681,Supernatural,7,tt1995109,16,Out with the Old,2012,"Drama,Fantasy,Horror",43.0,3871,8.0
tt0460681,Supernatural,7,tt1995110,17,The Born-Again Identity,2012,"Drama,Fantasy,Horror",43.0,4892,8.9
tt0460681,Supernatural,7,tt1995111,18,"Party On, Garth",2012,"Drama,Fantasy,Horror",43.0,4079,8.4
tt0460681,Supernatural,7,tt1995112,19,Of Grave Importance,2012,"Drama,Fantasy,Horror",42.0,3954,8.4
tt0460681,Supernatural,7,tt1995114,20,The Girl with the Dungeons and Dragons Tattoo,2012,"Drama,Fantasy,Horror",43.0,4981,9.1
tt0460681,Supernatural,7,tt1995115,21,Reading is Fundamental,2012,"Drama,Fantasy,Horror",42.0,4075,8.5
tt0460681,Supernatural,7,tt1995116,22,There Will Be Blood,2012,"Drama,Fantasy,Horror",43.0,3797,8.4
tt0460681,Supernatural,7,tt1995117,23,Survival of the Fittest,2012,"Drama,Fantasy,Horror",42.0,4751,8.7
tt0460681,Supernatural,8,tt2373078,1,We Need to Talk About Kevin,2012,"Drama,Fantasy,Horror",42.0,4539,8.2
tt0460681,Supernatural,8,tt2404088,2,"What's Up, Tiger Mommy?",2012,"Drama,Fantasy,Horror",42.0,4446,8.3
tt0460681,Supernatural,8,tt2293862,3,Heartache,2012,"Drama,Fantasy,Horror",40.0,4350,7.5
tt0460681,Supernatural,8,tt2323362,4,Bitten,2012,"Drama,Fantasy,Horror",42.0,5416,7.1
tt0460681,Supernatural,8,tt2388382,5,Blood Brother,2012,"Drama,Fantasy,Horror",43.0,4263,8.0
tt0460681,Supernatural,8,tt2372414,6,Southern Comfort,2012,"Drama,Fantasy,Horror",43.0,3853,7.9
tt0460681,Supernatural,8,tt2425360,7,A Little Slice of Kevin,2012,"Drama,Fantasy,Horror",43.0,4235,8.3
tt0460681,Supernatural,8,tt2426140,8,Hunteri Heroici,2012,"Drama,Fantasy,Horror",43.0,5111,8.7
tt0460681,Supernatural,8,tt2426138,9,Citizen Fang,2012,"Drama,Fantasy,Horror",43.0,3853,8.2
tt0460681,Supernatural,8,tt2425378,10,Torn and Frayed,2013,"Drama,Fantasy,Horror",43.0,4144,8.2
tt0460681,Supernatural,8,tt2498912,11,LARP and the Real Girl,2013,"Drama,Fantasy,Horror",43.0,4835,8.7
tt0460681,Supernatural,8,tt2506990,12,As Time Goes By,2013,"Drama,Fantasy,Horror",43.0,5003,9.0
tt0460681,Supernatural,8,tt2578700,13,Everybody Hates Hitler,2013,"Drama,Fantasy,Horror",43.0,4279,8.4
tt0460681,Supernatural,8,tt2503932,14,Trial and Error,2013,"Drama,Fantasy,Horror",43.0,3870,8.4
tt0460681,Supernatural,8,tt2578704,15,Man's Best Friend with Benefits,2013,"Drama,Fantasy,Horror",43.0,3848,7.3
tt0460681,Supernatural,8,tt2578708,16,Remember the Titans,2013,"Drama,Fantasy,Horror",42.0,3858,7.6
tt0460681,Supernatural,8,tt2692382,17,Goodbye Stranger,2013,"Drama,Fantasy,Horror",43.0,4173,8.5
tt0460681,Supernatural,8,tt2621384,18,Freaks and Geeks,2013,"Drama,Fantasy,Horror",42.0,3822,7.3
tt0460681,Supernatural,8,tt2699592,19,Taxi Driver,2013,"Drama,Fantasy,Horror",43.0,3982,8.6
tt0460681,Supernatural,8,tt2699596,20,Pac-Man Fever,2013,"Drama,Fantasy,Horror",43.0,4005,8.4
tt0460681,Supernatural,8,tt2734858,21,The Great Escapist,2013,"Drama,Fantasy,Horror",43,4019,8.5
tt0460681,Supernatural,8,tt2805138,22,Clip Show,2013,"Drama,Fantasy,Horror",43.0,4083,8.5
tt0460681,Supernatural,8,tt2805140,23,Sacrifice,2013,"Drama,Fantasy,Horror",42.0,6270,9.3
tt0460681,Supernatural,9,tt2702688,1,I Think I'm Gonna Like It Here,2013,"Drama,Fantasy,Horror",42.0,5034,8.6
tt0460681,Supernatural,9,tt3025548,2,Devil May Care,2013,"Drama,Fantasy,Horror",41.0,3985,8.2
tt0460681,Supernatural,9,tt3097142,3,I'm No Angel,2013,"Drama,Fantasy,Horror",42.0,4066,8.2
tt0460681,Supernatural,9,tt3098422,4,Slumber Party,2013,"Drama,Fantasy,Horror",42.0,4466,8.0
tt0460681,Supernatural,9,tt3112660,5,Dog Dean Afternoon,2013,"Drama,Fantasy,Horror",41.0,5041,8.6
tt0460681,Supernatural,9,tt3112656,6,Heaven Can't Wait,2013,"Drama,Fantasy,Horror",42.0,3999,8.1
tt0460681,Supernatural,9,tt3141550,7,Bad Boys,2013,"Drama,Fantasy,Horror",42.0,4172,8.2
tt0460681,Supernatural,9,tt3158272,8,Rock and a Hard Place,2013,"Drama,Fantasy,Horror",42,3903,7.8
tt0460681,Supernatural,9,tt3158274,9,Holy Terror,2013,"Drama,Fantasy,Horror",42,4164,8.7
tt0460681,Supernatural,9,tt3158276,10,Road Trip,2014,"Drama,Fantasy,Horror",43,4348,8.9
tt0460681,Supernatural,9,tt3158278,11,First Born,2014,"Drama,Fantasy,Horror",42,4696,9.1
tt0460681,Supernatural,9,tt3158284,12,Sharp Teeth,2014,"Drama,Fantasy,Horror",42,3654,7.4
tt0460681,Supernatural,9,tt3158282,13,The Purge,2014,"Drama,Fantasy,Horror",42,3721,7.6
tt0460681,Supernatural,9,tt3182872,14,Captives,2014,"Drama,Fantasy,Horror",42,3558,8.1
tt0460681,Supernatural,9,tt3182874,15,#thinman,2014,"Drama,Fantasy,Horror",42,3782,7.2
tt0460681,Supernatural,9,tt3182880,16,Blade Runners,2014,"Drama,Fantasy,Horror",42,3611,8.3
tt0460681,Supernatural,9,tt3182878,17,Mother's Little Helper,2014,"Drama,Fantasy,Horror",42,3834,8.4
tt0460681,Supernatural,9,tt3182886,18,Meta Fiction,2014,"Drama,Fantasy,Horror",42,3767,8.2
tt0460681,Supernatural,9,tt3182884,19,Alex Annie Alexis Ann,2014,"Drama,Fantasy,Horror",42,3635,7.5
tt0460681,Supernatural,9,tt3182892,20,Bloodlines,2014,"Drama,Fantasy,Horror",42,6026,5.8
tt0460681,Supernatural,9,tt3182890,21,King of the Damned,2014,"Drama,Fantasy,Horror",42,3899,8.6
tt0460681,Supernatural,9,tt3182896,22,Stairway to Heaven,2014,"Drama,Fantasy,Horror",42,3705,8.4
tt0460681,Supernatural,9,tt3182894,23,Do You Believe in Miracles,2014,"Drama,Fantasy,Horror",42,5746,9.2
tt0460681,Supernatural,10,tt3532628,1,Black,2014,"Drama,Fantasy,Horror",43,4696,8.2
tt0460681,Supernatural,10,tt3831300,2,Reichenbach,2014,"Drama,Fantasy,Horror",43.0,4367,8.5
tt0460681,Supernatural,10,tt3831310,3,Soul Survivor,2014,"Drama,Fantasy,Horror",43.0,4164,8.3
tt0460681,Supernatural,10,tt3845906,4,Paper Moon,2014,"Drama,Fantasy,Horror",41.0,3943,7.1
tt0460681,Supernatural,10,tt3845910,5,Fan Fiction,2014,"Drama,Fantasy,Horror",43.0,9677,9.4
tt0460681,Supernatural,10,tt3860118,6,Ask Jeeves,2014,"Drama,Fantasy,Horror",43.0,3935,7.9
tt0460681,Supernatural,10,tt3860122,7,"Girls, Girls, Girls",2014,"Drama,Fantasy,Horror",42.0,3731,8.2
tt0460681,Supernatural,10,tt3997488,8,Hibbing 911,2014,"Drama,Fantasy,Horror",42,3774,7.8
tt0460681,Supernatural,10,tt3997492,9,The Things We Left Behind,2014,"Drama,Fantasy,Horror",42,3815,8.1
tt0460681,Supernatural,10,tt3997490,10,The Hunter Games,2015,"Drama,Fantasy,Horror",43,3577,7.7
tt0460681,Supernatural,10,tt4274892,11,There's No Place Like Home,2015,"Drama,Fantasy,Horror",43.0,3683,7.8
tt0460681,Supernatural,10,tt4344320,12,About a Boy,2015,"Drama,Fantasy,Horror",41.0,4118,8.5
tt0460681,Supernatural,10,tt4344332,13,Halt & Catch Fire,2015,"Drama,Fantasy,Horror",42.0,3603,7.2
tt0460681,Supernatural,10,tt4292452,14,The Executioner's Song,2015,"Drama,Fantasy,Horror",42.0,4212,8.8
tt0460681,Supernatural,10,tt4333228,15,The Things They Carried,2015,"Drama,Fantasy,Horror",42.0,3414,7.8
tt0460681,Supernatural,10,tt4427940,16,Paint It Black,2015,"Drama,Fantasy,Horror",42.0,3430,7.2
tt0460681,Supernatural,10,tt4443976,17,Inside Man,2015,"Drama,Fantasy,Horror",42.0,3726,8.6
tt0460681,Supernatural,10,tt4489472,18,Book of the Damned,2015,"Drama,Fantasy,Horror",43.0,3818,8.7
tt0460681,Supernatural,10,tt4489474,19,The Werther Project,2015,"Drama,Fantasy,Horror",43.0,3434,8.4
tt0460681,Supernatural,10,tt4489476,20,Angel Heart,2015,"Drama,Fantasy,Horror",42.0,3564,8.2
tt0460681,Supernatural,10,tt4489482,21,Dark Dynasty,2015,"Drama,Fantasy,Horror",42.0,4387,7.5
tt0460681,Supernatural,10,tt4489484,22,The Prisoner,2015,"Drama,Fantasy,Horror",42.0,4345,9.1
tt0460681,Supernatural,10,tt4489486,23,Brother's Keeper,2015,"Drama,Fantasy,Horror",42.0,4830,9.1
tt0460681,Supernatural,11,tt4346788,1,"Out of the Darkness, Into the Fire",2015,"Drama,Fantasy,Horror",43.0,4339,8.5
tt0460681,Supernatural,11,tt4857906,2,Form and Void,2015,"Drama,Fantasy,Horror",43.0,3848,8.6
tt0460681,Supernatural,11,tt4857918,3,The Bad Seed,2015,"Drama,Fantasy,Horror",42.0,3546,8.1
tt0460681,Supernatural,11,tt4995876,4,Baby,2015,"Drama,Fantasy,Horror",41.0,7654,9.4
tt0460681,Supernatural,11,tt5056820,5,Thin Lizzie,2015,"Drama,Fantasy,Horror",42.0,3446,8.2
tt0460681,Supernatural,11,tt5056822,6,Our Little World,2015,"Drama,Fantasy,Horror",42.0,3546,8.4
tt0460681,Supernatural,11,tt5056828,7,Plush,2015,"Drama,Fantasy,Horror",41.0,3425,8.0
tt0460681,Supernatural,11,tt5056832,8,Just My Imagination,2015,"Drama,Fantasy,Horror",42.0,4618,8.8
tt0460681,Supernatural,11,tt5056836,9,"O Brother, Where Art Thou?",2015,"Drama,Fantasy,Horror",42.0,4732,9.2
tt0460681,Supernatural,11,tt5087242,10,The Devil in the Details,2016,"Drama,Fantasy,Horror",42.0,4240,9.0
tt0460681,Supernatural,11,tt5239780,11,Into the Mystic,2016,"Drama,Fantasy,Horror",42.0,3432,8.4
tt0460681,Supernatural,11,tt5265450,12,Don't You Forget About Me,2016,"Drama,Fantasy,Horror",42.0,3517,8.2
tt0460681,Supernatural,11,tt5352054,13,Love Hurts,2016,"Drama,Fantasy,Horror",41.0,3169,7.8
tt0460681,Supernatural,11,tt5390282,14,The Vessel,2016,"Drama,Fantasy,Horror",42.0,3692,8.7
tt0460681,Supernatural,11,tt5432122,15,Beyond the Mat,2016,"Drama,Fantasy,Horror",42.0,3300,7.7
tt0460681,Supernatural,11,tt5432150,16,Safe House,2016,"Drama,Fantasy,Horror",42.0,3767,8.8
tt0460681,Supernatural,11,tt5432156,17,Red Meat,2016,"Drama,Fantasy,Horror",41.0,3562,8.1
tt0460681,Supernatural,11,tt5539106,18,Hell's Angel,2016,"Drama,Fantasy,Horror",42.0,3629,8.8
tt0460681,Supernatural,11,tt5538526,19,The Chitters,2016,"Drama,Fantasy,Horror",41.0,3365,7.5
tt0460681,Supernatural,11,tt5547512,20,Don't Call Me Shurley,2016,"Drama,Fantasy,Horror",42.0,6866,9.4
tt0460681,Supernatural,11,tt5547522,21,All in the Family,2016,"Drama,Fantasy,Horror",41.0,3651,8.8
tt0460681,Supernatural,11,tt5547530,22,We Happy Few,2016,"Drama,Fantasy,Horror",41.0,3676,8.8
tt0460681,Supernatural,11,tt5547538,23,Alpha and Omega,2016,"Drama,Fantasy,Horror",42.0,4023,8.5
tt0460681,Supernatural,12,tt5540416,1,Keep Calm and Carry On,2016,"Drama,Fantasy,Horror",41.0,3897,8.3
tt0460681,Supernatural,12,tt5669110,2,Mamma Mia,2016,"Drama,Fantasy,Horror",42.0,3339,8.1
tt0460681,Supernatural,12,tt5669112,3,The Foundry,2016,"Drama,Fantasy,Horror",42.0,3151,7.8
tt0460681,Supernatural,12,tt5669114,4,American Nightmare,2016,"Drama,Fantasy,Horror",42.0,3207,8.1
tt0460681,Supernatural,12,tt5669118,5,The One You've Been Waiting For,2016,"Drama,Fantasy,Horror",41.0,3529,7.4
tt0460681,Supernatural,12,tt5669116,6,Celebrating the Life of Asa Fox,2016,"Drama,Fantasy,Horror",42.0,3264,8.2
tt0460681,Supernatural,12,tt5669120,7,Rock Never Dies,2016,"Drama,Fantasy,Horror",42.0,3085,7.5
tt0460681,Supernatural,12,tt5669122,8,LOTUS,2016,"Drama,Fantasy,Horror",41.0,3135,8.0
tt0460681,Supernatural,12,tt5669126,9,First Blood,2017,"Drama,Fantasy,Horror",41.0,3271,8.1
tt0460681,Supernatural,12,tt5669124,10,Lily Sunder Has Some Regrets,2017,"Drama,Fantasy,Horror",42.0,3163,8.1
tt0460681,Supernatural,12,tt5669128,11,Regarding Dean,2017,"Drama,Fantasy,Horror",42.0,3945,8.9
tt0460681,Supernatural,12,tt5669130,12,Stuck in the Middle (With You),2017,"Drama,Fantasy,Horror",42.0,4061,8.9
tt0460681,Supernatural,12,tt5669132,13,Family Feud,2017,"Drama,Fantasy,Horror",42.0,2814,7.6
tt0460681,Supernatural,12,tt5669134,14,The Raid,2017,"Drama,Fantasy,Horror",41.0,2863,8.3
tt0460681,Supernatural,12,tt5669138,15,Somewhere Between Heaven and Hell,2017,"Drama,Fantasy,Horror",41.0,2847,8.1
tt0460681,Supernatural,12,tt5669136,16,Ladies Drink Free,2017,"Drama,Fantasy,Horror",42.0,2781,7.8
tt0460681,Supernatural,12,tt5669140,17,The British Invasion,2017,"Drama,Fantasy,Horror",42.0,2732,8.0
tt0460681,Supernatural,12,tt5669142,18,The Memory Remains,2017,"Drama,Fantasy,Horror",42.0,2672,7.7
tt0460681,Supernatural,12,tt5669144,19,The Future,2017,"Drama,Fantasy,Horror",42.0,2804,8.2
tt0460681,Supernatural,12,tt5669146,20,Twigs & Twine & Tasha Banes,2017,"Drama,Fantasy,Horror",42.0,2681,7.9
tt0460681,Supernatural,12,tt5669148,21,There's Something About Mary,2017,"Drama,Fantasy,Horror",42.0,3277,7.2
tt0460681,Supernatural,12,tt5669150,22,Who We Are,2017,"Drama,Fantasy,Horror",42.0,3302,8.8
tt0460681,Supernatural,12,tt5669152,23,All Along the Watchtower,2017,"Drama,Fantasy,Horror",42.0,3767,8.8
tt0460681,Supernatural,13,tt6403432,1,Lost and Found,2017,"Drama,Fantasy,Horror",41.0,3885,8.7
tt0460681,Supernatural,13,tt6746126,2,The Rising Son,2017,"Drama,Fantasy,Horror",42.0,3273,8.4
tt0460681,Supernatural,13,tt6746128,3,Patience,2017,"Drama,Fantasy,Horror",42.0,3188,7.9
tt0460681,Supernatural,13,tt6746132,4,The Big Empty,2017,"Drama,Fantasy,Horror",42.0,3177,8.4
tt0460681,Supernatural,13,tt6746134,5,Advanced Thanatology,2017,"Drama,Fantasy,Horror",41.0,3377,8.6
tt0460681,Supernatural,13,tt6746140,6,Tombstone,2017,"Drama,Fantasy,Horror",41.0,3344,8.1
tt0460681,Supernatural,13,tt6746146,7,War of the Worlds,2017,"Drama,Fantasy,Horror",42.0,3019,8.3
tt0460681,Supernatural,13,tt6746148,8,The Scorpion and the Frog,2017,"Drama,Fantasy,Horror",41.0,2993,8.1
tt0460681,Supernatural,13,tt6746160,9,The Bad Place,2017,"Drama,Fantasy,Horror",41.0,3606,8.7
tt0460681,Supernatural,13,tt6746156,10,Wayward Sisters,2018,"Drama,Fantasy,Horror",42.0,5321,8.1
tt0460681,Supernatural,13,tt6746164,11,Breakdown,2018,"Drama,Fantasy,Horror",41.0,3005,8.1
tt0460681,Supernatural,13,tt6746170,12,Various & Sundry Villains,2018,"Drama,Fantasy,Horror",42.0,2921,8.1
tt0460681,Supernatural,13,tt6746168,13,Devil's Bargain,2018,"Drama,Fantasy,Horror",41.0,2927,8.2
tt0460681,Supernatural,13,tt6746174,14,Good Intentions,2018,"Drama,Fantasy,Horror",42.0,2755,8.2
tt0460681,Supernatural,13,tt6746182,15,A Most Holy Man,2018,"Drama,Fantasy,Horror",42.0,3017,7.8
tt0460681,Supernatural,13,tt6746190,16,ScoobyNatural,2018,"Drama,Fantasy,Horror",42.0,9267,9.5
tt0460681,Supernatural,13,tt6746194,17,The Thing,2018,"Drama,Fantasy,Horror",42.0,2740,8.2
tt0460681,Supernatural,13,tt6746200,18,Bring 'em Back Alive,2018,"Drama,Fantasy,Horror",42.0,2835,8.5
tt0460681,Supernatural,13,tt6746208,19,Funeralia,2018,"Drama,Fantasy,Horror",42.0,2659,8.1
tt0460681,Supernatural,13,tt6746210,20,Unfinished Business,2018,"Drama,Fantasy,Horror",42.0,2691,8.0
tt0460681,Supernatural,13,tt6746216,21,Beat the Devil,2018,"Drama,Fantasy,Horror",42.0,3109,8.9
tt0460681,Supernatural,13,tt6746226,22,Exodus,2018,"Drama,Fantasy,Horror",41.0,2705,8.3
tt0460681,Supernatural,13,tt6746224,23,Let the Good Times Roll,2018,"Drama,Fantasy,Horror",42.0,3348,8.5
tt0460681,Supernatural,14,tt8226756,1,Stranger in a Strange Land,2018,"Drama,Fantasy,Horror",41.0,3109,7.7
tt0460681,Supernatural,14,tt8408494,2,Gods and Monsters,2018,"Drama,Fantasy,Horror",41.0,2716,7.8
tt0460681,Supernatural,14,tt8408498,3,The Scar,2018,"Drama,Fantasy,Horror",42.0,2688,7.7
tt0460681,Supernatural,14,tt8408504,4,Mint Condition,2018,"Drama,Fantasy,Horror",41.0,3089,8.5
tt0460681,Supernatural,14,tt8408508,5,Nightmare Logic,2018,"Drama,Fantasy,Horror",42.0,2537,7.7
tt0460681,Supernatural,14,tt8408506,6,Optimism,2018,"Drama,Fantasy,Horror",41.0,2635,7.9
tt0460681,Supernatural,14,tt8408502,7,Unhuman Nature,2018,"Drama,Fantasy,Horror",41.0,2580,8.1
tt0460681,Supernatural,14,tt8408500,8,Byzantium,2018,"Drama,Fantasy,Horror",42.0,2744,8.4
tt0460681,Supernatural,14,tt8408512,9,The Spear,2018,"Drama,Fantasy,Horror",41.0,2595,8.1
tt0460681,Supernatural,14,tt8408510,10,Nihilism,2019,"Drama,Fantasy,Horror",42.0,2813,8.6
tt0460681,Supernatural,14,tt8962434,11,Damaged Goods,2019,"Drama,Fantasy,Horror",42.0,2488,8.1
tt0460681,Supernatural,14,tt8962440,12,Prophet and Loss,2019,"Drama,Fantasy,Horror",42.0,2639,8.1
tt0460681,Supernatural,14,tt8962446,13,Lebanon,2019,"Drama,Fantasy,Horror",42.0,4772,9.3
tt0460681,Supernatural,14,tt9271138,14,Ouroboros,2019,"Drama,Fantasy,Horror",42.0,2713,8.5
tt0460681,Supernatural,14,tt9271140,15,Peace of Mind,2019,"Drama,Fantasy,Horror",42.0,2629,8.3
tt0460681,Supernatural,14,tt9271142,16,Don't Go in the Woods,2019,"Drama,Fantasy,Horror",41.0,2402,7.7
tt0460681,Supernatural,14,tt9271146,17,Game Night,2019,"Drama,Fantasy,Horror",42.0,2457,7.7
tt0460681,Supernatural,14,tt9271148,18,Absence,2019,"Drama,Fantasy,Horror",42.0,2476,7.7
tt0460681,Supernatural,14,tt9271150,19,Jack in the Box,2019,"Drama,Fantasy,Horror",42.0,2442,8.0
tt0460681,Supernatural,14,tt9271152,20,Moriah,2019,"Drama,Fantasy,Horror",41.0,4246,9.2
tt0460681,Supernatural,15,tt9695548,1,Back and to the Future,2019,"Drama,Fantasy,Horror",41,4181,8.0
tt0460681,Supernatural,15,tt10067710,2,Raising Hell,2019,"Drama,Fantasy,Horror",42.0,3783,7.3
tt0460681,Supernatural,15,tt10250608,3,The Rupture,2019,"Drama,Fantasy,Horror",41,4304,8.3
tt0460681,Supernatural,15,tt10067734,4,Atomic Monsters,2019,"Drama,Fantasy,Horror",42.0,3102,8.1
tt0460681,Supernatural,15,tt10067742,5,Proverbs 17:3,2019,"Drama,Fantasy,Horror",42.0,3038,8.4
tt0460681,Supernatural,15,tt10067744,6,Golden Time,2019,"Drama,Fantasy,Horror",42.0,3508,7.8
tt0460681,Supernatural,15,tt10085356,7,Last Call,2019,"Drama,Fantasy,Horror",41.0,3747,7.9
tt0460681,Supernatural,15,tt10717880,8,"Our Father, Who Aren't in Heaven",2019,"Drama,Fantasy,Horror",42.0,3627,8.4
tt0460681,Supernatural,15,tt10717886,9,The Trap,2020,"Drama,Fantasy,Horror",42.0,4170,8.1
tt0460681,Supernatural,15,tt10717892,10,The Heroes' Journey,2020,"Drama,Fantasy,Horror",42.0,3138,8.0
tt0460681,Supernatural,15,tt10717964,11,The Gamblers,2020,"Drama,Fantasy,Horror",42.0,3846,8.2
tt0460681,Supernatural,15,tt10717906,12,Galaxy Brain,2020,"Drama,Fantasy,Horror",42.0,3281,7.3
tt0460681,Supernatural,15,tt10717912,13,Destiny's Child,2020,"Drama,Fantasy,Horror",42.0,3523,8.2
tt0460681,Supernatural,15,tt10717914,14,Last Holiday,2020,"Drama,Fantasy,Horror",40.0,3706,8.5
tt0460681,Supernatural,15,tt10717918,15,Gimme Shelter,2020,"Drama,Fantasy,Horror",41.0,3374,7.5
tt0460681,Supernatural,15,tt10717922,16,Drag Me Away (From You),2020,"Drama,Fantasy,Horror",42.0,2760,7.2
tt0460681,Supernatural,15,tt10717928,17,Unity,2020,"Drama,Fantasy,Horror",42.0,4768,8.2
tt0460681,Supernatural,15,tt10717930,18,Despair,2020,"Drama,Fantasy,Horror",41.0,8396,8.4
tt0460681,Supernatural,15,tt10717932,19,Inherit the Earth,2020,"Drama,Fantasy,Horror",42.0,8240,8.5
tt0460681,Supernatural,15,tt10073984,20,Carry On,2020,"Drama,Fantasy,Horror",42.0,24055,6.9
tt10986410,Ted Lasso,1,tt10989880,1,Pilot,2020,"Comedy,Drama,Sport",31.0,9539,7.8
tt10986410,Ted Lasso,1,tt10989890,2,Biscuits,2020,"Comedy,Drama,Sport",30.0,8548,8.1
tt10986410,Ted Lasso,1,tt10989892,3,Trent Crimm: The Independent,2020,"Comedy,Drama,Sport",31.0,8598,8.5
tt10986410,Ted Lasso,1,tt11044158,4,For the Children,2020,"Comedy,Drama,Sport",34.0,8275,8.2
tt10986410,Ted Lasso,1,tt11044160,5,Tan Lines,2020,"Comedy,Drama,Sport",31.0,8724,8.9
tt10986410,Ted Lasso,1,tt11046490,6,Two Aces,2020,"Comedy,Drama,Sport",32.0,7913,8.5
tt10986410,Ted Lasso,1,tt11156378,7,Make Rebecca Great Again,2020,"Comedy,Drama,Sport",32.0,9168,9.0
tt10986410,Ted Lasso,1,tt11193418,8,The Diamond Dogs,2020,"Comedy,Drama,Sport",30.0,8026,8.7
tt10986410,Ted Lasso,1,tt11193420,9,All Apologies,2020,"Comedy,Drama,Sport",31.0,7471,8.6
tt10986410,Ted Lasso,1,tt11193428,10,The Hope That Kills You,2020,"Comedy,Drama,Sport",34.0,9138,9.1
tt10986410,Ted Lasso,2,tt12926006,1,Goodbye Earl,2021,"Comedy,Drama,Sport",34.0,7720,7.6
tt10986410,Ted Lasso,2,tt14968630,2,Lavender,2021,"Comedy,Drama,Sport",33.0,7068,8.0
tt10986410,Ted Lasso,2,tt14968636,3,Do the Right-est Thing,2021,"Comedy,Drama,Sport",36.0,7794,8.4
tt10986410,Ted Lasso,2,tt14968638,4,Carol of the Bells,2021,"Comedy,Drama,Sport",30.0,9588,8.6
tt10986410,Ted Lasso,2,tt14968642,5,Rainbow,2021,"Comedy,Drama,Sport",38.0,8622,8.9
tt10986410,Ted Lasso,2,tt14968644,6,The Signal,2021,"Comedy,Drama,Sport",35.0,7075,8.6
tt10986410,Ted Lasso,2,tt14968648,7,Headspace,2021,"Comedy,Drama,Sport",35.0,6698,7.7
tt10986410,Ted Lasso,2,tt14968654,8,Man City,2021,"Comedy,Drama,Sport",45.0,9146,9.0
tt10986410,Ted Lasso,2,tt14968652,9,Beard After Hours,2021,"Comedy,Drama,Sport",43.0,15644,6.9
tt10986410,Ted Lasso,2,tt14968656,10,No Weddings and a Funeral,2021,"Comedy,Drama,Sport",46.0,8418,8.5
tt10986410,Ted Lasso,2,tt14968660,11,Midnight Train to Royston,2021,"Comedy,Drama,Sport",42.0,6561,8.2
tt10986410,Ted Lasso,2,tt14968664,12,Inverting the Pyramid of Success,2021,"Comedy,Drama,Sport",49.0,7632,8.8
tt10986410,Ted Lasso,3,tt13362962,1,Smells Like Mean Spirit,2023,"Comedy,Drama,Sport",43.0,7146,7.7
tt10986410,Ted Lasso,3,tt19655878,2,(I Don't Want to Go to) Chelsea,2023,"Comedy,Drama,Sport",47.0,6658,8.2
tt10986410,Ted Lasso,3,tt19655880,3,4-5-1,2023,"Comedy,Drama,Sport",47.0,6560,7.8
tt10986410,Ted Lasso,3,tt19655944,4,Big Week,2023,"Comedy,Drama,Sport",49.0,6132,8.1
tt10986410,Ted Lasso,3,tt19655882,5,Signs,2023,"Comedy,Drama,Sport",49.0,6659,7.2
tt10986410,Ted Lasso,3,tt19655884,6,Sunflowers,2023,"Comedy,Drama,Sport",63.0,12178,8.9
tt10986410,Ted Lasso,3,tt19712480,7,The Strings That Bind Us,2023,"Comedy,Drama,Sport",57.0,7780,8.3
tt10986410,Ted Lasso,3,tt19712482,8,We'll Never Have Paris,2023,"Comedy,Drama,Sport",54.0,7590,6.7
tt10986410,Ted Lasso,3,tt19712484,9,La Locker Room Aux Folles,2023,"Comedy,Drama,Sport",44.0,7640,8.4
tt10986410,Ted Lasso,3,tt19712486,10,International Break,2023,"Comedy,Drama,Sport",63.0,7440,8.5
tt10986410,Ted Lasso,3,tt23743566,11,Mom City,2023,"Comedy,Drama,Sport",70.0,11010,9.3
tt10986410,Ted Lasso,3,tt23743570,12,"So Long, Farewell",2023,"Comedy,Drama,Sport",75.0,13562,9.4
tt2661044,The 100,1,tt2912494,1,Pilot,2014,"Action,Drama,Sci-Fi",42,7091,7.3
tt2661044,The 100,1,tt3143980,2,Earth Skills,2014,"Action,Drama,Sci-Fi",45.0,5742,7.3
tt2661044,The 100,1,tt3143986,3,Earth Kills,2014,"Action,Drama,Sci-Fi",43.0,5453,7.7
tt2661044,The 100,1,tt3204812,4,Murphy's Law,2014,"Action,Drama,Sci-Fi",40,5226,7.7
tt2661044,The 100,1,tt3231760,5,Twilight's Last Gleaming,2014,"Action,Drama,Sci-Fi",42,5114,8.0
tt2661044,The 100,1,tt3281866,6,His Sister's Keeper,2014,"Action,Drama,Sci-Fi",42,4959,7.8
tt2661044,The 100,1,tt3364956,7,Contents Under Pressure,2014,"Action,Drama,Sci-Fi",41.0,4878,8.0
tt2661044,The 100,1,tt3361356,8,Day Trip,2014,"Action,Drama,Sci-Fi",43.0,4898,7.7
tt2661044,The 100,1,tt3414460,9,Unity Day,2014,"Action,Drama,Sci-Fi",41.0,4786,8.1
tt2661044,The 100,1,tt3395540,10,I Am Become Death,2014,"Action,Drama,Sci-Fi",43.0,4767,8.1
tt2661044,The 100,1,tt3403820,11,The Calm,2014,"Action,Drama,Sci-Fi",43.0,4632,7.8
tt2661044,The 100,1,tt3460414,12,We Are Grounders: Part 1,2014,"Action,Drama,Sci-Fi",43.0,4851,8.3
tt2661044,The 100,1,tt3546818,13,We Are Grounders: Part 2,2014,"Action,Drama,Sci-Fi",42,5696,8.8
tt2661044,The 100,2,tt3721014,1,The 48,2014,"Action,Drama,Sci-Fi",43.0,4890,8.2
tt2661044,The 100,2,tt3908490,2,Inclement Weather,2014,"Action,Drama,Sci-Fi",43,4535,8.1
tt2661044,The 100,2,tt3960198,3,Reapercussions,2014,"Action,Drama,Sci-Fi",43,4393,8.1
tt2661044,The 100,2,tt3967166,4,Many Happy Returns,2014,"Action,Drama,Sci-Fi",41,4412,8.1
tt2661044,The 100,2,tt3967172,5,Human Trials,2014,"Action,Drama,Sci-Fi",43,4650,8.3
tt2661044,The 100,2,tt3970230,6,Fog of War,2014,"Action,Drama,Sci-Fi",43,4446,8.2
tt2661044,The 100,2,tt3970232,7,Long Into an Abyss,2014,"Action,Drama,Sci-Fi",43,4571,8.4
tt2661044,The 100,2,tt3970236,8,Spacewalker,2014,"Action,Drama,Sci-Fi",43,5581,8.8
tt2661044,The 100,2,tt3970238,9,Remember Me,2015,"Action,Drama,Sci-Fi",43,4371,8.1
tt2661044,The 100,2,tt3986334,10,Survival of the Fittest,2015,"Action,Drama,Sci-Fi",41,4336,8.1
tt2661044,The 100,2,tt3986336,11,Coup de Grâce,2015,"Action,Drama,Sci-Fi",41,4595,8.6
tt2661044,The 100,2,tt3986340,12,Rubicon,2015,"Action,Drama,Sci-Fi",43,4451,8.4
tt2661044,The 100,2,tt3986342,13,Resurrection,2015,"Action,Drama,Sci-Fi",41,4524,8.5
tt2661044,The 100,2,tt3986348,14,Bodyguard of Lies,2015,"Action,Drama,Sci-Fi",43,5224,8.7
tt2661044,The 100,2,tt3986344,15,Blood Must Have Blood: Part 1,2015,"Action,Drama,Sci-Fi",43,5160,8.7
tt2661044,The 100,2,tt3986350,16,Blood Must Have Blood: Part 2,2015,"Action,Drama,Sci-Fi",42,7079,9.2
tt2661044,The 100,3,tt4346790,1,Wanheda: Part 1,2016,"Action,Drama,Sci-Fi",42.0,5759,7.8
tt2661044,The 100,3,tt4731490,2,Wanheda: Part 2,2016,"Action,Drama,Sci-Fi",42.0,5326,8.1
tt2661044,The 100,3,tt4731494,3,Ye Who Enter Here,2016,"Action,Drama,Sci-Fi",42.0,6212,8.6
tt2661044,The 100,3,tt4731492,4,Watch the Thrones,2016,"Action,Drama,Sci-Fi",42.0,5772,8.4
tt2661044,The 100,3,tt4731496,5,Hakeldama,2016,"Action,Drama,Sci-Fi",42.0,5154,7.8
tt2661044,The 100,3,tt4731498,6,Bitter Harvest,2016,"Action,Drama,Sci-Fi",42.0,5355,8.0
tt2661044,The 100,3,tt4731502,7,Thirteen,2016,"Action,Drama,Sci-Fi",42.0,12906,6.9
tt2661044,The 100,3,tt4799894,8,Terms and Conditions,2016,"Action,Drama,Sci-Fi",41.0,9452,6.9
tt2661044,The 100,3,tt4799896,9,Stealing Fire,2016,"Action,Drama,Sci-Fi",42.0,8861,7.1
tt2661044,The 100,3,tt4799898,10,Fallen,2016,"Action,Drama,Sci-Fi",40.0,8432,7.2
tt2661044,The 100,3,tt4799902,11,Nevermore,2016,"Action,Drama,Sci-Fi",42.0,8888,7.6
tt2661044,The 100,3,tt4799900,12,Demons,2016,"Action,Drama,Sci-Fi",42.0,7203,7.2
tt2661044,The 100,3,tt4799908,13,Join or Die,2016,"Action,Drama,Sci-Fi",42.0,6872,7.5
tt2661044,The 100,3,tt5242868,14,Red Sky at Morning,2016,"Action,Drama,Sci-Fi",41.0,6517,7.5
tt2661044,The 100,3,tt5073498,15,Perverse Instantiation: Part One,2016,"Action,Drama,Sci-Fi",41.0,6779,7.7
tt2661044,The 100,3,tt5289986,16,Perverse Instantiation: Part Two,2016,"Action,Drama,Sci-Fi",42.0,6309,7.9
tt2661044,The 100,4,tt5540928,1,Echoes,2017,"Action,Drama,Sci-Fi",31.0,4241,7.6
tt2661044,The 100,4,tt5904036,2,Heavy Lies the Crown,2017,"Action,Drama,Sci-Fi",42.0,3522,7.6
tt2661044,The 100,4,tt6009796,3,The Four Horsemen,2017,"Action,Drama,Sci-Fi",41.0,3680,7.9
tt2661044,The 100,4,tt6031686,4,A Lie Guarded,2017,"Action,Drama,Sci-Fi",42.0,3253,7.9
tt2661044,The 100,4,tt6035900,5,The Tinder Box,2017,"Action,Drama,Sci-Fi",40.0,3095,8.1
tt2661044,The 100,4,tt6075396,6,We Will Rise,2017,"Action,Drama,Sci-Fi",42.0,2826,7.7
tt2661044,The 100,4,tt6114888,7,Gimme Shelter,2017,"Action,Drama,Sci-Fi",42.0,2786,7.7
tt2661044,The 100,4,tt6134090,8,God Complex,2017,"Action,Drama,Sci-Fi",42.0,2770,7.9
tt2661044,The 100,4,tt6181020,9,DNR,2017,"Action,Drama,Sci-Fi",42.0,2683,7.9
tt2661044,The 100,4,tt6681358,10,"Die All, Die Merrily",2017,"Action,Drama,Sci-Fi",42.0,4139,9.1
tt2661044,The 100,4,tt6181030,11,The Other Side,2017,"Action,Drama,Sci-Fi",42.0,2823,8.1
tt2661044,The 100,4,tt6181034,12,The Chosen,2017,"Action,Drama,Sci-Fi",42.0,3121,8.6
tt2661044,The 100,4,tt6181036,13,Praimfaya,2017,"Action,Drama,Sci-Fi",41.0,4662,9.1
tt2661044,The 100,5,tt6633090,1,Eden,2018,"Action,Drama,Sci-Fi",42.0,4033,8.5
tt2661044,The 100,5,tt7164068,2,Red Queen,2018,"Action,Drama,Sci-Fi",42.0,3491,8.6
tt2661044,The 100,5,tt7164070,3,Sleeping Giants,2018,"Action,Drama,Sci-Fi",42.0,3518,8.8
tt2661044,The 100,5,tt7214516,4,Pandora's Box,2018,"Action,Drama,Sci-Fi",42.0,2970,8.4
tt2661044,The 100,5,tt7228342,5,Shifting Sands,2018,"Action,Drama,Sci-Fi",42.0,2698,8.1
tt2661044,The 100,5,tt7228346,6,Exit Wounds,2018,"Action,Drama,Sci-Fi",42.0,2549,8.0
tt2661044,The 100,5,tt7228352,7,Acceptable Losses,2018,"Action,Drama,Sci-Fi",42.0,2444,8.0
tt2661044,The 100,5,tt7228358,8,How We Get to Peace,2018,"Action,Drama,Sci-Fi",42.0,2513,8.3
tt2661044,The 100,5,tt7228356,9,Sic Semper Tyrannis,2018,"Action,Drama,Sci-Fi",42.0,2515,8.4
tt2661044,The 100,5,tt7228362,10,The Warriors Will,2018,"Action,Drama,Sci-Fi",42.0,2397,8.0
tt2661044,The 100,5,tt7228364,11,The Dark Year,2018,"Action,Drama,Sci-Fi",42.0,2496,8.2
tt2661044,The 100,5,tt7228370,12,Damocles: Part One,2018,"Action,Drama,Sci-Fi",42.0,2988,8.7
tt2661044,The 100,5,tt7228366,13,Damocles: Part Two,2018,"Action,Drama,Sci-Fi",42.0,6426,9.5
tt2661044,The 100,6,tt8422676,1,Sanctum,2019,"Action,Drama,Sci-Fi",42.0,3738,8.3
tt2661044,The 100,6,tt8883538,2,Red Sun Rising,2019,"Action,Drama,Sci-Fi",42.0,3138,8.3
tt2661044,The 100,6,tt9275110,3,The Children of Gabriel,2019,"Action,Drama,Sci-Fi",42.0,2936,8.1
tt2661044,The 100,6,tt9297040,4,The Face Behind the Glass,2019,"Action,Drama,Sci-Fi",42.0,2966,8.3
tt2661044,The 100,6,tt9317300,5,The Gospel of Josephine,2019,"Action,Drama,Sci-Fi",40.0,2927,8.5
tt2661044,The 100,6,tt9330104,6,Memento Mori,2019,"Action,Drama,Sci-Fi",42.0,2509,8.0
tt2661044,The 100,6,tt9243844,7,Nevermind,2019,"Action,Drama,Sci-Fi",42.0,2778,8.2
tt2661044,The 100,6,tt9348158,8,The Old Man and the Anomaly,2019,"Action,Drama,Sci-Fi",41.0,2337,8.0
tt2661044,The 100,6,tt9348162,9,What You Take with You,2019,"Action,Drama,Sci-Fi",42.0,2345,8.1
tt2661044,The 100,6,tt9348164,10,Matryoshka,2019,"Action,Drama,Sci-Fi",42.0,2405,8.2
tt2661044,The 100,6,tt9348166,11,Ashes to Ashes,2019,"Action,Drama,Sci-Fi",42.0,2140,8.1
tt2661044,The 100,6,tt9348168,12,Adjustment Protocol,2019,"Action,Drama,Sci-Fi",42.0,2323,8.5
tt2661044,The 100,6,tt9348172,13,The Blood of Sanctum,2019,"Action,Drama,Sci-Fi",42.0,2394,8.0
tt2661044,The 100,7,tt10233864,1,From the Ashes,2020,"Action,Drama,Sci-Fi",41,2888,7.6
tt2661044,The 100,7,tt10441290,2,The Garden,2020,"Action,Drama,Sci-Fi",42.0,2619,8.0
tt2661044,The 100,7,tt10449344,3,False Gods,2020,"Action,Drama,Sci-Fi",42.0,2324,7.3
tt2661044,The 100,7,tt10457864,4,Hesperides,2020,"Action,Drama,Sci-Fi",42.0,2286,7.8
tt2661044,The 100,7,tt10772106,5,Welcome to Bardo,2020,"Action,Drama,Sci-Fi",42.0,2559,8.3
tt2661044,The 100,7,tt10772114,6,Nakara,2020,"Action,Drama,Sci-Fi",42.0,2170,7.5
tt2661044,The 100,7,tt10772116,7,The Queen's Gambit,2020,"Action,Drama,Sci-Fi",41.0,2169,7.5
tt2661044,The 100,7,tt10772120,8,Anaconda,2020,"Action,Drama,Sci-Fi",41.0,4043,9.0
tt2661044,The 100,7,tt10772126,9,The Flock,2020,"Action,Drama,Sci-Fi",41.0,2118,7.7
tt2661044,The 100,7,tt10772130,10,A Little Sacrifice,2020,"Action,Drama,Sci-Fi",42.0,2158,8.0
tt2661044,The 100,7,tt10772136,11,Etherea,2020,"Action,Drama,Sci-Fi",42.0,2247,7.5
tt2661044,The 100,7,tt10772140,12,The Stranger,2020,"Action,Drama,Sci-Fi",42.0,2042,7.6
tt2661044,The 100,7,tt10772142,13,Blood Giant,2020,"Action,Drama,Sci-Fi",41.0,5217,4.8
tt2661044,The 100,7,tt10772148,14,A Sort of Homecoming,2020,"Action,Drama,Sci-Fi",42.0,2836,6.1
tt2661044,The 100,7,tt10772150,15,The Dying of the Light,2020,"Action,Drama,Sci-Fi",42.0,2513,6.4
tt2661044,The 100,7,tt10772152,16,The Last War,2020,"Action,Drama,Sci-Fi",43.0,4327,6.7
tt14452776,The Bear,1,tt15472204,1,System,2022,"Comedy,Drama",28.0,9473,7.6
tt14452776,The Bear,1,tt16953538,2,Hands,2022,"Comedy,Drama",32.0,8252,7.7
tt14452776,The Bear,1,tt18233692,3,Brigade,2022,"Comedy,Drama",30.0,7758,7.7
tt14452776,The Bear,1,tt18233698,4,Dogs,2022,"Comedy,Drama",31.0,7816,8.1
tt14452776,The Bear,1,tt18233702,5,Sheridan,2022,"Comedy,Drama",25.0,7239,7.7
tt14452776,The Bear,1,tt18233706,6,Ceres,2022,"Comedy,Drama",30.0,7291,8.0
tt14452776,The Bear,1,tt18233708,7,Review,2022,"Comedy,Drama",20.0,15017,9.5
tt14452776,The Bear,1,tt18233714,8,Braciole,2022,"Comedy,Drama",48.0,10344,9.2
tt14452776,The Bear,2,tt21281442,1,Beef,2023,"Comedy,Drama",29.0,7247,7.9
tt14452776,The Bear,2,tt26230348,2,Pasta,2023,"Comedy,Drama",30.0,6926,7.9
tt14452776,The Bear,2,tt26230374,3,Sundae,2023,"Comedy,Drama",26.0,6929,7.8
tt14452776,The Bear,2,tt26230376,4,Honeydew,2023,"Comedy,Drama",29.0,9429,8.7
tt14452776,The Bear,2,tt26230380,5,Pop,2023,"Comedy,Drama",33.0,6976,8.0
tt14452776,The Bear,2,tt26230386,6,Fishes,2023,"Comedy,Drama",66.0,23594,9.6
tt14452776,The Bear,2,tt26230388,7,Forks,2023,"Comedy,Drama",35.0,19706,9.7
tt14452776,The Bear,2,tt26230390,8,Bolognese,2023,"Comedy,Drama",32.0,7215,8.7
tt14452776,The Bear,2,tt26230394,9,Omelette,2023,"Comedy,Drama",38.0,7098,8.8
tt14452776,The Bear,2,tt26230396,10,The Bear,2023,"Comedy,Drama",40.0,11689,9.4
tt14452776,The Bear,3,tt29808372,1,Tomorrow,2024,"Comedy,Drama",37.0,9883,8.4
tt14452776,The Bear,3,tt32330860,2,Next,2024,"Comedy,Drama",28,6083,8.2
tt14452776,The Bear,3,tt32330862,3,Doors,2024,"Comedy,Drama",30,5921,8.5
tt14452776,The Bear,3,tt32330865,4,Violet,2024,"Comedy,Drama",34,4905,7.5
tt14452776,The Bear,3,tt32330880,5,Children,2024,"Comedy,Drama",35,4908,7.5
tt14452776,The Bear,3,tt32330878,6,Napkins,2024,"Comedy,Drama",34,8204,9.1
tt14452776,The Bear,3,tt32330876,7,Legacy,2024,"Comedy,Drama",29,4575,7.3
tt14452776,The Bear,3,tt32330869,8,Ice Chips,2024,"Comedy,Drama",40,6975,8.2
tt14452776,The Bear,3,tt32330868,9,Apologies,2024,"Comedy,Drama",44,4187,7.4
tt14452776,The Bear,3,tt32330866,10,Forever,2024,"Comedy,Drama",43,5101,8.0
tt0898266,The Big Bang Theory,1,tt0775431,1,Pilot,2007,"Comedy,Romance",23.0,7671,8.1
tt0898266,The Big Bang Theory,1,tt1091289,2,The Big Bran Hypothesis,2007,"Comedy,Romance",21,6182,8.2
tt0898266,The Big Bang Theory,1,tt1091290,3,The Fuzzy Boots Corollary,2007,"Comedy,Romance",22,5541,7.6
tt0898266,The Big Bang Theory,1,tt1091291,4,The Luminous Fish Effect,2007,"Comedy,Romance",21,5593,8.0
tt0898266,The Big Bang Theory,1,tt1091292,5,The Hamburger Postulate,2007,"Comedy,Romance",21,5322,7.8
tt0898266,The Big Bang Theory,1,tt1091293,6,The Middle Earth Paradigm,2007,"Comedy,Romance",21,5538,8.3
tt0898266,The Big Bang Theory,1,tt1136041,7,The Dumpling Paradox,2007,"Comedy,Romance",21.0,5234,8.1
tt0898266,The Big Bang Theory,1,tt1127389,8,The Grasshopper Experiment,2007,"Comedy,Romance",21.0,5262,8.1
tt0898266,The Big Bang Theory,1,tt1127390,9,The Cooper-Hofstadter Polarization,2008,"Comedy,Romance",20.0,5073,7.9
tt0898266,The Big Bang Theory,1,tt1127384,10,The Loobenfeld Decay,2008,"Comedy,Romance",21.0,5187,8.0
tt0898266,The Big Bang Theory,1,tt1127385,11,The Pancake Batter Anomaly,2008,"Comedy,Romance",22.0,5169,8.2
tt0898266,The Big Bang Theory,1,tt1127386,12,The Jerusalem Duality,2008,"Comedy,Romance",20.0,4901,7.8
tt0898266,The Big Bang Theory,1,tt1127387,13,The Bat Jar Conjecture,2008,"Comedy,Romance",22.0,5053,8.2
tt0898266,The Big Bang Theory,1,tt1127905,14,The Nerdvana Annihilation,2008,"Comedy,Romance",20.0,4958,8.0
tt0898266,The Big Bang Theory,1,tt1127906,15,The Pork Chop Indeterminacy,2008,"Comedy,Romance",22.0,5203,8.2
tt0898266,The Big Bang Theory,1,tt1127907,16,The Peanut Reaction,2008,"Comedy,Romance",20.0,4887,8.3
tt0898266,The Big Bang Theory,1,tt1127908,17,The Tangerine Factor,2008,"Comedy,Romance",20.0,5121,8.5
tt0898266,The Big Bang Theory,2,tt1256599,1,The Bad Fish Paradigm,2008,"Comedy,Romance",22.0,4987,8.2
tt0898266,The Big Bang Theory,2,tt1256030,2,The Codpiece Topology,2008,"Comedy,Romance",21.0,4617,8.0
tt0898266,The Big Bang Theory,2,tt1256034,3,The Barbarian Sublimation,2008,"Comedy,Romance",21.0,5374,8.7
tt0898266,The Big Bang Theory,2,tt1256035,4,The Griffin Equivalency,2008,"Comedy,Romance",21.0,4661,7.9
tt0898266,The Big Bang Theory,2,tt1256036,5,The Euclid Alternative,2008,"Comedy,Romance",20.0,4777,8.3
tt0898266,The Big Bang Theory,2,tt1256037,6,The Cooper-Nowitzki Theorem,2008,"Comedy,Romance",21.0,4799,8.2
tt0898266,The Big Bang Theory,2,tt1256038,7,The Panty Piñata Polarization,2008,"Comedy,Romance",21.0,5071,8.6
tt0898266,The Big Bang Theory,2,tt1256039,8,The Lizard-Spock Expansion,2008,"Comedy,Romance",20.0,4571,8.0
tt0898266,The Big Bang Theory,2,tt1256040,9,The White Asparagus Triangulation,2008,"Comedy,Romance",21.0,4526,8.1
tt0898266,The Big Bang Theory,2,tt1256020,10,The Vartabedian Conundrum,2008,"Comedy,Romance",21.0,4439,7.6
tt0898266,The Big Bang Theory,2,tt1256021,11,The Bath Item Gift Hypothesis,2008,"Comedy,Romance",21.0,7418,9.1
tt0898266,The Big Bang Theory,2,tt1256022,12,The Killer Robot Instability,2009,"Comedy,Romance",21.0,4475,7.8
tt0898266,The Big Bang Theory,2,tt1256023,13,The Friendship Algorithm,2009,"Comedy,Romance",21.0,4444,7.9
tt0898266,The Big Bang Theory,2,tt1256024,14,The Financial Permeability,2009,"Comedy,Romance",21.0,4402,8.0
tt0898266,The Big Bang Theory,2,tt1256025,15,The Maternal Capacitance,2009,"Comedy,Romance",21.0,5300,8.8
tt0898266,The Big Bang Theory,2,tt1256026,16,The Cushion Saturation,2009,"Comedy,Romance",21.0,4420,8.1
tt0898266,The Big Bang Theory,2,tt1256027,17,The Terminator Decoupling,2009,"Comedy,Romance",21.0,4774,8.0
tt0898266,The Big Bang Theory,2,tt1256028,18,The Work Song Nanocluster,2009,"Comedy,Romance",20.0,4443,8.1
tt0898266,The Big Bang Theory,2,tt1256029,19,The Dead Hooker Juxtaposition,2009,"Comedy,Romance",21.0,4481,8.1
tt0898266,The Big Bang Theory,2,tt1256031,20,The Hofstadter Isotope,2009,"Comedy,Romance",20.0,4304,7.9
tt0898266,The Big Bang Theory,2,tt1256032,21,The Vegas Renormalization,2009,"Comedy,Romance",21.0,4641,8.5
tt0898266,The Big Bang Theory,2,tt1256033,22,The Classified Materials Turbulence,2009,"Comedy,Romance",19.0,4256,8.1
tt0898266,The Big Bang Theory,2,tt1426233,23,The Monopolar Expedition,2009,"Comedy,Romance",21.0,4384,8.2
tt0898266,The Big Bang Theory,3,tt1487706,1,The Electric Can Opener Fluctuation,2009,"Comedy,Romance",21.0,4682,8.3
tt0898266,The Big Bang Theory,3,tt1495238,2,The Jiminy Conjecture,2009,"Comedy,Romance",21.0,4292,7.7
tt0898266,The Big Bang Theory,3,tt1494210,3,The Gothowitz Deviation,2009,"Comedy,Romance",20.0,4401,8.1
tt0898266,The Big Bang Theory,3,tt1523181,4,The Pirate Solution,2009,"Comedy,Romance",30.0,4307,8.0
tt0898266,The Big Bang Theory,3,tt1528188,5,The Creepy Candy Coating Corollary,2009,"Comedy,Romance",20.0,4414,8.3
tt0898266,The Big Bang Theory,3,tt1523180,6,The Cornhusker Vortex,2009,"Comedy,Romance",20.0,4151,7.4
tt0898266,The Big Bang Theory,3,tt1535334,7,The Guitarist Amplification,2009,"Comedy,Romance",20.0,4175,7.8
tt0898266,The Big Bang Theory,3,tt1536922,8,The Adhesive Duck Deficiency,2009,"Comedy,Romance",21.0,5894,8.9
tt0898266,The Big Bang Theory,3,tt1544819,9,The Vengeance Formulation,2009,"Comedy,Romance",19.0,4384,8.3
tt0898266,The Big Bang Theory,3,tt1558529,10,The Gorilla Experiment,2009,"Comedy,Romance",21.0,4446,8.4
tt0898266,The Big Bang Theory,3,tt1558530,11,The Maternal Congruence,2009,"Comedy,Romance",20.0,4353,8.2
tt0898266,The Big Bang Theory,3,tt1567073,12,The Psychic Vortex,2010,"Comedy,Romance",20.0,4269,8.2
tt0898266,The Big Bang Theory,3,tt1570312,13,The Bozeman Reaction,2010,"Comedy,Romance",20.0,4176,8.0
tt0898266,The Big Bang Theory,3,tt1588684,14,The Einstein Approximation,2010,"Comedy,Romance",20.0,4539,8.4
tt0898266,The Big Bang Theory,3,tt1589887,15,The Large Hadron Collision,2010,"Comedy,Romance",21.0,4103,8.0
tt0898266,The Big Bang Theory,3,tt1592080,16,The Excelsior Acquisition,2010,"Comedy,Romance",21.0,4210,8.2
tt0898266,The Big Bang Theory,3,tt1607974,17,The Precious Fragmentation,2010,"Comedy,Romance",20.0,4445,8.4
tt0898266,The Big Bang Theory,3,tt1609715,18,The Pants Alternative,2010,"Comedy,Romance",21.0,4369,8.4
tt0898266,The Big Bang Theory,3,tt1609410,19,The Wheaton Recurrence,2010,"Comedy,Romance",21.0,4085,7.8
tt0898266,The Big Bang Theory,3,tt1628617,20,The Spaghetti Catalyst,2010,"Comedy,Romance",20.0,4092,8.1
tt0898266,The Big Bang Theory,3,tt1648755,21,The Plimpton Stimulation,2010,"Comedy,Romance",21.0,4371,8.1
tt0898266,The Big Bang Theory,3,tt1648756,22,The Staircase Implementation,2010,"Comedy,Romance",20.0,5655,9.0
tt0898266,The Big Bang Theory,3,tt1627740,23,The Lunar Excitation,2010,"Comedy,Romance",20.0,4468,8.6
tt0898266,The Big Bang Theory,4,tt1632224,1,The Robotic Manipulation,2010,"Comedy,Romance",21.0,4950,8.7
tt0898266,The Big Bang Theory,4,tt1632235,2,The Cruciferous Vegetable Amplification,2010,"Comedy,Romance",21.0,4440,8.3
tt0898266,The Big Bang Theory,4,tt1632240,3,The Zazzy Substitution,2010,"Comedy,Romance",21.0,4197,7.9
tt0898266,The Big Bang Theory,4,tt1632241,4,The Hot Troll Deviation,2010,"Comedy,Romance",20.0,4173,8.0
tt0898266,The Big Bang Theory,4,tt1632242,5,The Desperation Emanation,2010,"Comedy,Romance",21.0,4013,7.6
tt0898266,The Big Bang Theory,4,tt1632243,6,The Irish Pub Formulation,2010,"Comedy,Romance",25.0,4083,8.0
tt0898266,The Big Bang Theory,4,tt1632244,7,The Apology Insufficiency,2010,"Comedy,Romance",21.0,4111,8.0
tt0898266,The Big Bang Theory,4,tt1632245,8,The 21-Second Excitation,2010,"Comedy,Romance",19.0,4123,8.1
tt0898266,The Big Bang Theory,4,tt1632246,9,The Boyfriend Complexity,2010,"Comedy,Romance",21.0,4313,8.4
tt0898266,The Big Bang Theory,4,tt1632225,10,The Alien Parasite Hypothesis,2010,"Comedy,Romance",20.0,3992,7.6
tt0898266,The Big Bang Theory,4,tt1632226,11,The Justice League Recombination,2010,"Comedy,Romance",20.0,4590,8.6
tt0898266,The Big Bang Theory,4,tt1632227,12,The Bus Pants Utilization,2011,"Comedy,Romance",21.0,3988,7.5
tt0898266,The Big Bang Theory,4,tt1632228,13,The Love Car Displacement,2011,"Comedy,Romance",21.0,4288,8.2
tt0898266,The Big Bang Theory,4,tt1632229,14,The Thespian Catalyst,2011,"Comedy,Romance",21.0,4057,7.7
tt0898266,The Big Bang Theory,4,tt1632230,15,The Benefactor Factor,2011,"Comedy,Romance",20.0,4006,7.7
tt0898266,The Big Bang Theory,4,tt1632231,16,The Cohabitation Formulation,2011,"Comedy,Romance",21.0,3871,7.8
tt0898266,The Big Bang Theory,4,tt1632232,17,The Toast Derivation,2011,"Comedy,Romance",22.0,3906,7.9
tt0898266,The Big Bang Theory,4,tt1632233,18,The Prestidigitation Approximation,2011,"Comedy,Romance",21.0,4086,8.1
tt0898266,The Big Bang Theory,4,tt1632234,19,The Zarnecki Incursion,2011,"Comedy,Romance",23.0,3971,8.0
tt0898266,The Big Bang Theory,4,tt1632236,20,The Herb Garden Germination,2011,"Comedy,Romance",21.0,3964,8.2
tt0898266,The Big Bang Theory,4,tt1632237,21,The Agreement Dissection,2011,"Comedy,Romance",21.0,4072,8.2
tt0898266,The Big Bang Theory,4,tt1632238,22,The Wildebeest Implementation,2011,"Comedy,Romance",21.0,3852,7.7
tt0898266,The Big Bang Theory,4,tt1632239,23,The Engagement Reaction,2011,"Comedy,Romance",20.0,3925,8.0
tt0898266,The Big Bang Theory,4,tt1918407,24,The Roommate Transmogrification,2011,"Comedy,Romance",22.0,4175,8.5
tt0898266,The Big Bang Theory,5,tt1980710,1,The Skank Reflex Analysis,2011,"Comedy,Romance",22.0,4576,8.0
tt0898266,The Big Bang Theory,5,tt2033019,2,The Infestation Hypothesis,2011,"Comedy,Romance",20.0,4091,8.0
tt0898266,The Big Bang Theory,5,tt2057241,3,The Pulled Groin Extrapolation,2011,"Comedy,Romance",20.0,3920,7.6
tt0898266,The Big Bang Theory,5,tt2058495,4,The Wiggly Finger Catalyst,2011,"Comedy,Romance",20.0,3995,7.8
tt0898266,The Big Bang Theory,5,tt2063481,5,The Russian Rocket Reaction,2011,"Comedy,Romance",22.0,3953,8.0
tt0898266,The Big Bang Theory,5,tt2079337,6,The Rhinitis Revelation,2011,"Comedy,Romance",22.0,3894,7.5
tt0898266,The Big Bang Theory,5,tt2082016,7,The Good Guy Fluctuation,2011,"Comedy,Romance",20.0,4707,8.5
tt0898266,The Big Bang Theory,5,tt2092310,8,The Isolation Permutation,2011,"Comedy,Romance",21.0,3861,7.6
tt0898266,The Big Bang Theory,5,tt2100287,9,The Ornithophobia Diffusion,2011,"Comedy,Romance",21.0,4061,8.1
tt0898266,The Big Bang Theory,5,tt2105978,10,The Flaming Spittoon Acquisition,2011,"Comedy,Romance",21.0,3908,7.9
tt0898266,The Big Bang Theory,5,tt2119890,11,The Speckerman Recurrence,2011,"Comedy,Romance",20.0,3880,7.3
tt0898266,The Big Bang Theory,5,tt2136314,12,The Shiny Trinket Maneuver,2012,"Comedy,Romance",21.0,3875,7.6
tt0898266,The Big Bang Theory,5,tt2139151,13,The Recombination Hypothesis,2012,"Comedy,Romance",21.0,4107,8.1
tt0898266,The Big Bang Theory,5,tt2181587,14,The Beta Test Initiation,2012,"Comedy,Romance",21.0,4096,8.2
tt0898266,The Big Bang Theory,5,tt2192687,15,The Friendship Contraction,2012,"Comedy,Romance",21.0,3743,7.7
tt0898266,The Big Bang Theory,5,tt2209665,16,The Vacation Solution,2012,"Comedy,Romance",22.0,3728,7.5
tt0898266,The Big Bang Theory,5,tt2220955,17,The Rothman Disintegration,2012,"Comedy,Romance",21.0,3827,7.8
tt0898266,The Big Bang Theory,5,tt2238153,18,The Werewolf Transformation,2012,"Comedy,Romance",21.0,4033,8.2
tt0898266,The Big Bang Theory,5,tt2275203,19,The Weekend Vortex,2012,"Comedy,Romance",20.0,3844,8.1
tt0898266,The Big Bang Theory,5,tt2275201,20,The Transporter Malfunction,2012,"Comedy,Romance",21.0,3972,8.1
tt0898266,The Big Bang Theory,5,tt2300453,21,The Hawking Excitation,2012,"Comedy,Romance",19.0,4410,8.5
tt0898266,The Big Bang Theory,5,tt2332311,22,The Stag Convergence,2012,"Comedy,Romance",21.0,3795,7.7
tt0898266,The Big Bang Theory,5,tt2372043,23,The Launch Acceleration,2012,"Comedy,Romance",21.0,3754,8.1
tt0898266,The Big Bang Theory,5,tt2379487,24,The Countdown Reflection,2012,"Comedy,Romance",21.0,4264,8.5
tt0898266,The Big Bang Theory,6,tt2194640,1,The Date Night Variable,2012,"Comedy,Romance",21.0,4746,7.6
tt0898266,The Big Bang Theory,6,tt2392630,2,The Decoupling Fluctuation,2012,"Comedy,Romance",22.0,3898,7.6
tt0898266,The Big Bang Theory,6,tt2378184,3,The Higgs Boson Observation,2012,"Comedy,Romance",19.0,3918,7.9
tt0898266,The Big Bang Theory,6,tt2411550,4,The Re-Entry Minimization,2012,"Comedy,Romance",21.0,4195,8.2
tt0898266,The Big Bang Theory,6,tt2411582,5,The Holographic Excitation,2012,"Comedy,Romance",21.0,3887,8.0
tt0898266,The Big Bang Theory,6,tt2450064,6,The Extract Obliteration,2012,"Comedy,Romance",21.0,3740,7.8
tt0898266,The Big Bang Theory,6,tt2462410,7,The Habitation Configuration,2012,"Comedy,Romance",21.0,3713,7.6
tt0898266,The Big Bang Theory,6,tt2502436,8,The 43 Peculiarity,2012,"Comedy,Romance",21.0,4305,8.4
tt0898266,The Big Bang Theory,6,tt2505340,9,The Parking Spot Escalation,2012,"Comedy,Romance",20.0,4184,8.2
tt0898266,The Big Bang Theory,6,tt2523744,10,The Fish Guts Displacement,2012,"Comedy,Romance",22.0,3960,8.0
tt0898266,The Big Bang Theory,6,tt2559784,11,The Santa Simulation,2012,"Comedy,Romance",21.0,3805,7.8
tt0898266,The Big Bang Theory,6,tt2571320,12,The Egg Salad Equivalency,2013,"Comedy,Romance",21.0,4259,8.4
tt0898266,The Big Bang Theory,6,tt2582488,13,The Bakersfield Expedition,2013,"Comedy,Romance",21.0,4252,8.4
tt0898266,The Big Bang Theory,6,tt2636834,14,The Cooper/Kripke Inversion,2013,"Comedy,Romance",20.0,3736,7.7
tt0898266,The Big Bang Theory,6,tt2633894,15,The Spoiler Alert Segmentation,2013,"Comedy,Romance",21.0,3885,8.2
tt0898266,The Big Bang Theory,6,tt2668846,16,The Tangible Affection Proof,2013,"Comedy,Romance",21.0,3772,7.8
tt0898266,The Big Bang Theory,6,tt2697398,17,The Monster Isolation,2013,"Comedy,Romance",20.0,3618,7.6
tt0898266,The Big Bang Theory,6,tt2708314,18,The Contractual Obligation Implementation,2013,"Comedy,Romance",20,3701,7.7
tt0898266,The Big Bang Theory,6,tt2739286,19,The Closet Reconfiguration,2013,"Comedy,Romance",20,3935,8.1
tt0898266,The Big Bang Theory,6,tt2784494,20,The Tenure Turbulence,2013,"Comedy,Romance",20.0,3775,8.0
tt0898266,The Big Bang Theory,6,tt2833366,21,The Closure Alternative,2013,"Comedy,Romance",20,3754,8.0
tt0898266,The Big Bang Theory,6,tt2833352,22,The Proton Resurgence,2013,"Comedy,Romance",21,3887,7.9
tt0898266,The Big Bang Theory,6,tt2852720,23,The Love Spell Potential,2013,"Comedy,Romance",21,3907,8.1
tt0898266,The Big Bang Theory,6,tt2891288,24,The Bon Voyage Reaction,2013,"Comedy,Romance",20,3693,7.7
tt0898266,The Big Bang Theory,7,tt3111660,1,The Hofstadter Insufficiency,2013,"Comedy,Romance",21.0,4124,7.7
tt0898266,The Big Bang Theory,7,tt2933998,2,The Deception Verification,2013,"Comedy,Romance",21.0,4066,7.9
tt0898266,The Big Bang Theory,7,tt3218670,3,The Scavenger Vortex,2013,"Comedy,Romance",21,4963,8.7
tt0898266,The Big Bang Theory,7,tt3221722,4,The Raiders Minimization,2013,"Comedy,Romance",21,3771,7.8
tt0898266,The Big Bang Theory,7,tt3229392,5,The Workplace Proximity,2013,"Comedy,Romance",19,3601,7.6
tt0898266,The Big Bang Theory,7,tt3229394,6,The Romance Resonance,2013,"Comedy,Romance",21,4315,8.4
tt0898266,The Big Bang Theory,7,tt3229396,7,The Proton Displacement,2013,"Comedy,Romance",20,3666,7.7
tt0898266,The Big Bang Theory,7,tt3303726,8,The Itchy Brain Simulation,2013,"Comedy,Romance",21,3645,7.5
tt0898266,The Big Bang Theory,7,tt3309570,9,The Thanksgiving Decoupling,2013,"Comedy,Romance",20.0,5094,8.8
tt0898266,The Big Bang Theory,7,tt3338358,10,The Discovery Dissipation,2013,"Comedy,Romance",20.0,3433,7.6
tt0898266,The Big Bang Theory,7,tt3337724,11,The Cooper Extraction,2013,"Comedy,Romance",21.0,3859,8.1
tt0898266,The Big Bang Theory,7,tt3337728,12,The Hesitation Ramification,2014,"Comedy,Romance",21.0,3497,7.4
tt0898266,The Big Bang Theory,7,tt3337730,13,The Occupation Recalibration,2014,"Comedy,Romance",21.0,3481,7.5
tt0898266,The Big Bang Theory,7,tt3453320,14,The Convention Conundrum,2014,"Comedy,Romance",21,3805,8.0
tt0898266,The Big Bang Theory,7,tt3477310,15,The Locomotive Manipulation,2014,"Comedy,Romance",20.0,3958,8.2
tt0898266,The Big Bang Theory,7,tt3507240,16,The Table Polarization,2014,"Comedy,Romance",20.0,3383,7.6
tt0898266,The Big Bang Theory,7,tt3521962,17,The Friendship Turbulence,2014,"Comedy,Romance",20,3333,7.4
tt0898266,The Big Bang Theory,7,tt3517894,18,The Mommy Observation,2014,"Comedy,Romance",21,3422,7.4
tt0898266,The Big Bang Theory,7,tt3521964,19,The Indecision Amalgamation,2014,"Comedy,Romance",19,3674,8.1
tt0898266,The Big Bang Theory,7,tt3554854,20,The Relationship Diremption,2014,"Comedy,Romance",21,3460,8.0
tt0898266,The Big Bang Theory,7,tt3572170,21,The Anything Can Happen Recurrence,2014,"Comedy,Romance",19.0,3293,7.5
tt0898266,The Big Bang Theory,7,tt3572176,22,The Proton Transmogrification,2014,"Comedy,Romance",21.0,3475,7.7
tt0898266,The Big Bang Theory,7,tt3572182,23,The Gorilla Dissolution,2014,"Comedy,Romance",19.0,3448,7.8
tt0898266,The Big Bang Theory,7,tt3572184,24,The Status Quo Combustion,2014,"Comedy,Romance",21.0,3542,8.0
tt0898266,The Big Bang Theory,8,tt3596130,1,The Locomotion Interruption,2014,"Comedy,Romance",21.0,4048,7.2
tt0898266,The Big Bang Theory,8,tt3807172,2,The Junior Professor Solution,2014,"Comedy,Romance",20.0,3782,7.5
tt0898266,The Big Bang Theory,8,tt3811812,3,The First Pitch Insufficiency,2014,"Comedy,Romance",19.0,3713,7.0
tt0898266,The Big Bang Theory,8,tt3811814,4,The Hook-up Reverberation,2014,"Comedy,Romance",19.0,3502,7.2
tt0898266,The Big Bang Theory,8,tt3811816,5,The Focus Attenuation,2014,"Comedy,Romance",19.0,3611,7.5
tt0898266,The Big Bang Theory,8,tt3823240,6,The Expedition Approximation,2014,"Comedy,Romance",21.0,3455,7.2
tt0898266,The Big Bang Theory,8,tt3823244,7,The Misinterpretation Agitation,2014,"Comedy,Romance",20.0,3802,7.7
tt0898266,The Big Bang Theory,8,tt3823242,8,The Prom Equivalency,2014,"Comedy,Romance",20.0,3805,8.0
tt0898266,The Big Bang Theory,8,tt3823248,9,The Septum Deviation,2014,"Comedy,Romance",20.0,3393,7.5
tt0898266,The Big Bang Theory,8,tt3823250,10,The Champagne Reflection,2014,"Comedy,Romance",19.0,3460,7.0
tt0898266,The Big Bang Theory,8,tt3823252,11,The Clean Room Infiltration,2014,"Comedy,Romance",19.0,3358,7.4
tt0898266,The Big Bang Theory,8,tt3823254,12,The Space Probe Disintegration,2015,"Comedy,Romance",20.0,3251,7.2
tt0898266,The Big Bang Theory,8,tt3862708,13,The Anxiety Optimization,2015,"Comedy,Romance",20.0,3250,7.4
tt0898266,The Big Bang Theory,8,tt3862712,14,The Troll Manifestation,2015,"Comedy,Romance",21.0,3534,8.0
tt0898266,The Big Bang Theory,8,tt3862710,15,The Comic Book Store Regeneration,2015,"Comedy,Romance",20.0,3617,8.0
tt0898266,The Big Bang Theory,8,tt3862714,16,The Intimacy Acceleration,2015,"Comedy,Romance",20.0,3396,7.8
tt0898266,The Big Bang Theory,8,tt3862720,17,The Colonization Application,2015,"Comedy,Romance",20.0,3202,7.5
tt0898266,The Big Bang Theory,8,tt3862722,18,The Leftover Thermalization,2015,"Comedy,Romance",19.0,3184,7.3
tt0898266,The Big Bang Theory,8,tt3862724,19,The Skywalker Incursion,2015,"Comedy,Romance",21.0,3196,7.5
tt0898266,The Big Bang Theory,8,tt3862726,20,The Fortification Implementation,2015,"Comedy,Romance",20.0,3174,7.5
tt0898266,The Big Bang Theory,8,tt3862728,21,The Communication Deterioration,2015,"Comedy,Romance",19.0,3096,7.0
tt0898266,The Big Bang Theory,8,tt3862732,22,The Graduation Transmission,2015,"Comedy,Romance",19.0,3156,7.3
tt0898266,The Big Bang Theory,8,tt3862734,23,The Maternal Combustion,2015,"Comedy,Romance",19.0,3241,7.5
tt0898266,The Big Bang Theory,8,tt3862738,24,The Commitment Determination,2015,"Comedy,Romance",20.0,3657,7.9
tt0898266,The Big Bang Theory,9,tt3603346,1,The Matrimonial Momentum,2015,"Comedy,Romance",20.0,4031,6.8
tt0898266,The Big Bang Theory,9,tt4938690,2,The Separation Oscillation,2015,"Comedy,Romance",19.0,3451,7.3
tt0898266,The Big Bang Theory,9,tt4962326,3,The Bachelor Party Corrosion,2015,"Comedy,Romance",20.0,3522,7.7
tt0898266,The Big Bang Theory,9,tt4995126,4,The 2003 Approximation,2015,"Comedy,Romance",19.0,3313,7.4
tt0898266,The Big Bang Theory,9,tt5027380,5,The Perspiration Implementation,2015,"Comedy,Romance",19.0,3235,7.4
tt0898266,The Big Bang Theory,9,tt5090816,6,The Helium Insufficiency,2015,"Comedy,Romance",19.0,3304,7.2
tt0898266,The Big Bang Theory,9,tt5073156,7,The Spock Resonance,2015,"Comedy,Romance",19.0,3408,7.9
tt0898266,The Big Bang Theory,9,tt5117928,8,The Mystery Date Observation,2015,"Comedy,Romance",19.0,3420,7.9
tt0898266,The Big Bang Theory,9,tt5143500,9,The Platonic Permutation,2015,"Comedy,Romance",21.0,3377,7.8
tt0898266,The Big Bang Theory,9,tt5143508,10,The Earworm Reverberation,2015,"Comedy,Romance",21.0,3865,8.3
tt0898266,The Big Bang Theory,9,tt5143516,11,The Opening Night Excitation,2015,"Comedy,Romance",21.0,5662,9.0
tt0898266,The Big Bang Theory,9,tt5273742,12,The Sales Call Sublimation,2016,"Comedy,Romance",18.0,3073,7.4
tt0898266,The Big Bang Theory,9,tt5273740,13,The Empathy Optimization,2016,"Comedy,Romance",19.0,3096,7.4
tt0898266,The Big Bang Theory,9,tt5295650,14,The Meemaw Materialization,2016,"Comedy,Romance",19.0,3143,7.5
tt0898266,The Big Bang Theory,9,tt5341496,15,The Valentino Submergence,2016,"Comedy,Romance",19.0,3089,7.5
tt0898266,The Big Bang Theory,9,tt5376678,16,The Positive Negative Reaction,2016,"Comedy,Romance",19.0,3217,7.4
tt0898266,The Big Bang Theory,9,tt5436356,17,The Celebration Experimentation,2016,"Comedy,Romance",19.0,3233,7.5
tt0898266,The Big Bang Theory,9,tt5497250,18,The Application Deterioration,2016,"Comedy,Romance",19.0,3026,7.5
tt0898266,The Big Bang Theory,9,tt5522908,19,The Solder Excursion Diversion,2016,"Comedy,Romance",20.0,2951,7.4
tt0898266,The Big Bang Theory,9,tt5586046,20,The Big Bear Precipitation,2016,"Comedy,Romance",19.0,2928,7.4
tt0898266,The Big Bang Theory,9,tt5586050,21,The Viewing Party Combustion,2016,"Comedy,Romance",18.0,2921,7.4
tt0898266,The Big Bang Theory,9,tt5597958,22,The Fermentation Bifurcation,2016,"Comedy,Romance",20.0,2859,7.4
tt0898266,The Big Bang Theory,9,tt5597960,23,The Line Substitution Solution,2016,"Comedy,Romance",18.0,2872,7.4
tt0898266,The Big Bang Theory,9,tt5562854,24,The Convergence Convergence,2016,"Comedy,Romance",20.0,3243,7.8
tt0898266,The Big Bang Theory,10,tt3603372,1,The Conjugal Conjecture,2016,"Comedy,Romance",21.0,3795,7.8
tt0898266,The Big Bang Theory,10,tt5973910,2,The Military Miniaturization,2016,"Comedy,Romance",19.0,3083,7.3
tt0898266,The Big Bang Theory,10,tt5996928,3,The Dependence Transcendence,2016,"Comedy,Romance",20.0,2973,7.2
tt0898266,The Big Bang Theory,10,tt6062772,4,The Cohabitation Experimentation,2016,"Comedy,Romance",20.0,3239,7.9
tt0898266,The Big Bang Theory,10,tt6077690,5,The Hot Tub Contamination,2016,"Comedy,Romance",20.0,2931,7.4
tt0898266,The Big Bang Theory,10,tt5825290,6,The Fetal Kick Catalyst,2016,"Comedy,Romance",18.0,2986,7.4
tt0898266,The Big Bang Theory,10,tt6186420,7,The Veracity Elasticity,2016,"Comedy,Romance",21.0,3170,7.9
tt0898266,The Big Bang Theory,10,tt6189462,8,The Brain Bowl Incubation,2016,"Comedy,Romance",18.0,3282,8.0
tt0898266,The Big Bang Theory,10,tt6214960,9,The Geology Elevation,2016,"Comedy,Romance",19.0,2883,7.4
tt0898266,The Big Bang Theory,10,tt6255718,10,The Property Division Collision,2016,"Comedy,Romance",19.0,2882,7.3
tt0898266,The Big Bang Theory,10,tt6255770,11,The Birthday Synchronicity,2016,"Comedy,Romance",20.0,2938,7.5
tt0898266,The Big Bang Theory,10,tt6320950,12,The Holiday Summation,2017,"Comedy,Romance",21.0,2957,7.3
tt0898266,The Big Bang Theory,10,tt6337212,13,The Romance Recalibration,2017,"Comedy,Romance",19.0,2834,6.9
tt0898266,The Big Bang Theory,10,tt6414316,14,The Emotion Detection Automation,2017,"Comedy,Romance",19.0,2785,7.2
tt0898266,The Big Bang Theory,10,tt6438684,15,The Locomotion Reverberation,2017,"Comedy,Romance",20.0,2747,7.3
tt0898266,The Big Bang Theory,10,tt6495864,16,The Allowance Evaporation,2017,"Comedy,Romance",18.0,2654,7.1
tt0898266,The Big Bang Theory,10,tt6527026,17,The Comic-Con Conundrum,2017,"Comedy,Romance",19.0,2704,7.4
tt0898266,The Big Bang Theory,10,tt6565510,18,The Escape Hatch Identification,2017,"Comedy,Romance",20.0,2660,7.1
tt0898266,The Big Bang Theory,10,tt6565514,19,The Collaboration Fluctuation,2017,"Comedy,Romance",18.0,2708,7.1
tt0898266,The Big Bang Theory,10,tt6565516,20,The Recollection Dissipation,2017,"Comedy,Romance",19.0,2678,7.2
tt0898266,The Big Bang Theory,10,tt6565524,21,The Separation Agitation,2017,"Comedy,Romance",20.0,2719,7.2
tt0898266,The Big Bang Theory,10,tt6565530,22,The Cognition Regeneration,2017,"Comedy,Romance",20.0,2669,6.8
tt0898266,The Big Bang Theory,10,tt6706250,23,The Gyroscopic Collapse,2017,"Comedy,Romance",19.0,2629,7.1
tt0898266,The Big Bang Theory,10,tt6706254,24,The Long Distance Dissonance,2017,"Comedy,Romance",19.0,3697,8.5
tt0898266,The Big Bang Theory,11,tt6673774,1,The Proposal Proposal,2017,"Comedy,Romance",21.0,3258,7.5
tt0898266,The Big Bang Theory,11,tt6674506,2,The Retraction Reaction,2017,"Comedy,Romance",21.0,2908,7.2
tt0898266,The Big Bang Theory,11,tt6674504,3,The Relaxation Integration,2017,"Comedy,Romance",20.0,2763,7.0
tt0898266,The Big Bang Theory,11,tt6674498,4,The Explosion Implosion,2017,"Comedy,Romance",21.0,2699,7.1
tt0898266,The Big Bang Theory,11,tt6674496,5,The Collaboration Contamination,2017,"Comedy,Romance",19.0,2726,7.3
tt0898266,The Big Bang Theory,11,tt6674494,6,The Proton Regeneration,2017,"Comedy,Romance",21.0,2691,7.2
tt0898266,The Big Bang Theory,11,tt6674492,7,The Geology Methodology,2017,"Comedy,Romance",19.0,2716,7.4
tt0898266,The Big Bang Theory,11,tt6674490,8,The Tesla Recoil,2017,"Comedy,Romance",19.0,2623,7.1
tt0898266,The Big Bang Theory,11,tt6674486,9,The Bitcoin Entanglement,2017,"Comedy,Romance",19.0,2853,7.7
tt0898266,The Big Bang Theory,11,tt6674480,10,The Confidence Erosion,2017,"Comedy,Romance",21.0,2643,7.3
tt0898266,The Big Bang Theory,11,tt6674476,11,The Celebration Reverberation,2017,"Comedy,Romance",19.0,2578,7.1
tt0898266,The Big Bang Theory,11,tt6674472,12,The Matrimonial Metric,2018,"Comedy,Romance",20.0,2627,7.4
tt0898266,The Big Bang Theory,11,tt6674468,13,The Solo Oscillation,2018,"Comedy,Romance",21.0,2609,7.2
tt0898266,The Big Bang Theory,11,tt6674466,14,The Separation Triangulation,2018,"Comedy,Romance",19.0,2657,7.2
tt0898266,The Big Bang Theory,11,tt6674462,15,The Novelization Correlation,2018,"Comedy,Romance",21.0,2598,7.4
tt0898266,The Big Bang Theory,11,tt6674448,16,The Neonatal Nomenclature,2018,"Comedy,Romance",19.0,2524,7.1
tt0898266,The Big Bang Theory,11,tt6674452,17,The Athenaeum Allocation,2018,"Comedy,Romance",20.0,2541,6.8
tt0898266,The Big Bang Theory,11,tt6674456,18,The Gates Excitation,2018,"Comedy,Romance",20.0,2577,7.1
tt0898266,The Big Bang Theory,11,tt6674454,19,The Tenant Disassociation,2018,"Comedy,Romance",21.0,2538,7.2
tt0898266,The Big Bang Theory,11,tt6674434,20,The Reclusive Potential,2018,"Comedy,Romance",21.0,2536,7.2
tt0898266,The Big Bang Theory,11,tt6674432,21,The Comet Polarization,2018,"Comedy,Romance",21.0,2555,7.4
tt0898266,The Big Bang Theory,11,tt6674428,22,The Monetary Insufficiency,2018,"Comedy,Romance",19.0,2482,7.2
tt0898266,The Big Bang Theory,11,tt6674424,23,The Sibling Realignment,2018,"Comedy,Romance",20.0,2681,7.7
tt0898266,The Big Bang Theory,11,tt6674430,24,The Bow Tie Asymmetry,2018,"Comedy,Romance",22.0,4507,9.0
tt0898266,The Big Bang Theory,12,tt6673778,1,The Conjugal Configuration,2018,"Comedy,Romance",20.0,2978,7.2
tt0898266,The Big Bang Theory,12,tt6674688,2,The Wedding Gift Wormhole,2018,"Comedy,Romance",21.0,2857,7.6
tt0898266,The Big Bang Theory,12,tt6674692,3,The Procreation Calculation,2018,"Comedy,Romance",20.0,2733,7.2
tt0898266,The Big Bang Theory,12,tt6674690,4,The Tam Turbulence,2018,"Comedy,Romance",19.0,2641,7.0
tt0898266,The Big Bang Theory,12,tt6674694,5,The Planetarium Collision,2018,"Comedy,Romance",19.0,2644,6.8
tt0898266,The Big Bang Theory,12,tt6674704,6,The Imitation Perturbation,2018,"Comedy,Romance",19.0,3230,8.2
tt0898266,The Big Bang Theory,12,tt6674696,7,The Grant Allocation Derivation,2018,"Comedy,Romance",19.0,2609,7.3
tt0898266,The Big Bang Theory,12,tt6674702,8,The Consummation Deviation,2018,"Comedy,Romance",22.0,2665,7.3
tt0898266,The Big Bang Theory,12,tt6674698,9,The Citation Negation,2018,"Comedy,Romance",20.0,2628,7.2
tt0898266,The Big Bang Theory,12,tt6674710,10,The VCR Illumination,2018,"Comedy,Romance",20.0,2727,7.5
tt0898266,The Big Bang Theory,12,tt6674706,11,The Paintball Scattering,2019,"Comedy,Romance",19.0,2586,7.3
tt0898266,The Big Bang Theory,12,tt6674708,12,The Propagation Proposition,2019,"Comedy,Romance",20.0,2525,7.1
tt0898266,The Big Bang Theory,12,tt6674714,13,The Confirmation Polarization,2019,"Comedy,Romance",20.0,2550,7.1
tt0898266,The Big Bang Theory,12,tt6674712,14,The Meteorite Manifestation,2019,"Comedy,Romance",19.0,2534,7.1
tt0898266,The Big Bang Theory,12,tt6674716,15,The Donation Oscillation,2019,"Comedy,Romance",21.0,2610,7.4
tt0898266,The Big Bang Theory,12,tt6674718,16,The D & D Vortex,2019,"Comedy,Romance",20.0,2882,7.9
tt0898266,The Big Bang Theory,12,tt6674726,17,The Conference Valuation,2019,"Comedy,Romance",19.0,2520,7.1
tt0898266,The Big Bang Theory,12,tt6674724,18,The Laureate Accumulation,2019,"Comedy,Romance",21.0,2498,7.1
tt0898266,The Big Bang Theory,12,tt6674720,19,The Inspiration Deprivation,2019,"Comedy,Romance",20.0,2540,7.0
tt0898266,The Big Bang Theory,12,tt6674728,20,The Decision Reverberation,2019,"Comedy,Romance",19.0,2493,7.1
tt0898266,The Big Bang Theory,12,tt6674732,21,The Plagiarism Schism,2019,"Comedy,Romance",19.0,2570,7.2
tt0898266,The Big Bang Theory,12,tt6674730,22,The Maternal Conclusion,2019,"Comedy,Romance",20.0,3111,7.9
tt0898266,The Big Bang Theory,12,tt6674734,23,The Change Constant,2019,"Comedy,Romance",19.0,5349,9.0
tt0898266,The Big Bang Theory,12,tt6674736,24,The Stockholm Syndrome,2019,"Comedy,Romance",23.0,11181,9.5
tt2741602,The Blacklist,1,tt2920128,1,Pilot,2013,"Crime,Drama,Mystery",45.0,5662,8.2
tt2741602,The Blacklist,1,tt3173404,2,The Freelancer (No. 145),2013,"Crime,Drama,Mystery",41,4117,7.9
tt2741602,The Blacklist,1,tt3173406,3,Wujing (No. 84),2013,"Crime,Drama,Mystery",42,3652,7.6
tt2741602,The Blacklist,1,tt3173408,4,The Stewmaker (No. 161),2013,"Crime,Drama,Mystery",41,3700,8.1
tt2741602,The Blacklist,1,tt3173410,5,The Courier (No. 85),2013,"Crime,Drama,Mystery",43,3331,7.7
tt2741602,The Blacklist,1,tt3265304,6,Gina Zanetakos (No. 152),2013,"Crime,Drama,Mystery",42,3152,7.7
tt2741602,The Blacklist,1,tt3277226,7,Frederick Barnes (No. 47),2013,"Crime,Drama,Mystery",43,3075,7.6
tt2741602,The Blacklist,1,tt3276448,8,General Ludd (No. 109),2013,"Crime,Drama,Mystery",42,3003,7.7
tt2741602,The Blacklist,1,tt3276450,9,Anslo Garrick (No. 16),2013,"Crime,Drama,Mystery",42,4051,8.9
tt2741602,The Blacklist,1,tt3276452,10,Anslo Garrick (No. 16): Conclusion,2013,"Crime,Drama,Mystery",42,3580,8.7
tt2741602,The Blacklist,1,tt3276454,11,The Good Samaritan (No. 106),2014,"Crime,Drama,Mystery",43,3000,8.3
tt2741602,The Blacklist,1,tt3276456,12,The Alchemist (No. 101),2014,"Crime,Drama,Mystery",43,2728,7.8
tt2741602,The Blacklist,1,tt3276458,13,The Cyprus Agency (No. 64),2014,"Crime,Drama,Mystery",43,2727,8.0
tt2741602,The Blacklist,1,tt3276460,14,Madeline Pratt (No. 73),2014,"Crime,Drama,Mystery",42,2705,7.7
tt2741602,The Blacklist,1,tt3276462,15,The Judge (No. 57),2014,"Crime,Drama,Mystery",42,2681,7.8
tt2741602,The Blacklist,1,tt3276464,16,Mako Tanida (No. 83),2014,"Crime,Drama,Mystery",42,2676,8.0
tt2741602,The Blacklist,1,tt3276466,17,Ivan (No. 88),2014,"Crime,Drama,Mystery",43,2633,7.8
tt2741602,The Blacklist,1,tt3276468,18,Milton Bobbit (No. 135),2014,"Crime,Drama,Mystery",42,2557,8.1
tt2741602,The Blacklist,1,tt3276470,19,The Pavlovich Brothers (Nos. 119-122),2014,"Crime,Drama,Mystery",43,2609,8.3
tt2741602,The Blacklist,1,tt3276472,20,The Kingmaker (No. 42),2014,"Crime,Drama,Mystery",42,2503,7.9
tt2741602,The Blacklist,1,tt3276474,21,Berlin (No. 8),2014,"Crime,Drama,Mystery",42,2651,8.4
tt2741602,The Blacklist,1,tt3276476,22,Berlin (No. 8): Conclusion,2014,"Crime,Drama,Mystery",43,3128,8.7
tt2741602,The Blacklist,2,tt3381714,1,Lord Baltimore (No. 104),2014,"Crime,Drama,Mystery",42.0,2771,8.1
tt2741602,The Blacklist,2,tt4045862,2,Monarch Douglas Bank (No. 112),2014,"Crime,Drama,Mystery",43.0,2390,7.8
tt2741602,The Blacklist,2,tt3977666,3,Dr. James Covington (No. 89),2014,"Crime,Drama,Mystery",43,2284,7.8
tt2741602,The Blacklist,2,tt4061178,4,Dr. Linus Creel (No. 82),2014,"Crime,Drama,Mystery",43.0,2245,7.8
tt2741602,The Blacklist,2,tt4054174,5,The Front (No. 74),2014,"Crime,Drama,Mystery",44.0,2287,7.5
tt2741602,The Blacklist,2,tt4109836,6,The Mombasa Cartel (No. 114),2014,"Crime,Drama,Mystery",43.0,2332,7.9
tt2741602,The Blacklist,2,tt4094332,7,The Scimitar (No. 22),2014,"Crime,Drama,Mystery",43.0,2231,8.0
tt2741602,The Blacklist,2,tt4156774,8,The Decembrist (No. 12),2014,"Crime,Drama,Mystery",43.0,2372,8.5
tt2741602,The Blacklist,2,tt4210902,9,Luther Braxton (No. 21),2015,"Crime,Drama,Mystery",43.0,2764,8.7
tt2741602,The Blacklist,2,tt4283600,10,Luther Braxton (No. 21): Conclusion,2015,"Crime,Drama,Mystery",42.0,2428,8.6
tt2741602,The Blacklist,2,tt4287704,11,Ruslan Denisov (No. 67),2015,"Crime,Drama,Mystery",43.0,2076,7.5
tt2741602,The Blacklist,2,tt4355076,12,The Kenyon Family (No. 71),2015,"Crime,Drama,Mystery",43.0,2096,7.4
tt2741602,The Blacklist,2,tt4378652,13,The Deer Hunter (No. 93),2015,"Crime,Drama,Mystery",42.0,2035,7.6
tt2741602,The Blacklist,2,tt4454532,14,T. Earl King VI (No. 94),2015,"Crime,Drama,Mystery",43.0,2133,8.0
tt2741602,The Blacklist,2,tt4472210,15,The Major (No. 75),2015,"Crime,Drama,Mystery",42.0,2341,6.9
tt2741602,The Blacklist,2,tt4491502,16,Tom Keen (No. 7),2015,"Crime,Drama,Mystery",42.0,2246,8.3
tt2741602,The Blacklist,2,tt4509728,17,The Longevity Initiative (No. 97),2015,"Crime,Drama,Mystery",43.0,1966,7.7
tt2741602,The Blacklist,2,tt4527132,18,Vanessa Cruz (No. 117),2015,"Crime,Drama,Mystery",43.0,2127,8.0
tt2741602,The Blacklist,2,tt4578464,19,Leonard Caul (No. 62),2015,"Crime,Drama,Mystery",43.0,2422,8.8
tt2741602,The Blacklist,2,tt4558970,20,Quon Zhang (No. 87),2015,"Crime,Drama,Mystery",43.0,1935,7.8
tt2741602,The Blacklist,2,tt4578448,21,Karakurt (No. 55),2015,"Crime,Drama,Mystery",43.0,2222,8.7
tt2741602,The Blacklist,2,tt4578450,22,Tom Connolly (No. 11),2015,"Crime,Drama,Mystery",43.0,2939,9.1
tt2741602,The Blacklist,3,tt4578466,1,The Troll Farmer (No. 38),2015,"Crime,Drama,Mystery",43.0,2684,8.8
tt2741602,The Blacklist,3,tt4941520,2,Marvin Gerard (No. 80),2015,"Crime,Drama,Mystery",43.0,2313,8.6
tt2741602,The Blacklist,3,tt5068464,3,Eli Matchett (No. 72),2015,"Crime,Drama,Mystery",44.0,2021,8.1
tt2741602,The Blacklist,3,tt5015108,4,The Djinn (No. 43),2015,"Crime,Drama,Mystery",44.0,2027,8.0
tt2741602,The Blacklist,3,tt5019538,5,Arioch Cain (No. 50),2015,"Crime,Drama,Mystery",43.0,2030,8.2
tt2741602,The Blacklist,3,tt5030014,6,Sir Crispin Crandall (No. 86),2015,"Crime,Drama,Mystery",43.0,2024,8.4
tt2741602,The Blacklist,3,tt5060376,7,Zal Bin Hasaan (No. 31),2015,"Crime,Drama,Mystery",42.0,1991,8.1
tt2741602,The Blacklist,3,tt5158338,8,Kings of the Highway (No. 108),2015,"Crime,Drama,Mystery",43.0,2065,7.9
tt2741602,The Blacklist,3,tt5135540,9,The Director (No. 24),2016,"Crime,Drama,Mystery",43.0,2843,9.1
tt2741602,The Blacklist,3,tt5155304,10,The Director (No. 24): Conclusion,2016,"Crime,Drama,Mystery",43.0,3061,9.2
tt2741602,The Blacklist,3,tt5182064,11,Mr. Gregory Devry (No. 95),2016,"Crime,Drama,Mystery",43.0,2062,8.5
tt2741602,The Blacklist,3,tt5182070,12,The Vehm (No. 132),2016,"Crime,Drama,Mystery",43.0,1829,7.4
tt2741602,The Blacklist,3,tt5182072,13,Alistair Pitt (No. 103),2016,"Crime,Drama,Mystery",43.0,1856,7.5
tt2741602,The Blacklist,3,tt5182074,14,Lady Ambrosia (No. 77),2016,"Crime,Drama,Mystery",43.0,1839,7.6
tt2741602,The Blacklist,3,tt5182076,15,Drexel (No. 113),2016,"Crime,Drama,Mystery",43.0,1767,7.5
tt2741602,The Blacklist,3,tt5182078,16,The Caretaker (No. 78),2016,"Crime,Drama,Mystery",43.0,1746,7.4
tt2741602,The Blacklist,3,tt5182084,17,Mr. Solomon (No. 32),2016,"Crime,Drama,Mystery",43.0,2022,8.0
tt2741602,The Blacklist,3,tt5182088,18,Mr. Solomon (No. 32): Conclusion,2016,"Crime,Drama,Mystery",43.0,2748,8.9
tt2741602,The Blacklist,3,tt5182086,19,Cape May,2016,"Crime,Drama,Mystery",43.0,2535,7.8
tt2741602,The Blacklist,3,tt5182092,20,The Artax Network (No. 41),2016,"Crime,Drama,Mystery",43.0,1795,7.7
tt2741602,The Blacklist,3,tt5182096,21,Susan Hargrave (No. 18),2016,"Crime,Drama,Mystery",42.0,1751,8.1
tt2741602,The Blacklist,3,tt5182098,22,Alexander Kirk (No. 14),2016,"Crime,Drama,Mystery",43.0,1875,8.5
tt2741602,The Blacklist,3,tt5640786,23,Alexander Kirk (No. 14): Conclusion,2016,"Crime,Drama,Mystery",43.0,2403,8.9
tt2741602,The Blacklist,4,tt5257552,1,Esteban (No. 79),2016,"Crime,Drama,Mystery",42.0,1835,8.0
tt2741602,The Blacklist,4,tt6047394,2,Mato (No. 66),2016,"Crime,Drama,Mystery",43.0,1705,7.8
tt2741602,The Blacklist,4,tt6047396,3,Miles McGrath (No. 65),2016,"Crime,Drama,Mystery",43.0,1585,7.6
tt2741602,The Blacklist,4,tt5992968,4,Gaia (No. 81),2016,"Crime,Drama,Mystery",43.0,1590,7.2
tt2741602,The Blacklist,4,tt6047398,5,The Lindquist Concern (No. 105),2016,"Crime,Drama,Mystery",43.0,1536,7.6
tt2741602,The Blacklist,4,tt6087294,6,The Thrushes (No. 53),2016,"Crime,Drama,Mystery",43.0,1560,8.0
tt2741602,The Blacklist,4,tt6113994,7,Dr. Adrian Shaw (No. 98),2016,"Crime,Drama,Mystery",43.0,1528,8.0
tt2741602,The Blacklist,4,tt6143800,8,Dr. Adrian Shaw (No. 98): Conclusion,2016,"Crime,Drama,Mystery",43.0,1613,8.3
tt2741602,The Blacklist,4,tt6182812,9,Lipet's Seafood Company (No. 111),2017,"Crime,Drama,Mystery",43.0,1535,7.3
tt2741602,The Blacklist,4,tt6210144,10,The Forecaster (No. 163),2017,"Crime,Drama,Mystery",43.0,1475,7.4
tt2741602,The Blacklist,4,tt6257202,11,The Harem (No. 102),2017,"Crime,Drama,Mystery",43.0,1535,7.4
tt2741602,The Blacklist,4,tt6443932,12,Natalie Luca (No. 184),2017,"Crime,Drama,Mystery",43.0,1487,7.5
tt2741602,The Blacklist,4,tt6454576,13,Isabella Stone (No. 34),2017,"Crime,Drama,Mystery",43.0,1440,7.7
tt2741602,The Blacklist,4,tt6439022,14,The Architect (No. 107),2017,"Crime,Drama,Mystery",43.0,1447,7.6
tt2741602,The Blacklist,4,tt6441958,15,The Apothecary (No. 59),2017,"Crime,Drama,Mystery",43.0,1711,8.5
tt2741602,The Blacklist,4,tt6509160,16,Dembe Zuma (No. 10),2017,"Crime,Drama,Mystery",42.0,1684,8.7
tt2741602,The Blacklist,4,tt6520976,17,Requiem,2017,"Crime,Drama,Mystery",43.0,2337,9.0
tt2741602,The Blacklist,4,tt6626200,18,Philomena (No. 61),2017,"Crime,Drama,Mystery",43.0,1424,7.7
tt2741602,The Blacklist,4,tt6668958,19,Dr. Bogdan Krilov (No. 29),2017,"Crime,Drama,Mystery",43.0,1405,7.7
tt2741602,The Blacklist,4,tt6769268,20,The Debt Collector (No. 46),2017,"Crime,Drama,Mystery",43.0,1421,8.1
tt2741602,The Blacklist,4,tt6769298,21,Mr. Kaplan (No. 4),2017,"Crime,Drama,Mystery",43.0,1513,8.4
tt2741602,The Blacklist,4,tt6769302,22,Mr. Kaplan (No. 4): Conclusion,2017,"Crime,Drama,Mystery",43.0,2030,9.0
tt2741602,The Blacklist,5,tt6882980,1,Smokey Putnum (No. 30),2017,"Crime,Drama,Mystery",43.0,1668,8.0
tt2741602,The Blacklist,5,tt7103730,2,Greyson Blaise (No. 37),2017,"Crime,Drama,Mystery",43.0,1593,8.1
tt2741602,The Blacklist,5,tt7103736,3,Miss Rebecca Thrall (No. 76),2017,"Crime,Drama,Mystery",43.0,1416,7.6
tt2741602,The Blacklist,5,tt7103748,4,The Endling (No. 44),2017,"Crime,Drama,Mystery",43.0,1407,7.7
tt2741602,The Blacklist,5,tt7104292,5,Ilyas Surkov (No. 54),2017,"Crime,Drama,Mystery",43.0,1360,7.6
tt2741602,The Blacklist,5,tt7406856,6,The Travel Agency (No. 90),2017,"Crime,Drama,Mystery",43.0,1413,7.5
tt2741602,The Blacklist,5,tt7492604,7,The Kilgannon Corporation (No. 48),2017,"Crime,Drama,Mystery",43.0,1467,7.9
tt2741602,The Blacklist,5,tt7492786,8,Ian Garvey (No. 13),2017,"Crime,Drama,Mystery",43.0,3336,9.2
tt2741602,The Blacklist,5,tt7550154,9,Ruin,2018,"Crime,Drama,Mystery",43.0,1819,8.5
tt2741602,The Blacklist,5,tt7492796,10,The Informant (No. 118),2018,"Crime,Drama,Mystery",43.0,1365,8.0
tt2741602,The Blacklist,5,tt7611838,11,Abraham Stern (No. 100),2018,"Crime,Drama,Mystery",42.0,1503,8.5
tt2741602,The Blacklist,5,tt7652054,12,The Cook (No. 56),2018,"Crime,Drama,Mystery",43.0,1292,7.7
tt2741602,The Blacklist,5,tt7635092,13,The Invisible Hand (No. 63),2018,"Crime,Drama,Mystery",43.0,1280,7.8
tt2741602,The Blacklist,5,tt7919458,14,Mr. Raleigh Sinclair III (No. 51),2018,"Crime,Drama,Mystery",43.0,1295,7.8
tt2741602,The Blacklist,5,tt7919460,15,Pattie Sue Edwards (No. 68),2018,"Crime,Drama,Mystery",43.0,1265,7.6
tt2741602,The Blacklist,5,tt7997030,16,The Capricorn Killer (No. 19),2018,"Crime,Drama,Mystery",43.0,1316,8.1
tt2741602,The Blacklist,5,tt7997034,17,Anna-Gracia Duerte (No. 25),2018,"Crime,Drama,Mystery",43.0,1287,7.6
tt2741602,The Blacklist,5,tt7996990,18,Zarak Mosadek (No. 23),2018,"Crime,Drama,Mystery",43.0,1287,8.0
tt2741602,The Blacklist,5,tt8156286,19,Ian Garvey (No. 13): Conclusion,2018,"Crime,Drama,Mystery",42.0,1515,8.6
tt2741602,The Blacklist,5,tt8140446,20,Nicholas T. Moore (No. 110),2018,"Crime,Drama,Mystery",43.0,1265,7.4
tt2741602,The Blacklist,5,tt8213662,21,Lawrence Dane Devlin (No. 26),2018,"Crime,Drama,Mystery",43.0,1316,7.6
tt2741602,The Blacklist,5,tt8213670,22,Sutton Ross (No. 17),2018,"Crime,Drama,Mystery",43.0,1999,8.6
tt2741602,The Blacklist,6,tt8408814,1,Dr. Hans Koehler (No. 33),2019,"Crime,Drama,Mystery",43.0,1628,8.0
tt2741602,The Blacklist,6,tt8853056,2,The Corsican (No. 20),2019,"Crime,Drama,Mystery",42.0,1632,8.4
tt2741602,The Blacklist,6,tt8849322,3,The Pharmacist (No. 124),2019,"Crime,Drama,Mystery",42.0,1445,8.2
tt2741602,The Blacklist,6,tt8858402,4,The Pawnbrokers (No. 146/147),2019,"Crime,Drama,Mystery",42.0,1408,8.3
tt2741602,The Blacklist,6,tt9004076,5,Alter Ego (No. 131),2019,"Crime,Drama,Mystery",43.0,1360,8.0
tt2741602,The Blacklist,6,tt8992996,6,The Ethicist (No. 91),2019,"Crime,Drama,Mystery",42.0,1322,7.8
tt2741602,The Blacklist,6,tt9083080,7,General Shiro (No. 116),2019,"Crime,Drama,Mystery",42.0,1346,7.6
tt2741602,The Blacklist,6,tt9159714,8,Marko Jankowics (No. 58),2019,"Crime,Drama,Mystery",42.0,1343,7.9
tt2741602,The Blacklist,6,tt9179086,9,Minister D (No. 99),2019,"Crime,Drama,Mystery",42.0,1528,8.6
tt2741602,The Blacklist,6,tt9261262,10,The Cryptobanker (No. 160),2019,"Crime,Drama,Mystery",42.0,1367,8.1
tt2741602,The Blacklist,6,tt9261270,11,Bastien Moreau (No. 20),2019,"Crime,Drama,Mystery",42.0,1609,8.7
tt2741602,The Blacklist,6,tt9261276,12,Bastien Moreau (No. 20): Conclusion,2019,"Crime,Drama,Mystery",42.0,1415,8.5
tt2741602,The Blacklist,6,tt9261280,13,Robert Vesco (No. 9),2019,"Crime,Drama,Mystery",42.0,1416,8.1
tt2741602,The Blacklist,6,tt9261282,14,The Osterman Umbrella Company (No. 6),2019,"Crime,Drama,Mystery",42.0,1782,9.0
tt2741602,The Blacklist,6,tt9262958,15,Olivia Olson (No. 115),2019,"Crime,Drama,Mystery",42.0,1271,7.9
tt2741602,The Blacklist,6,tt9263022,16,Lady Luck (No. 69),2019,"Crime,Drama,Mystery",42.0,1266,7.7
tt2741602,The Blacklist,6,tt9664006,17,The Third Estate (No. 136),2019,"Crime,Drama,Mystery",42.0,1273,7.8
tt2741602,The Blacklist,6,tt9664014,18,The Brockton College Killer (No. 92),2019,"Crime,Drama,Mystery",42.0,1328,8.1
tt2741602,The Blacklist,6,tt9664012,19,Rassvet,2019,"Crime,Drama,Mystery",42.0,2071,9.1
tt2741602,The Blacklist,6,tt9664020,20,Guillermo Rizal (No. 128),2019,"Crime,Drama,Mystery",41.0,1307,7.9
tt2741602,The Blacklist,6,tt9664022,21,Anna McMahon (No. 60),2019,"Crime,Drama,Mystery",41.0,1551,8.7
tt2741602,The Blacklist,6,tt9664024,22,Robert Diaz (No. 15),2019,"Crime,Drama,Mystery",43.0,1939,9.0
tt2741602,The Blacklist,7,tt10003824,1,Louis T. Steinhil (No. 27),2019,"Crime,Drama,Mystery",42.0,1635,8.3
tt2741602,The Blacklist,7,tt10370688,2,Louis T. Steinhil (No. 27): Conclusion,2019,"Crime,Drama,Mystery",42.0,1472,8.4
tt2741602,The Blacklist,7,tt10799662,3,Les Fleurs du Mal (No. 151),2019,"Crime,Drama,Mystery",42.0,1386,7.7
tt2741602,The Blacklist,7,tt10941734,4,Kuwait,2019,"Crime,Drama,Mystery",42,1336,7.7
tt2741602,The Blacklist,7,tt10940036,5,Norman Devane (No. 138),2019,"Crime,Drama,Mystery",43,1250,7.5
tt2741602,The Blacklist,7,tt10993746,6,Dr. Lewis Powell (No. 130),2019,"Crime,Drama,Mystery",42.0,1311,7.6
tt2741602,The Blacklist,7,tt11146878,7,Hannah Hayes (No. 125),2019,"Crime,Drama,Mystery",42.0,1766,6.9
tt2741602,The Blacklist,7,tt11146876,8,The Hawaladar (No. 162),2019,"Crime,Drama,Mystery",42.0,1288,8.0
tt2741602,The Blacklist,7,tt11251968,9,Orion Relocation Services (No. 159),2019,"Crime,Drama,Mystery",42.0,1355,8.2
tt2741602,The Blacklist,7,tt11251970,10,Katarina Rostova (No. 3),2019,"Crime,Drama,Mystery",43.0,1657,8.2
tt2741602,The Blacklist,7,tt11316574,11,Victoria Fenberg (No. 137),2020,"Crime,Drama,Mystery",42.0,1397,7.1
tt2741602,The Blacklist,7,tt11796430,12,Cornelius Ruck (No. 155),2020,"Crime,Drama,Mystery",42.0,1503,7.8
tt2741602,The Blacklist,7,tt11796500,13,Newton Purcell (No. 144),2020,"Crime,Drama,Mystery",43.0,1179,7.5
tt2741602,The Blacklist,7,tt11798946,14,Twamie Ullulaq (No. 126),2020,"Crime,Drama,Mystery",42.0,1154,7.4
tt2741602,The Blacklist,7,tt11800876,15,Gordon Kemp (No. 158),2020,"Crime,Drama,Mystery",43,1465,7.2
tt2741602,The Blacklist,7,tt11783890,16,Nyle Hatcher (No. 149),2020,"Crime,Drama,Mystery",43.0,1156,7.5
tt2741602,The Blacklist,7,tt11861036,17,Brothers,2020,"Crime,Drama,Mystery",43,1379,7.3
tt2741602,The Blacklist,7,tt11945940,18,Roy Cain (No. 150),2020,"Crime,Drama,Mystery",43.0,1204,7.8
tt2741602,The Blacklist,7,tt12094734,19,The Kazanjian Brothers (No. 156/157),2020,"Crime,Drama,Mystery",43,2605,6.0
tt2741602,The Blacklist,8,tt11825262,1,Roanoke (No. 139),2020,"Crime,Drama,Mystery",43,1762,7.0
tt2741602,The Blacklist,8,tt13310840,2,Katarina Rostova (No. 3): Conclusion,2020,"Crime,Drama,Mystery",43.0,1760,7.8
tt2741602,The Blacklist,8,tt13434420,3,16 Ounces,2021,"Crime,Drama,Mystery",42.0,1736,6.5
tt2741602,The Blacklist,8,tt13592110,4,Elizabeth Keen (No. 1),2021,"Crime,Drama,Mystery",42.0,2074,5.4
tt2741602,The Blacklist,8,tt13586364,5,The Fribourg Confidence (No. 140),2021,"Crime,Drama,Mystery",42.0,1369,7.1
tt2741602,The Blacklist,8,tt13666844,6,The Wellstone Agency (No. 127),2021,"Crime,Drama,Mystery",43,2112,8.5
tt2741602,The Blacklist,8,tt13856360,7,Chemical Mary (No. 143),2021,"Crime,Drama,Mystery",42.0,1256,7.5
tt2741602,The Blacklist,8,tt13848578,8,Ogden Greeley (No. 40),2021,"Crime,Drama,Mystery",42.0,1286,7.5
tt2741602,The Blacklist,8,tt14071404,9,The Cyranoid (No. 35),2021,"Crime,Drama,Mystery",42.0,1559,6.4
tt2741602,The Blacklist,8,tt14088742,10,Dr. Laken Perillos (No. 70),2021,"Crime,Drama,Mystery",43.0,1430,6.8
tt2741602,The Blacklist,8,tt14078316,11,Captain Kidd (No. 96),2021,"Crime,Drama,Mystery",43.0,1630,6.5
tt2741602,The Blacklist,8,tt14251014,12,Rakitin (No. 28),2021,"Crime,Drama,Mystery",43.0,1559,8.3
tt2741602,The Blacklist,8,tt14351420,13,Anne,2021,"Crime,Drama,Mystery",42.0,1907,8.6
tt2741602,The Blacklist,8,tt14396554,14,Misère,2021,"Crime,Drama,Mystery",43.0,2336,5.0
tt2741602,The Blacklist,8,tt14450768,15,The Russian Knot,2021,"Crime,Drama,Mystery",43.0,1445,6.5
tt2741602,The Blacklist,8,tt14497992,16,Nicholas Obenrader (No. 133),2021,"Crime,Drama,Mystery",43.0,1300,6.8
tt2741602,The Blacklist,8,tt14532462,17,Ivan Stepanov (No. 5),2021,"Crime,Drama,Mystery",42.0,1450,8.3
tt2741602,The Blacklist,8,tt14588114,18,The Protean (No. 36),2021,"Crime,Drama,Mystery",42.0,1263,7.5
tt2741602,The Blacklist,8,tt14613082,19,Balthazar 'Bino' Baker (No. 129),2021,"Crime,Drama,Mystery",42.0,1287,7.5
tt2741602,The Blacklist,8,tt14702260,20,Godwin Page (No. 141),2021,"Crime,Drama,Mystery",42.0,1429,8.0
tt2741602,The Blacklist,8,tt14780740,21,Nachalo,2021,"Crime,Drama,Mystery",43.0,2002,8.4
tt2741602,The Blacklist,8,tt14786744,22,Konets,2021,"Crime,Drama,Mystery",43.0,2447,7.7
tt2741602,The Blacklist,9,tt13983590,1,The Skinner (No. 45),2021,"Crime,Drama,Mystery",43.0,1449,7.1
tt2741602,The Blacklist,9,tt15403598,2,The Skinner (No. 45): Conclusion,2021,"Crime,Drama,Mystery",43.0,1194,7.5
tt2741602,The Blacklist,9,tt15550568,3,The SPK (No. 178),2021,"Crime,Drama,Mystery",43.0,1090,7.2
tt2741602,The Blacklist,9,tt15797046,4,The Avenging Angel (No. 49),2021,"Crime,Drama,Mystery",43.0,1020,7.3
tt2741602,The Blacklist,9,tt16022762,5,Benjamin T. Okara (No. 183),2021,"Crime,Drama,Mystery",43.0,973,7.2
tt2741602,The Blacklist,9,tt16156598,6,"Dr. Roberta Sand, Ph.D. (No. 153)",2021,"Crime,Drama,Mystery",43.0,968,7.3
tt2741602,The Blacklist,9,tt16300980,7,Between Sleep and Awake,2022,"Crime,Drama,Mystery",43.0,1325,6.6
tt2741602,The Blacklist,9,tt16152146,8,Dr. Razmik Maier (No. 168),2022,"Crime,Drama,Mystery",43.0,930,7.2
tt2741602,The Blacklist,9,tt16970602,9,Boukman Baptiste (No. 164),2022,"Crime,Drama,Mystery",43.0,1131,6.7
tt2741602,The Blacklist,9,tt17291296,10,Arcane Wireless (No. 154),2022,"Crime,Drama,Mystery",43.0,883,7.4
tt2741602,The Blacklist,9,tt18285230,11,The Conglomerate (No. 142),2022,"Crime,Drama,Mystery",43.0,869,7.5
tt2741602,The Blacklist,9,tt18412792,12,The Chairman (No. 171),2022,"Crime,Drama,Mystery",43.0,859,7.3
tt2741602,The Blacklist,9,tt18547182,13,Genuine Models Inc. (No. 176),2022,"Crime,Drama,Mystery",43.0,929,6.7
tt2741602,The Blacklist,9,tt18884452,14,Eva Mason (No. 181),2022,"Crime,Drama,Mystery",43.0,869,7.3
tt2741602,The Blacklist,9,tt19071728,15,Andrew Kennison (No. 185),2022,"Crime,Drama,Mystery",43.0,1024,8.1
tt2741602,The Blacklist,9,tt19071734,16,Helen Maghi (No. 172),2022,"Crime,Drama,Mystery",43.0,877,7.7
tt2741602,The Blacklist,9,tt19071738,17,El Conejo (No. 177),2022,"Crime,Drama,Mystery",43.0,869,7.6
tt2741602,The Blacklist,9,tt19071740,18,Laszlo Jankowics (No. 180),2022,"Crime,Drama,Mystery",43.0,862,7.7
tt2741602,The Blacklist,9,tt19432954,19,The Bear Mask,2022,"Crime,Drama,Mystery",43.0,1265,5.4
tt2741602,The Blacklist,9,tt19432956,20,Caelum Bank (No. 169),2022,"Crime,Drama,Mystery",43.0,1027,8.4
tt2741602,The Blacklist,9,tt19432958,21,Marvin Gerard (No. 80): Conclusion Pt. 1,2022,"Crime,Drama,Mystery",43.0,898,8.2
tt2741602,The Blacklist,9,tt19432962,22,Marvin Gerard (No. 80): Conclusion Pt. 2,2022,"Crime,Drama,Mystery",43.0,940,7.9
tt2741602,The Blacklist,10,tt18307976,1,The Night Owl,2023,"Crime,Drama,Mystery",42.0,1077,7.7
tt2741602,The Blacklist,10,tt22466148,2,The Whaler (No. 165),2023,"Crime,Drama,Mystery",42.0,927,7.6
tt2741602,The Blacklist,10,tt26593667,3,The Four Guns (No. 199),2023,"Crime,Drama,Mystery",42.0,898,7.8
tt2741602,The Blacklist,10,tt26593672,4,The Hyena (No. 200),2023,"Crime,Drama,Mystery",42.0,872,7.9
tt2741602,The Blacklist,10,tt26939676,5,The Dockery Affair,2023,"Crime,Drama,Mystery",42.0,761,7.3
tt2741602,The Blacklist,10,tt26941487,6,Dr. Laken Perillos (No. 70): Conclusion,2023,"Crime,Drama,Mystery",42.0,838,7.3
tt2741602,The Blacklist,10,tt26969214,7,The Freelancer (No. 145): Pt. 2,2023,"Crime,Drama,Mystery",42.0,744,7.4
tt2741602,The Blacklist,10,tt27009880,8,The Troll Farmer (No. 38): Pt. 2,2023,"Crime,Drama,Mystery",42.0,744,7.5
tt2741602,The Blacklist,10,tt27010079,9,The Troll Farmer (No. 38): Pt. 3,2023,"Crime,Drama,Mystery",42.0,1158,8.7
tt2741602,The Blacklist,10,tt27010844,10,The Postman (No. 173),2023,"Crime,Drama,Mystery",42.0,692,7.5
tt2741602,The Blacklist,10,tt27125987,11,The Man in the Hat,2023,"Crime,Drama,Mystery",42,757,7.7
tt2741602,The Blacklist,10,tt27495169,12,Dr. Michael Abani (No. 198),2023,"Crime,Drama,Mystery",42,692,7.1
tt2741602,The Blacklist,10,tt27578308,13,The Sicilian Error of Color,2023,"Crime,Drama,Mystery",42,726,7.2
tt2741602,The Blacklist,10,tt27587550,14,The Nowhere Bride (No. 192),2023,"Crime,Drama,Mystery",42,677,7.4
tt2741602,The Blacklist,10,tt27588738,15,The Hat Trick,2023,"Crime,Drama,Mystery",42,659,7.4
tt2741602,The Blacklist,10,tt27588745,16,Blair Foster (No. 39),2023,"Crime,Drama,Mystery",42,687,7.8
tt2741602,The Blacklist,10,tt27588747,17,The Morgana Logistics Corporation (No. 167),2023,"Crime,Drama,Mystery",42,776,8.0
tt2741602,The Blacklist,10,tt27588751,18,Wormwood (No. 182),2023,"Crime,Drama,Mystery",42,734,7.7
tt2741602,The Blacklist,10,tt27588755,19,Room 417,2023,"Crime,Drama,Mystery",42,877,8.4
tt2741602,The Blacklist,10,tt27588761,20,Arthur Hudson,2023,"Crime,Drama,Mystery",42,978,8.7
tt2741602,The Blacklist,10,tt27588764,21,Raymond Reddington (No. 00): Pt. 1,2023,"Crime,Drama,Mystery",42,1148,8.8
tt2741602,The Blacklist,10,tt27588765,22,Raymond Reddington (No. 00): Good Night,2023,"Crime,Drama,Mystery",43,2639,6.6
tt1190634,The Boys,1,tt7775902,1,The Name of the Game,2019,"Action,Comedy,Crime",60.0,23028,8.7
tt1190634,The Boys,1,tt8100946,2,Cherry,2019,"Action,Comedy,Crime",59.0,19309,8.5
tt1190634,The Boys,1,tt8100948,3,Get Some,2019,"Action,Comedy,Crime",54.0,18090,8.3
tt1190634,The Boys,1,tt8100950,4,The Female of the Species,2019,"Action,Comedy,Crime",56.0,18282,8.7
tt1190634,The Boys,1,tt8100952,5,Good for the Soul,2019,"Action,Comedy,Crime",60.0,17503,8.3
tt1190634,The Boys,1,tt8100954,6,The Innocents,2019,"Action,Comedy,Crime",60.0,16595,8.1
tt1190634,The Boys,1,tt8100956,7,The Self-Preservation Society,2019,"Action,Comedy,Crime",56.0,17043,8.7
tt1190634,The Boys,1,tt8100958,8,You Found Me,2019,"Action,Comedy,Crime",66.0,20256,9.1
tt1190634,The Boys,2,tt10666364,1,The Big Ride,2020,"Action,Comedy,Crime",63.0,16648,8.1
tt1190634,The Boys,2,tt11783338,2,Proper Preparation and Planning,2020,"Action,Comedy,Crime",59.0,15942,7.7
tt1190634,The Boys,2,tt11748808,3,Over the Hill with the Swords of a Thousand Men,2020,"Action,Comedy,Crime",58.0,18483,9.0
tt1190634,The Boys,2,tt11563692,4,Nothing Like It in the World,2020,"Action,Comedy,Crime",68.0,15428,8.0
tt1190634,The Boys,2,tt11290880,5,We Gotta Go Now,2020,"Action,Comedy,Crime",60.0,15470,8.3
tt1190634,The Boys,2,tt11997262,6,The Bloody Doors Off,2020,"Action,Comedy,Crime",65.0,17151,8.9
tt1190634,The Boys,2,tt11997264,7,"Butcher, Baker, Candlestick Maker",2020,"Action,Comedy,Crime",54.0,17688,9.0
tt1190634,The Boys,2,tt12187284,8,What I Know,2020,"Action,Comedy,Crime",67.0,24436,9.4
tt1190634,The Boys,3,tt12312450,1,Payback,2022,"Action,Comedy,Crime",61.0,17384,8.3
tt1190634,The Boys,3,tt13609680,2,The Only Man in the Sky,2022,"Action,Comedy,Crime",60.0,17227,8.6
tt1190634,The Boys,3,tt13707622,3,Barbary Coast,2022,"Action,Comedy,Crime",61,15982,8.2
tt1190634,The Boys,3,tt14048850,4,Glorious Five Year Plan,2022,"Action,Comedy,Crime",61.0,18057,8.9
tt1190634,The Boys,3,tt14075350,5,The Last Time to Look on This World of Lies,2022,"Action,Comedy,Crime",61.0,16018,8.3
tt1190634,The Boys,3,tt14143312,6,Herogasm,2022,"Action,Comedy,Crime",61.0,40963,9.6
tt1190634,The Boys,3,tt14246406,7,Here Comes a Candle to Light You to Bed,2022,"Action,Comedy,Crime",65.0,18544,8.8
tt1190634,The Boys,3,tt14268898,8,The Instant White-Hot Wild,2022,"Action,Comedy,Crime",62.0,22394,8.3
tt1190634,The Boys,4,tt21027866,1,Department of Dirty Tricks,2024,"Action,Comedy,Crime",62.0,21826,7.4
tt1190634,The Boys,4,tt28429719,2,Life Among the Septics,2024,"Action,Comedy,Crime",59,19468,7.1
tt1190634,The Boys,4,tt28429720,3,We'll Keep the Red Flag Flying Here,2024,"Action,Comedy,Crime",60,18431,7.5
tt1190634,The Boys,4,tt28429721,4,Wisdom of the Ages,2024,"Action,Comedy,Crime",63,26350,8.9
tt1190634,The Boys,4,tt27507018,5,"Beware the Jabberwock, My Son",2024,"Action,Comedy,Crime",68,18752,8.1
tt1190634,The Boys,4,tt28429722,6,Dirty Business,2024,"Action,Comedy,Crime",65,18848,7.5
tt1190634,The Boys,4,tt28429723,7,The Insider,2024,"Action,Comedy,Crime",64,16562,8.2
tt1190634,The Boys,4,tt26660301,8,Season Four Finale,2024,"Action,Comedy,Crime",65.0,29031,9.1
tt4786824,The Crown,1,tt5483578,1,Wolferton Splash,2016,"Biography,Drama,History",56.0,7369,8.2
tt4786824,The Crown,1,tt5095274,2,Hyde Park Corner,2016,"Biography,Drama,History",61.0,7446,8.9
tt4786824,The Crown,1,tt5242352,3,Windsor,2016,"Biography,Drama,History",59.0,5857,8.1
tt4786824,The Crown,1,tt5170842,4,Act of God,2016,"Biography,Drama,History",57.0,6041,8.6
tt4786824,The Crown,1,tt5242360,5,Smoke and Mirrors,2016,"Biography,Drama,History",55.0,5656,8.5
tt4786824,The Crown,1,tt5242362,6,Gelignite,2016,"Biography,Drama,History",58.0,5203,8.0
tt4786824,The Crown,1,tt5254162,7,Scientia Potentia Est,2016,"Biography,Drama,History",58.0,5570,8.7
tt4786824,The Crown,1,tt5325140,8,Pride & Joy,2016,"Biography,Drama,History",58.0,5121,8.3
tt4786824,The Crown,1,tt5254184,9,Assassins,2016,"Biography,Drama,History",60.0,6341,9.0
tt4786824,The Crown,1,tt5056652,10,Gloriana,2016,"Biography,Drama,History",54.0,5090,8.5
tt4786824,The Crown,2,tt6366744,1,Misadventure,2017,"Biography,Drama,History",56.0,4736,8.1
tt4786824,The Crown,2,tt6758702,2,A Company of Men,2017,"Biography,Drama,History",54.0,4577,8.1
tt4786824,The Crown,2,tt6977316,3,Lisbon,2017,"Biography,Drama,History",56.0,4510,8.3
tt4786824,The Crown,2,tt6955526,4,Beryl,2017,"Biography,Drama,History",60.0,5157,8.5
tt4786824,The Crown,2,tt6718340,5,Marionettes,2017,"Biography,Drama,History",61.0,5166,8.9
tt4786824,The Crown,2,tt6837072,6,Vergangenheit,2017,"Biography,Drama,History",61.0,5592,9.1
tt4786824,The Crown,2,tt6955528,7,Matrimonium,2017,"Biography,Drama,History",60.0,4486,8.1
tt4786824,The Crown,2,tt6410770,8,Dear Mrs. Kennedy,2017,"Biography,Drama,History",57.0,5930,9.1
tt4786824,The Crown,2,tt6410814,9,Paterfamilias,2017,"Biography,Drama,History",60.0,5283,8.7
tt4786824,The Crown,2,tt6955530,10,Mystery Man,2017,"Biography,Drama,History",59.0,4399,8.3
tt4786824,The Crown,3,tt7871786,1,Olding,2019,"Biography,Drama,History",48.0,5261,7.9
tt4786824,The Crown,3,tt8071408,2,Margaretology,2019,"Biography,Drama,History",48.0,4996,8.4
tt4786824,The Crown,3,tt8071414,3,Aberfan,2019,"Biography,Drama,History",55.0,7533,9.3
tt4786824,The Crown,3,tt8071416,4,Bubbikins,2019,"Biography,Drama,History",60.0,5231,8.6
tt4786824,The Crown,3,tt8071420,5,Coup,2019,"Biography,Drama,History",57.0,4513,8.0
tt4786824,The Crown,3,tt8071422,6,Tywysog Cymru,2019,"Biography,Drama,History",56.0,6244,9.1
tt4786824,The Crown,3,tt8071424,7,Moondust,2019,"Biography,Drama,History",56.0,5158,8.1
tt4786824,The Crown,3,tt8071426,8,Dangling Man,2019,"Biography,Drama,History",47.0,4228,8.1
tt4786824,The Crown,3,tt8071428,9,Imbroglio,2019,"Biography,Drama,History",47.0,3898,8.0
tt4786824,The Crown,3,tt8071430,10,Cri de Coeur,2019,"Biography,Drama,History",59.0,4098,8.2
tt4786824,The Crown,4,tt8071438,1,Gold Stick,2020,"Biography,Drama,History",54.0,4671,8.4
tt4786824,The Crown,4,tt9812668,2,The Balmoral Test,2020,"Biography,Drama,History",57,4609,8.6
tt4786824,The Crown,4,tt9812678,3,Fairytale,2020,"Biography,Drama,History",56,4530,8.7
tt4786824,The Crown,4,tt9812682,4,Favourites,2020,"Biography,Drama,History",60,4144,8.2
tt4786824,The Crown,4,tt9812688,5,Fagan,2020,"Biography,Drama,History",52,4470,8.5
tt4786824,The Crown,4,tt9812694,6,Terra Nullius,2020,"Biography,Drama,History",54,4514,8.8
tt4786824,The Crown,4,tt9812706,7,The Hereditary Principle,2020,"Biography,Drama,History",50,4063,8.2
tt4786824,The Crown,4,tt9812712,8,48:1,2020,"Biography,Drama,History",53,3962,8.5
tt4786824,The Crown,4,tt9812724,9,Avalanche,2020,"Biography,Drama,History",49,3703,8.2
tt4786824,The Crown,4,tt8071436,10,War,2020,"Biography,Drama,History",54.0,4066,8.7
tt4786824,The Crown,5,tt11709728,1,Queen Victoria Syndrome,2022,"Biography,Drama,History",55.0,3928,7.4
tt4786824,The Crown,5,tt12696288,2,The System,2022,"Biography,Drama,History",49.0,3352,7.6
tt4786824,The Crown,5,tt12696290,3,Mou Mou,2022,"Biography,Drama,History",52.0,4267,8.4
tt4786824,The Crown,5,tt12696292,4,Annus Horribilis,2022,"Biography,Drama,History",53.0,3304,7.9
tt4786824,The Crown,5,tt12696296,5,The Way Ahead,2022,"Biography,Drama,History",49.0,3072,7.6
tt4786824,The Crown,5,tt12696294,6,Ipatiev House,2022,"Biography,Drama,History",58.0,3211,7.9
tt4786824,The Crown,5,tt12696298,7,No Woman's Land,2022,"Biography,Drama,History",51.0,2843,7.5
tt4786824,The Crown,5,tt12696302,8,Gunpowder,2022,"Biography,Drama,History",55.0,3004,8.2
tt4786824,The Crown,5,tt12696304,9,Couple 31,2022,"Biography,Drama,History",52.0,2804,7.8
tt4786824,The Crown,5,tt12696306,10,Decommissioned,2022,"Biography,Drama,History",51.0,2825,7.3
tt4786824,The Crown,6,tt12690514,1,Persona Non Grata,2023,"Biography,Drama,History",51.0,2858,7.8
tt4786824,The Crown,6,tt12696308,2,Two Photographs,2023,"Biography,Drama,History",39.0,2664,7.8
tt4786824,The Crown,6,tt12696310,3,Dis-Moi Oui,2023,"Biography,Drama,History",56.0,2991,8.1
tt4786824,The Crown,6,tt12696314,4,Aftermath,2023,"Biography,Drama,History",52.0,3206,8.2
tt4786824,The Crown,6,tt12696318,5,Willsmania,2023,"Biography,Drama,History",53.0,2505,7.6
tt4786824,The Crown,6,tt12696320,6,Ruritania,2023,"Biography,Drama,History",48.0,2349,7.4
tt4786824,The Crown,6,tt12696322,7,Alma Mater,2023,"Biography,Drama,History",49.0,2309,7.4
tt4786824,The Crown,6,tt12696340,8,Ritz,2023,"Biography,Drama,History",50.0,3170,8.6
tt4786824,The Crown,6,tt12696344,9,Hope Street,2023,"Biography,Drama,History",52.0,2187,8.0
tt4786824,The Crown,6,tt12696342,10,"Sleep, Dearie Sleep",2023,"Biography,Drama,History",72.0,3716,9.0
tt6257970,The End of the F***ing World,1,tt6857118,1,Episode #1.1,2017,"Adventure,Comedy,Crime",18.0,5321,7.8
tt6257970,The End of the F***ing World,1,tt6916926,2,Episode #1.2,2017,"Adventure,Comedy,Crime",22.0,4631,7.6
tt6257970,The End of the F***ing World,1,tt6916932,3,Episode #1.3,2017,"Adventure,Comedy,Crime",21.0,4935,8.5
tt6257970,The End of the F***ing World,1,tt6916940,4,Episode #1.4,2017,"Adventure,Comedy,Crime",21.0,4225,8.0
tt6257970,The End of the F***ing World,1,tt7054032,5,Episode #1.5,2017,"Adventure,Comedy,Crime",20.0,4143,8.0
tt6257970,The End of the F***ing World,1,tt7155598,6,Episode #1.6,2017,"Adventure,Comedy,Crime",22.0,4108,8.1
tt6257970,The End of the F***ing World,1,tt7027472,7,Episode #1.7,2017,"Adventure,Comedy,Crime",21.0,4046,7.7
tt6257970,The End of the F***ing World,1,tt7155610,8,Episode #1.8,2017,"Adventure,Comedy,Crime",19.0,5027,8.7
tt6257970,The End of the F***ing World,2,tt8880862,1,Episode #2.1,2019,"Adventure,Comedy,Crime",25.0,3510,7.5
tt6257970,The End of the F***ing World,2,tt9574650,2,Episode #2.2,2019,"Adventure,Comedy,Crime",19.0,3250,8.2
tt6257970,The End of the F***ing World,2,tt10540520,3,Episode #2.3,2019,"Adventure,Comedy,Crime",22.0,3104,8.1
tt6257970,The End of the F***ing World,2,tt10540524,4,Episode #2.4,2019,"Adventure,Comedy,Crime",24.0,3081,8.2
tt6257970,The End of the F***ing World,2,tt10540534,5,Episode #2.5,2019,"Adventure,Comedy,Crime",21.0,2943,7.7
tt6257970,The End of the F***ing World,2,tt10540538,6,Episode #2.6,2019,"Adventure,Comedy,Crime",19.0,2938,7.7
tt6257970,The End of the F***ing World,2,tt10540540,7,Episode #2.7,2019,"Adventure,Comedy,Crime",24.0,3864,8.9
tt6257970,The End of the F***ing World,2,tt10540548,8,Episode #2.8,2019,"Adventure,Comedy,Crime",19.0,3694,8.6
tt3107288,The Flash,1,tt3187092,1,Pilot,2014,"Action,Adventure,Drama",44,9807,8.3
tt3107288,The Flash,1,tt3819518,2,Fastest Man Alive,2014,"Action,Adventure,Drama",42.0,7543,8.1
tt3107288,The Flash,1,tt3826166,3,Things You Can't Outrun,2014,"Action,Adventure,Drama",42.0,6849,7.9
tt3107288,The Flash,1,tt3881958,4,Going Rogue,2014,"Action,Adventure,Drama",42,7092,8.4
tt3107288,The Flash,1,tt3887830,5,Plastique,2014,"Action,Adventure,Drama",42,6330,7.9
tt3107288,The Flash,1,tt3920288,6,The Flash Is Born,2014,"Action,Adventure,Drama",42,6291,8.2
tt3107288,The Flash,1,tt3922506,7,Power Outage,2014,"Action,Adventure,Drama",42,6193,8.3
tt3107288,The Flash,1,tt3899320,8,Flash vs. Arrow,2014,"Action,Adventure,Drama",42,9442,9.1
tt3107288,The Flash,1,tt4017786,9,The Man in the Yellow Suit,2014,"Action,Adventure,Drama",44.0,9110,9.2
tt3107288,The Flash,1,tt4016102,10,Revenge of the Rogues,2015,"Action,Adventure,Drama",42.0,6070,8.0
tt3107288,The Flash,1,tt4111294,11,The Sound and the Fury,2015,"Action,Adventure,Drama",42.0,5712,8.0
tt3107288,The Flash,1,tt4105618,12,Crazy for You,2015,"Action,Adventure,Drama",42.0,5865,8.2
tt3107288,The Flash,1,tt4138324,13,The Nuclear Man,2015,"Action,Adventure,Drama",42.0,6003,8.5
tt3107288,The Flash,1,tt4138326,14,Fallout,2015,"Action,Adventure,Drama",42.0,6404,8.7
tt3107288,The Flash,1,tt4138338,15,Out of Time,2015,"Action,Adventure,Drama",42.0,15680,9.6
tt3107288,The Flash,1,tt4138340,16,Rogue Time,2015,"Action,Adventure,Drama",42.0,6117,8.3
tt3107288,The Flash,1,tt4138344,17,Tricksters,2015,"Action,Adventure,Drama",42.0,7323,9.0
tt3107288,The Flash,1,tt4138352,18,All Star Team Up,2015,"Action,Adventure,Drama",42.0,5956,8.1
tt3107288,The Flash,1,tt4138350,19,Who Is Harrison Wells?,2015,"Action,Adventure,Drama",42.0,6718,8.9
tt3107288,The Flash,1,tt4138356,20,The Trap,2015,"Action,Adventure,Drama",42.0,7917,9.3
tt3107288,The Flash,1,tt4138376,21,Grodd Lives,2015,"Action,Adventure,Drama",42.0,6099,8.2
tt3107288,The Flash,1,tt4138378,22,Rogue Air,2015,"Action,Adventure,Drama",42.0,7347,9.0
tt3107288,The Flash,1,tt4146568,23,Fast Enough,2015,"Action,Adventure,Drama",44.0,13480,9.5
tt3107288,The Flash,2,tt4346792,1,The Man Who Saved Central City,2015,"Action,Adventure,Drama",43.0,6466,8.1
tt3107288,The Flash,2,tt4491464,2,Flash of Two Worlds,2015,"Action,Adventure,Drama",42.0,5712,8.5
tt3107288,The Flash,2,tt4696934,3,Family of Rogues,2015,"Action,Adventure,Drama",43.0,5113,8.2
tt3107288,The Flash,2,tt4806004,4,The Fury of Firestorm,2015,"Action,Adventure,Drama",42.0,5050,8.1
tt3107288,The Flash,2,tt4818206,5,The Darkness and the Light,2015,"Action,Adventure,Drama",42.0,5287,8.5
tt3107288,The Flash,2,tt4838244,6,Enter Zoom,2015,"Action,Adventure,Drama",42.0,8143,9.3
tt3107288,The Flash,2,tt4848704,7,Gorilla Warfare,2015,"Action,Adventure,Drama",42.0,4765,8.0
tt3107288,The Flash,2,tt4857182,8,Legends of Today,2015,"Action,Adventure,Drama",43.0,6078,8.9
tt3107288,The Flash,2,tt4859306,9,Running to Stand Still,2015,"Action,Adventure,Drama",42.0,4852,8.4
tt3107288,The Flash,2,tt4859308,10,Potential Energy,2016,"Action,Adventure,Drama",42.0,4684,8.0
tt3107288,The Flash,2,tt4899778,11,The Reverse-Flash Returns,2016,"Action,Adventure,Drama",42.0,5177,8.6
tt3107288,The Flash,2,tt5017986,12,Fast Lane,2016,"Action,Adventure,Drama",42.0,4365,8.0
tt3107288,The Flash,2,tt5028206,13,Welcome to Earth-2,2016,"Action,Adventure,Drama",42.0,6632,9.2
tt3107288,The Flash,2,tt5033248,14,Escape from Earth-2,2016,"Action,Adventure,Drama",41.0,5512,9.0
tt3107288,The Flash,2,tt5046444,15,King Shark,2016,"Action,Adventure,Drama",42.0,4759,8.3
tt3107288,The Flash,2,tt5051372,16,Trajectory,2016,"Action,Adventure,Drama",42.0,4475,8.0
tt3107288,The Flash,2,tt5058402,17,Flash Back,2016,"Action,Adventure,Drama",42.0,5510,8.9
tt3107288,The Flash,2,tt5068324,18,Versus Zoom,2016,"Action,Adventure,Drama",42.0,5318,8.0
tt3107288,The Flash,2,tt5075474,19,Back to Normal,2016,"Action,Adventure,Drama",42.0,4463,7.3
tt3107288,The Flash,2,tt5089420,20,Rupture,2016,"Action,Adventure,Drama",42.0,5472,8.7
tt3107288,The Flash,2,tt5215742,21,The Runaway Dinosaur,2016,"Action,Adventure,Drama",42.0,5556,8.6
tt3107288,The Flash,2,tt5215750,22,Invincible,2016,"Action,Adventure,Drama",42.0,5299,8.8
tt3107288,The Flash,2,tt5215758,23,The Race of His Life,2016,"Action,Adventure,Drama",40.0,6892,9.0
tt3107288,The Flash,3,tt5540400,1,Flashpoint,2016,"Action,Adventure,Drama",42.0,5940,8.3
tt3107288,The Flash,3,tt5584120,2,Paradox,2016,"Action,Adventure,Drama",42.0,4571,8.3
tt3107288,The Flash,3,tt5584124,3,Magenta,2016,"Action,Adventure,Drama",42.0,4108,7.6
tt3107288,The Flash,3,tt5584126,4,The New Rogues,2016,"Action,Adventure,Drama",42.0,3985,8.0
tt3107288,The Flash,3,tt5584128,5,Monster,2016,"Action,Adventure,Drama",42.0,3875,7.4
tt3107288,The Flash,3,tt5584130,6,Shade,2016,"Action,Adventure,Drama",42.0,4109,8.3
tt3107288,The Flash,3,tt5584132,7,Killer Frost,2016,"Action,Adventure,Drama",42.0,4352,8.6
tt3107288,The Flash,3,tt5584134,8,Invasion!,2016,"Action,Adventure,Drama",42.0,5481,9.0
tt3107288,The Flash,3,tt5668410,9,The Present,2016,"Action,Adventure,Drama",41.0,4132,8.7
tt3107288,The Flash,3,tt5668412,10,Borrowing Problems from the Future,2017,"Action,Adventure,Drama",42.0,3580,7.9
tt3107288,The Flash,3,tt5668414,11,Dead or Alive,2017,"Action,Adventure,Drama",42.0,3445,7.8
tt3107288,The Flash,3,tt5668416,12,Untouchable,2017,"Action,Adventure,Drama",42.0,3370,7.7
tt3107288,The Flash,3,tt5668418,13,Attack on Gorilla City,2017,"Action,Adventure,Drama",42.0,3606,7.8
tt3107288,The Flash,3,tt5668420,14,Attack on Central City,2017,"Action,Adventure,Drama",42.0,3422,7.7
tt3107288,The Flash,3,tt5668422,15,The Wrath of Savitar,2017,"Action,Adventure,Drama",42.0,3992,8.5
tt3107288,The Flash,3,tt5668424,16,Into the Speed Force,2017,"Action,Adventure,Drama",42.0,3550,7.8
tt3107288,The Flash,3,tt5668430,17,Duet,2017,"Action,Adventure,Drama",43.0,8618,6.1
tt3107288,The Flash,3,tt5668432,18,Abra Kadabra,2017,"Action,Adventure,Drama",42.0,3603,7.9
tt3107288,The Flash,3,tt5668434,19,The Once and Future Flash,2017,"Action,Adventure,Drama",42.0,4052,8.6
tt3107288,The Flash,3,tt5668438,20,I Know Who You Are,2017,"Action,Adventure,Drama",42.0,4655,8.8
tt3107288,The Flash,3,tt5668440,21,Cause and Effect,2017,"Action,Adventure,Drama",42.0,3589,8.0
tt3107288,The Flash,3,tt5668442,22,Infantino Street,2017,"Action,Adventure,Drama",42.0,4983,9.0
tt3107288,The Flash,3,tt5584138,23,Finish Line,2017,"Action,Adventure,Drama",41.0,5097,7.7
tt3107288,The Flash,4,tt6403450,1,The Flash Reborn,2017,"Action,Adventure,Drama",41.0,4555,7.4
tt3107288,The Flash,4,tt6741582,2,Mixed Signals,2017,"Action,Adventure,Drama",42.0,3682,7.2
tt3107288,The Flash,4,tt6741584,3,Luck Be a Lady,2017,"Action,Adventure,Drama",42.0,3515,7.3
tt3107288,The Flash,4,tt6741588,4,Elongated Journey Into Night,2017,"Action,Adventure,Drama",41.0,3652,8.1
tt3107288,The Flash,4,tt6741590,5,Girls Night Out,2017,"Action,Adventure,Drama",41.0,5104,5.3
tt3107288,The Flash,4,tt6741592,6,When Harry Met Harry...,2017,"Action,Adventure,Drama",42.0,3280,7.1
tt3107288,The Flash,4,tt6741594,7,Therefore I Am,2017,"Action,Adventure,Drama",42.0,3705,8.5
tt3107288,The Flash,4,tt6741598,8,"Crisis on Earth-X, Part 3",2017,"Action,Adventure,Drama",42.0,4398,8.6
tt3107288,The Flash,4,tt6473702,9,Don't Run,2017,"Action,Adventure,Drama",41.0,3581,8.4
tt3107288,The Flash,4,tt6741950,10,The Trial of The Flash,2018,"Action,Adventure,Drama",42.0,3438,8.1
tt3107288,The Flash,4,tt6741954,11,The Elongated Knight Rises,2018,"Action,Adventure,Drama",42.0,3067,7.5
tt3107288,The Flash,4,tt6741956,12,"Honey, I Shrunk Team Flash",2018,"Action,Adventure,Drama",42.0,2996,7.7
tt3107288,The Flash,4,tt6741958,13,True Colors,2018,"Action,Adventure,Drama",42.0,3009,7.9
tt3107288,The Flash,4,tt6741960,14,Subject 9,2018,"Action,Adventure,Drama",42.0,2878,7.2
tt3107288,The Flash,4,tt6741962,15,Enter Flashtime,2018,"Action,Adventure,Drama",41.0,4667,8.9
tt3107288,The Flash,4,tt6741964,16,"Run, Iris, Run",2018,"Action,Adventure,Drama",41.0,4752,5.5
tt3107288,The Flash,4,tt6741966,17,Null and Annoyed,2018,"Action,Adventure,Drama",42.0,2836,6.9
tt3107288,The Flash,4,tt6741968,18,Lose Yourself,2018,"Action,Adventure,Drama",42.0,2995,8.0
tt3107288,The Flash,4,tt6741970,19,Fury Rogue,2018,"Action,Adventure,Drama",42.0,2677,7.4
tt3107288,The Flash,4,tt6741974,20,Therefore She Is,2018,"Action,Adventure,Drama",42.0,2607,7.4
tt3107288,The Flash,4,tt6741976,21,Harry and the Harrisons,2018,"Action,Adventure,Drama",42.0,2746,6.5
tt3107288,The Flash,4,tt6741978,22,Think Fast,2018,"Action,Adventure,Drama",41.0,2710,7.8
tt3107288,The Flash,4,tt6741980,23,We Are the Flash,2018,"Action,Adventure,Drama",42.0,3179,7.7
tt3107288,The Flash,5,tt8227090,1,Nora,2018,"Action,Adventure,Drama",42.0,3593,8.0
tt3107288,The Flash,5,tt8312884,2,Blocked,2018,"Action,Adventure,Drama",42.0,2881,7.5
tt3107288,The Flash,5,tt8312886,3,The Death of Vibe,2018,"Action,Adventure,Drama",42.0,2830,7.9
tt3107288,The Flash,5,tt8312892,4,News Flash,2018,"Action,Adventure,Drama",41.0,2723,7.3
tt3107288,The Flash,5,tt8312894,5,All Doll'd Up,2018,"Action,Adventure,Drama",42.0,2778,7.5
tt3107288,The Flash,5,tt8312888,6,The Icicle Cometh,2018,"Action,Adventure,Drama",42.0,2710,7.5
tt3107288,The Flash,5,tt8312890,7,"O Come, All Ye Thankful",2018,"Action,Adventure,Drama",42.0,2566,7.4
tt3107288,The Flash,5,tt8312898,8,What's Past Is Prologue,2018,"Action,Adventure,Drama",42.0,3782,9.0
tt3107288,The Flash,5,tt8312896,9,"Elseworlds, Part 1",2018,"Action,Adventure,Drama",42.0,3982,9.0
tt3107288,The Flash,5,tt8312902,10,The Flash & the Furious,2019,"Action,Adventure,Drama",42.0,2455,7.1
tt3107288,The Flash,5,tt8312904,11,Seeing Red,2019,"Action,Adventure,Drama",42.0,2385,7.3
tt3107288,The Flash,5,tt8312908,12,Memorabilia,2019,"Action,Adventure,Drama",42.0,2375,7.7
tt3107288,The Flash,5,tt8312900,13,Goldfaced,2019,"Action,Adventure,Drama",42.0,2323,7.4
tt3107288,The Flash,5,tt8312912,14,Cause and XS,2019,"Action,Adventure,Drama",42.0,2549,7.8
tt3107288,The Flash,5,tt8312914,15,King Shark vs. Gorilla Grodd,2019,"Action,Adventure,Drama",41.0,2434,7.8
tt3107288,The Flash,5,tt8312906,16,Failure Is an Orphan,2019,"Action,Adventure,Drama",42.0,2279,7.8
tt3107288,The Flash,5,tt8312918,17,Time Bomb,2019,"Action,Adventure,Drama",42.0,2436,8.1
tt3107288,The Flash,5,tt8312910,18,Godspeed,2019,"Action,Adventure,Drama",42.0,2830,8.3
tt3107288,The Flash,5,tt8312920,19,Snow Pack,2019,"Action,Adventure,Drama",42.0,2265,7.4
tt3107288,The Flash,5,tt8312926,20,Gone Rogue,2019,"Action,Adventure,Drama",42.0,2222,7.0
tt3107288,The Flash,5,tt8312916,21,The Girl with the Red Lightning,2019,"Action,Adventure,Drama",42.0,2220,7.7
tt3107288,The Flash,5,tt8312922,22,Legacy,2019,"Action,Adventure,Drama",42.0,3030,8.6
tt3107288,The Flash,6,tt9695554,1,Into the Void,2019,"Action,Adventure,Drama",42,2714,7.4
tt3107288,The Flash,6,tt10080416,2,A Flash of the Lightning,2019,"Action,Adventure,Drama",42.0,2409,7.7
tt3107288,The Flash,6,tt10080422,3,Dead Man Running,2019,"Action,Adventure,Drama",42.0,2234,7.3
tt3107288,The Flash,6,tt10080424,4,There Will Be Blood,2019,"Action,Adventure,Drama",42.0,2216,7.5
tt3107288,The Flash,6,tt10080428,5,Kiss Kiss Breach Breach,2019,"Action,Adventure,Drama",42.0,2178,7.3
tt3107288,The Flash,6,tt10080430,6,License to Elongate,2019,"Action,Adventure,Drama",42.0,2226,7.3
tt3107288,The Flash,6,tt10080432,7,"The Last Temptation of Barry Allen, Pt. 1",2019,"Action,Adventure,Drama",42.0,2700,8.4
tt3107288,The Flash,6,tt10080434,8,"The Last Temptation of Barry Allen, Pt. 2",2019,"Action,Adventure,Drama",42.0,2281,7.8
tt3107288,The Flash,6,tt9641254,9,Crisis on Infinite Earths: Part Three,2019,"Action,Adventure,Drama",42.0,3624,8.8
tt3107288,The Flash,6,tt10080436,10,Marathon,2020,"Action,Adventure,Drama",42.0,1992,6.8
tt3107288,The Flash,6,tt10524434,11,Love Is a Battlefield,2020,"Action,Adventure,Drama",42.0,2488,4.9
tt3107288,The Flash,6,tt11357176,12,A Girl Named Sue,2020,"Action,Adventure,Drama",42.0,1907,7.0
tt3107288,The Flash,6,tt11357184,13,Grodd Friended Me,2020,"Action,Adventure,Drama",42.0,1903,7.5
tt3107288,The Flash,6,tt11715154,14,Death of the Speed Force,2020,"Action,Adventure,Drama",42.0,1935,7.8
tt3107288,The Flash,6,tt11665838,15,The Exorcism of Nash Wells,2020,"Action,Adventure,Drama",42,1807,7.6
tt3107288,The Flash,6,tt11568512,16,So Long and Goodnight,2020,"Action,Adventure,Drama",42,1842,6.6
tt3107288,The Flash,6,tt11858982,17,Liberation,2020,"Action,Adventure,Drama",42,1852,7.5
tt3107288,The Flash,6,tt11858990,18,Pay the Piper,2020,"Action,Adventure,Drama",41,1769,7.1
tt3107288,The Flash,6,tt11858994,19,Success Is Assured,2020,"Action,Adventure,Drama",42,1952,6.6
tt3107288,The Flash,7,tt11859040,1,All's Wells That Ends Wells,2021,"Action,Adventure,Drama",42,2512,7.1
tt3107288,The Flash,7,tt13574156,2,The Speed of Thought,2021,"Action,Adventure,Drama",42.0,2582,8.2
tt3107288,The Flash,7,tt13574164,3,Mother,2021,"Action,Adventure,Drama",42.0,2453,5.4
tt3107288,The Flash,7,tt13574170,4,Central City Strong,2021,"Action,Adventure,Drama",42.0,2020,6.3
tt3107288,The Flash,7,tt13574178,5,Fear Me,2021,"Action,Adventure,Drama",42.0,1919,7.1
tt3107288,The Flash,7,tt14270746,6,The One with the Nineties,2021,"Action,Adventure,Drama",42.0,1948,6.5
tt3107288,The Flash,7,tt14270750,7,Growing Pains,2021,"Action,Adventure,Drama",42.0,1752,6.8
tt3107288,The Flash,7,tt14270760,8,The People V. Killer Frost,2021,"Action,Adventure,Drama",42.0,1881,7.1
tt3107288,The Flash,7,tt14270764,9,Timeless,2021,"Action,Adventure,Drama",42.0,1796,5.7
tt3107288,The Flash,7,tt14270768,10,"Family Matters, Part 1",2021,"Action,Adventure,Drama",42.0,1718,5.9
tt3107288,The Flash,7,tt14270780,11,"Family Matters, Part 2",2021,"Action,Adventure,Drama",42.0,1821,5.7
tt3107288,The Flash,7,tt14270786,12,Good-Bye Vibrations,2021,"Action,Adventure,Drama",42.0,1744,7.0
tt3107288,The Flash,7,tt14270788,13,Masquerade,2021,"Action,Adventure,Drama",42.0,1582,6.1
tt3107288,The Flash,7,tt14270790,14,Rayo de Luz,2021,"Action,Adventure,Drama",42.0,1868,4.8
tt3107288,The Flash,7,tt14270794,15,Enemy at the Gates,2021,"Action,Adventure,Drama",42.0,1595,7.1
tt3107288,The Flash,7,tt14270798,16,P.O.W.,2021,"Action,Adventure,Drama",42.0,1540,7.2
tt3107288,The Flash,7,tt14270804,17,"Heart of the Matter, Part 1",2021,"Action,Adventure,Drama",42.0,1639,7.3
tt3107288,The Flash,7,tt14257844,18,"Heart of the Matter, Part 2",2021,"Action,Adventure,Drama",42.0,1876,7.0
tt3107288,The Flash,8,tt13977196,1,"Armageddon, Part 1",2021,"Action,Adventure,Drama",42.0,1932,7.1
tt3107288,The Flash,8,tt13977604,2,"Armageddon, Part 2",2021,"Action,Adventure,Drama",42.0,1817,7.6
tt3107288,The Flash,8,tt14677076,3,"Armageddon, Part 3",2021,"Action,Adventure,Drama",42.0,1670,7.5
tt3107288,The Flash,8,tt14677082,4,"Armageddon, Part 4",2021,"Action,Adventure,Drama",42.0,1775,7.8
tt3107288,The Flash,8,tt14677086,5,"Armageddon, Part 5",2021,"Action,Adventure,Drama",42.0,1578,7.0
tt3107288,The Flash,8,tt14677088,6,Impulsive Excessive Disorder,2022,"Action,Adventure,Drama",42.0,1502,6.4
tt3107288,The Flash,8,tt14677092,7,Lockdown,2022,"Action,Adventure,Drama",42.0,1286,6.6
tt3107288,The Flash,8,tt14677094,8,The Fire Next Time,2022,"Action,Adventure,Drama",42.0,1311,6.7
tt3107288,The Flash,8,tt14677096,9,Phantoms,2022,"Action,Adventure,Drama",42.0,1203,6.3
tt3107288,The Flash,8,tt14677100,10,Reckless,2022,"Action,Adventure,Drama",42.0,1181,6.3
tt3107288,The Flash,8,tt14677104,11,Resurrection,2022,"Action,Adventure,Drama",,1285,7.0
tt3107288,The Flash,8,tt14677106,12,Death Rises,2022,"Action,Adventure,Drama",,1232,6.9
tt3107288,The Flash,8,tt14677108,13,Death Falls,2022,"Action,Adventure,Drama",,1214,7.1
tt3107288,The Flash,8,tt14677114,14,Funeral for a Friend,2022,"Action,Adventure,Drama",,1193,6.1
tt3107288,The Flash,8,tt16274476,15,Into the Still Force,2022,"Action,Adventure,Drama",,1117,6.4
tt3107288,The Flash,8,tt16274480,16,The Curious Case of Bartholomew Allen,2022,"Action,Adventure,Drama",,1181,6.8
tt3107288,The Flash,8,tt16274484,17,Keep It Dark,2022,"Action,Adventure,Drama",,1160,6.1
tt3107288,The Flash,8,tt16274490,18,The Man in the Yellow Tie,2022,"Action,Adventure,Drama",,1257,7.5
tt3107288,The Flash,8,tt19712346,19,"Negative, Part One",2022,"Action,Adventure,Drama",,1221,7.5
tt3107288,The Flash,8,tt19712348,20,"Negative, Part Two",2022,"Action,Adventure,Drama",,1230,6.6
tt3107288,The Flash,9,tt18967140,1,Wednesday Ever After,2023,"Action,Adventure,Drama",,1700,6.8
tt3107288,The Flash,9,tt21443394,2,Hear No Evil,2023,"Action,Adventure,Drama",,1463,5.6
tt3107288,The Flash,9,tt21443396,3,Rogues of War,2023,"Action,Adventure,Drama",,1433,6.0
tt3107288,The Flash,9,tt21443398,4,"The Mask of the Red Death, Part 1",2023,"Action,Adventure,Drama",,1399,5.9
tt3107288,The Flash,9,tt21443400,5,"The Mask of the Red Death, Part 2",2023,"Action,Adventure,Drama",,1374,5.7
tt3107288,The Flash,9,tt21443402,6,"The Good, the Bad and the Lucky",2023,"Action,Adventure,Drama",,1771,3.9
tt3107288,The Flash,9,tt21443406,7,Wildest Dreams,2023,"Action,Adventure,Drama",,1502,4.7
tt3107288,The Flash,9,tt21443408,8,Partners in Time,2023,"Action,Adventure,Drama",,1309,5.5
tt3107288,The Flash,9,tt21443410,9,It's My Party and I'll Die If I Want To,2023,"Action,Adventure,Drama",,2276,8.5
tt3107288,The Flash,9,tt21443412,10,"A New World, Part 1: Reunions",2023,"Action,Adventure,Drama",,2267,8.6
tt3107288,The Flash,9,tt21443414,11,"A New World, Part 2: The Blues",2023,"Action,Adventure,Drama",,1397,6.4
tt3107288,The Flash,9,tt21443416,12,"A New World, Part 3: Changes",2023,"Action,Adventure,Drama",,1336,6.4
tt3107288,The Flash,9,tt21443418,13,"A New World, Part 4: Finale",2023,"Action,Adventure,Drama",,2562,5.3
tt4955642,The Good Place,1,tt5789204,1,Everything Is Fine,2016,"Comedy,Drama,Fantasy",22.0,4700,7.9
tt4955642,The Good Place,1,tt5789208,2,Flying,2016,"Comedy,Drama,Fantasy",21.0,4098,7.4
tt4955642,The Good Place,1,tt5789214,3,Tahani Al-Jamil,2016,"Comedy,Drama,Fantasy",22.0,3898,7.8
tt4955642,The Good Place,1,tt5789216,4,Jason Mendoza,2016,"Comedy,Drama,Fantasy",21.0,3719,7.6
tt4955642,The Good Place,1,tt5881470,5,Category 55 Emergency Doomsday Crisis,2016,"Comedy,Drama,Fantasy",22.0,3584,7.8
tt4955642,The Good Place,1,tt5884078,6,What We Owe to Each Other,2016,"Comedy,Drama,Fantasy",22.0,3504,7.7
tt4955642,The Good Place,1,tt5845746,7,The Eternal Shriek,2016,"Comedy,Drama,Fantasy",22.0,3537,8.1
tt4955642,The Good Place,1,tt5845750,8,Most Improved Player,2016,"Comedy,Drama,Fantasy",22.0,3509,8.3
tt4955642,The Good Place,1,tt5884080,9,...Someone Like Me as a Member,2016,"Comedy,Drama,Fantasy",22.0,3334,7.9
tt4955642,The Good Place,1,tt5884086,10,Chidi's Choice,2017,"Comedy,Drama,Fantasy",22.0,3353,8.1
tt4955642,The Good Place,1,tt5884088,11,What's My Motivation,2017,"Comedy,Drama,Fantasy",22.0,3238,8.0
tt4955642,The Good Place,1,tt5884092,12,Mindy St. Claire,2017,"Comedy,Drama,Fantasy",22.0,3431,8.2
tt4955642,The Good Place,1,tt5878604,13,Michael's Gambit,2017,"Comedy,Drama,Fantasy",22.0,5972,9.3
tt4955642,The Good Place,2,tt6487100,1,Everything Is Great!,2017,"Comedy,Drama,Fantasy",43.0,3573,8.4
tt4955642,The Good Place,2,tt6949036,2,Dance Dance Resolution,2017,"Comedy,Drama,Fantasy",22.0,3404,8.5
tt4955642,The Good Place,2,tt7065442,3,Team Cockroach,2017,"Comedy,Drama,Fantasy",22.0,3061,7.9
tt4955642,The Good Place,2,tt6920110,4,Existential Crisis,2017,"Comedy,Drama,Fantasy",22.0,3061,7.8
tt4955642,The Good Place,2,tt6951978,5,The Trolley Problem,2017,"Comedy,Drama,Fantasy",22.0,3382,8.5
tt4955642,The Good Place,2,tt7065450,6,Janet and Michael,2017,"Comedy,Drama,Fantasy",22.0,3042,8.0
tt4955642,The Good Place,2,tt7065460,7,Derek,2017,"Comedy,Drama,Fantasy",22.0,2953,7.7
tt4955642,The Good Place,2,tt7058830,8,Leap to Faith,2018,"Comedy,Drama,Fantasy",22.0,3059,8.4
tt4955642,The Good Place,2,tt7064332,9,Best Self,2018,"Comedy,Drama,Fantasy",22.0,2980,8.3
tt4955642,The Good Place,2,tt7065470,10,"Rhonda, Diana, Jake, and Trent",2018,"Comedy,Drama,Fantasy",22.0,3367,8.8
tt4955642,The Good Place,2,tt7065476,11,The Burrito,2018,"Comedy,Drama,Fantasy",22.0,3244,8.7
tt4955642,The Good Place,2,tt7065490,12,Somewhere Else,2018,"Comedy,Drama,Fantasy",22.0,3490,8.8
tt4955642,The Good Place,3,tt7664192,1,Everything Is Bonzer!,2018,"Comedy,Drama,Fantasy",43.0,2963,8.1
tt4955642,The Good Place,3,tt8601200,2,The Brainy Bunch,2018,"Comedy,Drama,Fantasy",22.0,2682,7.6
tt4955642,The Good Place,3,tt8601206,3,The Snowplow,2018,"Comedy,Drama,Fantasy",22.0,2652,7.5
tt4955642,The Good Place,3,tt8601210,4,Jeremy Bearimy,2018,"Comedy,Drama,Fantasy",22.0,2838,8.2
tt4955642,The Good Place,3,tt8534442,5,The Ballad of Donkey Doug,2018,"Comedy,Drama,Fantasy",22.0,2617,7.4
tt4955642,The Good Place,3,tt8564998,6,A Fractured Inheritance,2018,"Comedy,Drama,Fantasy",22.0,2609,7.7
tt4955642,The Good Place,3,tt8488908,7,The Worst Possible Use of Free Will,2018,"Comedy,Drama,Fantasy",22.0,2543,8.0
tt4955642,The Good Place,3,tt8601212,8,Don't Let the Good Life Pass You By,2018,"Comedy,Drama,Fantasy",22.0,2546,8.1
tt4955642,The Good Place,3,tt8578788,9,Janet(s),2018,"Comedy,Drama,Fantasy",22.0,3636,9.0
tt4955642,The Good Place,3,tt8601222,10,The Book of Dougs,2019,"Comedy,Drama,Fantasy",22.0,2424,7.9
tt4955642,The Good Place,3,tt8601216,11,Chidi Sees the Time-Knife,2019,"Comedy,Drama,Fantasy",22.0,2450,8.1
tt4955642,The Good Place,3,tt7853310,12,Pandemonium,2019,"Comedy,Drama,Fantasy",22.0,2782,8.5
tt4955642,The Good Place,4,tt9382678,1,A Girl from Arizona,2019,"Comedy,Drama,Fantasy",23.0,2499,7.5
tt4955642,The Good Place,4,tt10337782,2,A Girl from Arizona Part 2,2019,"Comedy,Drama,Fantasy",22.0,2340,7.7
tt4955642,The Good Place,4,tt10337786,3,Chillaxing,2019,"Comedy,Drama,Fantasy",22.0,2291,7.4
tt4955642,The Good Place,4,tt10337788,4,"Tinker, Tailor, Demon, Spy",2019,"Comedy,Drama,Fantasy",22.0,2350,8.0
tt4955642,The Good Place,4,tt10337778,5,Employee of the Bearimy,2019,"Comedy,Drama,Fantasy",22.0,2245,7.7
tt4955642,The Good Place,4,tt11028782,6,A Chip Driver Mystery,2019,"Comedy,Drama,Fantasy",22.0,2295,7.3
tt4955642,The Good Place,4,tt11028790,7,Help Is Other People,2019,"Comedy,Drama,Fantasy",22.0,2343,8.2
tt4955642,The Good Place,4,tt11028798,8,The Funeral to End All Funerals,2019,"Comedy,Drama,Fantasy",22.0,2404,8.4
tt4955642,The Good Place,4,tt10547784,9,The Answer,2019,"Comedy,Drama,Fantasy",21.0,2774,8.6
tt4955642,The Good Place,4,tt11046796,10,"You've Changed, Man",2020,"Comedy,Drama,Fantasy",21.0,2270,8.0
tt4955642,The Good Place,4,tt10680456,11,"Mondays, Am I Right?",2020,"Comedy,Drama,Fantasy",21.0,2197,7.7
tt4955642,The Good Place,4,tt11046830,12,Patty,2020,"Comedy,Drama,Fantasy",22.0,2557,8.5
tt4955642,The Good Place,4,tt10703532,13,Whenever You're Ready,2020,"Comedy,Drama,Fantasy",53.0,6958,9.6
tt5834204,The Handmaid's Tale,1,tt5931646,1,Offred,2017,"Drama,Sci-Fi,Thriller",57.0,7159,8.2
tt5834204,The Handmaid's Tale,1,tt5931648,2,Birth Day,2017,"Drama,Sci-Fi,Thriller",47.0,5828,8.1
tt5834204,The Handmaid's Tale,1,tt5931652,3,Late,2017,"Drama,Sci-Fi,Thriller",53.0,5817,8.6
tt5834204,The Handmaid's Tale,1,tt5937294,4,Nolite Te Bastardes Carborundorum,2017,"Drama,Sci-Fi,Thriller",53.0,5184,8.1
tt5834204,The Handmaid's Tale,1,tt5941434,5,Faithful,2017,"Drama,Sci-Fi,Thriller",53.0,4975,8.1
tt5834204,The Handmaid's Tale,1,tt5943926,6,A Woman's Place,2017,"Drama,Sci-Fi,Thriller",55.0,5277,8.7
tt5834204,The Handmaid's Tale,1,tt5943928,7,The Other Side,2017,"Drama,Sci-Fi,Thriller",47.0,4922,7.9
tt5834204,The Handmaid's Tale,1,tt5943930,8,Jezebels,2017,"Drama,Sci-Fi,Thriller",50.0,4602,8.0
tt5834204,The Handmaid's Tale,1,tt5943932,9,The Bridge,2017,"Drama,Sci-Fi,Thriller",50.0,4731,8.6
tt5834204,The Handmaid's Tale,1,tt5931656,10,Night,2017,"Drama,Sci-Fi,Thriller",60.0,5829,9.0
tt5834204,The Handmaid's Tale,2,tt6849500,1,June,2018,"Drama,Sci-Fi,Thriller",56.0,5281,8.8
tt5834204,The Handmaid's Tale,2,tt7435238,2,Unwomen,2018,"Drama,Sci-Fi,Thriller",55.0,4607,8.2
tt5834204,The Handmaid's Tale,2,tt7435240,3,Baggage,2018,"Drama,Sci-Fi,Thriller",58.0,4205,7.9
tt5834204,The Handmaid's Tale,2,tt7435244,4,Other Women,2018,"Drama,Sci-Fi,Thriller",54.0,3880,7.9
tt5834204,The Handmaid's Tale,2,tt7435246,5,Seeds,2018,"Drama,Sci-Fi,Thriller",52.0,3818,8.0
tt5834204,The Handmaid's Tale,2,tt7435248,6,First Blood,2018,"Drama,Sci-Fi,Thriller",58.0,4481,8.8
tt5834204,The Handmaid's Tale,2,tt7435250,7,After,2018,"Drama,Sci-Fi,Thriller",55.0,3777,8.2
tt5834204,The Handmaid's Tale,2,tt7435252,8,Women's Work,2018,"Drama,Sci-Fi,Thriller",52.0,4176,8.7
tt5834204,The Handmaid's Tale,2,tt7435254,9,Smart Power,2018,"Drama,Sci-Fi,Thriller",57.0,4370,8.9
tt5834204,The Handmaid's Tale,2,tt7435256,10,The Last Ceremony,2018,"Drama,Sci-Fi,Thriller",55.0,4772,9.0
tt5834204,The Handmaid's Tale,2,tt7435258,11,Holly,2018,"Drama,Sci-Fi,Thriller",48.0,4330,8.3
tt5834204,The Handmaid's Tale,2,tt7435260,12,Postpartum,2018,"Drama,Sci-Fi,Thriller",54.0,3691,8.3
tt5834204,The Handmaid's Tale,2,tt7435264,13,The Word,2018,"Drama,Sci-Fi,Thriller",63.0,4996,8.5
tt5834204,The Handmaid's Tale,3,tt8363118,1,Night,2019,"Drama,Sci-Fi,Thriller",49.0,4407,8.3
tt5834204,The Handmaid's Tale,3,tt9364446,2,Mary and Martha,2019,"Drama,Sci-Fi,Thriller",51.0,3764,7.7
tt5834204,The Handmaid's Tale,3,tt9364456,3,Useful,2019,"Drama,Sci-Fi,Thriller",50.0,3819,8.0
tt5834204,The Handmaid's Tale,3,tt9364002,4,God Bless the Child,2019,"Drama,Sci-Fi,Thriller",50.0,3510,7.9
tt5834204,The Handmaid's Tale,3,tt9399406,5,Unknown Caller,2019,"Drama,Sci-Fi,Thriller",49.0,3767,8.4
tt5834204,The Handmaid's Tale,3,tt9399412,6,Household,2019,"Drama,Sci-Fi,Thriller",55.0,3887,8.1
tt5834204,The Handmaid's Tale,3,tt9471724,7,Under His Eye,2019,"Drama,Sci-Fi,Thriller",45.0,3479,7.3
tt5834204,The Handmaid's Tale,3,tt9471726,8,Unfit,2019,"Drama,Sci-Fi,Thriller",46.0,3685,7.6
tt5834204,The Handmaid's Tale,3,tt9471728,9,Heroic,2019,"Drama,Sci-Fi,Thriller",48.0,5235,6.4
tt5834204,The Handmaid's Tale,3,tt9471720,10,Witness,2019,"Drama,Sci-Fi,Thriller",51.0,3444,8.1
tt5834204,The Handmaid's Tale,3,tt9754680,11,Liars,2019,"Drama,Sci-Fi,Thriller",52,5740,9.2
tt5834204,The Handmaid's Tale,3,tt9754688,12,Sacrifice,2019,"Drama,Sci-Fi,Thriller",46,3251,8.2
tt5834204,The Handmaid's Tale,3,tt9754692,13,Mayday,2019,"Drama,Sci-Fi,Thriller",65,6452,9.3
tt5834204,The Handmaid's Tale,4,tt10701478,1,Pigs,2021,"Drama,Sci-Fi,Thriller",54.0,3274,7.8
tt5834204,The Handmaid's Tale,4,tt11563890,2,Nightshade,2021,"Drama,Sci-Fi,Thriller",48.0,2904,7.9
tt5834204,The Handmaid's Tale,4,tt11563892,3,The Crossing,2021,"Drama,Sci-Fi,Thriller",62.0,3931,8.4
tt5834204,The Handmaid's Tale,4,tt11563894,4,Milk,2021,"Drama,Sci-Fi,Thriller",47.0,2893,7.7
tt5834204,The Handmaid's Tale,4,tt11563896,5,Chicago,2021,"Drama,Sci-Fi,Thriller",45.0,2919,7.9
tt5834204,The Handmaid's Tale,4,tt11563900,6,Vows,2021,"Drama,Sci-Fi,Thriller",41.0,3038,7.5
tt5834204,The Handmaid's Tale,4,tt11563902,7,Home,2021,"Drama,Sci-Fi,Thriller",47.0,3055,8.5
tt5834204,The Handmaid's Tale,4,tt11563906,8,Testimony,2021,"Drama,Sci-Fi,Thriller",57.0,2682,8.3
tt5834204,The Handmaid's Tale,4,tt11563910,9,Progress,2021,"Drama,Sci-Fi,Thriller",52.0,2513,8.0
tt5834204,The Handmaid's Tale,4,tt11563912,10,The Wilderness,2021,"Drama,Sci-Fi,Thriller",58.0,4113,8.6
tt5834204,The Handmaid's Tale,5,tt13672174,1,Morning,2022,"Drama,Sci-Fi,Thriller",54,2367,7.1
tt5834204,The Handmaid's Tale,5,tt17676896,2,Ballet,2022,"Drama,Sci-Fi,Thriller",55.0,2436,8.1
tt5834204,The Handmaid's Tale,5,tt17676904,3,Border,2022,"Drama,Sci-Fi,Thriller",47.0,1858,7.4
tt5834204,The Handmaid's Tale,5,tt17676900,4,Dear Offred,2022,"Drama,Sci-Fi,Thriller",45.0,1824,7.1
tt5834204,The Handmaid's Tale,5,tt17676906,5,Fairytale,2022,"Drama,Sci-Fi,Thriller",42.0,1790,7.2
tt5834204,The Handmaid's Tale,5,tt17676910,6,Together,2022,"Drama,Sci-Fi,Thriller",51.0,2252,8.5
tt5834204,The Handmaid's Tale,5,tt17676914,7,No Man's Land,2022,"Drama,Sci-Fi,Thriller",44.0,2411,8.6
tt5834204,The Handmaid's Tale,5,tt17676892,8,Motherland,2022,"Drama,Sci-Fi,Thriller",50.0,1764,8.0
tt5834204,The Handmaid's Tale,5,tt17676888,9,Allegiance,2022,"Drama,Sci-Fi,Thriller",45.0,1595,7.6
tt5834204,The Handmaid's Tale,5,tt17676886,10,Safe,2022,"Drama,Sci-Fi,Thriller",54.0,2259,8.4
tt3581920,The Last of Us,1,tt11957006,1,When You're Lost in the Darkness,2023,"Action,Adventure,Drama",81.0,112527,9.1
tt3581920,The Last of Us,1,tt14500884,2,Infected,2023,"Action,Adventure,Drama",53.0,103374,9.1
tt3581920,The Last of Us,1,tt14500888,3,"Long, Long Time",2023,"Action,Adventure,Drama",76.0,229101,8.1
tt3581920,The Last of Us,1,tt14500890,4,Please Hold to My Hand,2023,"Action,Adventure,Drama",45.0,70051,8.3
tt3581920,The Last of Us,1,tt14659486,5,Endure and Survive,2023,"Action,Adventure,Drama",59.0,80326,9.4
tt3581920,The Last of Us,1,tt14659496,6,Kin,2023,"Action,Adventure,Drama",59.0,58649,8.8
tt3581920,The Last of Us,1,tt15747172,7,Left Behind,2023,"Action,Adventure,Drama",55.0,69388,7.4
tt3581920,The Last of Us,1,tt15747176,8,When We Are in Need,2023,"Action,Adventure,Drama",50.0,59503,9.3
tt3581920,The Last of Us,1,tt15747178,9,Look for the Light,2023,"Action,Adventure,Drama",43.0,46015,9.0
tt7631058,The Lord of the Rings: The Rings of Power,1,tt9788618,1,A Shadow of the Past,2022,"Action,Adventure,Drama",65,61248,7.3
tt7631058,The Lord of the Rings: The Rings of Power,1,tt10582302,2,Adrift,2022,"Action,Adventure,Drama",67.0,56481,7.3
tt7631058,The Lord of the Rings: The Rings of Power,1,tt11609034,3,Adar,2022,"Action,Adventure,Drama",69,43653,7.2
tt7631058,The Lord of the Rings: The Rings of Power,1,tt11609038,4,The Great Wave,2022,"Action,Adventure,Drama",71,37639,7.0
tt7631058,The Lord of the Rings: The Rings of Power,1,tt11609040,5,Partings,2022,"Action,Adventure,Drama",72,34399,6.7
tt7631058,The Lord of the Rings: The Rings of Power,1,tt11609042,6,Udûn,2022,"Action,Adventure,Drama",69,43523,8.1
tt7631058,The Lord of the Rings: The Rings of Power,1,tt11609046,7,The Eye,2022,"Action,Adventure,Drama",72,32778,6.6
tt7631058,The Lord of the Rings: The Rings of Power,1,tt11609048,8,Alloyed,2022,"Action,Adventure,Drama",72,36214,7.7
tt7631058,The Lord of the Rings: The Rings of Power,2,tt13580784,1,Elven Kings Under the Sky,2024,"Action,Adventure,Drama",76.0,22190,7.2
tt7631058,The Lord of the Rings: The Rings of Power,2,tt27580486,2,Where the Stars are Strange,2024,"Action,Adventure,Drama",62,19929,7.0
tt7631058,The Lord of the Rings: The Rings of Power,2,tt27580490,3,The Eagle and the Sceptre,2024,"Action,Adventure,Drama",66,19772,6.4
tt7631058,The Lord of the Rings: The Rings of Power,2,tt27580491,4,Eldest,2024,"Action,Adventure,Drama",65,18436,6.8
tt7631058,The Lord of the Rings: The Rings of Power,2,tt27580494,5,Halls of Stone,2024,"Action,Adventure,Drama",61,17226,7.3
tt7631058,The Lord of the Rings: The Rings of Power,2,tt27580495,6,Where Is He?,2024,"Action,Adventure,Drama",63,15846,7.1
tt7631058,The Lord of the Rings: The Rings of Power,2,tt27580496,7,Doomed to Die,2024,"Action,Adventure,Drama",72,21553,7.8
tt7631058,The Lord of the Rings: The Rings of Power,2,tt27580497,8,Shadow and Flame,2024,"Action,Adventure,Drama",73,17219,7.7
tt8111088,The Mandalorian,1,tt9095424,1,Chapter 1: The Mandalorian,2019,"Action,Adventure,Fantasy",39.0,35635,8.6
tt8111088,The Mandalorian,1,tt9121530,2,Chapter 2: The Child,2019,"Action,Adventure,Fantasy",31.0,31747,8.5
tt8111088,The Mandalorian,1,tt9121534,3,Chapter 3: The Sin,2019,"Action,Adventure,Fantasy",37.0,31699,8.9
tt8111088,The Mandalorian,1,tt9121536,4,Chapter 4: Sanctuary,2019,"Action,Adventure,Fantasy",41.0,29914,7.7
tt8111088,The Mandalorian,1,tt9121538,5,Chapter 5: The Gunslinger,2019,"Action,Adventure,Fantasy",35.0,26778,7.5
tt8111088,The Mandalorian,1,tt9121542,6,Chapter 6: The Prisoner,2019,"Action,Adventure,Fantasy",43.0,28087,8.3
tt8111088,The Mandalorian,1,tt9121544,7,Chapter 7: The Reckoning,2019,"Action,Adventure,Fantasy",41.0,27172,9.0
tt8111088,The Mandalorian,1,tt9121546,8,Chapter 8: Redemption,2019,"Action,Adventure,Fantasy",48.0,29717,9.2
tt8111088,The Mandalorian,2,tt11150494,1,Chapter 9: The Marshal,2020,"Action,Adventure,Fantasy",52.0,29718,8.8
tt8111088,The Mandalorian,2,tt12981670,2,Chapter 10: The Passenger,2020,"Action,Adventure,Fantasy",40.0,25870,7.8
tt8111088,The Mandalorian,2,tt12981672,3,Chapter 11: The Heiress,2020,"Action,Adventure,Fantasy",35.0,25653,8.7
tt8111088,The Mandalorian,2,tt12981674,4,Chapter 12: The Siege,2020,"Action,Adventure,Fantasy",37.0,23421,8.3
tt8111088,The Mandalorian,2,tt13052856,5,Chapter 13: The Jedi,2020,"Action,Adventure,Fantasy",45.0,34924,9.3
tt8111088,The Mandalorian,2,tt13052868,6,Chapter 14: The Tragedy,2020,"Action,Adventure,Fantasy",32.0,27148,9.1
tt8111088,The Mandalorian,2,tt13052876,7,Chapter 15: The Believer,2020,"Action,Adventure,Fantasy",38.0,24520,8.9
tt8111088,The Mandalorian,2,tt13052880,8,Chapter 16: The Rescue,2020,"Action,Adventure,Fantasy",44.0,63483,9.8
tt8111088,The Mandalorian,3,tt12187072,1,Chapter 17: The Apostate,2023,"Action,Adventure,Fantasy",35.0,20616,7.4
tt8111088,The Mandalorian,3,tt13439668,2,Chapter 18: The Mines of Mandalore,2023,"Action,Adventure,Fantasy",42.0,19109,8.2
tt8111088,The Mandalorian,3,tt13665846,3,Chapter 19: The Convert,2023,"Action,Adventure,Fantasy",56,19681,7.0
tt8111088,The Mandalorian,3,tt13669018,4,Chapter 20: The Foundling,2023,"Action,Adventure,Fantasy",31,16465,7.6
tt8111088,The Mandalorian,3,tt13801574,5,Chapter 21: The Pirate,2023,"Action,Adventure,Fantasy",41.0,16228,8.1
tt8111088,The Mandalorian,3,tt13801578,6,Chapter 22: Guns for Hire,2023,"Action,Adventure,Fantasy",45.0,21584,6.4
tt8111088,The Mandalorian,3,tt13820580,7,Chapter 23: The Spies,2023,"Action,Adventure,Fantasy",51.0,18149,8.7
tt8111088,The Mandalorian,3,tt13820582,8,Chapter 24: The Return,2023,"Action,Adventure,Fantasy",39.0,16678,8.4
tt1196946,The Mentalist,1,tt1256258,1,Pilot,2008,"Crime,Drama,Mystery",45.0,3177,8.2
tt1196946,The Mentalist,1,tt1256263,2,Red Hair and Silver Tape,2008,"Crime,Drama,Mystery",44.0,2390,7.9
tt1196946,The Mentalist,1,tt1256265,3,Red Tide,2008,"Crime,Drama,Mystery",44.0,2173,7.6
tt1196946,The Mentalist,1,tt1256264,4,Ladies in Red,2008,"Crime,Drama,Mystery",42.0,2082,7.8
tt1196946,The Mentalist,1,tt1293993,5,Redwood,2008,"Crime,Drama,Mystery",44.0,1994,7.8
tt1196946,The Mentalist,1,tt1256267,6,Red-Handed,2008,"Crime,Drama,Mystery",44.0,2155,8.1
tt1196946,The Mentalist,1,tt1256268,7,Seeing Red,2008,"Crime,Drama,Mystery",42.0,2063,7.7
tt1196946,The Mentalist,1,tt1256269,8,The Thin Red Line,2008,"Crime,Drama,Mystery",42.0,1888,7.7
tt1196946,The Mentalist,1,tt1256259,9,Flame Red,2008,"Crime,Drama,Mystery",44.0,2075,8.1
tt1196946,The Mentalist,1,tt1256266,10,Red Brick and Ivy,2008,"Crime,Drama,Mystery",42.0,1920,7.6
tt1196946,The Mentalist,1,tt1256260,11,Red John's Friends,2009,"Crime,Drama,Mystery",44.0,2092,8.3
tt1196946,The Mentalist,1,tt1256261,12,Red Rum,2009,"Crime,Drama,Mystery",43.0,1785,7.5
tt1196946,The Mentalist,1,tt1256262,13,Paint It Red,2009,"Crime,Drama,Mystery",43.0,1849,7.9
tt1196946,The Mentalist,1,tt1363404,14,Crimson Casanova,2009,"Crime,Drama,Mystery",44,1828,7.8
tt1196946,The Mentalist,1,tt1359259,15,Scarlett Fever,2009,"Crime,Drama,Mystery",44.0,1759,7.4
tt1196946,The Mentalist,1,tt1386231,16,Bloodshot,2009,"Crime,Drama,Mystery",44.0,2020,8.2
tt1196946,The Mentalist,1,tt1388591,17,"Carnelian, Inc.",2009,"Crime,Drama,Mystery",43.0,1713,7.7
tt1196946,The Mentalist,1,tt1406661,18,Russet Potatoes,2009,"Crime,Drama,Mystery",43.0,1884,8.1
tt1196946,The Mentalist,1,tt1388101,19,A Dozen Red Roses,2009,"Crime,Drama,Mystery",43.0,1744,7.1
tt1196946,The Mentalist,1,tt1393554,20,Red Sauce,2009,"Crime,Drama,Mystery",44.0,1750,7.9
tt1196946,The Mentalist,1,tt1421317,21,Miss Red,2009,"Crime,Drama,Mystery",44.0,1769,8.0
tt1196946,The Mentalist,1,tt1420898,22,Blood Brothers,2009,"Crime,Drama,Mystery",44.0,1691,7.6
tt1196946,The Mentalist,1,tt1427586,23,Red John's Footsteps,2009,"Crime,Drama,Mystery",44.0,2112,8.5
tt1196946,The Mentalist,2,tt1474306,1,Redemption,2009,"Crime,Drama,Mystery",43.0,1697,7.8
tt1196946,The Mentalist,2,tt1481505,2,The Scarlet Letter,2009,"Crime,Drama,Mystery",43.0,1619,7.7
tt1196946,The Mentalist,2,tt1482353,3,Red Badge,2009,"Crime,Drama,Mystery",43.0,1985,8.6
tt1196946,The Mentalist,2,tt1500073,4,Red Menace,2009,"Crime,Drama,Mystery",42.0,1583,7.5
tt1196946,The Mentalist,2,tt1502313,5,Red Scare,2009,"Crime,Drama,Mystery",43.0,1636,7.9
tt1196946,The Mentalist,2,tt1505708,6,Black Gold and Red Blood,2009,"Crime,Drama,Mystery",43.0,1849,8.4
tt1196946,The Mentalist,2,tt1513628,7,Red Bulls,2009,"Crime,Drama,Mystery",43.0,1654,8.1
tt1196946,The Mentalist,2,tt1528628,8,His Red Right Hand,2009,"Crime,Drama,Mystery",42.0,2549,9.0
tt1196946,The Mentalist,2,tt1531586,9,A Price Above Rubies,2009,"Crime,Drama,Mystery",41.0,1533,7.5
tt1196946,The Mentalist,2,tt1511266,10,Throwing Fire,2009,"Crime,Drama,Mystery",43.0,1561,7.5
tt1196946,The Mentalist,2,tt1540319,11,Rose-Colored Glasses,2010,"Crime,Drama,Mystery",43.0,1606,7.9
tt1196946,The Mentalist,2,tt1553775,12,Bleeding Heart,2010,"Crime,Drama,Mystery",42.0,1521,7.8
tt1196946,The Mentalist,2,tt1554375,13,Redline,2010,"Crime,Drama,Mystery",42.0,1645,8.1
tt1196946,The Mentalist,2,tt1582152,14,"Blood in, Blood Out",2010,"Crime,Drama,Mystery",43.0,1573,7.8
tt1196946,The Mentalist,2,tt1581769,15,Red Herring,2010,"Crime,Drama,Mystery",42.0,1479,7.5
tt1196946,The Mentalist,2,tt1596529,16,Code Red,2010,"Crime,Drama,Mystery",43.0,1701,8.1
tt1196946,The Mentalist,2,tt1594872,17,The Red Box,2010,"Crime,Drama,Mystery",44.0,1461,7.5
tt1196946,The Mentalist,2,tt1606540,18,Aingavite Baa,2010,"Crime,Drama,Mystery",44.0,1456,7.5
tt1196946,The Mentalist,2,tt1605529,19,Blood Money,2010,"Crime,Drama,Mystery",43.0,1629,8.1
tt1196946,The Mentalist,2,tt1622474,20,Red All Over,2010,"Crime,Drama,Mystery",43.0,1509,7.9
tt1196946,The Mentalist,2,tt1639286,21,18-5-4,2010,"Crime,Drama,Mystery",43.0,1525,7.8
tt1196946,The Mentalist,2,tt1638837,22,Red Letter,2010,"Crime,Drama,Mystery",43.0,1497,7.6
tt1196946,The Mentalist,2,tt1645654,23,Red Sky in the Morning,2010,"Crime,Drama,Mystery",44.0,1966,8.6
tt1196946,The Mentalist,3,tt1692798,1,Red Sky at Night,2010,"Crime,Drama,Mystery",42.0,1572,7.8
tt1196946,The Mentalist,3,tt1697043,2,Cackle-Bladder Blood,2010,"Crime,Drama,Mystery",42.0,1493,7.7
tt1196946,The Mentalist,3,tt1718048,3,The Blood on His Hands,2010,"Crime,Drama,Mystery",41.0,1559,8.1
tt1196946,The Mentalist,3,tt1717496,4,Red Carpet Treatment,2010,"Crime,Drama,Mystery",42.0,1514,7.9
tt1196946,The Mentalist,3,tt1720787,5,The Red Ponies,2010,"Crime,Drama,Mystery",60.0,1408,7.5
tt1196946,The Mentalist,3,tt1728930,6,Pink Chanel Suit,2010,"Crime,Drama,Mystery",41.0,1398,7.7
tt1196946,The Mentalist,3,tt1728931,7,Red Hot,2010,"Crime,Drama,Mystery",60.0,1529,8.0
tt1196946,The Mentalist,3,tt1756057,8,Ball of Fire,2010,"Crime,Drama,Mystery",60.0,1527,7.9
tt1196946,The Mentalist,3,tt1760286,9,Red Moon,2010,"Crime,Drama,Mystery",60.0,1609,8.2
tt1196946,The Mentalist,3,tt1759497,10,Jolly Red Elf,2010,"Crime,Drama,Mystery",60.0,1421,7.6
tt1196946,The Mentalist,3,tt1770440,11,Bloodsport,2011,"Crime,Drama,Mystery",43.0,1370,7.3
tt1196946,The Mentalist,3,tt1795473,12,Bloodhounds,2011,"Crime,Drama,Mystery",45.0,1429,7.8
tt1196946,The Mentalist,3,tt1794609,13,Red Alert,2011,"Crime,Drama,Mystery",43.0,1426,8.0
tt1196946,The Mentalist,3,tt1816379,14,Blood for Blood,2011,"Crime,Drama,Mystery",43.0,1429,7.9
tt1196946,The Mentalist,3,tt1816380,15,Red Gold,2011,"Crime,Drama,Mystery",43.0,1366,7.5
tt1196946,The Mentalist,3,tt1815441,16,Red Queen,2011,"Crime,Drama,Mystery",43.0,1638,8.5
tt1196946,The Mentalist,3,tt1831487,17,Bloodstream,2011,"Crime,Drama,Mystery",43.0,1396,7.8
tt1196946,The Mentalist,3,tt1859355,18,The Red Mile,2011,"Crime,Drama,Mystery",43.0,1811,8.4
tt1196946,The Mentalist,3,tt1858713,19,Every Rose Has Its Thorn,2011,"Crime,Drama,Mystery",60.0,1647,8.2
tt1196946,The Mentalist,3,tt1860106,20,Redacted,2011,"Crime,Drama,Mystery",60.0,1376,7.8
tt1196946,The Mentalist,3,tt1884116,21,Like a Redheaded Stepchild,2011,"Crime,Drama,Mystery",60.0,1348,7.6
tt1196946,The Mentalist,3,tt1886318,22,Rhapsody in Red,2011,"Crime,Drama,Mystery",60.0,1375,7.6
tt1196946,The Mentalist,3,tt1909672,23,Strawberries and Cream: Part 1,2011,"Crime,Drama,Mystery",60.0,2288,8.9
tt1196946,The Mentalist,3,tt1909673,24,Strawberries and Cream: Part 2,2011,"Crime,Drama,Mystery",60.0,3768,9.5
tt1196946,The Mentalist,4,tt1964157,1,Scarlet Ribbons,2011,"Crime,Drama,Mystery",43.0,1963,8.6
tt1196946,The Mentalist,4,tt2008368,2,Little Red Book,2011,"Crime,Drama,Mystery",43.0,1569,8.1
tt1196946,The Mentalist,4,tt2010716,3,Pretty Red Balloon,2011,"Crime,Drama,Mystery",42.0,1462,7.8
tt1196946,The Mentalist,4,tt2010717,4,Ring Around the Rosie,2011,"Crime,Drama,Mystery",43.0,1448,7.8
tt1196946,The Mentalist,4,tt2032263,5,Blood and Sand,2011,"Crime,Drama,Mystery",41.0,1445,7.5
tt1196946,The Mentalist,4,tt2069567,6,Where in the World Is Carmine O'Brien?,2011,"Crime,Drama,Mystery",42.0,1439,7.5
tt1196946,The Mentalist,4,tt2069566,7,Blinking Red Light,2011,"Crime,Drama,Mystery",43.0,2680,9.1
tt1196946,The Mentalist,4,tt2074986,8,Pink Tops,2011,"Crime,Drama,Mystery",43.0,1419,7.6
tt1196946,The Mentalist,4,tt2086717,9,The Redshirt,2011,"Crime,Drama,Mystery",43.0,1467,7.7
tt1196946,The Mentalist,4,tt2086716,10,Fugue in Red,2011,"Crime,Drama,Mystery",43.0,1687,8.3
tt1196946,The Mentalist,4,tt2095455,11,Always Bet on Red,2012,"Crime,Drama,Mystery",42.0,1450,7.9
tt1196946,The Mentalist,4,tt2111961,12,My Bloody Valentine,2012,"Crime,Drama,Mystery",43.0,1433,7.5
tt1196946,The Mentalist,4,tt2125334,13,Red Is the New Black,2012,"Crime,Drama,Mystery",41.0,1403,7.6
tt1196946,The Mentalist,4,tt2125333,14,At First Blush,2012,"Crime,Drama,Mystery",43.0,1402,7.7
tt1196946,The Mentalist,4,tt2133043,15,War of the Roses,2012,"Crime,Drama,Mystery",42.0,1560,8.0
tt1196946,The Mentalist,4,tt2169795,16,His Thoughts Were Red Thoughts,2012,"Crime,Drama,Mystery",43.0,1412,7.9
tt1196946,The Mentalist,4,tt2169797,17,Cheap Burgundy,2012,"Crime,Drama,Mystery",43.0,1398,7.8
tt1196946,The Mentalist,4,tt2200787,18,Ruddy Cheeks,2012,"Crime,Drama,Mystery",43.0,1306,7.5
tt1196946,The Mentalist,4,tt2213959,19,Pink Champagne on Ice,2012,"Crime,Drama,Mystery",41.0,1347,7.6
tt1196946,The Mentalist,4,tt2250999,20,Something Rotten in Redmund,2012,"Crime,Drama,Mystery",43.0,1369,7.7
tt1196946,The Mentalist,4,tt2250991,21,Ruby Slippers,2012,"Crime,Drama,Mystery",42.0,2090,8.2
tt1196946,The Mentalist,4,tt2250993,22,"So Long, and Thanks for All the Red Snapper",2012,"Crime,Drama,Mystery",43.0,1385,7.5
tt1196946,The Mentalist,4,tt2250995,23,"Red Rover, Red Rover",2012,"Crime,Drama,Mystery",43.0,1666,8.5
tt1196946,The Mentalist,4,tt2250997,24,The Crimson Hat,2012,"Crime,Drama,Mystery",43.0,2411,9.0
tt1196946,The Mentalist,5,tt2402469,1,The Crimson Ticket,2012,"Crime,Drama,Mystery",42.0,1888,8.3
tt1196946,The Mentalist,5,tt2402471,2,Devil's Cherry,2012,"Crime,Drama,Mystery",43.0,2405,8.8
tt1196946,The Mentalist,5,tt2402473,3,Not One Red Cent,2012,"Crime,Drama,Mystery",43.0,1441,7.6
tt1196946,The Mentalist,5,tt2402475,4,Blood Feud,2012,"Crime,Drama,Mystery",42.0,1411,7.5
tt1196946,The Mentalist,5,tt2402479,5,Red Dawn,2012,"Crime,Drama,Mystery",44.0,1938,8.6
tt1196946,The Mentalist,5,tt2402477,6,Cherry Picked,2012,"Crime,Drama,Mystery",41.0,1433,7.8
tt1196946,The Mentalist,5,tt2315522,7,"If It Bleeds, It Leads",2012,"Crime,Drama,Mystery",42.0,1423,7.6
tt1196946,The Mentalist,5,tt2315524,8,Red Sails in the Sunset,2012,"Crime,Drama,Mystery",44.0,1874,8.7
tt1196946,The Mentalist,5,tt2379112,9,Black Cherry,2012,"Crime,Drama,Mystery",44.0,1420,7.4
tt1196946,The Mentalist,5,tt2467598,10,Panama Red,2012,"Crime,Drama,Mystery",44.0,1366,7.4
tt1196946,The Mentalist,5,tt2467600,11,Days of Wine and Roses,2013,"Crime,Drama,Mystery",43.0,1405,7.6
tt1196946,The Mentalist,5,tt2476018,12,Little Red Corvette,2013,"Crime,Drama,Mystery",42.0,1538,8.2
tt1196946,The Mentalist,5,tt2591694,13,The Red Barn,2013,"Crime,Drama,Mystery",43.0,1589,8.4
tt1196946,The Mentalist,5,tt2618254,14,Red in Tooth and Claw,2013,"Crime,Drama,Mystery",41.0,1371,7.6
tt1196946,The Mentalist,5,tt2618256,15,Red Lacquer Nail Polish,2013,"Crime,Drama,Mystery",42.0,1330,7.4
tt1196946,The Mentalist,5,tt2618262,16,There Will Be Blood,2013,"Crime,Drama,Mystery",44.0,1578,8.4
tt1196946,The Mentalist,5,tt2618258,17,"Red, White and Blue",2013,"Crime,Drama,Mystery",44.0,1342,7.5
tt1196946,The Mentalist,5,tt2618260,18,Behind the Red Curtain,2013,"Crime,Drama,Mystery",43.0,1355,7.5
tt1196946,The Mentalist,5,tt2756136,19,Red Letter Day,2013,"Crime,Drama,Mystery",43,1330,7.4
tt1196946,The Mentalist,5,tt2756140,20,Red Velvet Cupcakes,2013,"Crime,Drama,Mystery",44,1352,7.8
tt1196946,The Mentalist,5,tt2756142,21,Red and Itchy,2013,"Crime,Drama,Mystery",43,1512,8.5
tt1196946,The Mentalist,5,tt2756144,22,Red John's Rules,2013,"Crime,Drama,Mystery",43,1960,8.7
tt1196946,The Mentalist,6,tt2801444,1,The Desert Rose,2013,"Crime,Drama,Mystery",42.0,2431,8.7
tt1196946,The Mentalist,6,tt3073034,2,Black-Winged Redbird,2013,"Crime,Drama,Mystery",42,1732,8.2
tt1196946,The Mentalist,6,tt3073036,3,Wedding in Red,2013,"Crime,Drama,Mystery",43,1684,8.1
tt1196946,The Mentalist,6,tt3120228,4,Red Listed,2013,"Crime,Drama,Mystery",44.0,1847,8.6
tt1196946,The Mentalist,6,tt3135450,5,The Red Tattoo,2013,"Crime,Drama,Mystery",41.0,1739,8.2
tt1196946,The Mentalist,6,tt3160200,6,Fire and Brimstone,2013,"Crime,Drama,Mystery",44,2504,9.0
tt1196946,The Mentalist,6,tt3196212,7,The Great Red Dragon,2013,"Crime,Drama,Mystery",40,2256,8.9
tt1196946,The Mentalist,6,tt3196216,8,Red John,2013,"Crime,Drama,Mystery",44,3891,7.6
tt1196946,The Mentalist,6,tt3196218,9,My Blue Heaven,2013,"Crime,Drama,Mystery",43,1966,8.2
tt1196946,The Mentalist,6,tt3275750,10,Green Thumb,2013,"Crime,Drama,Mystery",44,1728,8.2
tt1196946,The Mentalist,6,tt3275752,11,White Lines,2014,"Crime,Drama,Mystery",40,1541,8.0
tt1196946,The Mentalist,6,tt3275748,12,The Golden Hammer,2014,"Crime,Drama,Mystery",42,1468,7.9
tt1196946,The Mentalist,6,tt3275758,13,Black Helicopters,2014,"Crime,Drama,Mystery",42,1317,7.7
tt1196946,The Mentalist,6,tt3275754,14,Grey Water,2014,"Crime,Drama,Mystery",42,1318,7.6
tt1196946,The Mentalist,6,tt3275756,15,White as the Driven Snow,2014,"Crime,Drama,Mystery",43,1486,8.0
tt1196946,The Mentalist,6,tt3275760,16,Violets,2014,"Crime,Drama,Mystery",41,1673,8.6
tt1196946,The Mentalist,6,tt3275762,17,Silver Wings of Time,2014,"Crime,Drama,Mystery",42,1295,7.9
tt1196946,The Mentalist,6,tt3275770,18,Forest Green,2014,"Crime,Drama,Mystery",44,1218,7.5
tt1196946,The Mentalist,6,tt3275768,19,Brown Eyed Girls,2014,"Crime,Drama,Mystery",43,1254,7.9
tt1196946,The Mentalist,6,tt3275766,20,Il Tavolo Bianco,2014,"Crime,Drama,Mystery",41,1279,8.0
tt1196946,The Mentalist,6,tt3275764,21,Black Hearts,2014,"Crime,Drama,Mystery",41,1292,8.1
tt1196946,The Mentalist,6,tt3275772,22,Blue Bird,2014,"Crime,Drama,Mystery",43,2812,9.1
tt1196946,The Mentalist,7,tt3760348,1,Nothing But Blue Skies,2014,"Crime,Drama,Mystery",42.0,1478,7.9
tt1196946,The Mentalist,7,tt3775824,2,The Greybar Hotel,2014,"Crime,Drama,Mystery",41.0,1315,7.9
tt1196946,The Mentalist,7,tt3775826,3,Orange Blossom Ice Cream,2014,"Crime,Drama,Mystery",42.0,1334,8.0
tt1196946,The Mentalist,7,tt3775830,4,Black Market,2014,"Crime,Drama,Mystery",42.0,1200,7.3
tt1196946,The Mentalist,7,tt3775832,5,The Silver Briefcase,2014,"Crime,Drama,Mystery",40.0,1268,7.8
tt1196946,The Mentalist,7,tt4172404,6,Green Light,2015,"Crime,Drama,Mystery",42.0,1248,8.0
tt1196946,The Mentalist,7,tt3775834,7,Little Yellow House,2015,"Crime,Drama,Mystery",44.0,1215,7.8
tt1196946,The Mentalist,7,tt4120498,8,The Whites of His Eyes,2015,"Crime,Drama,Mystery",40.0,1244,8.1
tt1196946,The Mentalist,7,tt4260586,9,Copper Bullet,2015,"Crime,Drama,Mystery",41.0,1334,8.5
tt1196946,The Mentalist,7,tt3775822,10,Nothing Gold Can Stay,2015,"Crime,Drama,Mystery",42.0,1427,8.4
tt1196946,The Mentalist,7,tt3775836,11,Byzantium,2015,"Crime,Drama,Mystery",41.0,1246,8.3
tt1196946,The Mentalist,7,tt4260578,12,Brown Shag Carpet,2015,"Crime,Drama,Mystery",42.0,1479,8.7
tt1196946,The Mentalist,7,tt4177592,13,White Orchids,2015,"Crime,Drama,Mystery",41.0,2679,9.0
tt0386676,The Office,1,tt0664521,1,Pilot,2005,Comedy,23.0,11223,7.3
tt0386676,The Office,1,tt0664514,2,Diversity Day,2005,Comedy,22.0,10997,8.1
tt0386676,The Office,1,tt0664517,3,Health Care,2005,Comedy,22.0,9163,7.6
tt0386676,The Office,1,tt0664523,4,The Alliance,2005,Comedy,22.0,8838,7.8
tt0386676,The Office,1,tt0664510,5,Basketball,2005,Comedy,22.0,9787,8.2
tt0386676,The Office,1,tt0664518,6,Hot Girl,2005,Comedy,22.0,8715,7.5
tt0386676,The Office,2,tt0664525,1,The Dundies,2005,Comedy,21.0,9767,8.6
tt0386676,The Office,2,tt0664522,2,Sexual Harassment,2005,Comedy,22.0,8417,8.1
tt0386676,The Office,2,tt0664519,3,Office Olympics,2005,Comedy,22.0,8317,8.2
tt0386676,The Office,2,tt0664527,4,The Fire,2005,Comedy,22.0,8159,8.1
tt0386676,The Office,2,tt0664516,5,Halloween,2005,Comedy,22.0,7749,7.9
tt0386676,The Office,2,tt0664526,6,The Fight,2005,Comedy,22.0,7755,7.9
tt0386676,The Office,2,tt0664524,7,The Client,2005,Comedy,22.0,8174,8.5
tt0386676,The Office,2,tt0664520,8,Performance Review,2005,Comedy,22.0,7356,8.0
tt0386676,The Office,2,tt0664515,9,E-Mail Surveillance,2005,Comedy,22.0,7525,8.2
tt0386676,The Office,2,tt0664513,10,Christmas Party,2005,Comedy,22.0,8283,8.7
tt0386676,The Office,2,tt0664511,11,Booze Cruise,2006,Comedy,21.0,8053,8.5
tt0386676,The Office,2,tt0664528,12,The Injury,2006,Comedy,21.0,9467,9.0
tt0386676,The Office,2,tt0756967,13,The Secret,2006,Comedy,21.0,7169,8.1
tt0386676,The Office,2,tt0756966,14,The Carpet,2006,Comedy,21.0,7066,7.6
tt0386676,The Office,2,tt0664512,15,Boys and Girls,2006,Comedy,21.0,7056,8.0
tt0386676,The Office,2,tt0763221,16,Valentine's Day,2006,Comedy,21.0,7050,8.1
tt0386676,The Office,2,tt0770626,17,Dwight's Speech,2006,Comedy,21.0,7426,8.3
tt0386676,The Office,2,tt0779510,18,Take Your Daughter to Work Day,2006,Comedy,21.0,7275,8.2
tt0386676,The Office,2,tt0776249,19,Michael's Birthday,2006,Comedy,21.0,7020,8.0
tt0386676,The Office,2,tt0795874,20,Drug Testing,2006,Comedy,21.0,7108,8.2
tt0386676,The Office,2,tt0796140,21,Conflict Resolution,2006,Comedy,21.0,7289,8.6
tt0386676,The Office,2,tt0800604,22,Casino Night,2006,Comedy,28.0,10284,9.3
tt0386676,The Office,3,tt0859444,1,Gay Witch Hunt,2006,Comedy,22.0,9343,8.9
tt0386676,The Office,3,tt0859445,2,The Convention,2006,Comedy,22.0,6876,8.0
tt0386676,The Office,3,tt0868440,3,The Coup,2006,Comedy,21.0,7168,8.4
tt0386676,The Office,3,tt0877241,4,Grief Counseling,2006,Comedy,21.0,6863,7.8
tt0386676,The Office,3,tt0873237,5,Initiation,2006,Comedy,21.0,6662,7.9
tt0386676,The Office,3,tt0888293,6,Diwali,2006,Comedy,21.0,6948,7.7
tt0386676,The Office,3,tt0888292,7,Branch Closing,2006,Comedy,30.0,6910,8.5
tt0386676,The Office,3,tt0894520,8,The Merger,2006,Comedy,30.0,7155,8.6
tt0386676,The Office,3,tt0900677,9,The Convict,2006,Comedy,21.0,7174,8.2
tt0386676,The Office,3,tt0908674,10,A Benihana Christmas,2006,Comedy,42.0,7528,8.6
tt0386676,The Office,3,tt0918835,11,Back from Vacation,2007,Comedy,21.0,6810,8.5
tt0386676,The Office,3,tt0934246,12,Traveling Salesmen,2007,Comedy,22.0,6840,8.5
tt0386676,The Office,3,tt0937879,13,The Return,2007,Comedy,22.0,7170,8.7
tt0386676,The Office,3,tt0954759,14,Ben Franklin,2007,Comedy,21.0,6632,7.8
tt0386676,The Office,3,tt0962460,15,Phyllis' Wedding,2007,Comedy,21.0,6732,8.0
tt0386676,The Office,3,tt0964922,16,Business School,2007,Comedy,22.0,7710,8.8
tt0386676,The Office,3,tt0967814,17,Cocktails,2007,Comedy,21.0,6624,8.3
tt0386676,The Office,3,tt0983623,18,The Negotiation,2007,Comedy,30.0,7525,8.9
tt0386676,The Office,3,tt0966362,19,Safety Training,2007,Comedy,21.0,6970,8.6
tt0386676,The Office,3,tt1008441,20,Product Recall,2007,Comedy,21.0,6851,8.5
tt0386676,The Office,3,tt1020711,21,Women's Appreciation,2007,Comedy,29,6984,8.6
tt0386676,The Office,3,tt1028389,22,Beach Games,2007,Comedy,28.0,8001,9.0
tt0386676,The Office,3,tt1030253,23,The Job,2007,Comedy,42.0,8421,9.2
tt0386676,The Office,4,tt1026035,1,Fun Run,2007,Comedy,42,7736,8.7
tt0386676,The Office,4,tt1031459,2,Dunder Mifflin Infinity,2007,Comedy,42.0,6490,8.1
tt0386676,The Office,4,tt1031470,3,Launch Party,2007,Comedy,42.0,6373,8.2
tt0386676,The Office,4,tt1031472,4,Money,2007,Comedy,42.0,6744,8.5
tt0386676,The Office,4,tt1031473,5,Local Ad,2007,Comedy,22.0,6863,8.6
tt0386676,The Office,4,tt1031474,6,Branch Wars,2007,Comedy,22.0,6469,8.3
tt0386676,The Office,4,tt1031475,7,Survivor Man,2007,Comedy,22.0,6247,8.0
tt0386676,The Office,4,tt1031476,8,The Deposition,2007,Comedy,22.0,6607,8.6
tt0386676,The Office,4,tt1031477,9,Dinner Party,2008,Comedy,22.0,13061,9.4
tt0386676,The Office,4,tt1031449,10,Chair Model,2008,Comedy,22.0,6121,7.8
tt0386676,The Office,4,tt1031450,11,Night Out,2008,Comedy,21.0,6390,8.5
tt0386676,The Office,4,tt1031451,12,Did I Stutter?,2008,Comedy,22.0,6103,8.1
tt0386676,The Office,4,tt1031452,13,Job Fair,2008,Comedy,22.0,5885,7.6
tt0386676,The Office,4,tt1031453,14,"Goodbye, Toby",2008,Comedy,42.0,8467,9.2
tt0386676,The Office,5,tt1236462,1,Weight Loss,2008,Comedy,43.0,7028,8.7
tt0386676,The Office,5,tt1248743,2,Business Ethics,2008,Comedy,22,5942,8.1
tt0386676,The Office,5,tt1248747,3,Baby Shower,2008,Comedy,22,5947,7.8
tt0386676,The Office,5,tt1248748,4,Crime Aid,2008,Comedy,22,5719,7.9
tt0386676,The Office,5,tt1248749,5,Employee Transfer,2008,Comedy,22,5867,7.9
tt0386676,The Office,5,tt1248750,6,Customer Survey,2008,Comedy,22,6094,8.4
tt0386676,The Office,5,tt1248751,7,Business Trip,2008,Comedy,22,5747,8.0
tt0386676,The Office,5,tt1248752,8,Frame Toby,2008,Comedy,22,6403,8.5
tt0386676,The Office,5,tt1248753,9,The Surplus,2008,Comedy,22,6230,8.6
tt0386676,The Office,5,tt1248733,10,Moroccan Christmas,2008,Comedy,22,5911,8.2
tt0386676,The Office,5,tt1248734,11,The Duel,2009,Comedy,22,6111,8.6
tt0386676,The Office,5,tt1248735,12,Prince Family Paper,2009,Comedy,22,5904,7.8
tt0386676,The Office,5,tt1248736,13,Stress Relief,2009,Comedy,42,17658,9.7
tt0386676,The Office,5,tt1248737,14,Lecture Circuit: Part 1,2009,Comedy,22,5703,8.0
tt0386676,The Office,5,tt1248738,15,Lecture Circuit: Part 2,2009,Comedy,22,5632,8.0
tt0386676,The Office,5,tt1248739,16,Blood Drive,2009,Comedy,22,5555,7.8
tt0386676,The Office,5,tt1248740,17,Golden Ticket,2009,Comedy,22,6085,8.5
tt0386676,The Office,5,tt1248741,18,New Boss,2009,Comedy,22,5698,8.1
tt0386676,The Office,5,tt1248742,19,Two Weeks,2009,Comedy,22,5650,8.2
tt0386676,The Office,5,tt1248745,20,Dream Team,2009,Comedy,22,5643,8.1
tt0386676,The Office,5,tt1248744,21,Michael Scott Paper Company,2009,Comedy,22,6130,8.5
tt0386676,The Office,5,tt1248746,22,Heavy Competition,2009,Comedy,22,5834,8.5
tt0386676,The Office,5,tt1268727,23,Broke,2009,Comedy,22.0,7867,9.2
tt0386676,The Office,5,tt1406712,24,Casual Friday,2009,Comedy,22.0,5596,8.1
tt0386676,The Office,5,tt1417507,25,Cafe Disco,2009,Comedy,22.0,6642,8.7
tt0386676,The Office,5,tt1417732,26,Company Picnic,2009,Comedy,22.0,6619,8.9
tt0386676,The Office,6,tt1467798,1,Gossip,2009,Comedy,22.0,6599,8.7
tt0386676,The Office,6,tt1487740,2,The Meeting,2009,Comedy,22.0,5401,7.9
tt0386676,The Office,6,tt1487741,3,The Promotion,2009,Comedy,22.0,5363,7.8
tt0386676,The Office,6,tt1487742,4,Niagara: Part 1,2009,Comedy,22.0,9112,9.2
tt0386676,The Office,6,tt5541236,5,Niagara: Part 2,2009,Comedy,22.0,8625,9.4
tt0386676,The Office,6,tt1520196,6,Mafia,2009,Comedy,22.0,5683,7.5
tt0386676,The Office,6,tt1520197,7,The Lover,2009,Comedy,22.0,5939,8.5
tt0386676,The Office,6,tt1524878,8,Koi Pond,2009,Comedy,22.0,5422,8.0
tt0386676,The Office,6,tt1531589,9,Double Date,2009,Comedy,22.0,5359,7.9
tt0386676,The Office,6,tt1535367,10,Murder,2009,Comedy,22.0,6394,8.6
tt0386676,The Office,6,tt1536326,11,Shareholder Meeting,2009,Comedy,22.0,5386,8.0
tt0386676,The Office,6,tt1544466,12,Scott's Tots,2009,Comedy,22.0,6170,8.2
tt0386676,The Office,6,tt1548747,13,Secret Santa,2009,Comedy,22.0,5698,8.4
tt0386676,The Office,6,tt1564719,14,The Banker,2010,Comedy,22.0,6757,6.7
tt0386676,The Office,6,tt1564720,15,Sabre,2010,Comedy,22.0,5153,7.5
tt0386676,The Office,6,tt1564721,16,Manager and Salesman,2010,Comedy,22.0,5093,7.8
tt0386676,The Office,6,tt1582153,17,The Delivery: Part 1,2010,Comedy,22.0,5468,8.3
tt0386676,The Office,6,tt1582154,18,The Delivery: Part 2,2010,Comedy,22.0,5439,8.4
tt0386676,The Office,6,tt1589333,19,St. Patrick's Day,2010,Comedy,22.0,5033,7.5
tt0386676,The Office,6,tt1589334,20,New Leads,2010,Comedy,22.0,5058,7.6
tt0386676,The Office,6,tt1589335,21,Happy Hour,2010,Comedy,22.0,5670,8.4
tt0386676,The Office,6,tt1589336,22,Secretary's Day,2010,Comedy,22.0,5064,7.6
tt0386676,The Office,6,tt1589337,23,Body Language,2010,Comedy,22.0,5047,7.7
tt0386676,The Office,6,tt1589338,24,The Cover-Up,2010,Comedy,22.0,5145,8.0
tt0386676,The Office,6,tt1610228,25,The Chump,2010,Comedy,22.0,4881,7.6
tt0386676,The Office,6,tt1610229,26,Whistleblower,2010,Comedy,22.0,5012,7.8
tt0386676,The Office,7,tt1691733,1,Nepotism,2010,Comedy,22.0,5671,8.2
tt0386676,The Office,7,tt1707764,2,Counseling,2010,Comedy,22.0,5234,8.0
tt0386676,The Office,7,tt1707765,3,Andy's Play,2010,Comedy,22.0,5585,8.1
tt0386676,The Office,7,tt1707766,4,Sex Ed,2010,Comedy,22.0,5163,7.7
tt0386676,The Office,7,tt1725593,5,The Sting,2010,Comedy,22.0,5054,7.6
tt0386676,The Office,7,tt1725594,6,Costume Contest,2010,Comedy,22.0,5202,8.0
tt0386676,The Office,7,tt1724495,7,Christening,2010,Comedy,22.0,5169,7.2
tt0386676,The Office,7,tt1752582,8,Viewing Party,2010,Comedy,22.0,5153,7.7
tt0386676,The Office,7,tt1752583,9,WUPHF.com,2010,Comedy,22.0,4976,7.5
tt0386676,The Office,7,tt1752581,10,China,2010,Comedy,22.0,5255,8.0
tt0386676,The Office,7,tt1752584,11,Classy Christmas,2010,Comedy,42.0,6538,8.8
tt0386676,The Office,7,tt1776740,12,Ultimatum,2011,Comedy,22.0,5276,8.1
tt0386676,The Office,7,tt1810331,13,The Seminar,2011,Comedy,22.0,5044,7.5
tt0386676,The Office,7,tt1817005,14,The Search,2011,Comedy,22.0,5547,8.4
tt0386676,The Office,7,tt1817006,15,PDA,2011,Comedy,22.0,5405,8.2
tt0386676,The Office,7,tt1817007,16,Threat Level Midnight,2011,Comedy,22.0,10899,9.3
tt0386676,The Office,7,tt1832204,17,Todd Packer,2011,Comedy,22.0,4964,7.3
tt0386676,The Office,7,tt1833194,18,Garage Sale,2011,Comedy,22.0,8706,9.3
tt0386676,The Office,7,tt1833195,19,Training Day,2011,Comedy,22.0,5112,7.5
tt0386676,The Office,7,tt1833196,20,Michael's Last Dundies,2011,Comedy,23.0,7139,8.9
tt0386676,The Office,7,tt1833197,21,"Goodbye, Michael",2011,Comedy,36.0,19575,9.8
tt0386676,The Office,7,tt1848618,22,The Inner Circle,2011,Comedy,22.0,5106,7.4
tt0386676,The Office,7,tt1848619,23,"Dwight K. Schrute, (Acting) Manager",2011,Comedy,22.0,5488,8.5
tt0386676,The Office,7,tt1848620,24,Search Committee,2011,Comedy,42.0,5690,8.5
tt0386676,The Office,8,tt2000321,1,The List,2011,Comedy,23.0,5275,7.9
tt0386676,The Office,8,tt2051718,2,The Incentive,2011,Comedy,23.0,5048,8.0
tt0386676,The Office,8,tt2061513,3,Lotto,2011,Comedy,23.0,4813,7.1
tt0386676,The Office,8,tt2072796,4,Garden Party,2011,Comedy,23.0,5307,8.0
tt0386676,The Office,8,tt2074990,5,Spooked,2011,Comedy,23.0,4771,7.3
tt0386676,The Office,8,tt2079359,6,Doomsday,2011,Comedy,23.0,4614,7.4
tt0386676,The Office,8,tt2077604,7,Pam's Replacement,2011,Comedy,23.0,4906,7.5
tt0386676,The Office,8,tt2071306,8,Gettysburg,2011,Comedy,23.0,4891,6.6
tt0386676,The Office,8,tt2107510,9,Mrs. California,2011,Comedy,23.0,4808,7.5
tt0386676,The Office,8,tt2113519,10,Christmas Wishes,2011,Comedy,23.0,4697,7.7
tt0386676,The Office,8,tt2139249,11,Trivia,2012,Comedy,23.0,4667,7.7
tt0386676,The Office,8,tt2156255,12,Pool Party,2012,Comedy,23.0,5059,7.9
tt0386676,The Office,8,tt2181631,13,Jury Duty,2012,Comedy,23.0,4541,7.3
tt0386676,The Office,8,tt2190001,14,Special Project,2012,Comedy,23.0,4448,7.5
tt0386676,The Office,8,tt2202113,15,Tallahassee,2012,Comedy,23.0,4681,7.6
tt0386676,The Office,8,tt2213999,16,After Hours,2012,Comedy,23.0,4870,7.9
tt0386676,The Office,8,tt2230719,17,Test the Store,2012,Comedy,23.0,4656,7.6
tt0386676,The Office,8,tt2268001,18,Last Day in Florida,2012,Comedy,23.0,4533,7.6
tt0386676,The Office,8,tt2267999,19,Get the Girl,2012,Comedy,23.0,5218,6.3
tt0386676,The Office,8,tt2280881,20,Welcome Party,2012,Comedy,23.0,4639,6.8
tt0386676,The Office,8,tt2362659,21,Angry Andy,2012,Comedy,23.0,5056,6.7
tt0386676,The Office,8,tt2366113,22,Fundraiser,2012,Comedy,23.0,4473,6.8
tt0386676,The Office,8,tt2366115,23,Turf War,2012,Comedy,23.0,4383,7.4
tt0386676,The Office,8,tt2374269,24,Free Family Portrait Studio,2012,Comedy,23.0,4581,7.5
tt0386676,The Office,9,tt2240226,1,New Guys,2012,Comedy,23.0,4822,7.3
tt0386676,The Office,9,tt2240224,2,Roy's Wedding,2012,Comedy,23.0,4642,6.9
tt0386676,The Office,9,tt2359466,3,Andy's Ancestry,2012,Comedy,23.0,4597,7.1
tt0386676,The Office,9,tt2349780,4,Work Bus,2012,Comedy,22.0,4871,7.6
tt0386676,The Office,9,tt2433396,5,Here Comes Treble,2012,Comedy,22.0,4711,6.7
tt0386676,The Office,9,tt2435600,6,The Boat,2012,Comedy,22.0,4682,7.5
tt0386676,The Office,9,tt2471292,7,The Whale,2012,Comedy,22.0,4478,7.4
tt0386676,The Office,9,tt2476014,8,The Target,2012,Comedy,22.0,4682,7.7
tt0386676,The Office,9,tt2514850,9,Dwight Christmas,2012,Comedy,22.0,5179,8.2
tt0386676,The Office,9,tt2572724,10,Lice,2013,Comedy,22.0,4627,7.4
tt0386676,The Office,9,tt2572726,11,Suit Warehouse,2013,Comedy,22.0,4558,7.5
tt0386676,The Office,9,tt2572728,12,Customer Loyalty,2013,Comedy,22.0,4657,7.6
tt0386676,The Office,9,tt2572732,13,Junior Salesman,2013,Comedy,22.0,4425,7.3
tt0386676,The Office,9,tt2572734,14,Vandalism,2013,Comedy,22.0,4474,7.1
tt0386676,The Office,9,tt2572738,15,Couples Discount,2013,Comedy,22.0,4548,6.9
tt0386676,The Office,9,tt2572740,16,Moving On,2013,Comedy,42.0,4855,7.7
tt0386676,The Office,9,tt2361870,17,The Farm,2013,Comedy,22.0,5079,7.3
tt0386676,The Office,9,tt2669734,18,Promos,2013,Comedy,22.0,4530,7.7
tt0386676,The Office,9,tt2669736,19,Stairmageddon,2013,Comedy,22.0,4703,7.8
tt0386676,The Office,9,tt2669744,20,Paper Airplane,2013,Comedy,22.0,4788,7.8
tt0386676,The Office,9,tt2876480,21,Livin' the Dream,2013,Comedy,42.0,6987,9.0
tt0386676,The Office,9,tt2669740,22,A.A.R.M.,2013,Comedy,43.0,9055,9.4
tt0386676,The Office,9,tt2669746,23,Finale,2013,Comedy,51.0,22952,9.8
tt5675620,The Punisher,1,tt5690490,1,3 AM,2017,"Action,Crime,Drama",51.0,9837,8.5
tt5675620,The Punisher,1,tt5690496,2,Two Dead Men,2017,"Action,Crime,Drama",57.0,8375,8.1
tt5675620,The Punisher,1,tt5690500,3,Kandahar,2017,"Action,Crime,Drama",58.0,8048,8.3
tt5675620,The Punisher,1,tt5690506,4,Resupply,2017,"Action,Crime,Drama",49.0,7588,8.2
tt5675620,The Punisher,1,tt5690514,5,Gunner,2017,"Action,Crime,Drama",55.0,7574,8.6
tt5675620,The Punisher,1,tt5690526,6,The Judas Goat,2017,"Action,Crime,Drama",55.0,7241,8.1
tt5675620,The Punisher,1,tt5690528,7,Crosshairs,2017,"Action,Crime,Drama",49.0,7261,8.6
tt5675620,The Punisher,1,tt5690534,8,Cold Steel,2017,"Action,Crime,Drama",53.0,7375,8.7
tt5675620,The Punisher,1,tt5690538,9,Front Toward Enemy,2017,"Action,Crime,Drama",54.0,7608,8.9
tt5675620,The Punisher,1,tt5690544,10,Virtue of the Vicious,2017,"Action,Crime,Drama",49.0,8645,9.1
tt5675620,The Punisher,1,tt5690548,11,Danger Close,2017,"Action,Crime,Drama",52.0,9164,9.2
tt5675620,The Punisher,1,tt5690552,12,Home,2017,"Action,Crime,Drama",51.0,11743,9.5
tt5675620,The Punisher,1,tt5690560,13,Memento Mori,2017,"Action,Crime,Drama",55.0,9217,9.1
tt5675620,The Punisher,2,tt7746006,1,Roadhouse Blues,2019,"Action,Crime,Drama",53.0,7107,8.9
tt5675620,The Punisher,2,tt8050238,2,Fight or Flight,2019,"Action,Crime,Drama",55.0,5495,8.1
tt5675620,The Punisher,2,tt8230684,3,Trouble the Water,2019,"Action,Crime,Drama",51.0,5817,8.8
tt5675620,The Punisher,2,tt8762254,4,Scar Tissue,2019,"Action,Crime,Drama",58.0,5098,7.6
tt5675620,The Punisher,2,tt8709448,5,One-Eyed Jacks,2019,"Action,Crime,Drama",51.0,4951,8.2
tt5675620,The Punisher,2,tt8762262,6,Nakazat,2019,"Action,Crime,Drama",57.0,4792,7.9
tt5675620,The Punisher,2,tt8762270,7,One Bad Day,2019,"Action,Crime,Drama",52.0,4763,8.2
tt5675620,The Punisher,2,tt8581084,8,My Brother's Keeper,2019,"Action,Crime,Drama",49.0,4712,8.0
tt5675620,The Punisher,2,tt8390538,9,Flustercluck,2019,"Action,Crime,Drama",58.0,4614,8.0
tt5675620,The Punisher,2,tt8639358,10,The Dark Hearts of Men,2019,"Action,Crime,Drama",47.0,5044,8.6
tt5675620,The Punisher,2,tt8737922,11,The Abyss,2019,"Action,Crime,Drama",55.0,4644,8.3
tt5675620,The Punisher,2,tt8737924,12,Collision Course,2019,"Action,Crime,Drama",50.0,4940,8.7
tt5675620,The Punisher,2,tt8737926,13,The Whirlwind,2019,"Action,Crime,Drama",58.0,5969,9.0
tt1312171,The Umbrella Academy,1,tt7614682,1,We Only See Each Other at Weddings and Funerals,2019,"Action,Adventure,Comedy",59.0,7383,7.7
tt1312171,The Umbrella Academy,1,tt8201290,2,Run Boy Run,2019,"Action,Adventure,Comedy",58.0,6281,7.7
tt1312171,The Umbrella Academy,1,tt8201304,3,Extra Ordinary,2019,"Action,Adventure,Comedy",56.0,5829,7.8
tt1312171,The Umbrella Academy,1,tt8334654,4,Man on the Moon,2019,"Action,Adventure,Comedy",57.0,5542,7.9
tt1312171,The Umbrella Academy,1,tt8334672,5,Number Five,2019,"Action,Adventure,Comedy",59.0,5546,8.2
tt1312171,The Umbrella Academy,1,tt8366066,6,The Day That Wasn't,2019,"Action,Adventure,Comedy",57.0,5534,8.3
tt1312171,The Umbrella Academy,1,tt8366110,7,The Day That Was,2019,"Action,Adventure,Comedy",56.0,5233,8.1
tt1312171,The Umbrella Academy,1,tt8407436,8,I Heard a Rumor,2019,"Action,Adventure,Comedy",51.0,5514,8.5
tt1312171,The Umbrella Academy,1,tt8407440,9,Changes,2019,"Action,Adventure,Comedy",44.0,5303,8.4
tt1312171,The Umbrella Academy,1,tt8270858,10,The White Violin,2019,"Action,Adventure,Comedy",46.0,6358,8.7
tt1312171,The Umbrella Academy,2,tt10005628,1,Right Back Where We Started,2020,"Action,Adventure,Comedy",47.0,5160,8.2
tt1312171,The Umbrella Academy,2,tt10023268,2,The Frankel Footage,2020,"Action,Adventure,Comedy",48.0,4627,8.0
tt1312171,The Umbrella Academy,2,tt10787398,3,The Swedish Job,2020,"Action,Adventure,Comedy",48.0,4596,8.2
tt1312171,The Umbrella Academy,2,tt10636250,4,The Majestic 12,2020,"Action,Adventure,Comedy",49.0,4454,8.0
tt1312171,The Umbrella Academy,2,tt10636256,5,Valhalla,2020,"Action,Adventure,Comedy",48.0,4438,8.1
tt1312171,The Umbrella Academy,2,tt11314718,6,A Light Supper,2020,"Action,Adventure,Comedy",50.0,4369,8.2
tt1312171,The Umbrella Academy,2,tt11314784,7,Öga for Öga,2020,"Action,Adventure,Comedy",47.0,4530,8.4
tt1312171,The Umbrella Academy,2,tt11178632,8,The Seven Stages,2020,"Action,Adventure,Comedy",47.0,4480,8.5
tt1312171,The Umbrella Academy,2,tt11178642,9,743,2020,"Action,Adventure,Comedy",40.0,4678,8.7
tt1312171,The Umbrella Academy,2,tt11314790,10,The End of Something,2020,"Action,Adventure,Comedy",49.0,5902,8.9
tt1312171,The Umbrella Academy,3,tt13435914,1,Meet the Family,2022,"Action,Adventure,Comedy",50.0,4371,7.6
tt1312171,The Umbrella Academy,3,tt13435916,2,World's Biggest Ball of Twine,2022,"Action,Adventure,Comedy",52.0,4275,6.9
tt1312171,The Umbrella Academy,3,tt13435920,3,Pocket Full of Lightning,2022,"Action,Adventure,Comedy",49.0,3385,7.6
tt1312171,The Umbrella Academy,3,tt13435926,4,Kugelblitz,2022,"Action,Adventure,Comedy",51.0,3223,7.6
tt1312171,The Umbrella Academy,3,tt13435932,5,Kindest Cut,2022,"Action,Adventure,Comedy",44.0,3145,7.4
tt1312171,The Umbrella Academy,3,tt13435944,6,Marigold,2022,"Action,Adventure,Comedy",48.0,2754,7.4
tt1312171,The Umbrella Academy,3,tt13435954,7,Auf Wiedersehen,2022,"Action,Adventure,Comedy",52.0,2944,7.7
tt1312171,The Umbrella Academy,3,tt13435964,8,Wedding at the End of the World,2022,"Action,Adventure,Comedy",49.0,3256,7.1
tt1312171,The Umbrella Academy,3,tt13435968,9,Seven Bells,2022,"Action,Adventure,Comedy",40.0,2964,7.7
tt1312171,The Umbrella Academy,3,tt13435972,10,Oblivion,2022,"Action,Adventure,Comedy",49.0,3601,7.4
tt1312171,The Umbrella Academy,4,tt21896160,1,The Unbearable Tragedy of Getting What You Want,2024,"Action,Adventure,Comedy",52.0,2770,6.7
tt1312171,The Umbrella Academy,4,tt27508327,2,Jean and Gene,2024,"Action,Adventure,Comedy",47,2637,7.2
tt1312171,The Umbrella Academy,4,tt27508330,3,The Squid and the Girl,2024,"Action,Adventure,Comedy",56,2405,6.7
tt1312171,The Umbrella Academy,4,tt27508332,4,The Cleanse,2024,"Action,Adventure,Comedy",55,2388,6.4
tt1312171,The Umbrella Academy,4,tt27508333,5,"Six Years, Five Months, and Two Days",2024,"Action,Adventure,Comedy",58,2864,5.8
tt1312171,The Umbrella Academy,4,tt27508334,6,End of the Beginning,2024,"Action,Adventure,Comedy",69,4524,4.9
tt1405406,The Vampire Diaries,1,tt1486497,1,Pilot,2009,"Drama,Fantasy,Horror",42.0,4436,7.8
tt1405406,The Vampire Diaries,1,tt1485650,2,The Night of the Comet,2009,"Drama,Fantasy,Horror",42.0,3054,7.5
tt1405406,The Vampire Diaries,1,tt1478775,3,Friday Night Bites,2009,"Drama,Fantasy,Horror",42.0,2754,7.9
tt1405406,The Vampire Diaries,1,tt1498685,4,Family Ties,2009,"Drama,Fantasy,Horror",42.0,2587,7.9
tt1405406,The Vampire Diaries,1,tt1502356,5,You're Undead to Me,2009,"Drama,Fantasy,Horror",42.0,2556,8.2
tt1405406,The Vampire Diaries,1,tt1522797,6,Lost Girls,2009,"Drama,Fantasy,Horror",42.0,2589,8.4
tt1405406,The Vampire Diaries,1,tt1524499,7,Haunted,2009,"Drama,Fantasy,Horror",42.0,2419,8.2
tt1405406,The Vampire Diaries,1,tt1527549,8,162 Candles,2009,"Drama,Fantasy,Horror",42.0,2444,8.3
tt1405406,The Vampire Diaries,1,tt1539470,9,History Repeating,2009,"Drama,Fantasy,Horror",42.0,2335,8.1
tt1405406,The Vampire Diaries,1,tt1546355,10,The Turning Point,2009,"Drama,Fantasy,Horror",40.0,2354,8.3
tt1405406,The Vampire Diaries,1,tt1558220,11,Bloodlines,2010,"Drama,Fantasy,Horror",42.0,2370,8.2
tt1405406,The Vampire Diaries,1,tt1560009,12,Unpleasantville,2010,"Drama,Fantasy,Horror",42.0,2243,8.1
tt1405406,The Vampire Diaries,1,tt1576612,13,Children of the Damned,2010,"Drama,Fantasy,Horror",42.0,2254,8.3
tt1405406,The Vampire Diaries,1,tt1588261,14,Fool Me Once,2010,"Drama,Fantasy,Horror",42.0,2300,8.6
tt1405406,The Vampire Diaries,1,tt1593604,15,A Few Good Men,2010,"Drama,Fantasy,Horror",42.0,2158,8.0
tt1405406,The Vampire Diaries,1,tt1615805,16,There Goes the Neighborhood,2010,"Drama,Fantasy,Horror",41.0,2123,7.9
tt1405406,The Vampire Diaries,1,tt1620371,17,Let the Right One In,2010,"Drama,Fantasy,Horror",42.0,2233,8.6
tt1405406,The Vampire Diaries,1,tt1620373,18,Under Control,2010,"Drama,Fantasy,Horror",42.0,2156,8.1
tt1405406,The Vampire Diaries,1,tt1620372,19,Miss Mystic Falls,2010,"Drama,Fantasy,Horror",42.0,2346,8.3
tt1405406,The Vampire Diaries,1,tt1635638,20,Blood Brothers,2010,"Drama,Fantasy,Horror",42.0,2188,8.2
tt1405406,The Vampire Diaries,1,tt1636337,21,Isobel,2010,"Drama,Fantasy,Horror",42.0,2258,8.4
tt1405406,The Vampire Diaries,1,tt1636338,22,Founder's Day,2010,"Drama,Fantasy,Horror",42.0,3296,9.2
tt1405406,The Vampire Diaries,2,tt1636339,1,The Return,2010,"Drama,Fantasy,Horror",42.0,2760,8.9
tt1405406,The Vampire Diaries,2,tt1636350,2,Brave New World,2010,"Drama,Fantasy,Horror",42.0,2115,8.4
tt1405406,The Vampire Diaries,2,tt1636354,3,Bad Moon Rising,2010,"Drama,Fantasy,Horror",42.0,2061,8.3
tt1405406,The Vampire Diaries,2,tt1636355,4,Memory Lane,2010,"Drama,Fantasy,Horror",42.0,2029,8.1
tt1405406,The Vampire Diaries,2,tt1636356,5,Kill or Be Killed,2010,"Drama,Fantasy,Horror",42.0,2048,8.6
tt1405406,The Vampire Diaries,2,tt1636357,6,Plan B,2010,"Drama,Fantasy,Horror",42.0,2042,8.5
tt1405406,The Vampire Diaries,2,tt1636358,7,Masquerade,2010,"Drama,Fantasy,Horror",42.0,2441,9.0
tt1405406,The Vampire Diaries,2,tt1636359,8,Rose,2010,"Drama,Fantasy,Horror",42.0,2348,8.8
tt1405406,The Vampire Diaries,2,tt1636360,9,Katerina,2010,"Drama,Fantasy,Horror",42.0,2068,8.5
tt1405406,The Vampire Diaries,2,tt1636340,10,The Sacrifice,2010,"Drama,Fantasy,Horror",42.0,1870,8.3
tt1405406,The Vampire Diaries,2,tt1636341,11,By the Light of the Moon,2010,"Drama,Fantasy,Horror",42.0,1950,8.4
tt1405406,The Vampire Diaries,2,tt1636342,12,The Descent,2011,"Drama,Fantasy,Horror",42.0,2089,8.4
tt1405406,The Vampire Diaries,2,tt1636343,13,Daddy Issues,2011,"Drama,Fantasy,Horror",43.0,1851,8.1
tt1405406,The Vampire Diaries,2,tt1636344,14,Crying Wolf,2011,"Drama,Fantasy,Horror",42.0,1875,8.0
tt1405406,The Vampire Diaries,2,tt1636345,15,The Dinner Party,2011,"Drama,Fantasy,Horror",43.0,1851,8.3
tt1405406,The Vampire Diaries,2,tt1636346,16,The House Guest,2011,"Drama,Fantasy,Horror",41.0,1859,8.5
tt1405406,The Vampire Diaries,2,tt1636347,17,Know Thy Enemy,2011,"Drama,Fantasy,Horror",42.0,1869,8.3
tt1405406,The Vampire Diaries,2,tt1636348,18,The Last Dance,2011,"Drama,Fantasy,Horror",42.0,1993,8.7
tt1405406,The Vampire Diaries,2,tt1636349,19,Klaus,2011,"Drama,Fantasy,Horror",42.0,2184,8.8
tt1405406,The Vampire Diaries,2,tt1636351,20,The Last Day,2011,"Drama,Fantasy,Horror",42.0,1983,8.7
tt1405406,The Vampire Diaries,2,tt1636352,21,The Sun Also Rises,2011,"Drama,Fantasy,Horror",42.0,2371,9.1
tt1405406,The Vampire Diaries,2,tt1636353,22,As I Lay Dying,2011,"Drama,Fantasy,Horror",42.0,2450,8.9
tt1405406,The Vampire Diaries,3,tt1953764,1,The Birthday,2011,"Drama,Fantasy,Horror",42.0,2668,8.5
tt1405406,The Vampire Diaries,3,tt1993217,2,The Hybrid,2011,"Drama,Fantasy,Horror",41.0,2102,8.5
tt1405406,The Vampire Diaries,3,tt1993221,3,The End of the Affair,2011,"Drama,Fantasy,Horror",42.0,2242,8.7
tt1405406,The Vampire Diaries,3,tt1993222,4,Disturbing Behavior,2011,"Drama,Fantasy,Horror",41.0,1911,8.3
tt1405406,The Vampire Diaries,3,tt1993223,5,The Reckoning,2011,"Drama,Fantasy,Horror",42.0,2452,9.0
tt1405406,The Vampire Diaries,3,tt1993224,6,Smells Like Teen Spirit,2011,"Drama,Fantasy,Horror",42.0,1961,8.4
tt1405406,The Vampire Diaries,3,tt1993225,7,Ghost World,2011,"Drama,Fantasy,Horror",42.0,1989,8.5
tt1405406,The Vampire Diaries,3,tt1993226,8,Ordinary People,2011,"Drama,Fantasy,Horror",42.0,2028,8.7
tt1405406,The Vampire Diaries,3,tt1993227,9,Homecoming,2011,"Drama,Fantasy,Horror",42.0,2275,8.9
tt1405406,The Vampire Diaries,3,tt1993207,10,The New Deal,2012,"Drama,Fantasy,Horror",42.0,1941,8.3
tt1405406,The Vampire Diaries,3,tt1993208,11,Our Town,2012,"Drama,Fantasy,Horror",42.0,1812,8.2
tt1405406,The Vampire Diaries,3,tt1993209,12,The Ties That Bind,2012,"Drama,Fantasy,Horror",42.0,1854,8.2
tt1405406,The Vampire Diaries,3,tt1993210,13,Bringing Out the Dead,2012,"Drama,Fantasy,Horror",42.0,1965,8.6
tt1405406,The Vampire Diaries,3,tt1993211,14,Dangerous Liaisons,2012,"Drama,Fantasy,Horror",42.0,1976,8.6
tt1405406,The Vampire Diaries,3,tt1993212,15,All My Children,2012,"Drama,Fantasy,Horror",42.0,1903,8.3
tt1405406,The Vampire Diaries,3,tt1993213,16,1912,2012,"Drama,Fantasy,Horror",41.0,1761,7.8
tt1405406,The Vampire Diaries,3,tt1993214,17,Break on Through,2012,"Drama,Fantasy,Horror",42.0,1705,7.9
tt1405406,The Vampire Diaries,3,tt1993215,18,The Murder of One,2012,"Drama,Fantasy,Horror",41.0,1836,8.4
tt1405406,The Vampire Diaries,3,tt1993216,19,Heart of Darkness,2012,"Drama,Fantasy,Horror",42.0,2300,8.6
tt1405406,The Vampire Diaries,3,tt1993218,20,Do Not Go Gentle,2012,"Drama,Fantasy,Horror",42.0,1873,8.4
tt1405406,The Vampire Diaries,3,tt1993219,21,Before Sunset,2012,"Drama,Fantasy,Horror",42.0,1858,8.5
tt1405406,The Vampire Diaries,3,tt1993220,22,The Departed,2012,"Drama,Fantasy,Horror",42.0,4200,9.4
tt1405406,The Vampire Diaries,4,tt2244552,1,Growing Pains,2012,"Drama,Fantasy,Horror",43.0,3200,8.7
tt1405406,The Vampire Diaries,4,tt2325534,2,Memorial,2012,"Drama,Fantasy,Horror",43.0,2272,8.7
tt1405406,The Vampire Diaries,4,tt2324474,3,The Rager,2012,"Drama,Fantasy,Horror",43.0,1936,8.3
tt1405406,The Vampire Diaries,4,tt2443156,4,The Five,2012,"Drama,Fantasy,Horror",43.0,1926,8.3
tt1405406,The Vampire Diaries,4,tt2460490,5,The Killer,2012,"Drama,Fantasy,Horror",43.0,1766,8.2
tt1405406,The Vampire Diaries,4,tt2460494,6,We All Go a Little Mad Sometimes,2012,"Drama,Fantasy,Horror",43.0,1883,8.3
tt1405406,The Vampire Diaries,4,tt2404208,7,My Brother's Keeper,2012,"Drama,Fantasy,Horror",42.0,2430,8.7
tt1405406,The Vampire Diaries,4,tt2516956,8,We'll Always Have Bourbon Street,2012,"Drama,Fantasy,Horror",42.0,1879,8.3
tt1405406,The Vampire Diaries,4,tt2504112,9,"O Come, All Ye Faithful",2012,"Drama,Fantasy,Horror",42.0,1929,8.5
tt1405406,The Vampire Diaries,4,tt2524426,10,After School Special,2013,"Drama,Fantasy,Horror",42.0,1865,8.3
tt1405406,The Vampire Diaries,4,tt2608330,11,Catch Me If You Can,2013,"Drama,Fantasy,Horror",43.0,1667,7.9
tt1405406,The Vampire Diaries,4,tt2622588,12,A View to a Kill,2013,"Drama,Fantasy,Horror",42.0,1750,8.5
tt1405406,The Vampire Diaries,4,tt2635746,13,Into the Wild,2013,"Drama,Fantasy,Horror",42.0,1683,8.0
tt1405406,The Vampire Diaries,4,tt2649840,14,Down the Rabbit Hole,2013,"Drama,Fantasy,Horror",42.0,1756,8.4
tt1405406,The Vampire Diaries,4,tt2663500,15,Stand by Me,2013,"Drama,Fantasy,Horror",43.0,1924,8.6
tt1405406,The Vampire Diaries,4,tt2645640,16,Bring It On,2013,"Drama,Fantasy,Horror",43.0,1691,7.6
tt1405406,The Vampire Diaries,4,tt2737614,17,Because the Night,2013,"Drama,Fantasy,Horror",41,1567,8.0
tt1405406,The Vampire Diaries,4,tt2703928,18,American Gothic,2013,"Drama,Fantasy,Horror",42.0,1689,8.4
tt1405406,The Vampire Diaries,4,tt2773890,19,Pictures of You,2013,"Drama,Fantasy,Horror",42.0,1661,8.2
tt1405406,The Vampire Diaries,4,tt2667562,20,The Originals,2013,"Drama,Fantasy,Horror",42.0,2198,8.6
tt1405406,The Vampire Diaries,4,tt2798206,21,She's Come Undone,2013,"Drama,Fantasy,Horror",42.0,1620,8.3
tt1405406,The Vampire Diaries,4,tt2798200,22,The Walking Dead,2013,"Drama,Fantasy,Horror",43.0,1792,8.6
tt1405406,The Vampire Diaries,4,tt2798340,23,Graduation,2013,"Drama,Fantasy,Horror",43.0,2744,9.1
tt1405406,The Vampire Diaries,5,tt2702686,1,I Know What You Did Last Summer,2013,"Drama,Fantasy,Horror",42.0,2519,8.3
tt1405406,The Vampire Diaries,5,tt2930740,2,True Lies,2013,"Drama,Fantasy,Horror",42.0,1673,7.8
tt1405406,The Vampire Diaries,5,tt3115230,3,Original Sin,2013,"Drama,Fantasy,Horror",42.0,1741,8.2
tt1405406,The Vampire Diaries,5,tt3186508,4,For Whom the Bell Tolls,2013,"Drama,Fantasy,Horror",42,1646,8.1
tt1405406,The Vampire Diaries,5,tt3140688,5,Monster's Ball,2013,"Drama,Fantasy,Horror",42.0,1546,7.8
tt1405406,The Vampire Diaries,5,tt3220138,6,Handle with Care,2013,"Drama,Fantasy,Horror",42,1530,7.9
tt1405406,The Vampire Diaries,5,tt3220142,7,Death and the Maiden,2013,"Drama,Fantasy,Horror",42,1517,8.0
tt1405406,The Vampire Diaries,5,tt3244030,8,Dead Man on Campus,2013,"Drama,Fantasy,Horror",42,1474,7.7
tt1405406,The Vampire Diaries,5,tt3244036,9,The Cell,2013,"Drama,Fantasy,Horror",42,1499,8.1
tt1405406,The Vampire Diaries,5,tt3244038,10,Fifty Shades of Grayson,2013,"Drama,Fantasy,Horror",42,1482,7.8
tt1405406,The Vampire Diaries,5,tt3244044,11,500 Years of Solitude,2014,"Drama,Fantasy,Horror",42,2003,8.6
tt1405406,The Vampire Diaries,5,tt3244046,12,The Devil Inside,2014,"Drama,Fantasy,Horror",43,1453,7.8
tt1405406,The Vampire Diaries,5,tt3244052,13,Total Eclipse of the Heart,2014,"Drama,Fantasy,Horror",43,1385,7.7
tt1405406,The Vampire Diaries,5,tt3244060,14,No Exit,2014,"Drama,Fantasy,Horror",43,1371,7.8
tt1405406,The Vampire Diaries,5,tt3244066,15,Gone Girl,2014,"Drama,Fantasy,Horror",42,1641,8.6
tt1405406,The Vampire Diaries,5,tt3244068,16,While You Were Sleeping,2014,"Drama,Fantasy,Horror",42,1378,7.7
tt1405406,The Vampire Diaries,5,tt3244072,17,Rescue Me,2014,"Drama,Fantasy,Horror",41,1320,7.9
tt1405406,The Vampire Diaries,5,tt3244074,18,Resident Evil,2014,"Drama,Fantasy,Horror",43,1391,7.8
tt1405406,The Vampire Diaries,5,tt3244076,19,Man on Fire,2014,"Drama,Fantasy,Horror",42,1288,7.7
tt1405406,The Vampire Diaries,5,tt3244078,20,What Lies Beneath,2014,"Drama,Fantasy,Horror",42,1280,7.6
tt1405406,The Vampire Diaries,5,tt3244080,21,Promised Land,2014,"Drama,Fantasy,Horror",41,1588,8.5
tt1405406,The Vampire Diaries,5,tt3244082,22,Home,2014,"Drama,Fantasy,Horror",42,2380,8.9
tt1405406,The Vampire Diaries,6,tt3532618,1,I'll Remember,2014,"Drama,Fantasy,Horror",42,1776,7.7
tt1405406,The Vampire Diaries,6,tt4052884,2,Yellow Ledbetter,2014,"Drama,Fantasy,Horror",43.0,1603,8.3
tt1405406,The Vampire Diaries,6,tt4030720,3,Welcome to Paradise,2014,"Drama,Fantasy,Horror",42.0,1433,7.8
tt1405406,The Vampire Diaries,6,tt3997380,4,Black Hole Sun,2014,"Drama,Fantasy,Horror",42,1367,7.9
tt1405406,The Vampire Diaries,6,tt4107032,5,The World Has Turned and Left Me Here,2014,"Drama,Fantasy,Horror",42.0,1642,8.5
tt1405406,The Vampire Diaries,6,tt4123848,6,"The More You Ignore Me, the Closer I Get",2014,"Drama,Fantasy,Horror",42.0,1377,7.9
tt1405406,The Vampire Diaries,6,tt4145782,7,Do You Remember the First Time?,2014,"Drama,Fantasy,Horror",42.0,1438,8.1
tt1405406,The Vampire Diaries,6,tt4147188,8,Fade Into You,2014,"Drama,Fantasy,Horror",42.0,1337,8.2
tt1405406,The Vampire Diaries,6,tt4197040,9,I Alone,2014,"Drama,Fantasy,Horror",42.0,1248,8.0
tt1405406,The Vampire Diaries,6,tt4195084,10,Christmas Through Your Eyes,2014,"Drama,Fantasy,Horror",41.0,1276,7.9
tt1405406,The Vampire Diaries,6,tt4191972,11,Woke Up with a Monster,2015,"Drama,Fantasy,Horror",42.0,1292,7.9
tt1405406,The Vampire Diaries,6,tt4327474,12,Prayer for the Dying,2015,"Drama,Fantasy,Horror",42.0,1249,8.1
tt1405406,The Vampire Diaries,6,tt4327476,13,The Day I Tried to Live,2015,"Drama,Fantasy,Horror",42.0,1243,8.0
tt1405406,The Vampire Diaries,6,tt4320222,14,Stay,2015,"Drama,Fantasy,Horror",42.0,1412,8.3
tt1405406,The Vampire Diaries,6,tt4320224,15,Let Her Go,2015,"Drama,Fantasy,Horror",42.0,1602,8.6
tt1405406,The Vampire Diaries,6,tt4320234,16,The Downward Spiral,2015,"Drama,Fantasy,Horror",42.0,1537,8.4
tt1405406,The Vampire Diaries,6,tt4397064,17,A Bird in a Gilded Cage,2015,"Drama,Fantasy,Horror",42.0,1242,8.0
tt1405406,The Vampire Diaries,6,tt4491720,18,I Could Never Love Like That,2015,"Drama,Fantasy,Horror",42.0,1191,7.7
tt1405406,The Vampire Diaries,6,tt4519266,19,Because,2015,"Drama,Fantasy,Horror",42.0,1178,7.9
tt1405406,The Vampire Diaries,6,tt4519276,20,I'd Leave My Happy Home for You,2015,"Drama,Fantasy,Horror",42.0,1195,7.8
tt1405406,The Vampire Diaries,6,tt4519278,21,I'll Wed You in the Golden Summertime,2015,"Drama,Fantasy,Horror",42.0,1424,8.5
tt1405406,The Vampire Diaries,6,tt4519282,22,I'm Thinking of You All the While,2015,"Drama,Fantasy,Horror",42.0,2016,8.8
tt1405406,The Vampire Diaries,7,tt4346796,1,"Day One of Twenty-Two Thousand, Give or Take",2015,"Drama,Fantasy,Horror",42.0,1528,8.2
tt1405406,The Vampire Diaries,7,tt4859606,2,Never Let Me Go,2015,"Drama,Fantasy,Horror",43.0,1212,8.0
tt1405406,The Vampire Diaries,7,tt4859604,3,Age of Innocence,2015,"Drama,Fantasy,Horror",43.0,1167,8.0
tt1405406,The Vampire Diaries,7,tt4859602,4,I Carry Your Heart with Me,2015,"Drama,Fantasy,Horror",42.0,1170,8.0
tt1405406,The Vampire Diaries,7,tt4859608,5,Live Through This,2015,"Drama,Fantasy,Horror",41.0,1133,8.1
tt1405406,The Vampire Diaries,7,tt4859614,6,Best Served Cold,2015,"Drama,Fantasy,Horror",42.0,1112,8.1
tt1405406,The Vampire Diaries,7,tt4859610,7,Mommie Dearest,2015,"Drama,Fantasy,Horror",42.0,1091,8.1
tt1405406,The Vampire Diaries,7,tt4859616,8,"Hold Me, Thrill Me, Kiss Me, Kill Me",2015,"Drama,Fantasy,Horror",42.0,1125,8.2
tt1405406,The Vampire Diaries,7,tt4859620,9,Cold as Ice,2015,"Drama,Fantasy,Horror",41.0,1152,8.1
tt1405406,The Vampire Diaries,7,tt4859618,10,Hell Is Other People,2016,"Drama,Fantasy,Horror",41.0,1554,8.7
tt1405406,The Vampire Diaries,7,tt5123362,11,Things We Lost in the Fire,2016,"Drama,Fantasy,Horror",42.0,1066,7.7
tt1405406,The Vampire Diaries,7,tt5223564,12,Postcards from the Edge,2016,"Drama,Fantasy,Horror",42.0,1041,7.9
tt1405406,The Vampire Diaries,7,tt5254856,13,This Woman's Work,2016,"Drama,Fantasy,Horror",42.0,1085,8.3
tt1405406,The Vampire Diaries,7,tt5282412,14,Moonlight on the Bayou,2016,"Drama,Fantasy,Horror",41.0,1252,8.6
tt1405406,The Vampire Diaries,7,tt5337092,15,I Would for You,2016,"Drama,Fantasy,Horror",42.0,1046,8.2
tt1405406,The Vampire Diaries,7,tt5420708,16,Days of Future Past,2016,"Drama,Fantasy,Horror",41.0,1137,7.8
tt1405406,The Vampire Diaries,7,tt5483108,17,I Went to the Woods,2016,"Drama,Fantasy,Horror",42.0,1077,8.1
tt1405406,The Vampire Diaries,7,tt5483112,18,One Way or Another,2016,"Drama,Fantasy,Horror",42.0,956,7.8
tt1405406,The Vampire Diaries,7,tt5543360,19,Somebody That I Used to Know,2016,"Drama,Fantasy,Horror",42.0,971,7.6
tt1405406,The Vampire Diaries,7,tt5543366,20,Kill 'Em All,2016,"Drama,Fantasy,Horror",42.0,952,7.7
tt1405406,The Vampire Diaries,7,tt5543402,21,Requiem for a Dream,2016,"Drama,Fantasy,Horror",42.0,1014,8.0
tt1405406,The Vampire Diaries,7,tt5543410,22,Gods and Monsters,2016,"Drama,Fantasy,Horror",42.0,1194,8.1
tt1405406,The Vampire Diaries,8,tt5540930,1,"Hello, Brother",2016,"Drama,Fantasy,Horror",42.0,1678,8.2
tt1405406,The Vampire Diaries,8,tt5607534,2,Today Will Be Different,2016,"Drama,Fantasy,Horror",42.0,1188,7.8
tt1405406,The Vampire Diaries,8,tt5668506,3,You Decided That I Was Worth Saving,2016,"Drama,Fantasy,Horror",41.0,1121,7.9
tt1405406,The Vampire Diaries,8,tt5668510,4,An Eternity of Misery,2016,"Drama,Fantasy,Horror",42.0,1092,8.0
tt1405406,The Vampire Diaries,8,tt5668512,5,Coming Home Was a Mistake,2016,"Drama,Fantasy,Horror",42.0,1047,7.7
tt1405406,The Vampire Diaries,8,tt5668514,6,Detoured on Some Random Backwoods Path to Hell,2016,"Drama,Fantasy,Horror",42.0,1046,7.9
tt1405406,The Vampire Diaries,8,tt5668516,7,"The Next Time I Hurt Somebody, It Could Be You",2016,"Drama,Fantasy,Horror",42.0,1046,7.8
tt1405406,The Vampire Diaries,8,tt5668518,8,We Have History Together,2017,"Drama,Fantasy,Horror",42.0,1038,7.5
tt1405406,The Vampire Diaries,8,tt5668520,9,The Simple Intimacy of the Near Touch,2017,"Drama,Fantasy,Horror",42.0,1006,7.8
tt1405406,The Vampire Diaries,8,tt5668522,10,Nostalgia's a Bitch,2017,"Drama,Fantasy,Horror",42.0,1260,8.5
tt1405406,The Vampire Diaries,8,tt5668524,11,You Made a Choice to Be Good,2017,"Drama,Fantasy,Horror",42.0,1588,8.9
tt1405406,The Vampire Diaries,8,tt5668526,12,What Are You?,2017,"Drama,Fantasy,Horror",41.0,1066,8.1
tt1405406,The Vampire Diaries,8,tt5668528,13,The Lies Will Catch Up to You,2017,"Drama,Fantasy,Horror",42.0,1036,8.0
tt1405406,The Vampire Diaries,8,tt5668530,14,It's Been a Hell of a Ride,2017,"Drama,Fantasy,Horror",41.0,1348,8.8
tt1405406,The Vampire Diaries,8,tt5668532,15,We're Planning a June Wedding,2017,"Drama,Fantasy,Horror",42.0,1366,8.7
tt1405406,The Vampire Diaries,8,tt5668534,16,I Was Feeling Epic,2017,"Drama,Fantasy,Horror",42.0,4349,9.3
tt1520211,The Walking Dead,1,tt1589921,1,Days Gone Bye,2010,"Drama,Horror,Thriller",67.0,31956,9.2
tt1520211,The Walking Dead,1,tt1628064,2,Guts,2010,"Drama,Horror,Thriller",45.0,20132,8.6
tt1520211,The Walking Dead,1,tt1628065,3,Tell It to the Frogs,2010,"Drama,Horror,Thriller",45.0,18458,8.2
tt1520211,The Walking Dead,1,tt1628066,4,Vatos,2010,"Drama,Horror,Thriller",44.0,18043,8.5
tt1520211,The Walking Dead,1,tt1628067,5,Wildfire,2010,"Drama,Horror,Thriller",45.0,17366,8.1
tt1520211,The Walking Dead,1,tt1628068,6,TS-19,2010,"Drama,Horror,Thriller",45.0,18894,8.6
tt1520211,The Walking Dead,2,tt1790548,1,What Lies Ahead,2011,"Drama,Horror,Thriller",68.0,16849,8.5
tt1520211,The Walking Dead,2,tt1804266,2,Bloodletting,2011,"Drama,Horror,Thriller",42.0,15423,7.9
tt1520211,The Walking Dead,2,tt1804267,3,Save the Last One,2011,"Drama,Horror,Thriller",43.0,15328,8.3
tt1520211,The Walking Dead,2,tt1804268,4,Cherokee Rose,2011,"Drama,Horror,Thriller",43.0,14893,7.5
tt1520211,The Walking Dead,2,tt1804269,5,Chupacabra,2011,"Drama,Horror,Thriller",42.0,14975,8.0
tt1520211,The Walking Dead,2,tt1804270,6,Secrets,2011,"Drama,Horror,Thriller",42.0,14603,7.6
tt1520211,The Walking Dead,2,tt1804271,7,Pretty Much Dead Already,2011,"Drama,Horror,Thriller",43.0,21212,9.2
tt1520211,The Walking Dead,2,tt1804272,8,Nebraska,2012,"Drama,Horror,Thriller",43.0,14833,8.2
tt1520211,The Walking Dead,2,tt1804273,9,Triggerfinger,2012,"Drama,Horror,Thriller",43.0,14327,8.2
tt1520211,The Walking Dead,2,tt1804262,10,18 Miles Out,2012,"Drama,Horror,Thriller",43.0,14829,8.4
tt1520211,The Walking Dead,2,tt1804263,11,"Judge, Jury, Executioner",2012,"Drama,Horror,Thriller",43.0,15144,8.5
tt1520211,The Walking Dead,2,tt1804264,12,Better Angels,2012,"Drama,Horror,Thriller",43.0,18318,9.1
tt1520211,The Walking Dead,2,tt1804265,13,Beside the Dying Fire,2012,"Drama,Horror,Thriller",42.0,19858,9.2
tt1520211,The Walking Dead,3,tt2107527,1,Seed,2012,"Drama,Horror,Thriller",43.0,17112,8.8
tt1520211,The Walking Dead,3,tt2253598,2,Sick,2012,"Drama,Horror,Thriller",43.0,14619,8.5
tt1520211,The Walking Dead,3,tt2253600,3,Walk with Me,2012,"Drama,Horror,Thriller",43.0,14081,8.1
tt1520211,The Walking Dead,3,tt2253602,4,Killer Within,2012,"Drama,Horror,Thriller",43.0,19740,9.3
tt1520211,The Walking Dead,3,tt2253610,5,Say the Word,2012,"Drama,Horror,Thriller",43.0,13290,8.0
tt1520211,The Walking Dead,3,tt2253604,6,Hounded,2012,"Drama,Horror,Thriller",43.0,13126,8.1
tt1520211,The Walking Dead,3,tt2253606,7,When the Dead Come Knocking,2012,"Drama,Horror,Thriller",43.0,13442,8.5
tt1520211,The Walking Dead,3,tt2253608,8,Made to Suffer,2012,"Drama,Horror,Thriller",43.0,15074,8.9
tt1520211,The Walking Dead,3,tt2269550,9,The Suicide King,2013,"Drama,Horror,Thriller",43.0,13353,8.0
tt1520211,The Walking Dead,3,tt2401094,10,Home,2013,"Drama,Horror,Thriller",43.0,14164,8.6
tt1520211,The Walking Dead,3,tt2521154,11,I Ain't a Judas,2013,"Drama,Horror,Thriller",42.0,13048,7.6
tt1520211,The Walking Dead,3,tt2521158,12,Clear,2013,"Drama,Horror,Thriller",43.0,15198,8.7
tt1520211,The Walking Dead,3,tt2521162,13,Arrow on the Doorpost,2013,"Drama,Horror,Thriller",43.0,13361,7.7
tt1520211,The Walking Dead,3,tt2521168,14,Prey,2013,"Drama,Horror,Thriller",43.0,13295,7.8
tt1520211,The Walking Dead,3,tt2521172,15,This Sorrowful Life,2013,"Drama,Horror,Thriller",43.0,15007,8.8
tt1520211,The Walking Dead,3,tt2521182,16,Welcome to the Tombs,2013,"Drama,Horror,Thriller",43.0,15134,8.2
tt1520211,The Walking Dead,4,tt2795750,1,30 Days Without an Accident,2013,"Drama,Horror,Thriller",43.0,15463,8.1
tt1520211,The Walking Dead,4,tt2931446,2,Infected,2013,"Drama,Horror,Thriller",43.0,13659,8.3
tt1520211,The Walking Dead,4,tt2948632,3,Isolation,2013,"Drama,Horror,Thriller",42.0,12958,7.9
tt1520211,The Walking Dead,4,tt2948628,4,Indifference,2013,"Drama,Horror,Thriller",42.0,13005,7.9
tt1520211,The Walking Dead,4,tt2948636,5,Internment,2013,"Drama,Horror,Thriller",42.0,15356,8.8
tt1520211,The Walking Dead,4,tt2948630,6,Live Bait,2013,"Drama,Horror,Thriller",42.0,13693,7.7
tt1520211,The Walking Dead,4,tt2948634,7,Dead Weight,2013,"Drama,Horror,Thriller",42.0,13200,7.7
tt1520211,The Walking Dead,4,tt2948638,8,Too Far Gone,2013,"Drama,Horror,Thriller",43.0,31420,9.6
tt1520211,The Walking Dead,4,tt3316798,9,After,2014,"Drama,Horror,Thriller",42.0,14099,8.0
tt1520211,The Walking Dead,4,tt3260594,10,Inmates,2014,"Drama,Horror,Thriller",42,13085,8.0
tt1520211,The Walking Dead,4,tt3316794,11,Claimed,2014,"Drama,Horror,Thriller",42.0,12846,8.1
tt1520211,The Walking Dead,4,tt3259044,12,Still,2014,"Drama,Horror,Thriller",42,16488,7.4
tt1520211,The Walking Dead,4,tt3316796,13,Alone,2014,"Drama,Horror,Thriller",42.0,13132,7.9
tt1520211,The Walking Dead,4,tt3316800,14,The Grove,2014,"Drama,Horror,Thriller",42.0,20084,9.2
tt1520211,The Walking Dead,4,tt3260610,15,Us,2014,"Drama,Horror,Thriller",42,13030,8.4
tt1520211,The Walking Dead,4,tt3260612,16,A,2014,"Drama,Horror,Thriller",42,19548,9.1
tt1520211,The Walking Dead,5,tt3297776,1,No Sanctuary,2014,"Drama,Horror,Thriller",42,32488,9.6
tt1520211,The Walking Dead,5,tt3646000,2,Strangers,2014,"Drama,Horror,Thriller",42.0,14906,8.5
tt1520211,The Walking Dead,5,tt3689244,3,Four Walls and a Roof,2014,"Drama,Horror,Thriller",42.0,17152,9.0
tt1520211,The Walking Dead,5,tt3712494,4,Slabtown,2014,"Drama,Horror,Thriller",42.0,14642,7.4
tt1520211,The Walking Dead,5,tt3714480,5,Self Help,2014,"Drama,Horror,Thriller",42.0,13359,7.9
tt1520211,The Walking Dead,5,tt3714484,6,Consumed,2014,"Drama,Horror,Thriller",42.0,13120,8.0
tt1520211,The Walking Dead,5,tt3714490,7,Crossed,2014,"Drama,Horror,Thriller",42.0,12502,7.8
tt1520211,The Walking Dead,5,tt3714498,8,Coda,2014,"Drama,Horror,Thriller",42.0,16334,8.8
tt1520211,The Walking Dead,5,tt3853912,9,What Happened and What's Going On,2015,"Drama,Horror,Thriller",42.0,15671,8.0
tt1520211,The Walking Dead,5,tt3853914,10,Them,2015,"Drama,Horror,Thriller",43.0,13572,7.5
tt1520211,The Walking Dead,5,tt3853916,11,The Distance,2015,"Drama,Horror,Thriller",42.0,12915,8.4
tt1520211,The Walking Dead,5,tt3853920,12,Remember,2015,"Drama,Horror,Thriller",42.0,13281,8.6
tt1520211,The Walking Dead,5,tt3853922,13,Forget,2015,"Drama,Horror,Thriller",42.0,12132,7.8
tt1520211,The Walking Dead,5,tt3853924,14,Spend,2015,"Drama,Horror,Thriller",42.0,14717,8.9
tt1520211,The Walking Dead,5,tt3853926,15,Try,2015,"Drama,Horror,Thriller",42.0,13292,8.5
tt1520211,The Walking Dead,5,tt3853928,16,Conquer,2015,"Drama,Horror,Thriller",65.0,19464,9.2
tt1520211,The Walking Dead,6,tt4211958,1,First Time Again,2015,"Drama,Horror,Thriller",65.0,17831,8.6
tt1520211,The Walking Dead,6,tt4452400,2,JSS,2015,"Drama,Horror,Thriller",44.0,18463,9.2
tt1520211,The Walking Dead,6,tt4719614,3,Thank You,2015,"Drama,Horror,Thriller",43.0,19586,9.2
tt1520211,The Walking Dead,6,tt4719620,4,Here's Not Here,2015,"Drama,Horror,Thriller",62.0,16673,8.2
tt1520211,The Walking Dead,6,tt4719650,5,Now,2015,"Drama,Horror,Thriller",43.0,12892,7.2
tt1520211,The Walking Dead,6,tt4719674,6,Always Accountable,2015,"Drama,Horror,Thriller",43.0,12365,7.6
tt1520211,The Walking Dead,6,tt4323856,7,Heads Up,2015,"Drama,Horror,Thriller",43.0,12283,8.0
tt1520211,The Walking Dead,6,tt4589566,8,Start to Finish,2015,"Drama,Horror,Thriller",44.0,13159,8.0
tt1520211,The Walking Dead,6,tt4575388,9,No Way Out,2016,"Drama,Horror,Thriller",43.0,34245,9.6
tt1520211,The Walking Dead,6,tt4776068,10,The Next World,2016,"Drama,Horror,Thriller",42.0,13453,8.3
tt1520211,The Walking Dead,6,tt4776070,11,Knots Untie,2016,"Drama,Horror,Thriller",43.0,11931,8.1
tt1520211,The Walking Dead,6,tt4776072,12,Not Tomorrow Yet,2016,"Drama,Horror,Thriller",43.0,14936,9.0
tt1520211,The Walking Dead,6,tt4776078,13,The Same Boat,2016,"Drama,Horror,Thriller",43.0,13690,8.6
tt1520211,The Walking Dead,6,tt4776082,14,Twice as Far,2016,"Drama,Horror,Thriller",43.0,11965,8.0
tt1520211,The Walking Dead,6,tt4776088,15,East,2016,"Drama,Horror,Thriller",43.0,12051,7.9
tt1520211,The Walking Dead,6,tt4589574,16,Last Day on Earth,2016,"Drama,Horror,Thriller",65.0,35162,7.1
tt1520211,The Walking Dead,7,tt5164772,1,The Day Will Come When You Won't Be,2016,"Drama,Horror,Thriller",46.0,46688,9.2
tt1520211,The Walking Dead,7,tt5207722,2,The Well,2016,"Drama,Horror,Thriller",46.0,15568,7.1
tt1520211,The Walking Dead,7,tt5207726,3,The Cell,2016,"Drama,Horror,Thriller",43.0,14062,7.5
tt1520211,The Walking Dead,7,tt5207730,4,Service,2016,"Drama,Horror,Thriller",60.0,13901,7.6
tt1520211,The Walking Dead,7,tt5207732,5,Go Getters,2016,"Drama,Horror,Thriller",44.0,12968,6.8
tt1520211,The Walking Dead,7,tt5207734,6,Swear,2016,"Drama,Horror,Thriller",49.0,16254,5.7
tt1520211,The Walking Dead,7,tt5207738,7,Sing Me a Song,2016,"Drama,Horror,Thriller",62.0,13079,7.9
tt1520211,The Walking Dead,7,tt5207740,8,Hearts Still Beating,2016,"Drama,Horror,Thriller",60.0,15304,8.7
tt1520211,The Walking Dead,7,tt5207746,9,Rock in the Road,2017,"Drama,Horror,Thriller",51.0,12081,8.0
tt1520211,The Walking Dead,7,tt5207750,10,New Best Friends,2017,"Drama,Horror,Thriller",46.0,11299,7.3
tt1520211,The Walking Dead,7,tt5207754,11,Hostiles and Calamities,2017,"Drama,Horror,Thriller",49.0,11237,7.3
tt1520211,The Walking Dead,7,tt5207756,12,Say Yes,2017,"Drama,Horror,Thriller",43.0,11548,7.0
tt1520211,The Walking Dead,7,tt5207758,13,Bury Me Here,2017,"Drama,Horror,Thriller",47.0,11304,7.6
tt1520211,The Walking Dead,7,tt5207764,14,The Other Side,2017,"Drama,Horror,Thriller",46.0,11037,6.6
tt1520211,The Walking Dead,7,tt5207766,15,Something They Need,2017,"Drama,Horror,Thriller",43.0,10518,7.5
tt1520211,The Walking Dead,7,tt5207772,16,The First Day of the Rest of Your Life,2017,"Drama,Horror,Thriller",60.0,17061,7.8
tt1520211,The Walking Dead,8,tt6156390,1,Mercy,2017,"Drama,Horror,Thriller",47.0,14962,7.0
tt1520211,The Walking Dead,8,tt6198638,2,The Damned,2017,"Drama,Horror,Thriller",42.0,12556,6.8
tt1520211,The Walking Dead,8,tt6198656,3,Monsters,2017,"Drama,Horror,Thriller",41.0,11847,6.5
tt1520211,The Walking Dead,8,tt6198662,4,Some Guy,2017,"Drama,Horror,Thriller",42.0,11756,6.9
tt1520211,The Walking Dead,8,tt6198668,5,The Big Scary U,2017,"Drama,Horror,Thriller",52.0,10763,7.3
tt1520211,The Walking Dead,8,tt6207930,6,"The King, the Widow and Rick",2017,"Drama,Horror,Thriller",45.0,10324,6.2
tt1520211,The Walking Dead,8,tt6325296,7,Time for After,2017,"Drama,Horror,Thriller",44.0,9949,6.5
tt1520211,The Walking Dead,8,tt6327118,8,How It's Gotta Be,2017,"Drama,Horror,Thriller",62.0,12723,6.8
tt1520211,The Walking Dead,8,tt6337078,9,Honor,2018,"Drama,Horror,Thriller",56.0,11665,7.0
tt1520211,The Walking Dead,8,tt6337088,10,The Lost and the Plunderers,2018,"Drama,Horror,Thriller",45.0,9722,7.6
tt1520211,The Walking Dead,8,tt6337096,11,Dead or Alive Or,2018,"Drama,Horror,Thriller",45.0,8901,6.9
tt1520211,The Walking Dead,8,tt6337098,12,The Key,2018,"Drama,Horror,Thriller",46.0,10236,8.0
tt1520211,The Walking Dead,8,tt6337102,13,Do Not Send Us Astray,2018,"Drama,Horror,Thriller",42.0,9377,7.3
tt1520211,The Walking Dead,8,tt6337116,14,Still Gotta Mean Something,2018,"Drama,Horror,Thriller",51.0,9016,7.2
tt1520211,The Walking Dead,8,tt6337114,15,Worth,2018,"Drama,Horror,Thriller",52.0,9058,7.8
tt1520211,The Walking Dead,8,tt6337120,16,Wrath,2018,"Drama,Horror,Thriller",48.0,12139,7.7
tt1520211,The Walking Dead,9,tt7901208,1,A New Beginning,2018,"Drama,Horror,Thriller",58.0,11034,7.4
tt1520211,The Walking Dead,9,tt8230772,2,The Bridge,2018,"Drama,Horror,Thriller",45.0,9684,7.7
tt1520211,The Walking Dead,9,tt8232860,3,Warning Signs,2018,"Drama,Horror,Thriller",46.0,9353,7.7
tt1520211,The Walking Dead,9,tt8244690,4,The Obliged,2018,"Drama,Horror,Thriller",45.0,9631,8.0
tt1520211,The Walking Dead,9,tt8250812,5,What Comes After,2018,"Drama,Horror,Thriller",45.0,19393,9.2
tt1520211,The Walking Dead,9,tt8250818,6,Who Are You Now?,2018,"Drama,Horror,Thriller",54.0,9595,7.8
tt1520211,The Walking Dead,9,tt8250820,7,Stradivarius,2018,"Drama,Horror,Thriller",44.0,8849,7.2
tt1520211,The Walking Dead,9,tt8250824,8,Evolution,2018,"Drama,Horror,Thriller",44.0,11723,8.8
tt1520211,The Walking Dead,9,tt8250826,9,Adaptation,2019,"Drama,Horror,Thriller",51.0,8362,7.9
tt1520211,The Walking Dead,9,tt8250828,10,Omega,2019,"Drama,Horror,Thriller",47.0,8353,7.8
tt1520211,The Walking Dead,9,tt8250830,11,Bounty,2019,"Drama,Horror,Thriller",42.0,8225,7.7
tt1520211,The Walking Dead,9,tt8250832,12,Guardians,2019,"Drama,Horror,Thriller",44.0,7950,7.7
tt1520211,The Walking Dead,9,tt8250834,13,Chokepoint,2019,"Drama,Horror,Thriller",41.0,8598,8.2
tt1520211,The Walking Dead,9,tt8250838,14,Scars,2019,"Drama,Horror,Thriller",45.0,8872,7.9
tt1520211,The Walking Dead,9,tt8250840,15,The Calm Before,2019,"Drama,Horror,Thriller",58.0,15727,9.3
tt1520211,The Walking Dead,9,tt7958876,16,The Storm,2019,"Drama,Horror,Thriller",46.0,9239,7.6
tt1520211,The Walking Dead,10,tt9728352,1,Lines We Cross,2019,"Drama,Horror,Thriller",51,8955,7.4
tt1520211,The Walking Dead,10,tt9729150,2,We Are the End of the World,2019,"Drama,Horror,Thriller",44,8585,6.9
tt1520211,The Walking Dead,10,tt9729152,3,Ghosts,2019,"Drama,Horror,Thriller",47,7996,7.5
tt1520211,The Walking Dead,10,tt9729154,4,Silence the Whisperers,2019,"Drama,Horror,Thriller",44,7714,7.1
tt1520211,The Walking Dead,10,tt9729158,5,What It Always Is,2019,"Drama,Horror,Thriller",46,8264,8.0
tt1520211,The Walking Dead,10,tt9729156,6,Bonds,2019,"Drama,Horror,Thriller",45,7524,7.7
tt1520211,The Walking Dead,10,tt9729160,7,Open Your Eyes,2019,"Drama,Horror,Thriller",44,7634,7.7
tt1520211,The Walking Dead,10,tt9729162,8,The World Before,2019,"Drama,Horror,Thriller",54,7404,7.1
tt1520211,The Walking Dead,10,tt9729164,9,Squeeze,2020,"Drama,Horror,Thriller",45,7659,7.4
tt1520211,The Walking Dead,10,tt9729166,10,Stalker,2020,"Drama,Horror,Thriller",46,7835,8.0
tt1520211,The Walking Dead,10,tt9729176,11,Morning Star,2020,"Drama,Horror,Thriller",45,8161,8.3
tt1520211,The Walking Dead,10,tt9729172,12,Walk with Us,2020,"Drama,Horror,Thriller",44,10988,9.0
tt1520211,The Walking Dead,10,tt9729178,13,What We Become,2020,"Drama,Horror,Thriller",50,8883,7.7
tt1520211,The Walking Dead,10,tt9729182,14,Look at the Flowers,2020,"Drama,Horror,Thriller",45,7345,7.8
tt1520211,The Walking Dead,10,tt9729180,15,The Tower,2020,"Drama,Horror,Thriller",42,7316,7.4
tt1520211,The Walking Dead,10,tt9729184,16,A Certain Doom,2020,"Drama,Horror,Thriller",45,9872,8.3
tt1520211,The Walking Dead,10,tt12772726,17,Home Sweet Home,2021,"Drama,Horror,Thriller",41.0,8511,7.1
tt1520211,The Walking Dead,10,tt12772732,18,Find Me,2021,"Drama,Horror,Thriller",43.0,8908,6.2
tt1520211,The Walking Dead,10,tt12772738,19,One More,2021,"Drama,Horror,Thriller",47.0,8887,7.3
tt1520211,The Walking Dead,10,tt12772744,20,Splinter,2021,"Drama,Horror,Thriller",40.0,10148,5.2
tt1520211,The Walking Dead,10,tt12772746,21,Diverged,2021,"Drama,Horror,Thriller",42.0,11850,4.1
tt1520211,The Walking Dead,10,tt12772748,22,Here's Negan,2021,"Drama,Horror,Thriller",50.0,16298,9.2
tt1520211,The Walking Dead,11,tt11156952,1,Acheron: Part I,2021,"Drama,Horror,Thriller",46.0,10483,8.2
tt1520211,The Walking Dead,11,tt12772874,2,Acheron: Part II,2021,"Drama,Horror,Thriller",52.0,9455,8.4
tt1520211,The Walking Dead,11,tt12772878,3,Hunted,2021,"Drama,Horror,Thriller",43.0,8398,7.6
tt1520211,The Walking Dead,11,tt12772880,4,Rendition,2021,"Drama,Horror,Thriller",44.0,8231,7.1
tt1520211,The Walking Dead,11,tt12772882,5,Out of the Ashes,2021,"Drama,Horror,Thriller",47.0,7542,7.5
tt1520211,The Walking Dead,11,tt12772884,6,On the Inside,2021,"Drama,Horror,Thriller",45.0,9818,8.6
tt1520211,The Walking Dead,11,tt12772886,7,Promises Broken,2021,"Drama,Horror,Thriller",45.0,7246,7.6
tt1520211,The Walking Dead,11,tt12772890,8,For Blood,2021,"Drama,Horror,Thriller",41.0,7983,8.2
tt1520211,The Walking Dead,11,tt12772892,9,No Other Way,2022,"Drama,Horror,Thriller",44.0,9692,8.7
tt1520211,The Walking Dead,11,tt12772896,10,New Haunts,2022,"Drama,Horror,Thriller",45.0,7220,7.3
tt1520211,The Walking Dead,11,tt12772898,11,Rogue Element,2022,"Drama,Horror,Thriller",48.0,7202,6.6
tt1520211,The Walking Dead,11,tt12772900,12,The Lucky Ones,2022,"Drama,Horror,Thriller",46.0,6492,7.0
tt1520211,The Walking Dead,11,tt12772904,13,Warlords,2022,"Drama,Horror,Thriller",44.0,7077,8.2
tt1520211,The Walking Dead,11,tt12772906,14,The Rotten Core,2022,"Drama,Horror,Thriller",43.0,6793,8.2
tt1520211,The Walking Dead,11,tt12772908,15,Trust,2022,"Drama,Horror,Thriller",46.0,6147,7.4
tt1520211,The Walking Dead,11,tt12772916,16,Acts of God,2022,"Drama,Horror,Thriller",42.0,6852,7.7
tt1520211,The Walking Dead,11,tt13060666,17,Lockdown,2022,"Drama,Horror,Thriller",46.0,6417,7.4
tt1520211,The Walking Dead,11,tt13062124,18,A New Deal,2022,"Drama,Horror,Thriller",46.0,6233,7.4
tt1520211,The Walking Dead,11,tt13062126,19,Variant,2022,"Drama,Horror,Thriller",49.0,5819,7.2
tt1520211,The Walking Dead,11,tt13062128,20,What's Been Lost,2022,"Drama,Horror,Thriller",43.0,5956,7.3
tt1520211,The Walking Dead,11,tt13062130,21,Outpost 22,2022,"Drama,Horror,Thriller",48.0,5870,7.2
tt1520211,The Walking Dead,11,tt13062132,22,Faith,2022,"Drama,Horror,Thriller",45.0,6438,7.8
tt1520211,The Walking Dead,11,tt13062134,23,Family,2022,"Drama,Horror,Thriller",44.0,8229,8.5
tt1520211,The Walking Dead,11,tt13062136,24,Rest in Peace,2022,"Drama,Horror,Thriller",65.0,13785,8.3
tt13406094,The White Lotus,1,tt13868048,1,Arrivals,2021,"Comedy,Drama",54.0,6023,7.3
tt13406094,The White Lotus,1,tt13868046,2,New Day,2021,"Comedy,Drama",57.0,5074,7.5
tt13406094,The White Lotus,1,tt13868050,3,Mysterious Monkeys,2021,"Comedy,Drama",58.0,4895,7.8
tt13406094,The White Lotus,1,tt13868052,4,Recentering,2021,"Comedy,Drama",58.0,4728,7.9
tt13406094,The White Lotus,1,tt13868056,5,The Lotus-Eaters,2021,"Comedy,Drama",60.0,4647,8.0
tt13406094,The White Lotus,1,tt13868058,6,Departures,2021,"Comedy,Drama",66.0,5070,7.8
tt13406094,The White Lotus,2,tt15208848,1,Ciao,2022,"Comedy,Drama",57.0,5593,7.6
tt13406094,The White Lotus,2,tt22263398,2,Italian Dream,2022,"Comedy,Drama",56.0,4535,7.8
tt13406094,The White Lotus,2,tt22263424,3,Bull Elephants,2022,"Comedy,Drama",60.0,4423,8.0
tt13406094,The White Lotus,2,tt22263428,4,In the Sandbox,2022,"Comedy,Drama",60.0,4362,8.1
tt13406094,The White Lotus,2,tt22263436,5,That's Amore,2022,"Comedy,Drama",61.0,4861,8.5
tt13406094,The White Lotus,2,tt22333372,6,Abductions,2022,"Comedy,Drama",62.0,4186,8.1
tt13406094,The White Lotus,2,tt22333374,7,Arrivederci,2022,"Comedy,Drama",77.0,6813,8.8
tt0306414,The Wire,1,tt0749451,1,The Target,2002,"Crime,Drama,Thriller",62.0,8678,7.8
tt0306414,The Wire,1,tt0749448,2,The Detail,2002,"Crime,Drama,Thriller",58.0,6992,8.2
tt0306414,The Wire,1,tt0749446,3,The Buys,2002,"Crime,Drama,Thriller",55.0,6541,8.1
tt0306414,The Wire,1,tt0749437,4,Old Cases,2002,"Crime,Drama,Thriller",59.0,6327,8.2
tt0306414,The Wire,1,tt0749450,5,The Pager,2002,"Crime,Drama,Thriller",60.0,6051,8.2
tt0306414,The Wire,1,tt0749452,6,The Wire,2002,"Crime,Drama,Thriller",59.0,6218,8.5
tt0306414,The Wire,1,tt0749438,7,One Arrest,2002,"Crime,Drama,Thriller",59.0,5851,8.4
tt0306414,The Wire,1,tt0749433,8,Lessons,2002,"Crime,Drama,Thriller",56.0,5836,8.5
tt0306414,The Wire,1,tt0749429,9,Game Day,2002,"Crime,Drama,Thriller",57.0,6046,8.7
tt0306414,The Wire,1,tt0749447,10,The Cost,2002,"Crime,Drama,Thriller",56.0,6963,9.2
tt0306414,The Wire,1,tt0749449,11,The Hunt,2002,"Crime,Drama,Thriller",56.0,5997,8.8
tt0306414,The Wire,1,tt0749424,12,Cleaning Up,2002,"Crime,Drama,Thriller",56.0,6527,9.1
tt0306414,The Wire,1,tt0749441,13,Sentencing,2002,"Crime,Drama,Thriller",66.0,6353,9.0
tt0306414,The Wire,2,tt0749428,1,Ebb Tide,2003,"Crime,Drama,Thriller",59.0,5532,7.7
tt0306414,The Wire,2,tt0749425,2,Collateral Damage,2003,"Crime,Drama,Thriller",59.0,5147,8.1
tt0306414,The Wire,2,tt0749432,3,Hot Shots,2003,"Crime,Drama,Thriller",58.0,4997,8.1
tt0306414,The Wire,2,tt0749430,4,Hard Cases,2003,"Crime,Drama,Thriller",59.0,4913,8.0
tt0306414,The Wire,2,tt0749454,5,Undertow,2003,"Crime,Drama,Thriller",57.0,4817,8.1
tt0306414,The Wire,2,tt0749419,6,All Prologue,2003,"Crime,Drama,Thriller",58.0,5489,8.8
tt0306414,The Wire,2,tt0749422,7,Backwash,2003,"Crime,Drama,Thriller",58.0,4749,8.2
tt0306414,The Wire,2,tt0749427,8,Duck and Cover,2003,"Crime,Drama,Thriller",58.0,4808,8.4
tt0306414,The Wire,2,tt0749445,9,Stray Rounds,2003,"Crime,Drama,Thriller",58.0,4861,8.5
tt0306414,The Wire,2,tt0749443,10,Storm Warnings,2003,"Crime,Drama,Thriller",59.0,5433,9.0
tt0306414,The Wire,2,tt0749423,11,Bad Dreams,2003,"Crime,Drama,Thriller",58.0,5985,9.2
tt0306414,The Wire,2,tt0749439,12,Port in a Storm,2003,"Crime,Drama,Thriller",63.0,5569,9.0
tt0306414,The Wire,3,tt0749453,1,Time After Time,2004,"Crime,Drama,Thriller",59.0,4697,8.0
tt0306414,The Wire,3,tt0749418,2,All Due Respect,2004,"Crime,Drama,Thriller",59.0,4588,8.3
tt0306414,The Wire,3,tt0749426,3,Dead Soldiers,2004,"Crime,Drama,Thriller",59.0,4575,8.4
tt0306414,The Wire,3,tt0749420,4,Amsterdam,2004,"Crime,Drama,Thriller",59.0,4534,8.4
tt0306414,The Wire,3,tt0749444,5,Straight and True,2004,"Crime,Drama,Thriller",58.0,4523,8.5
tt0306414,The Wire,3,tt0749431,6,Homecoming,2004,"Crime,Drama,Thriller",57.0,4547,8.6
tt0306414,The Wire,3,tt0749421,7,Back Burners,2004,"Crime,Drama,Thriller",56.0,4433,8.5
tt0306414,The Wire,3,tt0749436,8,Moral Midgetry,2004,"Crime,Drama,Thriller",58.0,4948,8.9
tt0306414,The Wire,3,tt0749442,9,Slapstick,2004,"Crime,Drama,Thriller",58.0,4574,8.7
tt0306414,The Wire,3,tt0749440,10,Reformation,2004,"Crime,Drama,Thriller",59.0,4557,8.7
tt0306414,The Wire,3,tt0749434,11,Middle Ground,2004,"Crime,Drama,Thriller",59.0,7834,9.6
tt0306414,The Wire,3,tt0749435,12,Mission Accomplished,2004,"Crime,Drama,Thriller",63.0,5720,9.3
tt0306414,The Wire,4,tt0763093,1,Boys of Summer,2006,"Crime,Drama,Thriller",58.0,4548,8.3
tt0306414,The Wire,4,tt0763095,2,Soft Eyes,2006,"Crime,Drama,Thriller",58.0,4323,8.4
tt0306414,The Wire,4,tt0763096,3,Home Rooms,2006,"Crime,Drama,Thriller",59.0,4371,8.6
tt0306414,The Wire,4,tt0763097,4,Refugees,2006,"Crime,Drama,Thriller",59.0,4221,8.3
tt0306414,The Wire,4,tt0763098,5,Alliances,2006,"Crime,Drama,Thriller",59.0,4230,8.5
tt0306414,The Wire,4,tt0763099,6,Margin of Error,2006,"Crime,Drama,Thriller",58.0,4419,8.7
tt0306414,The Wire,4,tt0758650,7,Unto Others,2006,"Crime,Drama,Thriller",58.0,4171,8.4
tt0306414,The Wire,4,tt0796549,8,Corner Boys,2006,"Crime,Drama,Thriller",59.0,4238,8.5
tt0306414,The Wire,4,tt0763100,9,Know Your Place,2006,"Crime,Drama,Thriller",59.0,4169,8.5
tt0306414,The Wire,4,tt0763094,10,Misgivings,2006,"Crime,Drama,Thriller",58.0,4452,8.8
tt0306414,The Wire,4,tt0782660,11,A New Day,2006,"Crime,Drama,Thriller",59.0,4584,8.9
tt0306414,The Wire,4,tt0796551,12,That's Got His Own,2006,"Crime,Drama,Thriller",59.0,5327,9.3
tt0306414,The Wire,4,tt0796550,13,Final Grades,2006,"Crime,Drama,Thriller",79.0,6661,9.5
tt0306414,The Wire,5,tt0977178,1,More with Less,2008,"Crime,Drama,Thriller",58.0,4222,8.0
tt0306414,The Wire,5,tt0985516,2,Unconfirmed Reports,2008,"Crime,Drama,Thriller",58.0,4057,8.1
tt0306414,The Wire,5,tt0977180,3,Not for Attribution,2008,"Crime,Drama,Thriller",58.0,4141,8.5
tt0306414,The Wire,5,tt0977181,4,Transitions,2008,"Crime,Drama,Thriller",58.0,4323,8.8
tt0306414,The Wire,5,tt0977182,5,React Quotes,2008,"Crime,Drama,Thriller",57.0,4117,8.6
tt0306414,The Wire,5,tt0977183,6,The Dickensian Aspect,2008,"Crime,Drama,Thriller",58.0,3984,8.3
tt0306414,The Wire,5,tt0977184,7,Took,2008,"Crime,Drama,Thriller",58.0,4074,8.4
tt0306414,The Wire,5,tt0977185,8,Clarifications,2008,"Crime,Drama,Thriller",58.0,4648,8.9
tt0306414,The Wire,5,tt0977186,9,Late Editions,2008,"Crime,Drama,Thriller",60.0,5178,9.3
tt0306414,The Wire,5,tt0977179,10,-30-,2008,"Crime,Drama,Thriller",93.0,7428,9.6
tt5180504,The Witcher,1,tt8071662,1,The End's Beginning,2019,"Action,Adventure,Drama",61.0,26625,8.2
tt5180504,The Witcher,1,tt8343768,2,Four Marks,2019,"Action,Adventure,Drama",61.0,22568,7.7
tt5180504,The Witcher,1,tt8343770,3,Betrayer Moon,2019,"Action,Adventure,Drama",67.0,22361,8.5
tt5180504,The Witcher,1,tt8343772,4,"Of Banquets, Bastards and Burials",2019,"Action,Adventure,Drama",62.0,20553,8.4
tt5180504,The Witcher,1,tt8343774,5,Bottled Appetites,2019,"Action,Adventure,Drama",59.0,19300,8.2
tt5180504,The Witcher,1,tt8343776,6,Rare Species,2019,"Action,Adventure,Drama",59.0,19097,8.1
tt5180504,The Witcher,1,tt8343778,7,Before a Fall,2019,"Action,Adventure,Drama",47.0,18785,8.3
tt5180504,The Witcher,1,tt8343780,8,Much More,2019,"Action,Adventure,Drama",59.0,22147,8.8
tt5180504,The Witcher,2,tt11277244,1,A Grain of Truth,2021,"Action,Adventure,Drama",63.0,15472,8.5
tt5180504,The Witcher,2,tt11654982,2,Kaer Morhen,2021,"Action,Adventure,Drama",58,12806,7.6
tt5180504,The Witcher,2,tt11655000,3,What Is Lost,2021,"Action,Adventure,Drama",59,11322,7.7
tt5180504,The Witcher,2,tt11655010,4,Redanian Intelligence,2021,"Action,Adventure,Drama",55,10897,7.7
tt5180504,The Witcher,2,tt11655020,5,Turn Your Back,2021,"Action,Adventure,Drama",56,10570,7.9
tt5180504,The Witcher,2,tt11655028,6,Dear Friend...,2021,"Action,Adventure,Drama",57,10486,7.9
tt5180504,The Witcher,2,tt11655040,7,Voleth Meir,2021,"Action,Adventure,Drama",54,10581,8.1
tt5180504,The Witcher,2,tt11655050,8,Family,2021,"Action,Adventure,Drama",52,12890,8.4
tt5180504,The Witcher,3,tt15495308,1,Shaerrawedd,2023,"Action,Adventure,Drama",60.0,9132,6.7
tt5180504,The Witcher,3,tt27471565,2,Unbound,2023,"Action,Adventure,Drama",55,7993,6.1
tt5180504,The Witcher,3,tt27493240,3,Reunion,2023,"Action,Adventure,Drama",59,7844,5.7
tt5180504,The Witcher,3,tt27493242,4,The Invitation,2023,"Action,Adventure,Drama",53,7981,5.4
tt5180504,The Witcher,3,tt27493244,5,The Art of the Illusion,2023,"Action,Adventure,Drama",48,8560,5.9
tt5180504,The Witcher,3,tt27122471,6,Everybody Has a Plan 'til They Get Punched in the Face,2023,"Action,Adventure,Drama",49,7069,6.7
tt5180504,The Witcher,3,tt27040842,7,"Out of the Fire, Into the Frying Pan",2023,"Action,Adventure,Drama",53.0,8335,4.3
tt5180504,The Witcher,3,tt27493246,8,The Cost of Chaos,2023,"Action,Adventure,Drama",65,7040,5.3
tt0844441,True Blood,1,tt5030642,0,Original Pilot,2008,"Drama,Fantasy,Mystery",,294,7.9
tt0844441,True Blood,1,tt1008582,1,Strange Love,2008,"Drama,Fantasy,Mystery",58.0,3596,7.8
tt0844441,True Blood,1,tt1051962,2,The First Taste,2008,"Drama,Fantasy,Mystery",54.0,2636,7.9
tt0844441,True Blood,1,tt1051963,3,Mine,2008,"Drama,Fantasy,Mystery",52.0,2430,7.7
tt0844441,True Blood,1,tt1051964,4,Escape from Dragon House,2008,"Drama,Fantasy,Mystery",50.0,2352,8.0
tt0844441,True Blood,1,tt1051965,5,Sparks Fly Out,2008,"Drama,Fantasy,Mystery",55.0,2284,8.2
tt0844441,True Blood,1,tt1051966,6,Cold Ground,2008,"Drama,Fantasy,Mystery",52.0,2227,8.0
tt0844441,True Blood,1,tt1051967,7,Burning House of Love,2008,"Drama,Fantasy,Mystery",53.0,2164,8.0
tt0844441,True Blood,1,tt1051968,8,The Fourth Man in the Fire,2008,"Drama,Fantasy,Mystery",56.0,2109,8.0
tt0844441,True Blood,1,tt1227103,9,Plaisir d'amour,2008,"Drama,Fantasy,Mystery",53.0,2071,8.1
tt0844441,True Blood,1,tt1226623,10,I Don't Wanna Know,2008,"Drama,Fantasy,Mystery",50.0,2069,8.3
tt0844441,True Blood,1,tt1226624,11,To Love Is to Bury,2008,"Drama,Fantasy,Mystery",53.0,1997,8.1
tt0844441,True Blood,1,tt1226625,12,You'll Be the Death of Me,2008,"Drama,Fantasy,Mystery",53.0,2209,8.5
tt0844441,True Blood,2,tt1368977,1,Nothing But the Blood,2009,"Drama,Fantasy,Mystery",58,2116,8.1
tt0844441,True Blood,2,tt1372641,2,Keep This Party Going,2009,"Drama,Fantasy,Mystery",56,1894,8.1
tt0844441,True Blood,2,tt1372644,3,Scratches,2009,"Drama,Fantasy,Mystery",57,1869,8.2
tt0844441,True Blood,2,tt1372643,4,Shake and Fingerpop,2009,"Drama,Fantasy,Mystery",55,1818,8.2
tt0844441,True Blood,2,tt1384332,5,Never Let Me Go,2009,"Drama,Fantasy,Mystery",53.0,1780,7.9
tt0844441,True Blood,2,tt1394999,6,Hard-Hearted Hannah,2009,"Drama,Fantasy,Mystery",53.0,1795,8.2
tt0844441,True Blood,2,tt1403929,7,Release Me,2009,"Drama,Fantasy,Mystery",53.0,1830,8.4
tt0844441,True Blood,2,tt1413159,8,Timebomb,2009,"Drama,Fantasy,Mystery",53.0,2106,8.8
tt0844441,True Blood,2,tt1423282,9,I Will Rise Up,2009,"Drama,Fantasy,Mystery",52.0,2187,8.7
tt0844441,True Blood,2,tt1435616,10,New World in My View,2009,"Drama,Fantasy,Mystery",45.0,1831,8.5
tt0844441,True Blood,2,tt1441775,11,Frenzy,2009,"Drama,Fantasy,Mystery",53.0,1822,8.0
tt0844441,True Blood,2,tt1467887,12,Beyond Here Lies Nothin',2009,"Drama,Fantasy,Mystery",57.0,1909,8.1
tt0844441,True Blood,3,tt1484325,1,Bad Blood,2010,"Drama,Fantasy,Mystery",51.0,1965,8.1
tt0844441,True Blood,3,tt1484329,2,Beautifully Broken,2010,"Drama,Fantasy,Mystery",56.0,1684,8.0
tt0844441,True Blood,3,tt1484330,3,It Hurts Me Too,2010,"Drama,Fantasy,Mystery",59.0,1661,7.8
tt0844441,True Blood,3,tt1484331,4,9 Crimes,2010,"Drama,Fantasy,Mystery",54.0,1667,8.0
tt0844441,True Blood,3,tt1484332,5,Trouble,2010,"Drama,Fantasy,Mystery",56.0,1625,8.1
tt0844441,True Blood,3,tt1484333,6,I Got a Right to Sing the Blues,2010,"Drama,Fantasy,Mystery",58.0,1611,8.1
tt0844441,True Blood,3,tt1484334,7,Hitting the Ground,2010,"Drama,Fantasy,Mystery",47.0,1600,8.1
tt0844441,True Blood,3,tt1484335,8,Night on the Sun,2010,"Drama,Fantasy,Mystery",57.0,1629,8.2
tt0844441,True Blood,3,tt1484336,9,Everything Is Broken,2010,"Drama,Fantasy,Mystery",59.0,1711,8.6
tt0844441,True Blood,3,tt1484326,10,I Smell a Rat,2010,"Drama,Fantasy,Mystery",55.0,1519,7.9
tt0844441,True Blood,3,tt1484327,11,Fresh Blood,2010,"Drama,Fantasy,Mystery",50.0,1501,8.1
tt0844441,True Blood,3,tt1484328,12,Evil Is Going On,2010,"Drama,Fantasy,Mystery",54.0,1656,8.1
tt0844441,True Blood,4,tt1683842,1,She's Not There,2011,"Drama,Fantasy,Mystery",56.0,1981,8.0
tt0844441,True Blood,4,tt1683846,2,You Smell Like Dinner,2011,"Drama,Fantasy,Mystery",54.0,1619,8.2
tt0844441,True Blood,4,tt1683847,3,"If You Love Me, Why Am I Dyin'?",2011,"Drama,Fantasy,Mystery",55.0,1526,8.0
tt0844441,True Blood,4,tt1683848,4,I'm Alive and on Fire,2011,"Drama,Fantasy,Mystery",50.0,1462,7.9
tt0844441,True Blood,4,tt1683849,5,Me and the Devil,2011,"Drama,Fantasy,Mystery",57.0,1445,8.0
tt0844441,True Blood,4,tt1683850,6,I Wish I Was the Moon,2011,"Drama,Fantasy,Mystery",59.0,1514,8.1
tt0844441,True Blood,4,tt1683851,7,Cold Grey Light of Dawn,2011,"Drama,Fantasy,Mystery",58.0,1506,8.3
tt0844441,True Blood,4,tt1683852,8,Spellbound,2011,"Drama,Fantasy,Mystery",56.0,1461,8.1
tt0844441,True Blood,4,tt1683853,9,Let's Get Out of Here,2011,"Drama,Fantasy,Mystery",52.0,1415,7.8
tt0844441,True Blood,4,tt1683843,10,Burning Down the House,2011,"Drama,Fantasy,Mystery",51.0,1412,7.9
tt0844441,True Blood,4,tt1683844,11,Soul of Fire,2011,"Drama,Fantasy,Mystery",48.0,1481,8.2
tt0844441,True Blood,4,tt1683845,12,And When I Die,2011,"Drama,Fantasy,Mystery",58.0,1724,8.4
tt0844441,True Blood,5,tt2139373,1,Turn! Turn! Turn!,2012,"Drama,Fantasy,Mystery",52.0,2075,8.1
tt0844441,True Blood,5,tt2170049,2,Authority Always Wins,2012,"Drama,Fantasy,Mystery",55.0,1510,7.6
tt0844441,True Blood,5,tt2170051,3,"Whatever I Am, You Made Me",2012,"Drama,Fantasy,Mystery",59.0,1476,7.7
tt0844441,True Blood,5,tt2171651,4,We'll Meet Again,2012,"Drama,Fantasy,Mystery",56.0,1387,7.6
tt0844441,True Blood,5,tt2210071,5,Let's Boot and Rally,2012,"Drama,Fantasy,Mystery",47.0,1444,7.9
tt0844441,True Blood,5,tt2210073,6,Hopeless,2012,"Drama,Fantasy,Mystery",52.0,1398,7.8
tt0844441,True Blood,5,tt2287273,7,In the Beginning,2012,"Drama,Fantasy,Mystery",57.0,1398,7.5
tt0844441,True Blood,5,tt2318207,8,Somebody That I Used to Know,2012,"Drama,Fantasy,Mystery",54.0,1327,7.6
tt0844441,True Blood,5,tt2343291,9,Everybody Wants to Rule the World,2012,"Drama,Fantasy,Mystery",57.0,1374,7.8
tt0844441,True Blood,5,tt2187552,10,"Gone, Gone, Gone",2012,"Drama,Fantasy,Mystery",48.0,1310,7.7
tt0844441,True Blood,5,tt2187554,11,Sunset,2012,"Drama,Fantasy,Mystery",50.0,1362,8.0
tt0844441,True Blood,5,tt2187556,12,Save Yourself,2012,"Drama,Fantasy,Mystery",53.0,1750,8.4
tt0844441,True Blood,6,tt2288524,1,"Who Are You, Really?",2013,"Drama,Fantasy,Mystery",52.0,1837,7.8
tt0844441,True Blood,6,tt2629662,2,The Sun,2013,"Drama,Fantasy,Mystery",52.0,1411,7.7
tt0844441,True Blood,6,tt2677194,3,You're No Good,2013,"Drama,Fantasy,Mystery",58.0,1326,7.6
tt0844441,True Blood,6,tt2758746,4,At Last,2013,"Drama,Fantasy,Mystery",56,1407,8.1
tt0844441,True Blood,6,tt2762770,5,**** the Pain Away,2013,"Drama,Fantasy,Mystery",56,1372,8.0
tt0844441,True Blood,6,tt2806510,6,Don't You Feel Me,2013,"Drama,Fantasy,Mystery",56.0,1355,8.1
tt0844441,True Blood,6,tt2821664,7,In the Evening,2013,"Drama,Fantasy,Mystery",57,1290,7.7
tt0844441,True Blood,6,tt2821634,8,Dead Meat,2013,"Drama,Fantasy,Mystery",58,1251,7.5
tt0844441,True Blood,6,tt2821726,9,Life Matters,2013,"Drama,Fantasy,Mystery",54,1524,8.0
tt0844441,True Blood,6,tt2821620,10,Radioactive,2013,"Drama,Fantasy,Mystery",53,1558,7.4
tt0844441,True Blood,7,tt3058984,1,Jesus Gonna Be Here,2014,"Drama,Fantasy,Mystery",51.0,1631,7.0
tt0844441,True Blood,7,tt3362366,2,I Found You,2014,"Drama,Fantasy,Mystery",52.0,1341,6.8
tt0844441,True Blood,7,tt3500612,3,Fire in the Hole,2014,"Drama,Fantasy,Mystery",58.0,1269,7.2
tt0844441,True Blood,7,tt3500614,4,Death Is Not the End,2014,"Drama,Fantasy,Mystery",55.0,1327,7.8
tt0844441,True Blood,7,tt3500616,5,Lost Cause,2014,"Drama,Fantasy,Mystery",58.0,1238,7.4
tt0844441,True Blood,7,tt3500622,6,Karma,2014,"Drama,Fantasy,Mystery",58.0,1162,7.5
tt0844441,True Blood,7,tt3500620,7,May Be the Last Time,2014,"Drama,Fantasy,Mystery",58.0,1145,6.9
tt0844441,True Blood,7,tt3500626,8,Almost Home,2014,"Drama,Fantasy,Mystery",53.0,1128,7.1
tt0844441,True Blood,7,tt3500624,9,Love Is to Die,2014,"Drama,Fantasy,Mystery",57.0,1176,7.0
tt0844441,True Blood,7,tt3500630,10,Thank You,2014,"Drama,Fantasy,Mystery",65.0,2665,5.4
tt2356777,True Detective,1,tt2657398,1,The Long Bright Dark,2014,"Crime,Drama,Mystery",58.0,31528,8.9
tt2356777,True Detective,1,tt2704380,2,Seeing Things,2014,"Crime,Drama,Mystery",59.0,27034,8.8
tt2356777,True Detective,1,tt2790184,3,The Locked Room,2014,"Crime,Drama,Mystery",60.0,26297,9.1
tt2356777,True Detective,1,tt2790174,4,Who Goes There,2014,"Crime,Drama,Mystery",56.0,37854,9.6
tt2356777,True Detective,1,tt2790196,5,The Secret Fate of All Life,2014,"Crime,Drama,Mystery",57.0,29063,9.5
tt2356777,True Detective,1,tt2790238,6,Haunted Houses,2014,"Crime,Drama,Mystery",59.0,24706,9.2
tt2356777,True Detective,1,tt2790240,7,After You've Gone,2014,"Crime,Drama,Mystery",54.0,24339,9.2
tt2356777,True Detective,1,tt2790254,8,Form and Void,2014,"Crime,Drama,Mystery",54.0,33689,9.6
tt2356777,True Detective,2,tt3792838,1,The Western Book of the Dead,2015,"Crime,Drama,Mystery",60.0,16809,7.6
tt2356777,True Detective,2,tt4057166,2,Night Finds You,2015,"Crime,Drama,Mystery",58.0,12150,7.6
tt2356777,True Detective,2,tt4057164,3,Maybe Tomorrow,2015,"Crime,Drama,Mystery",58.0,10887,7.3
tt2356777,True Detective,2,tt4057168,4,Down Will Come,2015,"Crime,Drama,Mystery",55.0,11603,8.1
tt2356777,True Detective,2,tt4057170,5,Other Lives,2015,"Crime,Drama,Mystery",59.0,9877,7.6
tt2356777,True Detective,2,tt4057176,6,Church in Ruins,2015,"Crime,Drama,Mystery",59.0,10529,8.2
tt2356777,True Detective,2,tt4057172,7,Black Maps and Motel Rooms,2015,"Crime,Drama,Mystery",64.0,11859,8.6
tt2356777,True Detective,2,tt4057174,8,Omega Station,2015,"Crime,Drama,Mystery",86.0,13600,8.0
tt2356777,True Detective,3,tt6710716,1,The Great War and Modern Memory,2019,"Crime,Drama,Mystery",59.0,11404,8.5
tt2356777,True Detective,3,tt7320860,2,Kiss Tomorrow Goodbye,2019,"Crime,Drama,Mystery",58.0,9020,8.0
tt2356777,True Detective,3,tt7320868,3,The Big Never,2019,"Crime,Drama,Mystery",55.0,8069,7.8
tt2356777,True Detective,3,tt7320854,4,The Hour and the Day,2019,"Crime,Drama,Mystery",67.0,7829,8.0
tt2356777,True Detective,3,tt7320886,5,If You Have Ghosts,2019,"Crime,Drama,Mystery",59.0,7934,8.3
tt2356777,True Detective,3,tt7320878,6,Hunters in the Dark,2019,"Crime,Drama,Mystery",59.0,7656,8.3
tt2356777,True Detective,3,tt8215522,7,The Final Country,2019,"Crime,Drama,Mystery",58.0,7876,8.5
tt2356777,True Detective,3,tt8215524,8,Now Am Found,2019,"Crime,Drama,Mystery",75.0,9937,8.0
tt2356777,True Detective,4,tt18925452,1,Night Country: Part 1,2024,"Crime,Drama,Mystery",59.0,19102,7.1
tt2356777,True Detective,4,tt29314270,2,Night Country: Part 2,2024,"Crime,Drama,Mystery",63.0,13671,6.8
tt2356777,True Detective,4,tt29314274,3,Night Country: Part 3,2024,"Crime,Drama,Mystery",58.0,12348,6.3
tt2356777,True Detective,4,tt29314277,4,Night Country: Part 4,2024,"Crime,Drama,Mystery",60.0,11740,6.2
tt2356777,True Detective,4,tt29314279,5,Night Country: Part 5,2024,"Crime,Drama,Mystery",63.0,11361,6.8
tt2356777,True Detective,4,tt29314280,6,Night Country: Part 6,2024,"Crime,Drama,Mystery",76.0,15774,5.4
tt0369179,Two and a Half Men,1,tt0906536,0,Most Chicks Won't Eat Veal: Original Pilot,2006,"Comedy,Romance",22.0,1333,8.1
tt0369179,Two and a Half Men,1,tt0735172,1,Pilot,2003,"Comedy,Romance",23.0,2592,8.1
tt0369179,Two and a Half Men,1,tt0766147,2,Big Flappy Bastards,2003,"Comedy,Romance",22.0,2129,7.7
tt0369179,Two and a Half Men,1,tt0735155,3,Go East on Sunset Until You Reach the Gates of Hell,2003,"Comedy,Romance",22.0,1983,7.7
tt0369179,Two and a Half Men,1,tt0735162,4,"If I Can't Write My Chocolate Song, I'm Going to Take a Nap",2003,"Comedy,Romance",22.0,1917,7.9
tt0369179,Two and a Half Men,1,tt0735185,5,The Last Thing You Want Is to Wind Up with a Hump,2003,"Comedy,Romance",19.0,1902,7.8
tt0369179,Two and a Half Men,1,tt0735151,6,Did You Check with the Captain of the Flying Monkeys?,2003,"Comedy,Romance",21.0,1795,7.5
tt0369179,Two and a Half Men,1,tt0735163,7,"If They Do Go Either Way, They're Usually Fake",2003,"Comedy,Romance",22.0,1897,8.3
tt0369179,Two and a Half Men,1,tt0735188,8,Twenty-five Little Pre-pubers Without a Snoot-ful,2003,"Comedy,Romance",19.0,1778,7.8
tt0369179,Two and a Half Men,1,tt0735171,9,"Phase One, Complete",2003,"Comedy,Romance",21.0,1705,7.5
tt0369179,Two and a Half Men,1,tt0735168,10,Merry Thanksgiving,2003,"Comedy,Romance",21.0,1848,8.0
tt0369179,Two and a Half Men,1,tt0735142,11,"Alan Harper, Frontier Chiropractor",2003,"Comedy,Romance",20.0,1685,7.6
tt0369179,Two and a Half Men,1,tt0735147,12,Camel Filters and Pheromones,2004,"Comedy,Romance",21.0,2627,8.6
tt0369179,Two and a Half Men,1,tt0735176,13,Sarah Like Puny Alan,2004,"Comedy,Romance",21.0,1669,7.6
tt0369179,Two and a Half Men,1,tt0735160,14,I Can't Afford Hyenas,2004,"Comedy,Romance",21.0,1682,7.7
tt0369179,Two and a Half Men,1,tt0735174,15,Round One to the Hot Crazy Chick,2004,"Comedy,Romance",22.0,1759,7.8
tt0369179,Two and a Half Men,1,tt0735184,16,"That Was Saliva, Alan",2004,"Comedy,Romance",22.0,1714,7.8
tt0369179,Two and a Half Men,1,tt0735144,17,"Ate the Hamburgers, Wearing the Hats",2004,"Comedy,Romance",20.0,1650,7.9
tt0369179,Two and a Half Men,1,tt0735143,18,An Old Flame with a New Wick,2004,"Comedy,Romance",21.0,1960,8.4
tt0369179,Two and a Half Men,1,tt0735161,19,"I Remember the Coatroom, I Just Don't Remember You",2004,"Comedy,Romance",19.0,1732,8.1
tt0369179,Two and a Half Men,1,tt0735156,20,"Hey, I Can Pee Outside in the Dark",2004,"Comedy,Romance",21.0,1609,7.5
tt0369179,Two and a Half Men,1,tt0735170,21,"No Sniffing, No Wowing",2004,"Comedy,Romance",22.0,1736,7.9
tt0369179,Two and a Half Men,1,tt0735169,22,My Doctor Has a Cow Puppet,2004,"Comedy,Romance",21.0,1616,7.8
tt0369179,Two and a Half Men,1,tt0735165,23,Just Like Buffalo,2004,"Comedy,Romance",21.0,1882,8.4
tt0369179,Two and a Half Men,1,tt0735149,24,Can You Feel My Finger,2004,"Comedy,Romance",22.0,1675,8.1
tt0369179,Two and a Half Men,2,tt0735145,1,Back Off Mary Poppins,2004,"Comedy,Romance",21.0,2009,7.9
tt0369179,Two and a Half Men,2,tt0735153,2,Enjoy Those Garlic Balls,2004,"Comedy,Romance",22.0,1529,7.6
tt0369179,Two and a Half Men,2,tt0735137,3,A Bag Full of Jawea,2004,"Comedy,Romance",20.0,1589,7.9
tt0369179,Two and a Half Men,2,tt0766149,4,Go Get Mommy's Bra,2004,"Comedy,Romance",22.0,1496,7.9
tt0369179,Two and a Half Men,2,tt0735146,5,Bad News from the Clinic,2004,"Comedy,Romance",22.0,1518,7.6
tt0369179,Two and a Half Men,2,tt0766150,6,The Price of Healthy Gums Is Eternal Vigilance,2004,"Comedy,Romance",22.0,1473,7.8
tt0369179,Two and a Half Men,2,tt0735138,7,A Kosher Slaughterhouse Out in Fontana,2004,"Comedy,Romance",22.0,1480,7.3
tt0369179,Two and a Half Men,2,tt0735154,8,Frankenstein and the Horny Villagers,2004,"Comedy,Romance",22.0,1503,8.0
tt0369179,Two and a Half Men,2,tt0735192,9,"Yes, Monsignor",2004,"Comedy,Romance",22.0,1528,7.7
tt0369179,Two and a Half Men,2,tt0735186,10,The Salmon Under My Sweater,2004,"Comedy,Romance",21.0,1509,7.9
tt0369179,Two and a Half Men,2,tt0735166,11,Last Chance to See Those Tattoos,2004,"Comedy,Romance",22.0,1548,8.0
tt0369179,Two and a Half Men,2,tt0735140,12,A Lung Full of Alan,2005,"Comedy,Romance",22.0,1601,8.0
tt0369179,Two and a Half Men,2,tt0735194,13,Zejdz z Zmoich Wlosów,2005,"Comedy,Romance",21.0,1538,8.1
tt0369179,Two and a Half Men,2,tt0735187,14,Those Big Pink Things with Coconut,2005,"Comedy,Romance",22.0,1397,7.6
tt0369179,Two and a Half Men,2,tt0735178,15,Smell the Umbrella Stand,2005,"Comedy,Romance",22.0,1426,7.8
tt0369179,Two and a Half Men,2,tt0735148,16,Can You Eat Human Flesh with Wooden Teeth?,2005,"Comedy,Romance",22.0,1535,8.2
tt0369179,Two and a Half Men,2,tt0735191,17,"Woo-Hoo, a Hernia-Exam!",2005,"Comedy,Romance",22.0,1513,7.8
tt0369179,Two and a Half Men,2,tt0735164,18,"It Was Mame, Mom",2005,"Comedy,Romance",22.0,1637,8.1
tt0369179,Two and a Half Men,2,tt0735139,19,"A Low, Guttural Tongue-Flapping Noise",2005,"Comedy,Romance",22.0,1485,7.8
tt0369179,Two and a Half Men,2,tt0735159,20,I Always Wanted a Shaved Monkey,2005,"Comedy,Romance",22.0,1477,7.6
tt0369179,Two and a Half Men,2,tt0735141,21,A Sympathetic Crotch to Cry On,2005,"Comedy,Romance",21.0,1464,7.8
tt0369179,Two and a Half Men,2,tt0735181,22,That Old Hose Bag Is My Mother,2005,"Comedy,Romance",22.0,1439,7.6
tt0369179,Two and a Half Men,2,tt0735180,23,"Squab, Squab, Squab, Squab, Squab",2005,"Comedy,Romance",21.0,1994,8.7
tt0369179,Two and a Half Men,2,tt0735152,24,Does This Smell Funny to You,2005,"Comedy,Romance",21.0,1596,8.3
tt0369179,Two and a Half Men,3,tt0735190,1,Weekend in Bangkok with Two Olympic Gymnasts,2005,"Comedy,Romance",22.0,1515,7.8
tt0369179,Two and a Half Men,3,tt0735173,2,Principal Gallagher's Lesbian Lover,2005,"Comedy,Romance",22.0,1564,8.1
tt0369179,Two and a Half Men,3,tt0735150,3,Carpet Burns and a Bite Mark,2005,"Comedy,Romance",22.0,1387,7.7
tt0369179,Two and a Half Men,3,tt0735193,4,Your Dismissive Attitude Toward Boobs,2005,"Comedy,Romance",22.0,1391,7.7
tt0369179,Two and a Half Men,3,tt0735189,5,We Called It Mr. Pinky,2005,"Comedy,Romance",22.0,1425,7.7
tt0369179,Two and a Half Men,3,tt0735157,6,"Hi, Mr. Horned One",2005,"Comedy,Romance",22.0,1963,8.4
tt0369179,Two and a Half Men,3,tt0735177,7,"Sleep Tight, Puddin' Pop",2005,"Comedy,Romance",22.0,1524,7.9
tt0369179,Two and a Half Men,3,tt0735183,8,That Voodoo That I Do Do,2005,"Comedy,Romance",22.0,1604,8.3
tt0369179,Two and a Half Men,3,tt0735167,9,Madame and Her Special Friend,2005,"Comedy,Romance",22.0,1493,8.0
tt0369179,Two and a Half Men,3,tt0735179,10,Something Salted and Twisted,2005,"Comedy,Romance",22.0,1356,7.5
tt0369179,Two and a Half Men,3,tt0735175,11,Santa's Village of the Damned,2005,"Comedy,Romance",22.0,1670,8.3
tt0369179,Two and a Half Men,3,tt0735182,12,That Special Tug,2006,"Comedy,Romance",22.0,1481,8.0
tt0369179,Two and a Half Men,3,tt0735158,13,Humiliation Is a Visual Medium,2006,"Comedy,Romance",22.0,1347,7.6
tt0369179,Two and a Half Men,3,tt0759359,14,"Love Isn't Blind, It's Retarded",2006,"Comedy,Romance",22.0,1456,8.2
tt0369179,Two and a Half Men,3,tt0759360,15,My Tongue Is Meat,2006,"Comedy,Romance",22.0,1358,7.8
tt0369179,Two and a Half Men,3,tt0766148,16,"Ergo, the Booty Call",2006,"Comedy,Romance",22.0,1530,8.4
tt0369179,Two and a Half Men,3,tt0776262,17,The Unfortunate Little Schnauzer,2006,"Comedy,Romance",22.0,1363,7.5
tt0369179,Two and a Half Men,3,tt0766022,18,The Spit-Covered Cobbler,2006,"Comedy,Romance",22.0,1324,7.7
tt0369179,Two and a Half Men,3,tt0786266,19,"Golly Moses, She's a Muffin",2006,"Comedy,Romance",22.0,1377,7.9
tt0369179,Two and a Half Men,3,tt0793280,20,"Always a Bridesmaid, Never a Burro",2006,"Comedy,Romance",22.0,1527,8.3
tt0369179,Two and a Half Men,3,tt0793281,21,And the Plot Moistens,2006,"Comedy,Romance",22.0,1370,7.7
tt0369179,Two and a Half Men,3,tt0799383,22,Just Once with Aunt Sophie,2006,"Comedy,Romance",22.0,1335,7.9
tt0369179,Two and a Half Men,3,tt0805983,23,Arguments for the Quickie,2006,"Comedy,Romance",22.0,1298,7.7
tt0369179,Two and a Half Men,3,tt0818066,24,That Pistol-Packin' Hermaphrodite,2006,"Comedy,Romance",22.0,1392,8.1
tt0369179,Two and a Half Men,4,tt0858373,1,Working for Caligula,2006,"Comedy,Romance",22.0,1383,7.6
tt0369179,Two and a Half Men,4,tt0868906,2,Who's Vod Kanockers,2006,"Comedy,Romance",22.0,1418,7.8
tt0369179,Two and a Half Men,4,tt0870677,3,The Sea Is a Harsh Mistress,2006,"Comedy,Romance",22.0,1353,7.5
tt0369179,Two and a Half Men,4,tt0854051,4,A Pot Smoking Monkey,2006,"Comedy,Romance",30.0,1320,7.5
tt0369179,Two and a Half Men,4,tt0882651,5,A Live Woman of Proven Fertility,2006,"Comedy,Romance",22.0,1363,7.7
tt0369179,Two and a Half Men,4,tt0886285,6,Apologies for the Frivolity,2006,"Comedy,Romance",21.0,1561,8.3
tt0369179,Two and a Half Men,4,tt0889005,7,Repeated Blows to His Unformed Head,2006,"Comedy,Romance",22.0,1391,7.8
tt0369179,Two and a Half Men,4,tt0891939,8,Release the Dogs,2006,"Comedy,Romance",22.0,1375,7.9
tt0369179,Two and a Half Men,4,tt0898835,9,Corey's Been Dead for an Hour,2006,"Comedy,Romance",22.0,1371,7.7
tt0369179,Two and a Half Men,4,tt0908936,10,Kissing Abraham Lincoln,2006,"Comedy,Romance",22.0,1376,7.7
tt0369179,Two and a Half Men,4,tt0908937,11,Walnuts and Demerol,2006,"Comedy,Romance",22.0,1727,8.6
tt0369179,Two and a Half Men,4,tt0932463,12,Castrating Sheep in Montana,2007,"Comedy,Romance",22.0,1335,7.6
tt0369179,Two and a Half Men,4,tt0946827,13,"Don't Worry, Speed Racer",2007,"Comedy,Romance",22.0,1318,7.6
tt0369179,Two and a Half Men,4,tt0957426,14,"That's Summer Sausage, Not Salami",2007,"Comedy,Romance",22.0,1351,7.7
tt0369179,Two and a Half Men,4,tt0935979,15,My Damn Stalker,2007,"Comedy,Romance",22.0,1350,7.8
tt0369179,Two and a Half Men,4,tt0963690,16,Young People Have Phlegm Too,2007,"Comedy,Romance",22.0,1362,7.7
tt0369179,Two and a Half Men,4,tt0957599,17,I Merely Slept with a Commie,2007,"Comedy,Romance",22.0,1295,7.5
tt0369179,Two and a Half Men,4,tt0987821,18,It Never Rains in Hooterville,2007,"Comedy,Romance",22.0,1304,7.6
tt0369179,Two and a Half Men,4,tt1006262,19,Smooth as a Ken Doll,2007,"Comedy,Romance",21.0,1390,8.1
tt0369179,Two and a Half Men,4,tt1012332,20,Aunt Myra Doesn't Pee a Lot,2007,"Comedy,Romance",22.0,1417,8.2
tt0369179,Two and a Half Men,4,tt1017622,21,"Tucked, Taped and Gorgeous",2007,"Comedy,Romance",22,1345,7.7
tt0369179,Two and a Half Men,4,tt1022141,22,Mr. McGlue's Feedbag,2007,"Comedy,Romance",22,1278,7.7
tt0369179,Two and a Half Men,4,tt1026380,23,Anteaters. They're Just Crazy-lookin,2007,"Comedy,Romance",22,1454,8.0
tt0369179,Two and a Half Men,4,tt1026381,24,Prostitutes and Gelato,2007,"Comedy,Romance",21,1413,8.2
tt0369179,Two and a Half Men,5,tt1106487,1,"Large Birds, Spiders and Mom",2007,"Comedy,Romance",21.0,1362,7.8
tt0369179,Two and a Half Men,5,tt1099789,2,Media Room Slash Dungeon,2007,"Comedy,Romance",22.0,1314,7.8
tt0369179,Two and a Half Men,5,tt1120753,3,Dum Diddy Dum Diddy Doo,2007,"Comedy,Romance",22.0,1308,7.8
tt0369179,Two and a Half Men,5,tt1125249,4,City of Great Racks,2007,"Comedy,Romance",22.0,1302,7.9
tt0369179,Two and a Half Men,5,tt1129289,5,Putting Swim Fins on a Cat,2007,"Comedy,Romance",22.0,1310,7.8
tt0369179,Two and a Half Men,5,tt1127140,6,Help Daddy Find His Toenail,2007,"Comedy,Romance",22.0,1367,7.7
tt0369179,Two and a Half Men,5,tt1136576,7,Our Leather Gear Is in the Guest Room,2007,"Comedy,Romance",21.0,1271,7.6
tt0369179,Two and a Half Men,5,tt1136575,8,Is There a Mrs. Waffles?,2007,"Comedy,Romance",20.0,1712,8.4
tt0369179,Two and a Half Men,5,tt1143779,9,Tight's Good,2007,"Comedy,Romance",21.0,1316,7.9
tt0369179,Two and a Half Men,5,tt1142346,10,Kinda Like Necrophilia,2007,"Comedy,Romance",22.0,1391,8.0
tt0369179,Two and a Half Men,5,tt1203453,11,Meander to Your Dander,2008,"Comedy,Romance",22.0,1345,8.0
tt0369179,Two and a Half Men,5,tt1206879,12,A Little Clammy and None Too Fresh,2008,"Comedy,Romance",22,1295,7.7
tt0369179,Two and a Half Men,5,tt1206880,13,The Soil is Moist,2008,"Comedy,Romance",20,1393,8.1
tt0369179,Two and a Half Men,5,tt1206873,14,Winky-Dink Time,2008,"Comedy,Romance",22,1325,7.9
tt0369179,Two and a Half Men,5,tt1206874,15,Rough Night in Hump Junction,2008,"Comedy,Romance",22,1309,7.7
tt0369179,Two and a Half Men,5,tt1206875,16,"Look at Me, Mommy, I'm Pretty",2008,"Comedy,Romance",22,1299,7.8
tt0369179,Two and a Half Men,5,tt1206876,17,Fish in a Drawer,2008,"Comedy,Romance",21,1962,8.6
tt0369179,Two and a Half Men,5,tt1206877,18,If My Hole Could Talk,2008,"Comedy,Romance",22,1314,7.7
tt0369179,Two and a Half Men,5,tt1206878,19,Waiting for the Right Snapper,2008,"Comedy,Romance",22,1307,7.8
tt0369179,Two and a Half Men,6,tt1257508,1,Taterhead Is Our Love Child,2008,"Comedy,Romance",22.0,1395,7.8
tt0369179,Two and a Half Men,6,tt1256411,2,"Pie Hole, Herb",2008,"Comedy,Romance",22.0,1284,7.7
tt0369179,Two and a Half Men,6,tt1256415,3,"Damn You, Eggs Benedict",2008,"Comedy,Romance",21.0,1334,7.9
tt0369179,Two and a Half Men,6,tt1256416,4,The Flavin' and the Mavin',2008,"Comedy,Romance",21.0,1355,7.7
tt0369179,Two and a Half Men,6,tt1256417,5,A Jock Strap in Hell,2008,"Comedy,Romance",22.0,1352,7.5
tt0369179,Two and a Half Men,6,tt1256418,6,It's Always Nazi Week,2008,"Comedy,Romance",22.0,1273,8.0
tt0369179,Two and a Half Men,6,tt1256419,7,Best H.O. Money Can Buy,2008,"Comedy,Romance",22.0,1253,7.9
tt0369179,Two and a Half Men,6,tt1256420,8,Pinocchio's Mouth,2008,"Comedy,Romance",22.0,1252,7.7
tt0369179,Two and a Half Men,6,tt1256421,9,The Mooch at the Boo,2008,"Comedy,Romance",22.0,1591,8.5
tt0369179,Two and a Half Men,6,tt1256401,10,"He Smelled the Ham, He Got Excited",2008,"Comedy,Romance",21.0,1237,7.6
tt0369179,Two and a Half Men,6,tt1256402,11,The Devil's Lube,2008,"Comedy,Romance",22.0,1331,7.6
tt0369179,Two and a Half Men,6,tt1256403,12,Thank God for Scoliosis,2009,"Comedy,Romance",21.0,1356,8.0
tt0369179,Two and a Half Men,6,tt1256404,13,I Think You Offended Don,2009,"Comedy,Romance",22.0,1230,7.5
tt0369179,Two and a Half Men,6,tt1256405,14,David Copperfield Slipped Me a Roofie,2009,"Comedy,Romance",30.0,1292,8.0
tt0369179,Two and a Half Men,6,tt1256406,15,I'd Like to Start with the Cat,2009,"Comedy,Romance",22.0,1213,7.6
tt0369179,Two and a Half Men,6,tt1256407,16,She'll Still Be Dead at Halftime,2009,"Comedy,Romance",21.0,1348,8.2
tt0369179,Two and a Half Men,6,tt1256408,17,The 'Ocu' or the 'Pado'?,2009,"Comedy,Romance",21.0,1215,7.6
tt0369179,Two and a Half Men,6,tt1256409,18,My Son's Enormous Head,2009,"Comedy,Romance",22.0,1216,7.6
tt0369179,Two and a Half Men,6,tt1256410,19,The Two Finger Rule,2009,"Comedy,Romance",21.0,1767,8.7
tt0369179,Two and a Half Men,6,tt1256412,20,"Hello, I am Alan Cousteau",2009,"Comedy,Romance",22.0,1250,7.8
tt0369179,Two and a Half Men,6,tt1256413,21,Above Exalted Cyclops,2009,"Comedy,Romance",22.0,1294,8.1
tt0369179,Two and a Half Men,6,tt1256414,22,Sir Lancelot's Litter Box,2009,"Comedy,Romance",21.0,1196,7.6
tt0369179,Two and a Half Men,6,tt1427619,23,"Good Morning, Mrs. Butterworth",2009,"Comedy,Romance",21.0,1239,7.7
tt0369179,Two and a Half Men,6,tt1427618,24,Baseball Was Better with Steroids,2009,"Comedy,Romance",22.0,1411,8.3
tt0369179,Two and a Half Men,7,tt1474307,1,818-jklpuzo,2009,"Comedy,Romance",22.0,1481,8.1
tt0369179,Two and a Half Men,7,tt1510640,2,Whipped Unto the Third Generation,2009,"Comedy,Romance",21.0,1266,7.8
tt0369179,Two and a Half Men,7,tt1515694,3,"Mmm, Fish. Yum.",2009,"Comedy,Romance",20.0,1227,7.6
tt0369179,Two and a Half Men,7,tt1520804,4,"Laxative Tester, Horse Inseminator",2009,"Comedy,Romance",21.0,1212,7.6
tt0369179,Two and a Half Men,7,tt1529209,5,For the Sake of the Child,2009,"Comedy,Romance",22.0,1252,7.6
tt0369179,Two and a Half Men,7,tt1535923,6,Give Me Your Thumb,2009,"Comedy,Romance",21.0,1244,7.9
tt0369179,Two and a Half Men,7,tt1535924,7,Untainted by Filth,2009,"Comedy,Romance",22.0,1281,7.9
tt0369179,Two and a Half Men,7,tt1544843,8,Gorp. Fnark. Schmegle.,2009,"Comedy,Romance",21.0,1757,8.5
tt0369179,Two and a Half Men,7,tt1544842,9,Captain Terry's Spray-On Hair,2009,"Comedy,Romance",21.0,1228,7.7
tt0369179,Two and a Half Men,7,tt1558557,10,That's Why They Call It 'Ball Room',2009,"Comedy,Romance",20.0,1215,7.9
tt0369179,Two and a Half Men,7,tt1558558,11,"Warning, It's Dirty",2009,"Comedy,Romance",20.0,1292,7.9
tt0369179,Two and a Half Men,7,tt1570326,12,"Fart Jokes, Pie and Celeste",2010,"Comedy,Romance",22.0,1223,7.8
tt0369179,Two and a Half Men,7,tt1570327,13,"Yay, No Polyps",2010,"Comedy,Romance",21.0,1232,7.8
tt0369179,Two and a Half Men,7,tt1588701,14,Crude and Uncalled For,2010,"Comedy,Romance",22.0,1200,7.5
tt0369179,Two and a Half Men,7,tt1588700,15,"Aye, Aye, Captain Douche",2010,"Comedy,Romance",22.0,1201,7.5
tt0369179,Two and a Half Men,7,tt1601446,16,Tinkle Like a Princess,2010,"Comedy,Romance",22.0,1220,7.6
tt0369179,Two and a Half Men,7,tt1610252,17,I Found Your Moustache,2010,"Comedy,Romance",22.0,1179,7.4
tt0369179,Two and a Half Men,7,tt1614907,18,Ixnay on the Oggie Day,2010,"Comedy,Romance",22.0,1287,8.2
tt0369179,Two and a Half Men,7,tt1624858,19,Keith Moon Is Vomiting in His Grave,2010,"Comedy,Romance",19.0,1185,7.7
tt0369179,Two and a Half Men,7,tt0784584,20,I Called Him Magoo,2010,"Comedy,Romance",22.0,1242,7.6
tt0369179,Two and a Half Men,7,tt1646007,21,Gumby with a Pokey,2010,"Comedy,Romance",22.0,1298,7.9
tt0369179,Two and a Half Men,7,tt1653634,22,This Is Not Gonna End Well,2010,"Comedy,Romance",21.0,1218,7.8
tt0369179,Two and a Half Men,8,tt1701939,1,Three Girls and a Guy Named Bud,2010,"Comedy,Romance",22.0,1605,8.4
tt0369179,Two and a Half Men,8,tt1727218,2,A Bottle of Wine and a Jackhammer,2010,"Comedy,Romance",22.0,1304,7.9
tt0369179,Two and a Half Men,8,tt1727219,3,A Pudding-Filled Cactus,2010,"Comedy,Romance",21.0,1273,7.8
tt0369179,Two and a Half Men,8,tt1736235,4,"Hookers, Hookers, Hookers",2010,"Comedy,Romance",22.0,1351,8.0
tt0369179,Two and a Half Men,8,tt1736236,5,The Immortal Mr. Billy Joel,2010,"Comedy,Romance",22.0,1270,7.6
tt0369179,Two and a Half Men,8,tt1746125,6,Twanging Your Magic Clanger,2010,"Comedy,Romance",22.0,1348,8.0
tt0369179,Two and a Half Men,8,tt1752991,7,The Crazy Bitch Gazette,2010,"Comedy,Romance",20.0,1241,7.7
tt0369179,Two and a Half Men,8,tt1757598,8,Springtime on a Stick,2010,"Comedy,Romance",22.0,1243,7.7
tt0369179,Two and a Half Men,8,tt1764062,9,A Good Time in Central Africa,2010,"Comedy,Romance",22.0,1269,8.0
tt0369179,Two and a Half Men,8,tt1770560,10,"Ow, Ow, Don't Stop",2010,"Comedy,Romance",30.0,1235,7.4
tt0369179,Two and a Half Men,8,tt1788321,11,Dead from the Waist Down,2010,"Comedy,Romance",22.0,1178,7.4
tt0369179,Two and a Half Men,8,tt1788320,12,Chocolate Diddlers or My Puppy's Dead,2010,"Comedy,Romance",21.0,1186,7.2
tt0369179,Two and a Half Men,8,tt1801472,13,"Skunk, Dog Crap and Ketchup",2011,"Comedy,Romance",21.0,1203,7.6
tt0369179,Two and a Half Men,8,tt1811259,14,Lookin' for Japanese Subs,2011,"Comedy,Romance",30.0,1197,7.6
tt0369179,Two and a Half Men,8,tt1811260,15,Three Hookers and a Philly Cheesesteak,2011,"Comedy,Romance",22.0,1286,8.1
tt0369179,Two and a Half Men,8,tt1811261,16,That Darn Priest,2011,"Comedy,Romance",30.0,1347,7.5
tt0369179,Two and a Half Men,9,tt1943576,1,"Nice to Meet You, Walden Schmidt",2011,"Comedy,Romance",30.0,3705,5.5
tt0369179,Two and a Half Men,9,tt1943578,2,People Who Love Peepholes,2011,"Comedy,Romance",30.0,1935,5.3
tt0369179,Two and a Half Men,9,tt1943579,3,Big Girls Don't Throw Food,2011,"Comedy,Romance",30.0,1621,5.3
tt0369179,Two and a Half Men,9,tt1943580,4,Nine Magic Fingers,2011,"Comedy,Romance",30.0,1443,5.6
tt0369179,Two and a Half Men,9,tt1943581,5,A Giant Cat Holding a Churro,2011,"Comedy,Romance",30.0,1352,5.8
tt0369179,Two and a Half Men,9,tt1943582,6,The Squat and the Hover,2011,"Comedy,Romance",30.0,1313,5.6
tt0369179,Two and a Half Men,9,tt1943583,7,Those Fancy Japanese Toilets,2011,"Comedy,Romance",30.0,1235,5.9
tt0369179,Two and a Half Men,9,tt1943584,8,Thank You for the Intercourse,2011,"Comedy,Romance",30.0,1349,6.6
tt0369179,Two and a Half Men,9,tt1943585,9,Frodo's Headshots,2011,"Comedy,Romance",30.0,1315,6.4
tt0369179,Two and a Half Men,9,tt1943577,10,A Fishbowl Full of Glass Eyes,2011,"Comedy,Romance",30.0,1227,6.2
tt0369179,Two and a Half Men,9,tt2118471,11,What a Lovely Landing Strip,2011,"Comedy,Romance",21.0,1165,6.3
tt0369179,Two and a Half Men,9,tt2133074,12,"One False Move, Zimbabwe!",2011,"Comedy,Romance",22.0,1221,5.7
tt0369179,Two and a Half Men,9,tt2148711,13,Slowly and in a Circular Fashion,2012,"Comedy,Romance",21.0,1154,6.6
tt0369179,Two and a Half Men,9,tt2172809,14,A Possum on Chemo,2012,"Comedy,Romance",21.0,1082,6.3
tt0369179,Two and a Half Men,9,tt2200885,15,The Duchess of Dull-in-Sack,2012,"Comedy,Romance",22.0,1121,6.4
tt0369179,Two and a Half Men,9,tt2214415,16,"Sips, Sonnets and Sodomy",2012,"Comedy,Romance",20.0,1096,6.6
tt0369179,Two and a Half Men,9,tt2244577,17,Not in My Mouth!,2012,"Comedy,Romance",20.0,1155,5.5
tt0369179,Two and a Half Men,9,tt2246461,18,The War Against Gingivitis,2012,"Comedy,Romance",22.0,1037,5.6
tt0369179,Two and a Half Men,9,tt2292299,19,"Palmdale, Ech",2012,"Comedy,Romance",22.0,1008,6.3
tt0369179,Two and a Half Men,9,tt2321013,20,Grandma's Pie,2012,"Comedy,Romance",22.0,1000,6.0
tt0369179,Two and a Half Men,9,tt2361001,21,Mr. Hose Says 'Yes',2012,"Comedy,Romance",30.0,974,6.1
tt0369179,Two and a Half Men,9,tt2318211,22,Why We Gave Up Women,2012,"Comedy,Romance",22.0,1088,6.3
tt0369179,Two and a Half Men,9,tt2327119,23,The Straw in My Donut Hole,2012,"Comedy,Romance",22.0,1048,5.7
tt0369179,Two and a Half Men,9,tt2327121,24,Oh Look! Al-Qaeda!,2012,"Comedy,Romance",22.0,1059,6.4
tt0369179,Two and a Half Men,10,tt2401515,1,I Changed My Mind About the Milk,2012,"Comedy,Romance",22.0,1277,6.1
tt0369179,Two and a Half Men,10,tt2439776,2,A Big Bag of Dog,2012,"Comedy,Romance",21.0,989,6.2
tt0369179,Two and a Half Men,10,tt2439830,3,"Four Balls, Two Bats and One Mitt",2012,"Comedy,Romance",22.0,1060,6.1
tt0369179,Two and a Half Men,10,tt2415988,4,You Do Know What the Lollipop Is For,2012,"Comedy,Romance",21.0,1184,6.5
tt0369179,Two and a Half Men,10,tt2452166,5,That's Not What They Call It in Amsterdam,2012,"Comedy,Romance",20.0,971,6.4
tt0369179,Two and a Half Men,10,tt2452170,6,"Ferrets, Attack!",2012,"Comedy,Romance",21.0,941,6.0
tt0369179,Two and a Half Men,10,tt2452174,7,Avoid the Chinese Mustard,2012,"Comedy,Romance",22.0,1044,6.3
tt0369179,Two and a Half Men,10,tt2452182,8,Something My Gynecologist Said,2012,"Comedy,Romance",22.0,991,6.5
tt0369179,Two and a Half Men,10,tt2528624,9,I Scream When I Pee,2012,"Comedy,Romance",20.0,1010,7.0
tt0369179,Two and a Half Men,10,tt2545350,10,One Nut Johnson,2012,"Comedy,Romance",22.0,978,6.9
tt0369179,Two and a Half Men,10,tt2545360,11,Give Santa a Tail-Hole,2012,"Comedy,Romance",22.0,955,6.7
tt0369179,Two and a Half Men,10,tt2587444,12,Welcome to Alancrest,2013,"Comedy,Romance",22.0,936,6.3
tt0369179,Two and a Half Men,10,tt2587450,13,Grab a Feather and Get in Line,2013,"Comedy,Romance",22.0,1077,5.6
tt0369179,Two and a Half Men,10,tt2625938,14,"Run, Steven Staven! Run!",2013,"Comedy,Romance",22.0,929,6.6
tt0369179,Two and a Half Men,10,tt2690836,15,"Paint It, Pierce It or Plug It",2013,"Comedy,Romance",21.0,972,6.8
tt0369179,Two and a Half Men,10,tt2710722,16,"Advantage: Fat, Flying Baby",2013,"Comedy,Romance",20,867,6.3
tt0369179,Two and a Half Men,10,tt2710726,17,Throgwarten Middle School Mysteries,2013,"Comedy,Romance",22,891,6.3
tt0369179,Two and a Half Men,10,tt2750608,18,The 9:04 from Pemberton,2013,"Comedy,Romance",22,888,6.4
tt0369179,Two and a Half Men,10,tt2780620,19,Big Episode: Someone Stole a Spoon,2013,"Comedy,Romance",22.0,964,6.8
tt0369179,Two and a Half Men,10,tt2780884,20,Bazinga! That's From a TV Show,2013,"Comedy,Romance",21.0,1069,6.9
tt0369179,Two and a Half Men,10,tt2874552,21,Another Night with Neil Diamond,2013,"Comedy,Romance",20.0,864,6.2
tt0369179,Two and a Half Men,10,tt2890506,22,My Bodacious Vidalia,2013,"Comedy,Romance",21,888,6.4
tt0369179,Two and a Half Men,10,tt2886858,23,"Cows, Prepare to Be Tipped",2013,"Comedy,Romance",22,962,6.4
tt0369179,Two and a Half Men,11,tt2949222,1,Nangnangnangnang,2013,"Comedy,Romance",21.0,1179,6.1
tt0369179,Two and a Half Men,11,tt3198746,2,I Think I Banged Lucille Ball,2013,"Comedy,Romance",20,973,6.0
tt0369179,Two and a Half Men,11,tt3221724,3,This Unblessed Biscuit,2013,"Comedy,Romance",21,905,6.0
tt0369179,Two and a Half Men,11,tt3233256,4,"Clank, Clank, Drunken Skank",2013,"Comedy,Romance",22,935,6.3
tt0369179,Two and a Half Men,11,tt3264442,5,"Alan Harper, Pleasing Women Since 2003",2013,"Comedy,Romance",20,903,6.3
tt0369179,Two and a Half Men,11,tt3293104,6,Justice in Star-Spangled Hot Pants,2013,"Comedy,Romance",19,925,6.1
tt0369179,Two and a Half Men,11,tt3293108,7,Some Kind of Lesbian Zombie,2013,"Comedy,Romance",22,932,6.5
tt0369179,Two and a Half Men,11,tt3341266,8,"Mr. Walden, He Die. I Clean Room.",2013,"Comedy,Romance",21.0,848,6.2
tt0369179,Two and a Half Men,11,tt3345452,9,Numero Uno Accidente Lawyer,2013,"Comedy,Romance",22.0,908,6.0
tt0369179,Two and a Half Men,11,tt3345456,10,"On Vodka, on Soda, on Blender, on Mixer!",2013,"Comedy,Romance",22.0,921,6.3
tt0369179,Two and a Half Men,11,tt3420154,11,Tazed in the Lady Nuts,2014,"Comedy,Romance",21,942,6.5
tt0369179,Two and a Half Men,11,tt3457430,12,Baseball. Boobs. Boobs. Baseball.,2014,"Comedy,Romance",22.0,851,6.3
tt0369179,Two and a Half Men,11,tt3472166,13,"Bite Me, Supreme Court",2014,"Comedy,Romance",22.0,885,6.1
tt0369179,Two and a Half Men,11,tt3497604,14,Three Fingers of Crème de Menthe,2014,"Comedy,Romance",22.0,827,6.2
tt0369179,Two and a Half Men,11,tt3509564,15,Cab Fare and a Bottle of Penicillin,2014,"Comedy,Romance",30.0,823,6.2
tt0369179,Two and a Half Men,11,tt3549960,16,How to Get Rid of Alan Harper,2014,"Comedy,Romance",21,856,6.5
tt0369179,Two and a Half Men,11,tt3549962,17,"Welcome Home, Jake",2014,"Comedy,Romance",20,855,6.6
tt0369179,Two and a Half Men,11,tt3596246,18,West Side Story,2014,"Comedy,Romance",20.0,836,6.5
tt0369179,Two and a Half Men,11,tt3596250,19,Lan mao shi zai wuding shang,2014,"Comedy,Romance",21.0,993,7.1
tt0369179,Two and a Half Men,11,tt3626646,20,Lotta Delis in Little Armenia,2014,"Comedy,Romance",22.0,953,7.2
tt0369179,Two and a Half Men,11,tt3685312,21,Dial 1-900-Mix-A-Lot,2014,"Comedy,Romance",21.0,819,6.1
tt0369179,Two and a Half Men,11,tt3685316,22,"Oh WALD-E, Good Times Ahead",2014,"Comedy,Romance",22.0,912,6.5
tt0369179,Two and a Half Men,12,tt3596118,1,The Ol' Mexican Spinach,2014,"Comedy,Romance",22.0,1108,5.2
tt0369179,Two and a Half Men,12,tt3861184,2,A Chic Bar in Ibiza,2014,"Comedy,Romance",21.0,1024,5.3
tt0369179,Two and a Half Men,12,tt4188770,3,Glamping in a Yurt,2014,"Comedy,Romance",21.0,940,5.4
tt0369179,Two and a Half Men,12,tt4206566,4,"Thirty-Eight, Sixty-Two, Thirty-Eight",2014,"Comedy,Romance",21.0,909,5.5
tt0369179,Two and a Half Men,12,tt4225680,5,Oontz. Oontz. Oontz.,2014,"Comedy,Romance",22.0,894,5.2
tt0369179,Two and a Half Men,12,tt4244842,6,Alan Shot a Little Girl,2014,"Comedy,Romance",21.0,858,5.3
tt0369179,Two and a Half Men,12,tt4265118,7,Sex with an Animated Ed Asner,2014,"Comedy,Romance",21.0,872,5.9
tt0369179,Two and a Half Men,12,tt4281928,8,"Family, Bublé, Deep-Fried Turkey",2014,"Comedy,Romance",20.0,854,5.5
tt0369179,Two and a Half Men,12,tt4329382,9,"Bouncy, Bouncy, Bouncy, Lyndsey",2015,"Comedy,Romance",21.0,827,5.8
tt0369179,Two and a Half Men,12,tt4351764,10,"Here I Come, Pants!",2015,"Comedy,Romance",21.0,833,5.8
tt0369179,Two and a Half Men,12,tt4299958,11,For Whom the Booty Calls,2015,"Comedy,Romance",21.0,854,5.6
tt0369179,Two and a Half Men,12,tt4392294,12,A Beer-Battered Rip-Off,2015,"Comedy,Romance",22.0,888,5.9
tt0369179,Two and a Half Men,12,tt4415432,13,Boompa Loved His Hookers,2015,"Comedy,Romance",20.0,846,5.7
tt0369179,Two and a Half Men,12,tt4437664,14,Don't Give a Monkey a Gun,2015,"Comedy,Romance",20.0,905,5.6
tt0369179,Two and a Half Men,12,tt4450100,15,Of Course He's Dead: Part 1 & 2,2015,"Comedy,Romance",38.0,3673,3.7
tt2306299,Vikings,1,tt2397391,1,Rites of Passage,2013,"Action,Adventure,Drama",45.0,9621,7.6
tt2306299,Vikings,1,tt2245914,2,Wrath of the Northmen,2013,"Action,Adventure,Drama",45.0,8116,7.8
tt2306299,Vikings,1,tt2245918,3,Dispossessed,2013,"Action,Adventure,Drama",45.0,7482,7.9
tt2306299,Vikings,1,tt2245920,4,Trial,2013,"Action,Adventure,Drama",45.0,7289,8.2
tt2306299,Vikings,1,tt2245922,5,Raid,2013,"Action,Adventure,Drama",44.0,7055,8.2
tt2306299,Vikings,1,tt2245926,6,Burial of the Dead,2013,"Action,Adventure,Drama",45.0,7018,8.2
tt2306299,Vikings,1,tt2245928,7,A King's Ransom,2013,"Action,Adventure,Drama",45.0,7008,8.4
tt2306299,Vikings,1,tt2245930,8,Sacrifice,2013,"Action,Adventure,Drama",45.0,6951,7.6
tt2306299,Vikings,1,tt2245932,9,All Change,2013,"Action,Adventure,Drama",45.0,6775,7.7
tt2306299,Vikings,2,tt3358048,1,Brother's War,2014,"Action,Adventure,Drama",48.0,7160,8.5
tt2306299,Vikings,2,tt2513378,2,Invasion,2014,"Action,Adventure,Drama",45.0,6057,8.1
tt2306299,Vikings,2,tt3358052,3,Treachery,2014,"Action,Adventure,Drama",45.0,6158,8.5
tt2306299,Vikings,2,tt3358056,4,Eye for an Eye,2014,"Action,Adventure,Drama",45.0,5917,8.4
tt2306299,Vikings,2,tt3358054,5,Answers in Blood,2014,"Action,Adventure,Drama",45.0,5885,8.4
tt2306299,Vikings,2,tt3358060,6,Unforgiven,2014,"Action,Adventure,Drama",47.0,5939,8.5
tt2306299,Vikings,2,tt3390212,7,Blood Eagle,2014,"Action,Adventure,Drama",45.0,6260,8.5
tt2306299,Vikings,2,tt3390216,8,Boneless,2014,"Action,Adventure,Drama",45.0,5521,7.9
tt2306299,Vikings,2,tt3390214,9,The Choice,2014,"Action,Adventure,Drama",46.0,5993,8.6
tt2306299,Vikings,2,tt3390240,10,The Lord's Prayer,2014,"Action,Adventure,Drama",46.0,9686,9.2
tt2306299,Vikings,3,tt3623674,1,Mercenary,2015,"Action,Adventure,Drama",45.0,6522,8.6
tt2306299,Vikings,3,tt3684666,2,The Wanderer,2015,"Action,Adventure,Drama",44.0,5500,8.0
tt2306299,Vikings,3,tt3685792,3,Warrior's Fate,2015,"Action,Adventure,Drama",45.0,5280,8.1
tt2306299,Vikings,3,tt3685794,4,Scarred,2015,"Action,Adventure,Drama",44.0,5308,8.0
tt2306299,Vikings,3,tt3685796,5,The Usurper,2015,"Action,Adventure,Drama",44.0,5289,8.3
tt2306299,Vikings,3,tt3685798,6,Born Again,2015,"Action,Adventure,Drama",45.0,6155,8.7
tt2306299,Vikings,3,tt3685802,7,Paris,2015,"Action,Adventure,Drama",44.0,5210,8.0
tt2306299,Vikings,3,tt3685804,8,To the Gates!,2015,"Action,Adventure,Drama",44.0,8082,9.2
tt2306299,Vikings,3,tt3685808,9,Breaking Point,2015,"Action,Adventure,Drama",44.0,5771,8.7
tt2306299,Vikings,3,tt3685810,10,The Dead,2015,"Action,Adventure,Drama",44.0,7914,9.1
tt2306299,Vikings,4,tt4554702,1,A Good Treason,2016,"Action,Adventure,Drama",44.0,5970,8.4
tt2306299,Vikings,4,tt4793694,2,Kill the Queen,2016,"Action,Adventure,Drama",44.0,5238,8.2
tt2306299,Vikings,4,tt4793696,3,Mercy,2016,"Action,Adventure,Drama",44.0,5049,8.0
tt2306299,Vikings,4,tt5003004,4,Yol,2016,"Action,Adventure,Drama",44.0,5158,8.0
tt2306299,Vikings,4,tt5003016,5,Promised,2016,"Action,Adventure,Drama",45.0,5006,7.7
tt2306299,Vikings,4,tt5003022,6,What Might Have Been,2016,"Action,Adventure,Drama",44.0,4931,7.9
tt2306299,Vikings,4,tt5003028,7,The Profit and the Loss,2016,"Action,Adventure,Drama",44.0,5070,8.3
tt2306299,Vikings,4,tt5003030,8,Portage,2016,"Action,Adventure,Drama",44.0,4821,8.1
tt2306299,Vikings,4,tt5003032,9,Death All 'Round,2016,"Action,Adventure,Drama",44.0,4816,8.0
tt2306299,Vikings,4,tt5003034,10,The Last Ship,2016,"Action,Adventure,Drama",44.0,8617,9.1
tt2306299,Vikings,4,tt6062916,11,The Outsider,2016,"Action,Adventure,Drama",44.0,5404,8.0
tt2306299,Vikings,4,tt6081596,12,The Vision,2016,"Action,Adventure,Drama",44.0,4866,7.9
tt2306299,Vikings,4,tt6214322,13,Two Journeys,2016,"Action,Adventure,Drama",44.0,4841,8.2
tt2306299,Vikings,4,tt6223222,14,In the Uncertain Hour Before the Morning,2016,"Action,Adventure,Drama",44.0,6247,8.7
tt2306299,Vikings,4,tt6223224,15,All His Angels,2016,"Action,Adventure,Drama",44.0,16075,9.6
tt2306299,Vikings,4,tt6315226,16,Crossings,2017,"Action,Adventure,Drama",43.0,5769,8.5
tt2306299,Vikings,4,tt6315228,17,The Great Army,2017,"Action,Adventure,Drama",44.0,4749,8.0
tt2306299,Vikings,4,tt6315232,18,Revenge,2017,"Action,Adventure,Drama",51.0,6318,8.8
tt2306299,Vikings,4,tt6305106,19,On the Eve,2017,"Action,Adventure,Drama",44.0,6335,8.9
tt2306299,Vikings,4,tt6315234,20,The Reckoning,2017,"Action,Adventure,Drama",44.0,5862,8.8
tt2306299,Vikings,5,tt5570894,1,The Departed Part 1,2017,"Action,Adventure,Drama",46.0,5362,7.9
tt2306299,Vikings,5,tt5901734,2,"The Departed, Part 2",2017,"Action,Adventure,Drama",43.0,4880,7.9
tt2306299,Vikings,5,tt5956216,3,Homeland,2017,"Action,Adventure,Drama",44.0,5404,8.5
tt2306299,Vikings,5,tt5956218,4,The Plan,2017,"Action,Adventure,Drama",44.0,4446,7.8
tt2306299,Vikings,5,tt5973272,5,The Prisoner,2017,"Action,Adventure,Drama",48.0,4720,8.1
tt2306299,Vikings,5,tt5988206,6,The Message,2017,"Action,Adventure,Drama",44.0,4257,7.7
tt2306299,Vikings,5,tt6374338,7,Full Moon,2018,"Action,Adventure,Drama",44.0,4319,7.5
tt2306299,Vikings,5,tt6255000,8,The Joke,2018,"Action,Adventure,Drama",44.0,5128,8.5
tt2306299,Vikings,5,tt6255004,9,A Simple Story,2018,"Action,Adventure,Drama",46.0,4644,7.4
tt2306299,Vikings,5,tt5565350,10,Moments of Vision,2018,"Action,Adventure,Drama",44.0,6584,7.3
tt2306299,Vikings,5,tt6374344,11,The Revelation,2018,"Action,Adventure,Drama",44.0,4165,7.6
tt2306299,Vikings,5,tt6391124,12,Murder Most Foul,2018,"Action,Adventure,Drama",45.0,3951,7.6
tt2306299,Vikings,5,tt6391128,13,A New God,2018,"Action,Adventure,Drama",44.0,3889,7.1
tt2306299,Vikings,5,tt6391136,14,The Lost Moment,2018,"Action,Adventure,Drama",44.0,3778,7.1
tt2306299,Vikings,5,tt6391130,15,Hell,2018,"Action,Adventure,Drama",44.0,4818,8.5
tt2306299,Vikings,5,tt6391148,16,The Buddha,2019,"Action,Adventure,Drama",44.0,3743,7.6
tt2306299,Vikings,5,tt6391150,17,The Most Terrible Thing,2019,"Action,Adventure,Drama",43.0,3888,6.9
tt2306299,Vikings,5,tt6391152,18,Baldur,2019,"Action,Adventure,Drama",44.0,3778,7.5
tt2306299,Vikings,5,tt6391154,19,What Happens in the Cave,2019,"Action,Adventure,Drama",43.0,3666,7.8
tt2306299,Vikings,5,tt6374342,20,Ragnarok,2019,"Action,Adventure,Drama",45.0,5319,8.6
tt2306299,Vikings,6,tt7368232,1,New Beginnings,2019,"Action,Adventure,Drama",46.0,4565,7.4
tt2306299,Vikings,6,tt7406094,2,The Prophet,2019,"Action,Adventure,Drama",43.0,4032,7.4
tt2306299,Vikings,6,tt7406086,3,"Ghosts, Gods and Running Dogs",2019,"Action,Adventure,Drama",43.0,3852,7.3
tt2306299,Vikings,6,tt7406096,4,All the Prisoners,2019,"Action,Adventure,Drama",44.0,3753,7.4
tt2306299,Vikings,6,tt7406084,5,The Key,2020,"Action,Adventure,Drama",44.0,3878,6.8
tt2306299,Vikings,6,tt7406098,6,Death and the Serpent,2020,"Action,Adventure,Drama",46.0,4774,8.2
tt2306299,Vikings,6,tt7406092,7,The Ice Maiden,2020,"Action,Adventure,Drama",44.0,5423,8.3
tt2306299,Vikings,6,tt7412190,8,Valhalla Can Wait,2020,"Action,Adventure,Drama",44.0,3577,7.5
tt2306299,Vikings,6,tt7412194,9,Resurrection,2020,"Action,Adventure,Drama",45.0,3454,7.2
tt2306299,Vikings,6,tt7412200,10,The Best Laid Plans,2020,"Action,Adventure,Drama",48.0,4830,7.5
tt2306299,Vikings,6,tt7412198,11,King of Kings,2020,"Action,Adventure,Drama",46.0,6812,8.9
tt2306299,Vikings,6,tt7412192,12,All Change,2020,"Action,Adventure,Drama",45.0,3425,7.1
tt2306299,Vikings,6,tt7412196,13,The Signal,2020,"Action,Adventure,Drama",43.0,3326,7.2
tt2306299,Vikings,6,tt7412202,14,Lost Souls,2020,"Action,Adventure,Drama",45.0,3296,7.0
tt2306299,Vikings,6,tt7412204,15,All at Sea,2020,"Action,Adventure,Drama",46.0,3394,7.3
tt2306299,Vikings,6,tt7412206,16,The Final Straw,2020,"Action,Adventure,Drama",44.0,3270,7.1
tt2306299,Vikings,6,tt7412210,17,The Raft of Medusa,2020,"Action,Adventure,Drama",44.0,3219,7.3
tt2306299,Vikings,6,tt7412212,18,It's Only Magic,2020,"Action,Adventure,Drama",44.0,3245,7.5
tt2306299,Vikings,6,tt7412214,19,The Lord Giveth...,2020,"Action,Adventure,Drama",45.0,3961,8.4
tt2306299,Vikings,6,tt7412216,20,The Last Act,2020,"Action,Adventure,Drama",50.0,5631,7.8
tt2306299,Vikings,,tt11417678,,The Saga of Floki,2019,"Action,Adventure,Drama",,358,7.7
tt2306299,Vikings,,tt11604392,,The Saga of Lagertha,2017,"Action,Adventure,Drama",,335,8.3
tt2306299,Vikings,,tt11604442,,The Saga of Bjorn,2018,"Action,Adventure,Drama",,357,8.3
tt2306299,Vikings,,tt11667052,,The Saga of Ragnar Lothbrok,2016,"Action,Adventure,Drama",,603,9.1
tt13443470,Wednesday,1,tt14077386,1,Wednesday's Child Is Full of Woe,2022,"Comedy,Crime,Fantasy",57.0,11749,7.9
tt13443470,Wednesday,1,tt14077394,2,Woe Is the Loneliest Number,2022,"Comedy,Crime,Fantasy",47.0,9885,7.8
tt13443470,Wednesday,1,tt14077396,3,Friend or Woe,2022,"Comedy,Crime,Fantasy",45.0,9528,7.9
tt13443470,Wednesday,1,tt14077400,4,Woe What a Night,2022,"Comedy,Crime,Fantasy",48.0,9597,8.3
tt13443470,Wednesday,1,tt14077402,5,You Reap What You Woe,2022,"Comedy,Crime,Fantasy",50.0,8820,7.8
tt13443470,Wednesday,1,tt14077404,6,Quid Pro Woe,2022,"Comedy,Crime,Fantasy",48.0,8515,7.9
tt13443470,Wednesday,1,tt14077408,7,If You Don't Woe Me by Now,2022,"Comedy,Crime,Fantasy",45.0,8834,8.3
tt13443470,Wednesday,1,tt14077406,8,A Murder of Woes,2022,"Comedy,Crime,Fantasy",50.0,9831,8.3
tt0475784,Westworld,1,tt4227538,1,The Original,2016,"Drama,Mystery,Sci-Fi",68.0,24303,8.8
tt0475784,Westworld,1,tt4562758,2,Chestnut,2016,"Drama,Mystery,Sci-Fi",58.0,18480,8.5
tt0475784,Westworld,1,tt4625856,3,The Stray,2016,"Drama,Mystery,Sci-Fi",59.0,16910,8.2
tt0475784,Westworld,1,tt4625862,4,Dissonance Theory,2016,"Drama,Mystery,Sci-Fi",58.0,16854,8.6
tt0475784,Westworld,1,tt4625866,5,Contrapasso,2016,"Drama,Mystery,Sci-Fi",56.0,16099,8.6
tt0475784,Westworld,1,tt4630544,6,The Adversary,2016,"Drama,Mystery,Sci-Fi",57.0,16288,8.8
tt0475784,Westworld,1,tt4630546,7,Trompe L'Oeil,2016,"Drama,Mystery,Sci-Fi",56.0,21787,9.4
tt0475784,Westworld,1,tt4458814,8,Trace Decay,2016,"Drama,Mystery,Sci-Fi",57.0,15356,8.7
tt0475784,Westworld,1,tt5220026,9,The Well-Tempered Clavier,2016,"Drama,Mystery,Sci-Fi",58.0,19982,9.3
tt0475784,Westworld,1,tt5229638,10,The Bicameral Mind,2016,"Drama,Mystery,Sci-Fi",90.0,32199,9.7
tt0475784,Westworld,2,tt6243294,1,Journey into Night,2018,"Drama,Mystery,Sci-Fi",70.0,13840,8.1
tt0475784,Westworld,2,tt6243296,2,Reunion,2018,"Drama,Mystery,Sci-Fi",58.0,11869,8.0
tt0475784,Westworld,2,tt6243298,3,Virtù e Fortuna,2018,"Drama,Mystery,Sci-Fi",59.0,11126,7.9
tt0475784,Westworld,2,tt6243300,4,The Riddle of the Sphinx,2018,"Drama,Mystery,Sci-Fi",71.0,14448,8.9
tt0475784,Westworld,2,tt6243302,5,Akane no Mai,2018,"Drama,Mystery,Sci-Fi",58.0,12094,7.8
tt0475784,Westworld,2,tt6243304,6,Phase Space,2018,"Drama,Mystery,Sci-Fi",58.0,10419,8.0
tt0475784,Westworld,2,tt6243306,7,Les Écorchés,2018,"Drama,Mystery,Sci-Fi",58.0,11448,8.5
tt0475784,Westworld,2,tt6243308,8,Kiksuya,2018,"Drama,Mystery,Sci-Fi",58.0,18985,9.2
tt0475784,Westworld,2,tt6243310,9,Vanishing Point,2018,"Drama,Mystery,Sci-Fi",59.0,11404,8.7
tt0475784,Westworld,2,tt6243312,10,The Passenger,2018,"Drama,Mystery,Sci-Fi",90.0,12897,8.7
tt0475784,Westworld,3,tt8358332,1,Parce Domine,2020,"Drama,Mystery,Sci-Fi",68.0,11741,8.2
tt0475784,Westworld,3,tt9899922,2,The Winter Line,2020,"Drama,Mystery,Sci-Fi",59,9585,8.1
tt0475784,Westworld,3,tt10011150,3,The Absence of Field,2020,"Drama,Mystery,Sci-Fi",59.0,9075,8.1
tt0475784,Westworld,3,tt10011152,4,The Mother of Exiles,2020,"Drama,Mystery,Sci-Fi",60.0,10396,8.7
tt0475784,Westworld,3,tt10011154,5,Genre,2020,"Drama,Mystery,Sci-Fi",58.0,9813,7.9
tt0475784,Westworld,3,tt10011156,6,Decoherence,2020,"Drama,Mystery,Sci-Fi",58.0,8621,8.2
tt0475784,Westworld,3,tt10011158,7,Passed Pawn,2020,"Drama,Mystery,Sci-Fi",59.0,8151,7.8
tt0475784,Westworld,3,tt10011160,8,Crisis Theory,2020,"Drama,Mystery,Sci-Fi",76.0,9979,7.2
tt0475784,Westworld,4,tt12191076,1,The Auguries,2022,"Drama,Mystery,Sci-Fi",52.0,5506,7.2
tt0475784,Westworld,4,tt15068862,2,Well Enough Alone,2022,"Drama,Mystery,Sci-Fi",48.0,4632,7.6
tt0475784,Westworld,4,tt15134338,3,Années Folles,2022,"Drama,Mystery,Sci-Fi",55.0,4775,8.1
tt0475784,Westworld,4,tt15176904,4,Generation Loss,2022,"Drama,Mystery,Sci-Fi",50.0,5995,8.7
tt0475784,Westworld,4,tt15452848,5,Zhuangzi,2022,"Drama,Mystery,Sci-Fi",59.0,5091,8.6
tt0475784,Westworld,4,tt15541082,6,Fidelity,2022,"Drama,Mystery,Sci-Fi",57.0,4360,8.1
tt0475784,Westworld,4,tt15541086,7,Metanoia,2022,"Drama,Mystery,Sci-Fi",52.0,4374,8.2
tt0475784,Westworld,4,tt15723862,8,"Que Será, Será",2022,"Drama,Mystery,Sci-Fi",59.0,5073,6.9
tt4236770,Yellowstone,1,tt7529124,1,Daybreak,2018,"Drama,Western",92.0,6279,8.2
tt4236770,Yellowstone,1,tt8075156,2,Kill the Messenger,2018,"Drama,Western",54.0,4257,7.9
tt4236770,Yellowstone,1,tt8075160,3,No Good Horses,2018,"Drama,Western",48.0,4002,8.1
tt4236770,Yellowstone,1,tt8075162,4,The Long Black Train,2018,"Drama,Western",43.0,3763,8.0
tt4236770,Yellowstone,1,tt8075166,5,Coming Home,2018,"Drama,Western",52.0,3602,8.1
tt4236770,Yellowstone,1,tt8004480,6,The Remembering,2018,"Drama,Western",42.0,3478,8.0
tt4236770,Yellowstone,1,tt7709938,7,A Monster Is Among Us,2018,"Drama,Western",49.0,3402,8.1
tt4236770,Yellowstone,1,tt8075168,8,The Unravelling: Part 1,2018,"Drama,Western",41.0,3332,8.2
tt4236770,Yellowstone,1,tt7867214,9,The Unravelling: Part 2,2018,"Drama,Western",46.0,3569,8.4
tt4236770,Yellowstone,2,tt8755438,1,A Thundering,2019,"Drama,Western",47.0,3443,8.2
tt4236770,Yellowstone,2,tt8755440,2,New Beginnings,2019,"Drama,Western",47.0,3158,8.0
tt4236770,Yellowstone,2,tt8755442,3,The Reek of Desperation,2019,"Drama,Western",47.0,3026,7.9
tt4236770,Yellowstone,2,tt8755444,4,Only Devils Left,2019,"Drama,Western",46.0,3037,8.3
tt4236770,Yellowstone,2,tt8755446,5,Touching Your Enemy,2019,"Drama,Western",44.0,2994,8.1
tt4236770,Yellowstone,2,tt8755448,6,Blood the Boy,2019,"Drama,Western",49.0,3097,8.5
tt4236770,Yellowstone,2,tt8755452,7,Resurrection Day,2019,"Drama,Western",48.0,4267,9.2
tt4236770,Yellowstone,2,tt8755456,8,Behind Us Only Grey,2019,"Drama,Western",47.0,2978,8.3
tt4236770,Yellowstone,2,tt8755454,9,Enemies by Monday,2019,"Drama,Western",42.0,3278,8.9
tt4236770,Yellowstone,2,tt8755458,10,Sins of the Father,2019,"Drama,Western",47.0,3698,8.9
tt4236770,Yellowstone,3,tt10514008,1,You're the Indian Now,2020,"Drama,Western",40.0,3021,7.9
tt4236770,Yellowstone,3,tt10587832,2,Freight Trains and Monsters,2020,"Drama,Western",47.0,2815,7.9
tt4236770,Yellowstone,3,tt10587854,3,An Acceptable Surrender,2020,"Drama,Western",39.0,2735,8.1
tt4236770,Yellowstone,3,tt10587868,4,Going Back to Cali,2020,"Drama,Western",46.0,2863,8.4
tt4236770,Yellowstone,3,tt10587894,5,Cowboys and Dreamers,2020,"Drama,Western",43.0,2715,8.1
tt4236770,Yellowstone,3,tt10587906,6,All for Nothing,2020,"Drama,Western",37.0,2677,7.9
tt4236770,Yellowstone,3,tt10587916,7,The Beating,2020,"Drama,Western",43.0,2661,8.3
tt4236770,Yellowstone,3,tt10587934,8,I Killed a Man Today,2020,"Drama,Western",44.0,2805,8.5
tt4236770,Yellowstone,3,tt10587950,9,Meaner Than Evil,2020,"Drama,Western",43.0,3019,8.8
tt4236770,Yellowstone,3,tt10587962,10,The World Is Purple,2020,"Drama,Western",47.0,3908,9.2
tt4236770,Yellowstone,4,tt12100292,1,Half the Money,2021,"Drama,Western",60,5066,9.3
tt4236770,Yellowstone,4,tt13144958,2,Phantom Pain,2021,"Drama,Western",50.0,3329,8.5
tt4236770,Yellowstone,4,tt15766278,3,All I See Is You,2021,"Drama,Western",49.0,2901,8.1
tt4236770,Yellowstone,4,tt15977870,4,Winning or Learning,2021,"Drama,Western",50.0,2825,8.1
tt4236770,Yellowstone,4,tt16102172,5,Under a Blanket of Red,2021,"Drama,Western",46.0,2952,7.8
tt4236770,Yellowstone,4,tt16118304,6,I Want to Be Him,2021,"Drama,Western",49.0,2694,8.0
tt4236770,Yellowstone,4,tt14569776,7,Keep the Wolves Close,2021,"Drama,Western",55.0,2694,8.2
tt4236770,Yellowstone,4,tt15977872,8,No Kindness for the Coward,2021,"Drama,Western",46.0,2628,8.0
tt4236770,Yellowstone,4,tt16433298,9,No Such Thing as Fair,2021,"Drama,Western",58.0,2635,7.7
tt4236770,Yellowstone,4,tt16433302,10,Grass on the Streets and Weeds on the Rooftops,2022,"Drama,Western",77.0,3241,8.2
tt4236770,Yellowstone,5,tt17663758,1,One Hundred Years Is Nothing,2022,"Drama,Western",65.0,3166,7.9
tt4236770,Yellowstone,5,tt20872064,2,The Sting of Wisdom,2022,"Drama,Western",59.0,2635,7.8
tt4236770,Yellowstone,5,tt23642486,3,Tall Drink of Water,2022,"Drama,Western",54.0,2437,7.8
tt4236770,Yellowstone,5,tt23642488,4,Horses in Heaven,2022,"Drama,Western",59.0,2420,8.0
tt4236770,Yellowstone,5,tt23642490,5,Watch 'Em Ride Away,2022,"Drama,Western",52.0,2724,7.9
tt4236770,Yellowstone,5,tt23642498,6,"Cigarettes, Whiskey, a Meadow and You",2022,"Drama,Western",58.0,2679,7.8
tt4236770,Yellowstone,5,tt23642504,7,The Dream Is Not Me,2022,"Drama,Western",63.0,2288,7.6
tt4236770,Yellowstone,5,tt23642506,8,A Knife and No Coin,2022,"Drama,Western",51.0,2437,7.9
tt4236770,Yellowstone,5,tt23642508,9,Desire Is All You Need,2024,"Drama,Western",,2626,7.0
tt4236770,Yellowstone,5,tt23642510,10,The Apocalypse of Change,2024,"Drama,Western",48.0,1806,7.2
tt4236770,Yellowstone,5,tt23642516,11,Three Fifty-Three,2024,"Drama,Western",,1906,8.3
tt4236770,Yellowstone,5,tt23642520,12,Counting Coup,2024,"Drama,Western",48.0,1688,7.9
tt4236770,Yellowstone,5,tt23642524,13,Give the World Away,2024,"Drama,Western",65.0,1913,7.0
tt4236770,Yellowstone,5,tt23642532,14,Life Is a Promise,2024,"Drama,Western",86.0,2470,7.7
tt7335184,You,1,tt7360754,1,Pilot,2018,"Crime,Drama,Romance",48.0,6802,8.1
tt7335184,You,1,tt7608276,2,The Last Nice Guy in New York,2018,"Crime,Drama,Romance",45.0,5498,7.9
tt7335184,You,1,tt7608280,3,Maybe,2018,"Crime,Drama,Romance",43.0,5161,7.7
tt7335184,You,1,tt7643978,4,The Captain,2018,"Crime,Drama,Romance",42.0,4934,7.4
tt7335184,You,1,tt7655292,5,Living with the Enemy,2018,"Crime,Drama,Romance",45.0,4788,8.0
tt7335184,You,1,tt7634434,6,Amour Fou,2018,"Crime,Drama,Romance",45.0,4829,8.1
tt7335184,You,1,tt7634444,7,Everythingship,2018,"Crime,Drama,Romance",41.0,4592,7.5
tt7335184,You,1,tt7725680,8,"You Got Me, Babe",2018,"Crime,Drama,Romance",45.0,4521,7.7
tt7335184,You,1,tt7694320,9,Candace,2018,"Crime,Drama,Romance",45.0,5009,8.6
tt7335184,You,1,tt7836784,10,Bluebeard's Castle,2018,"Crime,Drama,Romance",49.0,5502,8.6
tt7335184,You,2,tt8762996,1,A Fresh Start,2019,"Crime,Drama,Romance",49.0,4985,8.1
tt7335184,You,2,tt9734770,2,Just the Tip,2019,"Crime,Drama,Romance",49,4289,7.8
tt7335184,You,2,tt9734866,3,What Are Friends For?,2019,"Crime,Drama,Romance",49,4095,7.6
tt7335184,You,2,tt9734892,4,"The Good, the Bad, & the Hendy",2019,"Crime,Drama,Romance",48,4060,8.0
tt7335184,You,2,tt9734908,5,"Have a Good Wellkend, Joe!",2019,"Crime,Drama,Romance",49,3963,7.8
tt7335184,You,2,tt9734920,6,"Farewell, My Bunny",2019,"Crime,Drama,Romance",45,3931,7.9
tt7335184,You,2,tt9734958,7,Ex-istential Crisis,2019,"Crime,Drama,Romance",50,4058,8.2
tt7335184,You,2,tt9734986,8,Fear and Loathing in Beverly Hills,2019,"Crime,Drama,Romance",48,5233,8.7
tt7335184,You,2,tt9734994,9,P.I. Joe,2019,"Crime,Drama,Romance",44,5728,9.0
tt7335184,You,2,tt9734998,10,"Love, Actually",2019,"Crime,Drama,Romance",49,5428,8.6
tt7335184,You,3,tt11608206,1,And They Lived Happily Ever After,2021,"Crime,Drama,Romance",52,4148,7.8
tt7335184,You,3,tt13299788,2,So I Married an Axe Murderer,2021,"Crime,Drama,Romance",49.0,3725,8.1
tt7335184,You,3,tt13299784,3,Missing White Woman Syndrome,2021,"Crime,Drama,Romance",42.0,4185,7.0
tt7335184,You,3,tt13299782,4,Hands Across Madre Linda,2021,"Crime,Drama,Romance",45.0,3309,7.7
tt7335184,You,3,tt13299780,5,Into the Woods,2021,"Crime,Drama,Romance",43.0,3290,7.2
tt7335184,You,3,tt13299778,6,W.O.M.B.,2021,"Crime,Drama,Romance",51.0,3183,7.1
tt7335184,You,3,tt13299774,7,We're All Mad Here,2021,"Crime,Drama,Romance",49.0,3088,7.2
tt7335184,You,3,tt13299772,8,Swing and a Miss,2021,"Crime,Drama,Romance",49.0,3349,7.9
tt7335184,You,3,tt13299770,9,Red Flag,2021,"Crime,Drama,Romance",47.0,3308,8.2
tt7335184,You,3,tt13299766,10,What Is Love?,2021,"Crime,Drama,Romance",58.0,4944,8.7
tt7335184,You,4,tt15677014,1,Joe Takes a Holiday,2023,"Crime,Drama,Romance",52.0,3617,7.5
tt7335184,You,4,tt22857382,2,Portrait of the Artist,2023,"Crime,Drama,Romance",46.0,3050,7.4
tt7335184,You,4,tt22857384,3,Eat the Rich,2023,"Crime,Drama,Romance",43.0,2918,7.4
tt7335184,You,4,tt22857394,4,Hampsie,2023,"Crime,Drama,Romance",54.0,2930,7.5
tt7335184,You,4,tt22857402,5,The Fox and the Hound,2023,"Crime,Drama,Romance",48.0,3042,7.3
tt7335184,You,4,tt22857408,6,Best of Friends,2023,"Crime,Drama,Romance",54.0,2466,7.1
tt7335184,You,4,tt22857412,7,"Good Man, Cruel World",2023,"Crime,Drama,Romance",46.0,2531,7.6
tt7335184,You,4,tt22857420,8,"Where Are You Going, Where Have You Been?",2023,"Crime,Drama,Romance",50.0,2838,7.6
tt7335184,You,4,tt22857428,9,She's Not There,2023,"Crime,Drama,Romance",46.0,2743,7.8
tt7335184,You,4,tt22857430,10,The Death of Jonathan Moore,2023,"Crime,Drama,Romance",53.0,3286,7.6
